Rk,Player,Age,Team,Pos,G,GS,MP,FG,FGA,FG%,3P,3PA,3P%,2P,2PA,2P%,eFG%,FT,FTA,FT%,ORB,DRB,TRB,AST,STL,BLK,TOV,PF,PTS,Awards,Year,AllStarSelection,Salary
17.0,Jayson Tatum,21.0,BOS,PF,66.0,66.0,34.3,8.4,18.6,0.45,2.9,7.1,0.403,5.5,11.5,0.48,0.527,3.8,4.7,0.812,1.0,6.0,7.0,3.0,1.4,0.9,2.3,2.1,23.4,"MVP-12,AS,NBA3",2020,1,9603972.0
18.0,D'Angelo Russell,23.0,2TM,PG,45.0,45.0,32.3,8.0,18.8,0.426,3.5,9.6,0.367,4.5,9.2,0.487,0.519,3.6,4.4,0.809,0.4,3.6,3.9,6.3,1.1,0.3,3.3,1.9,23.1,,2020,1,33466715.0
19.0,Joel Embiid,25.0,PHI,C,51.0,51.0,29.5,7.5,15.7,0.477,1.1,3.4,0.331,6.4,12.3,0.517,0.512,6.9,8.5,0.807,2.8,8.9,11.6,3.0,0.9,1.3,3.1,3.4,23.0,AS,2020,1,33736104.0
21.0,Zion Williamson,19.0,NOP,PF,24.0,24.0,27.8,8.8,15.0,0.583,0.3,0.6,0.429,8.5,14.4,0.59,0.592,4.8,7.4,0.64,2.7,3.6,6.3,2.1,0.7,0.4,2.5,1.8,22.5,ROY-3,2020,1,11968094.0
22.0,CJ McCollum,28.0,POR,SG,70.0,70.0,36.5,8.7,19.4,0.451,2.8,7.3,0.379,6.0,12.1,0.494,0.522,2.0,2.6,0.757,0.7,3.6,4.2,4.4,0.8,0.6,1.8,2.6,22.2,,2020,1,33800289.0
23.0,DeMar DeRozan,30.0,SAS,SF,68.0,68.0,34.1,8.2,15.4,0.531,0.1,0.5,0.257,8.1,14.9,0.54,0.535,5.6,6.6,0.845,0.6,4.9,5.5,5.6,1.0,0.3,2.4,2.6,22.1,,2020,1,34024769.0
24.0,Andrew Wiggins,24.0,2TM,SF,54.0,54.0,34.4,8.1,18.1,0.447,2.1,6.2,0.332,6.0,11.9,0.506,0.504,3.5,5.0,0.709,1.2,3.9,5.1,3.7,0.8,1.0,2.4,2.4,21.8,,2020,1,33736104.0
25.0,John Collins,22.0,ATL,PF,41.0,41.0,33.2,8.6,14.8,0.583,1.4,3.6,0.401,7.2,11.2,0.642,0.632,2.9,3.7,0.8,2.8,7.3,10.1,1.5,0.8,1.6,1.8,3.4,21.6,,2020,1,3295229.0
26.0,Paul George,29.0,LAC,SF,48.0,48.0,29.6,7.1,16.3,0.439,3.3,7.9,0.412,3.9,8.4,0.464,0.539,4.0,4.5,0.876,0.5,5.2,5.7,3.9,1.4,0.4,2.6,2.4,21.5,,2020,1,40483325.0
27.0,De'Aaron Fox,22.0,SAC,PG,51.0,49.0,32.0,7.7,16.0,0.48,1.1,3.6,0.292,6.6,12.4,0.535,0.513,4.7,6.7,0.705,0.7,3.2,3.8,6.8,1.5,0.5,3.1,2.8,21.1,,2020,1,7841109.0
29.0,Stephen Curry,31.0,GSW,PG,5.0,5.0,27.8,6.6,16.4,0.402,2.4,9.8,0.245,4.2,6.6,0.636,0.476,5.2,5.2,1.0,0.8,4.4,5.2,6.6,1.0,0.4,3.2,2.2,20.8,,2020,1,49346703.0
30.0,Collin Sexton,21.0,CLE,PG,65.0,65.0,33.0,7.9,16.7,0.472,1.5,3.9,0.38,6.4,12.8,0.501,0.517,3.5,4.1,0.846,0.9,2.2,3.1,3.0,1.0,0.1,2.4,2.2,20.8,,2020,1,5844513.0
33.0,Kemba Walker,29.0,BOS,PG,56.0,56.0,31.1,6.8,15.9,0.425,3.2,8.4,0.381,3.5,7.4,0.476,0.526,3.7,4.3,0.864,0.6,3.2,3.9,4.8,0.9,0.5,2.1,1.6,20.4,AS,2020,1,40160058.0
34.0,Jaylen Brown,23.0,BOS,SG,57.0,57.0,33.9,7.5,15.6,0.481,2.3,5.9,0.382,5.2,9.6,0.543,0.554,3.1,4.3,0.724,1.1,5.3,6.4,2.1,1.1,0.4,2.2,2.9,20.3,,2020,1,8015366.0
37.0,Nikola Jokic,24.0,DEN,C,73.0,73.0,32.0,7.7,14.7,0.528,1.1,3.5,0.314,6.6,11.2,0.594,0.565,3.4,4.1,0.817,2.3,7.5,9.7,7.0,1.2,0.6,3.1,3.0,19.9,"MVP-9,AS,NBA2",2020,0,33736104.0
39.0,Tobias Harris,27.0,PHI,PF,72.0,72.0,34.3,7.7,16.3,0.471,1.8,5.0,0.367,5.9,11.3,0.517,0.527,2.4,3.0,0.806,1.0,5.9,6.9,3.2,0.7,0.6,1.4,2.3,19.6,,2020,0,40160058.0
40.0,Nikola Vucevic,29.0,ORL,C,62.0,62.0,32.2,8.0,16.7,0.477,1.6,4.7,0.339,6.4,12.0,0.531,0.525,2.1,2.7,0.784,2.3,8.6,10.9,3.6,0.9,0.8,1.4,2.2,19.6,,2020,0,34343706.0
41.0,Julius Randle,25.0,NYK,PF,64.0,64.0,32.5,7.2,15.7,0.46,1.0,3.6,0.277,6.2,12.1,0.515,0.492,4.0,5.5,0.733,2.4,7.4,9.7,3.1,0.8,0.3,3.0,2.8,19.5,,2020,0,22078097.0
44.0,Jrue Holiday,29.0,NOP,SG,61.0,61.0,34.7,7.5,16.5,0.455,2.0,5.7,0.353,5.5,10.8,0.509,0.516,2.1,3.0,0.709,1.3,3.5,4.8,6.7,1.6,0.8,3.0,2.4,19.1,,2020,0,32051400.0
45.0,Shai Gilgeous-Alexander,21.0,OKC,SG,70.0,70.0,34.7,6.8,14.5,0.471,1.2,3.6,0.347,5.6,10.9,0.512,0.514,4.1,5.1,0.807,0.7,5.2,5.9,3.3,1.1,0.7,1.9,1.7,19.0,,2020,0,4848497.0
48.0,Danilo Gallinari,31.0,OKC,PF,62.0,62.0,29.6,5.8,13.2,0.438,2.9,7.1,0.405,2.9,6.1,0.476,0.547,4.3,4.8,0.893,0.5,4.6,5.2,1.9,0.7,0.1,1.2,1.2,18.7,,2020,0,27739361.0
50.0,Kelly Oubre Jr.,24.0,PHO,SF,56.0,55.0,34.5,6.7,14.8,0.452,1.9,5.5,0.352,4.7,9.3,0.511,0.517,3.4,4.4,0.78,1.2,5.3,6.4,1.5,1.3,0.7,1.5,3.4,18.7,,2020,0,
53.0,Jamal Murray,22.0,DEN,PG,59.0,59.0,32.3,6.9,15.2,0.456,1.9,5.5,0.346,5.0,9.7,0.519,0.519,2.8,3.1,0.881,0.8,3.2,4.0,4.8,1.1,0.3,2.2,1.7,18.5,,2020,0,5451751.0
55.0,Deandre Ayton,21.0,PHO,C,38.0,32.0,32.5,8.2,14.9,0.546,0.1,0.3,0.231,8.1,14.6,0.553,0.548,1.8,2.3,0.753,3.9,7.6,11.5,1.9,0.7,1.5,2.1,3.1,18.2,,2020,0,11729504.0
60.0,Ja Morant,20.0,MEM,PG,67.0,67.0,31.0,6.7,14.0,0.477,0.9,2.7,0.335,5.8,11.3,0.511,0.509,3.6,4.6,0.776,0.8,3.1,3.9,7.3,0.9,0.3,3.3,1.6,17.8,ROY-1,2020,0,10708171.0
61.0,Andre Drummond,26.0,2TM,C,57.0,56.0,33.0,7.3,13.8,0.533,0.1,0.6,0.143,7.2,13.1,0.551,0.536,3.0,5.2,0.575,4.4,10.8,15.2,2.7,1.9,1.6,3.6,3.5,17.7,DPOY-8,2020,0,33231237.0
64.0,Chris Paul,34.0,OKC,PG,70.0,70.0,31.5,6.2,12.7,0.489,1.6,4.3,0.365,4.6,8.3,0.554,0.552,3.6,4.0,0.907,0.4,4.6,5.0,6.7,1.6,0.2,2.3,2.3,17.6,"MVP-7,AS,NBA2",2020,0,47230546.0
65.0,Fred VanVleet,25.0,TOR,SG,54.0,54.0,35.7,5.9,14.3,0.413,2.7,6.9,0.39,3.2,7.4,0.434,0.507,3.1,3.7,0.848,0.3,3.4,3.8,6.6,1.9,0.3,2.2,2.4,17.6,,2020,0,11463626.0
67.0,Jaren Jackson Jr.,20.0,MEM,C,57.0,57.0,28.5,6.2,13.2,0.469,2.5,6.5,0.394,3.6,6.8,0.54,0.565,2.4,3.3,0.747,1.0,3.6,4.6,1.4,0.7,1.6,1.7,4.1,17.4,,2020,0,
68.0,Marcus Morris,30.0,2TM,PF,62.0,62.0,31.2,5.7,13.1,0.438,2.3,5.6,0.408,3.4,7.5,0.461,0.526,2.9,3.5,0.823,1.0,4.1,5.0,1.4,0.8,0.5,1.6,2.9,16.7,,2020,0,18398414.0
69.0,Malcolm Brogdon,27.0,IND,PG,54.0,54.0,30.9,6.0,13.8,0.438,1.4,4.3,0.326,4.6,9.5,0.488,0.489,3.1,3.4,0.892,0.9,4.0,4.9,7.1,0.6,0.2,2.4,1.8,16.5,,2020,0,24531218.0
71.0,Dillon Brooks,24.0,MEM,SG,73.0,73.0,28.9,6.0,14.6,0.407,2.0,5.6,0.358,3.9,9.0,0.438,0.476,2.2,2.8,0.808,0.9,2.4,3.3,2.1,0.9,0.4,1.7,3.8,16.2,,2020,0,1985213.0
74.0,Bam Adebayo,22.0,MIA,PF,72.0,72.0,33.6,6.1,11.0,0.557,0.0,0.2,0.143,6.1,10.8,0.564,0.558,3.7,5.3,0.691,2.4,7.8,10.2,5.1,1.1,1.3,2.8,2.5,15.9,"DPOY-5,AS,DEF2",2020,0,4236639.0
75.0,Tim Hardaway Jr.,27.0,DAL,SG,71.0,58.0,29.5,5.4,12.5,0.434,2.9,7.2,0.398,2.5,5.2,0.485,0.55,2.1,2.6,0.819,0.4,2.9,3.3,1.9,0.6,0.1,1.0,1.8,15.8,,2020,0,
78.0,Hassan Whiteside,30.0,POR,C,67.0,61.0,30.0,6.5,10.5,0.621,0.1,0.1,0.571,6.4,10.4,0.622,0.624,2.4,3.6,0.686,3.9,9.7,13.5,1.2,0.4,2.9,1.8,2.9,15.5,DPOY-11,2020,0,33231237.0
79.0,Carmelo Anthony,35.0,POR,PF,58.0,58.0,32.8,5.8,13.5,0.43,1.5,3.9,0.385,4.3,9.6,0.448,0.485,2.3,2.8,0.845,1.2,5.1,6.3,1.5,0.8,0.5,1.7,2.9,15.4,,2020,0,2648180.0
84.0,Jordan Clarkson,27.0,2TM,SG,71.0,2.0,24.0,5.5,12.2,0.454,2.1,5.8,0.368,3.4,6.4,0.533,0.542,1.9,2.3,0.836,0.7,1.9,2.6,1.9,0.6,0.2,1.4,1.5,15.2,,2020,0,16481912.0
87.0,Rudy Gobert,27.0,UTA,C,68.0,68.0,34.3,5.7,8.2,0.693,0.0,0.0,,5.7,8.2,0.693,0.693,3.7,5.9,0.63,3.4,10.1,13.5,1.5,0.8,2.0,1.9,3.2,15.1,"DPOY-3,AS,NBA3,DEF1",2020,0,30981000.0
88.0,Alec Burks,28.0,2TM,SF,66.0,19.0,26.6,4.9,11.6,0.418,1.8,4.6,0.385,3.1,7.1,0.439,0.493,3.6,4.0,0.887,0.7,3.5,4.3,2.9,0.9,0.3,1.4,1.9,15.0,,2020,0,2845675.0
89.0,Eric Bledsoe,30.0,MIL,PG,61.0,61.0,27.0,5.5,11.5,0.475,1.2,3.5,0.344,4.3,8.0,0.533,0.528,2.8,3.5,0.79,0.7,3.9,4.6,5.4,0.9,0.4,2.4,2.1,14.9,DEF2,2020,0,19165014.0
91.0,Lauri Markkanen,22.0,CHI,PF,50.0,50.0,29.8,5.0,11.8,0.425,2.2,6.3,0.344,2.8,5.5,0.518,0.517,2.5,3.1,0.824,1.2,5.1,6.3,1.5,0.8,0.5,1.6,1.9,14.7,,2020,0,6501263.0
93.0,Harrison Barnes,27.0,SAC,PF,72.0,72.0,34.5,5.1,11.0,0.46,1.4,3.7,0.381,3.7,7.3,0.501,0.525,3.0,3.7,0.801,1.1,3.9,4.9,2.2,0.6,0.2,1.2,1.3,14.5,,2020,0,29618658.0
94.0,Joe Harris,28.0,BRK,SF,69.0,69.0,30.8,5.5,11.4,0.486,2.5,5.9,0.424,3.0,5.5,0.553,0.596,0.9,1.3,0.719,0.9,3.4,4.3,2.1,0.6,0.2,1.5,2.3,14.5,,2020,0,9403634.0
95.0,Victor Oladipo,27.0,IND,SG,19.0,16.0,27.8,5.1,12.9,0.394,1.7,5.5,0.317,3.4,7.5,0.451,0.461,2.5,3.1,0.814,0.5,3.5,3.9,2.9,0.9,0.2,2.5,1.9,14.5,,2020,0,25757779.0
101.0,Jabari Parker,24.0,2TM,PF,38.0,23.0,24.1,5.8,11.3,0.51,0.8,3.1,0.269,4.9,8.2,0.603,0.548,1.6,2.1,0.753,1.6,4.0,5.6,1.8,1.2,0.4,1.7,2.6,14.0,,2020,0,7972646.0
102.0,Eric Paschall,23.0,GSW,PF,60.0,26.0,27.6,5.3,10.7,0.497,0.6,2.2,0.287,4.7,8.5,0.55,0.526,2.7,3.5,0.774,1.4,3.2,4.6,2.1,0.5,0.2,1.6,2.1,14.0,ROY-6,2020,0,1101831.0
103.0,Clint Capela,25.0,HOU,C,39.0,39.0,32.8,6.3,9.9,0.629,0.0,0.0,,6.3,9.9,0.629,0.629,1.4,2.7,0.529,4.3,9.5,13.8,1.2,0.8,1.8,1.6,2.6,13.9,,2020,0,20724650.0
106.0,Tyler Herro,20.0,MIA,SG,55.0,8.0,27.4,4.9,11.5,0.428,2.1,5.4,0.389,2.8,6.1,0.462,0.52,1.6,1.8,0.87,0.3,3.8,4.1,2.2,0.6,0.2,1.6,1.4,13.5,,2020,0,4464927.0
107.0,Duncan Robinson,25.0,MIA,SG,73.0,68.0,29.7,4.4,9.4,0.47,3.7,8.3,0.446,0.7,1.1,0.654,0.667,0.9,1.0,0.931,0.1,3.0,3.2,1.4,0.5,0.3,1.0,2.6,13.5,,2020,0,1737855.0
109.0,Coby White,19.0,CHI,PG,65.0,1.0,25.8,4.8,12.2,0.394,2.0,5.8,0.354,2.8,6.4,0.43,0.478,1.6,2.0,0.791,0.4,3.1,3.5,2.7,0.8,0.1,1.7,1.8,13.2,ROY-5,2020,0,6509506.0
110.0,Christian Wood,24.0,DET,PF,62.0,12.0,21.4,4.6,8.2,0.567,0.9,2.3,0.386,3.8,5.9,0.636,0.62,2.9,3.9,0.744,1.7,4.6,6.3,1.0,0.5,0.9,1.4,1.6,13.1,6MOY-4,2020,0,2018130.0
111.0,Miles Bridges,21.0,CHO,SF,65.0,64.0,30.7,4.9,11.6,0.424,1.5,4.6,0.33,3.4,7.0,0.486,0.489,1.6,2.0,0.809,1.4,4.2,5.6,1.8,0.6,0.7,1.5,2.0,13.0,,2020,0,4606226.0
112.0,Ricky Rubio,29.0,PHO,PG,65.0,65.0,31.0,4.4,10.6,0.415,1.2,3.3,0.361,3.2,7.3,0.439,0.471,3.0,3.5,0.863,0.7,4.0,4.7,8.8,1.4,0.2,2.7,2.6,13.0,,2020,0,19870287.0
115.0,Damion Lee,27.0,GSW,SG,49.0,36.0,29.0,4.3,10.4,0.417,1.7,4.9,0.356,2.6,5.6,0.471,0.5,2.2,2.6,0.873,0.7,4.2,4.9,2.7,1.0,0.1,1.4,2.4,12.7,,2020,0,1033165.0
117.0,Robert Covington,29.0,2TM,C,70.0,68.0,30.5,4.4,10.3,0.422,2.3,6.9,0.335,2.1,3.5,0.593,0.533,1.4,1.8,0.798,0.9,5.7,6.6,1.3,1.6,1.3,1.5,3.1,12.4,,2020,0,13861633.0
119.0,Darius Garland,20.0,CLE,SG,59.0,59.0,30.9,4.7,11.8,0.401,1.8,5.0,0.355,3.0,6.8,0.434,0.476,1.1,1.2,0.875,0.5,1.4,1.9,3.9,0.7,0.1,2.6,1.6,12.3,,2020,0,7851118.0
123.0,Isaiah Thomas,30.0,WAS,PG,40.0,37.0,23.1,4.4,10.7,0.408,2.0,4.7,0.413,2.4,5.9,0.405,0.5,1.6,1.9,0.816,0.3,1.4,1.7,3.7,0.3,0.2,1.9,1.9,12.2,,2020,0,
125.0,Brandon Clarke,23.0,MEM,PF,58.0,4.0,22.4,5.1,8.3,0.618,0.4,1.1,0.359,4.7,7.2,0.658,0.642,1.5,1.9,0.759,1.6,4.4,5.9,1.4,0.6,0.8,0.9,1.7,12.1,ROY-4,2020,0,3040448.0
126.0,Markelle Fultz,21.0,ORL,PG,72.0,60.0,27.7,5.0,10.7,0.465,0.5,1.9,0.267,4.5,8.8,0.507,0.488,1.6,2.2,0.73,0.6,2.7,3.3,5.1,1.3,0.2,2.0,2.0,12.1,,2020,0,11953081.0
128.0,Myles Turner,23.0,IND,C,62.0,62.0,29.5,4.3,9.5,0.457,1.4,4.0,0.344,2.9,5.4,0.54,0.53,2.0,2.7,0.751,1.4,5.2,6.6,1.2,0.7,2.1,1.4,2.7,12.1,,2020,0,22078097.0
129.0,Jerami Grant,25.0,DEN,PF,71.0,24.0,26.6,4.3,8.9,0.478,1.4,3.5,0.389,2.9,5.4,0.537,0.555,2.1,2.8,0.75,0.8,2.7,3.5,1.2,0.7,0.8,0.9,2.2,12.0,,2020,0,11463626.0
130.0,Brook Lopez,31.0,MIL,C,68.0,67.0,26.7,4.3,9.9,0.435,1.5,4.8,0.314,2.8,5.1,0.549,0.511,1.9,2.2,0.836,0.9,3.7,4.6,1.5,0.7,2.4,1.0,2.4,12.0,"DPOY-10,DEF2",2020,0,14832830.0
131.0,Tristan Thompson,28.0,CLE,C,57.0,51.0,30.2,5.1,9.9,0.512,0.2,0.4,0.391,4.9,9.5,0.518,0.52,1.7,2.8,0.615,4.0,6.2,10.1,2.1,0.6,0.9,1.8,2.2,12.0,,2020,0,22739372.0
132.0,Reggie Jackson,29.0,2TM,PG,31.0,16.0,24.0,4.3,10.5,0.411,1.8,4.7,0.393,2.5,5.8,0.425,0.498,1.5,1.7,0.833,0.5,2.4,3.0,4.1,0.4,0.2,1.6,1.9,11.9,,2020,0,628883.0
133.0,Al Horford,33.0,PHI,C,67.0,61.0,30.2,4.8,10.6,0.45,1.5,4.2,0.35,3.3,6.4,0.516,0.52,0.9,1.2,0.763,1.5,5.3,6.8,4.0,0.8,0.9,1.2,2.1,11.9,,2020,0,34343706.0
134.0,Jonathan Isaac,22.0,ORL,PF,34.0,32.0,28.8,4.6,9.8,0.47,0.9,2.8,0.34,3.6,7.0,0.521,0.518,1.8,2.3,0.779,1.7,5.1,6.8,1.4,1.6,2.3,1.4,2.4,11.9,,2020,0,7121952.0
136.0,Lonzo Ball,22.0,NOP,PG,63.0,54.0,32.1,4.4,10.9,0.403,2.3,6.3,0.375,2.0,4.6,0.442,0.511,0.7,1.2,0.566,1.1,5.0,6.1,7.0,1.4,0.6,3.1,2.0,11.8,,2020,0,10694777.0
137.0,Glenn Robinson III,26.0,2TM,SF,62.0,52.0,28.8,4.6,9.5,0.486,1.2,3.2,0.391,3.4,6.4,0.534,0.552,1.2,1.4,0.86,1.3,3.0,4.4,1.5,0.9,0.3,0.9,1.6,11.7,,2020,0,2309451.0
140.0,Jordan McRae,28.0,3TM,SG,37.0,4.0,21.2,4.0,9.9,0.407,1.2,3.4,0.357,2.8,6.5,0.433,0.469,2.2,2.9,0.761,0.5,2.9,3.4,2.5,0.6,0.4,1.2,2.0,11.5,,2020,0,1539251.0
140.0,Jordan McRae,28.0,WAS,SG,29.0,4.0,22.6,4.6,10.9,0.42,1.4,3.7,0.377,3.2,7.3,0.441,0.483,2.2,2.9,0.771,0.6,3.0,3.6,2.8,0.7,0.5,1.3,2.1,12.8,,2020,0,1539251.0
140.0,Jordan McRae,28.0,DEN,SG,4.0,0.0,8.0,0.5,1.5,0.333,0.5,1.0,0.5,0.0,0.5,0.0,0.5,0.8,1.0,0.75,0.3,1.0,1.3,1.0,0.5,0.3,0.0,0.5,2.3,,2020,0,1539251.0
140.0,Jordan McRae,28.0,DET,SG,4.0,0.0,24.5,3.5,10.8,0.326,0.8,4.0,0.188,2.8,6.8,0.407,0.36,4.0,5.5,0.727,0.0,3.8,3.8,1.8,0.0,0.0,1.3,2.5,11.8,,2020,0,1539251.0
141.0,Aron Baynes,33.0,PHO,C,42.0,28.0,22.2,4.4,9.1,0.48,1.4,4.0,0.351,3.0,5.1,0.582,0.558,1.3,1.8,0.747,1.7,4.0,5.6,1.6,0.2,0.5,1.2,3.4,11.5,,2020,0,6688780.0
146.0,Malik Beasley,23.0,2TM,SG,55.0,14.0,22.0,4.1,9.7,0.425,1.9,5.0,0.388,2.2,4.7,0.465,0.525,1.0,1.2,0.818,0.3,2.4,2.7,1.4,0.7,0.1,1.0,1.4,11.2,,2020,0,3350612.0
148.0,Dion Waiters,28.0,2TM,SG,10.0,0.0,20.7,4.1,9.9,0.414,1.5,4.7,0.319,2.6,5.2,0.5,0.49,1.4,1.7,0.824,0.2,2.2,2.4,2.0,0.4,0.6,1.6,2.1,11.1,,2020,0,460432.0
150.0,Cody Zeller,27.0,CHO,C,58.0,39.0,23.1,4.3,8.3,0.524,0.3,1.3,0.24,4.0,7.0,0.577,0.543,2.1,3.1,0.682,2.8,4.3,7.1,1.5,0.7,0.4,1.3,2.4,11.1,,2020,0,17750679.0
153.0,Cedi Osman,24.0,CLE,SF,65.0,65.0,29.4,4.1,9.4,0.437,1.9,4.9,0.383,2.2,4.4,0.497,0.538,1.0,1.4,0.67,0.6,3.0,3.6,2.4,0.8,0.2,1.4,2.5,11.0,,2020,0,3565788.0
154.0,Jeff Teague,31.0,2TM,PG,59.0,17.0,24.8,3.6,8.3,0.436,0.7,2.0,0.368,2.9,6.3,0.457,0.48,2.9,3.3,0.873,0.5,1.9,2.4,5.2,0.7,0.3,2.0,1.8,10.9,,2020,0,23304657.0
155.0,Steven Adams,26.0,OKC,C,63.0,63.0,26.7,4.5,7.6,0.592,0.0,0.0,0.333,4.5,7.5,0.594,0.593,1.9,3.2,0.582,3.3,6.0,9.3,2.3,0.8,1.1,1.5,1.9,10.9,,2020,0,31697642.0
156.0,Dejounte Murray,23.0,SAS,PG,66.0,58.0,25.6,4.5,9.7,0.462,0.6,1.7,0.369,3.8,8.0,0.481,0.494,1.4,1.7,0.798,1.0,4.8,5.8,4.1,1.7,0.3,1.9,2.2,10.9,,2020,0,2847749.0
159.0,Rudy Gay,33.0,SAS,PF,67.0,5.0,21.8,4.0,8.9,0.446,1.1,3.3,0.336,2.9,5.6,0.511,0.508,1.8,2.0,0.882,0.9,4.5,5.4,1.7,0.5,0.5,1.3,1.5,10.8,,2020,0,17785133.0
162.0,Jae Crowder,29.0,2TM,SF,65.0,53.0,28.8,3.5,8.7,0.401,2.1,6.1,0.343,1.4,2.6,0.538,0.521,1.5,1.9,0.776,0.8,5.1,5.9,2.5,1.1,0.4,1.1,2.2,10.5,,2020,0,9586227.0
164.0,Danuel House Jr.,26.0,HOU,SF,63.0,52.0,30.4,3.7,8.6,0.427,2.0,5.6,0.363,1.6,2.9,0.549,0.546,1.2,1.4,0.811,0.9,3.3,4.2,1.3,1.1,0.5,0.9,2.1,10.5,,2020,0,
168.0,Shabazz Napier,28.0,2TM,PG,56.0,32.0,24.0,3.4,8.1,0.412,1.4,4.3,0.317,2.0,3.9,0.519,0.496,2.3,2.7,0.824,0.5,2.4,2.8,4.7,1.2,0.2,2.3,1.8,10.3,,2020,0,2263374.0
171.0,Malik Monk,21.0,CHO,SG,55.0,1.0,21.3,3.9,8.9,0.434,1.1,3.7,0.284,2.8,5.2,0.542,0.494,1.5,1.8,0.82,0.5,2.4,2.9,2.1,0.5,0.3,1.4,1.3,10.3,,2020,0,4941078.0
172.0,Garrett Temple,33.0,BRK,SG,62.0,35.0,27.9,3.6,9.5,0.378,2.0,6.2,0.329,1.5,3.2,0.473,0.486,1.1,1.4,0.805,0.5,3.0,3.5,2.5,0.8,0.5,1.0,1.7,10.3,,2020,0,5847016.0
177.0,Bobby Portis,24.0,NYK,PF,66.0,5.0,21.1,4.0,8.9,0.45,1.0,2.8,0.358,3.0,6.1,0.493,0.507,1.1,1.4,0.763,1.2,3.9,5.1,1.5,0.5,0.3,1.1,1.7,10.1,,2020,0,18398414.0
180.0,Tomas Satoransky,28.0,CHI,SG,65.0,64.0,28.9,3.6,8.5,0.43,1.0,3.1,0.322,2.7,5.4,0.491,0.488,1.6,1.9,0.876,1.2,2.7,3.9,5.4,1.2,0.1,2.0,2.1,9.9,,2020,0,12265609.0
181.0,Joe Ingles,32.0,UTA,PF,72.0,45.0,29.7,3.4,7.7,0.445,2.0,4.9,0.399,1.5,2.8,0.525,0.572,1.0,1.3,0.787,0.4,3.5,3.9,5.2,0.9,0.2,2.0,2.1,9.8,,2020,0,14049698.0
182.0,Furkan Korkmaz,22.0,PHI,SG,72.0,12.0,21.7,3.4,7.8,0.43,2.0,4.9,0.402,1.4,2.9,0.478,0.557,1.1,1.4,0.755,0.3,2.1,2.3,1.1,0.6,0.2,0.8,1.4,9.8,,2020,0,1987720.0
183.0,Markieff Morris,30.0,2TM,PF,58.0,17.0,20.5,3.5,7.9,0.443,1.5,3.9,0.386,2.0,4.0,0.5,0.539,1.1,1.5,0.776,0.7,3.1,3.8,1.3,0.5,0.3,1.3,2.3,9.7,,2020,0,2771889.0
185.0,Mitchell Robinson,21.0,NYK,C,61.0,7.0,23.1,4.1,5.6,0.742,0.0,0.0,,4.1,5.6,0.742,0.742,1.4,2.4,0.568,3.0,4.0,7.0,0.6,0.9,2.0,0.6,3.2,9.7,,2020,0,1913081.0
188.0,Jeff Green,33.0,2TM,C,48.0,4.0,20.0,3.3,7.2,0.462,1.3,3.8,0.339,2.0,3.4,0.602,0.552,1.5,1.9,0.802,0.5,2.3,2.8,1.0,0.5,0.4,0.9,1.9,9.4,,2020,0,1030834.0
191.0,Dwight Powell,28.0,DAL,C,40.0,37.0,26.5,3.7,5.7,0.638,0.3,1.0,0.256,3.4,4.8,0.716,0.659,1.9,2.8,0.667,1.9,3.8,5.7,1.5,0.9,0.6,0.9,2.6,9.4,,2020,0,12583748.0
192.0,Kentavious Caldwell-Pope,26.0,LAL,SG,69.0,26.0,25.5,3.4,7.3,0.467,1.3,3.5,0.385,2.1,3.9,0.541,0.558,1.1,1.5,0.775,0.6,1.5,2.1,1.6,0.8,0.2,0.9,1.9,9.3,,2020,0,9983325.0
193.0,Marquese Chriss,22.0,GSW,PF,59.0,21.0,20.3,3.6,6.5,0.545,0.1,0.7,0.205,3.4,5.9,0.584,0.556,2.0,2.6,0.769,1.9,4.3,6.2,1.9,0.7,1.1,1.3,2.1,9.3,,2020,0,
194.0,Michael Porter Jr.,21.0,DEN,SF,55.0,8.0,16.4,3.5,7.0,0.509,1.1,2.7,0.422,2.4,4.3,0.564,0.59,1.1,1.3,0.833,1.2,3.5,4.7,0.8,0.5,0.5,0.9,1.8,9.3,,2020,0,
195.0,Landry Shamet,22.0,LAC,SG,53.0,30.0,27.4,3.0,7.4,0.404,2.1,5.6,0.375,0.9,1.8,0.495,0.546,1.2,1.4,0.855,0.1,1.8,1.9,1.9,0.4,0.2,0.8,2.7,9.3,,2020,0,2447136.0
196.0,Jarrett Culver,20.0,MIN,SG,63.0,35.0,23.9,3.7,9.0,0.404,1.0,3.5,0.299,2.6,5.5,0.471,0.462,0.9,1.9,0.462,1.1,2.3,3.4,1.7,0.9,0.6,1.3,2.0,9.2,,2020,0,7130783.0
200.0,Keldon Johnson,20.0,SAS,SF,17.0,1.0,17.7,3.1,5.2,0.596,0.8,1.3,0.591,2.4,3.9,0.597,0.669,2.1,2.6,0.795,0.6,2.8,3.4,0.9,0.8,0.1,0.8,1.6,9.1,,2020,0,2392529.0
201.0,Maxi Kleber,28.0,DAL,PF,74.0,21.0,25.5,3.2,6.9,0.461,1.6,4.3,0.373,1.6,2.6,0.605,0.577,1.1,1.3,0.849,1.5,3.7,5.2,1.2,0.3,1.1,0.8,2.4,9.1,,2020,0,9812487.0
202.0,Jake Layman,25.0,MIN,SF,23.0,2.0,22.0,3.5,7.8,0.453,1.0,3.1,0.333,2.5,4.7,0.533,0.52,1.0,1.4,0.75,0.7,1.7,2.5,0.7,0.7,0.4,1.0,2.0,9.1,,2020,0,4393524.0
203.0,Derrick Favors,28.0,NOP,C,51.0,49.0,24.4,4.1,6.6,0.617,0.0,0.1,0.143,4.1,6.5,0.627,0.618,0.8,1.4,0.563,3.2,6.6,9.8,1.6,0.6,0.9,1.1,2.1,9.0,,2020,0,21648800.0
207.0,Naz Reid,20.0,MIN,C,30.0,11.0,16.5,3.3,8.1,0.412,1.1,3.2,0.33,2.3,4.9,0.466,0.477,1.2,1.8,0.698,1.1,3.0,4.1,1.2,0.6,0.7,0.7,2.8,9.0,,2020,0,1101831.0
210.0,Kent Bazemore,30.0,2TM,SF,68.0,21.0,24.8,2.9,7.9,0.375,1.2,3.6,0.344,1.7,4.3,0.4,0.453,1.7,2.2,0.769,0.4,3.9,4.3,1.4,1.1,0.6,1.3,2.9,8.8,,2020,0,23635416.0
212.0,Jordan Poole,20.0,GSW,SG,57.0,14.0,22.4,2.9,8.8,0.333,1.3,4.6,0.279,1.6,4.2,0.392,0.406,1.7,2.1,0.798,0.2,1.9,2.1,2.4,0.6,0.2,1.3,1.6,8.8,,2020,0,2409897.0
214.0,Grayson Allen,24.0,MEM,SG,38.0,0.0,18.9,3.1,6.6,0.466,1.5,3.7,0.404,1.6,2.9,0.545,0.58,1.0,1.2,0.867,0.2,2.0,2.2,1.4,0.3,0.1,0.9,1.4,8.7,,2020,0,2979807.0
215.0,Moritz Wagner,22.0,WAS,C,45.0,5.0,18.6,3.2,5.9,0.545,0.6,1.8,0.313,2.7,4.1,0.645,0.592,1.7,2.1,0.821,1.2,3.6,4.9,1.2,0.6,0.4,1.5,3.4,8.7,,2020,0,2531033.0
218.0,Derrick Jones Jr.,22.0,MIA,SF,59.0,16.0,23.3,3.1,5.9,0.527,0.6,2.2,0.28,2.5,3.7,0.677,0.58,1.6,2.1,0.772,1.1,2.8,3.9,1.1,1.0,0.6,0.5,2.2,8.5,,2020,0,
219.0,James Johnson,32.0,2TM,PF,32.0,1.0,19.3,3.2,6.7,0.479,1.0,2.8,0.363,2.2,3.9,0.565,0.556,1.0,1.5,0.646,0.8,2.9,3.7,2.3,0.8,1.0,1.5,2.5,8.4,,2020,0,18826974.0
222.0,E'Twaun Moore,30.0,NOP,SG,56.0,6.0,18.2,3.3,7.8,0.426,1.1,3.0,0.377,2.2,4.8,0.456,0.498,0.6,0.8,0.689,0.6,1.8,2.3,1.4,0.6,0.2,0.7,1.4,8.3,,2020,0,10628062.0
223.0,Jeremy Pargo,33.0,GSW,PG,3.0,0.0,14.7,3.7,7.3,0.5,1.0,2.3,0.429,2.7,5.0,0.533,0.568,0.0,0.3,0.0,0.3,0.7,1.0,2.7,0.3,0.0,1.3,2.7,8.3,,2020,0,
224.0,Anfernee Simons,20.0,POR,SG,70.0,4.0,20.7,3.1,7.7,0.399,1.1,3.2,0.332,2.0,4.4,0.448,0.469,1.1,1.3,0.826,0.4,1.8,2.2,1.4,0.4,0.1,0.9,1.9,8.3,,2020,0,2636566.0
225.0,Ivica Zubac,22.0,LAC,C,72.0,70.0,18.4,3.3,5.3,0.613,0.0,0.0,0.0,3.3,5.3,0.616,0.613,1.7,2.3,0.747,2.7,4.8,7.5,1.1,0.2,0.9,0.8,2.3,8.3,,2020,0,7949932.0
226.0,Jalen Brunson,23.0,DAL,PG,57.0,16.0,17.9,3.2,6.8,0.466,0.8,2.1,0.358,2.4,4.7,0.515,0.522,1.1,1.3,0.813,0.4,2.0,2.4,3.3,0.4,0.1,1.2,1.3,8.2,,2020,0,1737855.0
228.0,Reggie Bullock,28.0,NYK,SG,29.0,19.0,23.6,3.1,7.7,0.402,1.3,3.8,0.333,1.8,3.9,0.469,0.484,0.6,0.7,0.81,0.4,1.9,2.3,1.4,0.9,0.1,0.7,1.9,8.1,,2020,0,4906243.0
229.0,Enes Freedom,27.0,BOS,C,58.0,7.0,16.9,3.4,6.0,0.572,0.0,0.1,0.143,3.4,5.9,0.581,0.573,1.2,1.7,0.707,2.8,4.6,7.4,1.0,0.4,0.7,1.0,1.7,8.1,,2020,0,
230.0,Jahlil Okafor,24.0,NOP,C,30.0,9.0,15.6,3.4,5.4,0.623,0.0,0.1,0.333,3.3,5.3,0.629,0.627,1.3,2.1,0.645,1.6,2.6,4.2,1.2,0.2,0.7,1.3,2.2,8.1,,2020,0,2088202.0
231.0,Trevor Ariza,34.0,2TM,SF,53.0,21.0,28.2,2.7,6.1,0.438,1.5,3.9,0.372,1.2,2.2,0.556,0.557,1.2,1.4,0.838,0.6,4.0,4.6,1.7,1.3,0.3,1.1,2.1,8.0,,2020,0,14964043.0
232.0,Alex Len,26.0,2TM,C,55.0,12.0,17.6,3.2,5.8,0.555,0.3,1.1,0.271,2.9,4.7,0.619,0.58,1.2,1.9,0.648,1.8,4.0,5.8,0.9,0.4,0.9,1.0,2.3,8.0,,2020,0,5102493.0
234.0,Draymond Green,29.0,GSW,PF,43.0,43.0,28.4,2.9,7.3,0.389,0.8,3.0,0.279,2.0,4.3,0.465,0.446,1.5,1.9,0.759,0.5,5.7,6.2,6.2,1.4,0.8,2.3,2.6,8.0,,2020,0,22739372.0
239.0,Timothe Luwawu-Cabarrot,24.0,BRK,SF,47.0,2.0,18.1,2.5,5.7,0.435,1.3,3.4,0.388,1.2,2.3,0.505,0.55,1.5,1.7,0.852,0.6,2.1,2.7,0.6,0.4,0.1,0.8,2.3,7.8,,2020,0,
240.0,J.J. Barea,35.0,DAL,PG,29.0,6.0,15.5,2.9,7.1,0.411,1.1,2.9,0.376,1.8,4.2,0.434,0.488,0.7,0.8,0.909,0.3,1.5,1.8,3.9,0.2,0.1,1.3,0.9,7.7,,2020,0,
242.0,De'Anthony Melton,21.0,MEM,PG,60.0,8.0,19.5,2.7,6.7,0.401,0.7,2.3,0.286,2.0,4.4,0.464,0.451,1.6,2.0,0.769,0.7,3.0,3.7,2.9,1.3,0.3,1.4,1.8,7.6,,2020,0,1737855.0
243.0,Omari Spellman,22.0,GSW,C,49.0,3.0,18.1,2.6,6.0,0.431,0.9,2.2,0.391,1.7,3.8,0.454,0.503,1.5,1.9,0.793,1.6,2.9,4.5,1.0,0.7,0.5,1.1,1.3,7.6,,2020,0,2327767.0
245.0,Marc Gasol,35.0,TOR,C,44.0,43.0,26.4,2.7,6.3,0.427,1.3,3.4,0.385,1.4,3.0,0.473,0.529,0.8,1.1,0.735,0.7,5.5,6.3,3.3,0.8,0.9,1.3,2.8,7.5,,2020,0,31394685.0
246.0,Dwight Howard,34.0,LAL,C,69.0,2.0,18.9,2.9,4.0,0.729,0.0,0.1,0.6,2.9,3.9,0.732,0.735,1.6,3.1,0.514,2.5,4.9,7.3,0.7,0.4,1.1,1.2,3.2,7.5,6MOY-9,2020,0,3145825.0
247.0,Trey Burke,27.0,2TM,PG,33.0,1.0,15.8,2.8,6.3,0.45,1.0,2.3,0.427,1.9,4.1,0.463,0.526,0.7,0.9,0.793,0.5,1.0,1.5,2.5,0.5,0.1,0.6,1.0,7.4,,2020,0,281152.0
249.0,Ky Bowman,22.0,GSW,PG,45.0,12.0,22.6,3.0,7.1,0.417,0.7,2.4,0.308,2.2,4.8,0.472,0.469,0.8,0.9,0.829,0.5,2.2,2.7,2.9,1.0,0.2,1.6,2.3,7.4,,2020,0,429528.0
250.0,Gorgui Dieng,30.0,2TM,C,63.0,17.0,17.4,2.6,5.8,0.456,0.9,2.4,0.355,1.8,3.4,0.528,0.53,1.2,1.6,0.772,1.4,4.2,5.6,1.2,0.8,0.9,1.0,2.0,7.4,,2020,0,19906118.0
251.0,Jaxson Hayes,19.0,NOP,C,64.0,14.0,16.9,2.7,4.0,0.672,0.0,0.1,0.25,2.7,4.0,0.678,0.674,1.9,3.0,0.647,1.5,2.5,4.0,0.9,0.4,0.9,0.8,2.5,7.4,,2020,0,5963588.0
252.0,Tyus Jones,23.0,MEM,PG,65.0,6.0,19.0,3.0,6.6,0.459,0.7,1.9,0.379,2.3,4.7,0.492,0.514,0.7,0.9,0.741,0.1,1.4,1.6,4.4,0.9,0.1,0.8,0.7,7.4,,2020,0,12407890.0
253.0,Ian Mahinmi,33.0,WAS,C,38.0,35.0,21.3,2.7,5.5,0.495,0.1,0.7,0.192,2.6,4.8,0.538,0.507,1.8,3.0,0.619,2.1,3.7,5.7,1.3,0.8,1.2,1.2,3.0,7.4,,2020,0,18950429.0
254.0,Wesley Matthews,33.0,MIL,SG,67.0,67.0,24.4,2.5,6.3,0.396,1.6,4.4,0.364,0.9,1.9,0.472,0.524,0.8,1.0,0.765,0.3,2.1,2.5,1.4,0.6,0.1,0.6,1.5,7.4,,2020,0,3145825.0
256.0,Brandon Knight,28.0,2TM,SG,25.0,3.0,18.5,2.4,6.7,0.353,1.8,5.2,0.344,0.6,1.4,0.389,0.488,0.8,1.4,0.588,0.2,1.5,1.6,2.8,0.4,0.1,1.5,1.6,7.3,,2020,0,19188012.0
257.0,Kris Dunn,25.0,CHI,PG,51.0,32.0,24.9,3.0,6.7,0.444,0.6,2.2,0.259,2.4,4.5,0.535,0.487,0.8,1.1,0.741,0.5,3.2,3.6,3.4,2.0,0.3,1.3,3.1,7.3,,2020,0,6559656.0
258.0,Emmanuel Mudiay,23.0,UTA,PG,54.0,2.0,15.7,2.8,6.1,0.462,0.6,1.6,0.345,2.2,4.4,0.504,0.508,1.2,1.5,0.759,0.3,2.0,2.3,2.1,0.4,0.2,1.4,1.3,7.3,,2020,0,2130714.0
259.0,Willie Cauley-Stein,26.0,2TM,C,54.0,39.0,20.3,3.2,5.6,0.579,0.0,0.0,0.0,3.2,5.6,0.581,0.579,0.7,1.2,0.606,1.6,4.3,5.8,1.3,0.9,1.1,0.7,2.2,7.2,,2020,0,2670815.0
260.0,Michael Carter-Williams,28.0,ORL,SG,45.0,0.0,18.5,2.5,5.8,0.427,0.5,1.7,0.293,2.0,4.1,0.481,0.469,1.8,2.1,0.832,1.0,2.2,3.3,2.4,1.1,0.5,1.2,1.9,7.2,,2020,0,2488194.0
262.0,Jeremiah Martin,23.0,BRK,PG,9.0,0.0,11.0,2.7,5.9,0.453,0.6,2.0,0.278,2.1,3.9,0.543,0.5,1.2,1.6,0.786,0.1,1.0,1.1,2.0,0.8,0.2,0.4,0.8,7.1,,2020,0,97595.0
264.0,Tyler Johnson,27.0,2TM,SG,39.0,7.0,18.2,2.5,6.4,0.388,1.0,3.1,0.319,1.5,3.4,0.45,0.464,1.1,1.3,0.84,0.5,1.5,1.9,1.9,0.4,0.2,0.7,1.5,7.0,,2020,0,224601.0
266.0,Rondae Hollis-Jefferson,25.0,TOR,PF,60.0,6.0,18.7,2.6,5.5,0.471,0.1,0.4,0.13,2.5,5.1,0.497,0.476,1.8,2.4,0.734,1.8,2.9,4.7,1.8,0.8,0.4,1.0,1.9,7.0,,2020,0,3066402.0
269.0,Frank Mason III,25.0,MIL,PG,9.0,0.0,13.1,2.6,5.7,0.451,0.7,2.3,0.286,1.9,3.3,0.567,0.51,1.1,1.9,0.588,0.6,1.6,2.1,3.2,0.6,0.1,1.2,1.2,6.9,,2020,0,
273.0,Luguentz Dort,20.0,OKC,SF,36.0,28.0,22.8,2.4,6.1,0.394,0.8,2.8,0.297,1.6,3.3,0.479,0.463,1.2,1.5,0.792,0.7,1.6,2.3,0.8,0.9,0.1,0.6,2.7,6.8,,2020,0,190910.0
274.0,JaMychal Green,29.0,LAC,PF,63.0,1.0,20.7,2.4,5.6,0.429,1.5,3.8,0.387,0.9,1.8,0.518,0.56,0.6,0.8,0.75,1.2,4.9,6.2,0.8,0.5,0.4,0.9,2.8,6.8,,2020,0,5847016.0
276.0,Dragan Bender,22.0,2TM,PF,16.0,3.0,17.9,2.6,5.8,0.446,0.9,2.7,0.349,1.6,3.1,0.531,0.527,0.6,0.9,0.714,1.0,3.6,4.6,1.8,0.3,0.6,1.3,2.6,6.7,,2020,0,232678.0
277.0,Damyean Dotson,25.0,NYK,SG,48.0,0.0,17.4,2.5,6.0,0.414,1.2,3.4,0.362,1.3,2.6,0.48,0.516,0.5,0.7,0.667,0.2,1.7,1.9,1.2,0.5,0.1,0.4,0.9,6.7,,2020,0,1985213.0
278.0,Kyle Korver,38.0,MIL,SF,58.0,1.0,16.6,2.2,5.1,0.43,1.7,4.1,0.418,0.5,1.0,0.482,0.599,0.6,0.7,0.854,0.3,1.8,2.1,1.2,0.4,0.2,0.8,1.3,6.7,,2020,0,3145825.0
279.0,James Ennis III,29.0,2TM,SG,69.0,18.0,18.3,2.3,5.2,0.446,0.8,2.4,0.325,1.5,2.8,0.553,0.522,1.1,1.4,0.806,1.0,2.5,3.6,0.9,0.5,0.3,0.8,2.0,6.6,,2020,0,
280.0,Chris Boucher,27.0,TOR,C,62.0,0.0,13.2,2.3,4.8,0.472,0.6,1.9,0.322,1.7,2.9,0.569,0.535,1.5,1.9,0.784,1.7,2.7,4.5,0.4,0.4,1.0,0.5,1.8,6.6,,2020,0,1948062.0
281.0,Ersan Ilyasova,32.0,MIL,PF,63.0,8.0,15.7,2.3,5.0,0.466,0.8,2.2,0.365,1.5,2.8,0.545,0.546,1.1,1.4,0.828,1.0,3.8,4.8,0.8,0.4,0.3,0.5,1.5,6.6,,2020,0,8585926.0
282.0,Boban Marjanovic,31.0,DAL,C,44.0,5.0,9.6,2.8,4.8,0.573,0.1,0.4,0.235,2.7,4.4,0.603,0.583,1.0,1.3,0.754,1.5,3.0,4.5,0.5,0.2,0.2,0.7,1.3,6.6,,2020,0,4292963.0
285.0,Keita Bates-Diop,24.0,2TM,SF,44.0,0.0,16.9,2.3,5.3,0.427,0.8,2.3,0.33,1.5,3.0,0.504,0.5,1.2,1.7,0.72,0.6,2.3,2.9,0.7,0.4,0.5,0.4,1.0,6.5,,2020,0,1737855.0
286.0,T.J. McConnell,27.0,IND,PG,71.0,3.0,18.7,3.0,5.8,0.516,0.1,0.2,0.294,2.9,5.5,0.525,0.522,0.5,0.6,0.833,0.5,2.1,2.7,5.0,0.8,0.2,1.4,1.0,6.5,,2020,0,
287.0,Allonzo Trier,24.0,NYK,SG,24.0,1.0,12.1,2.1,4.4,0.481,0.8,2.2,0.358,1.3,2.2,0.604,0.571,1.4,1.8,0.791,0.3,1.0,1.2,1.2,0.1,0.2,0.9,1.2,6.5,,2020,0,
288.0,Sekou Doumbouya,19.0,DET,PF,38.0,19.0,19.8,2.4,6.2,0.39,0.7,2.6,0.286,1.7,3.6,0.464,0.449,0.8,1.2,0.674,0.5,2.6,3.1,0.5,0.5,0.2,0.9,2.1,6.4,,2020,0,4029399.0
293.0,C.J. Miles,32.0,WAS,SF,10.0,0.0,16.1,1.9,5.9,0.322,1.1,3.5,0.314,0.8,2.4,0.333,0.415,1.5,2.0,0.75,0.4,0.8,1.2,1.2,1.0,0.4,0.4,1.4,6.4,,2020,0,
294.0,Lonnie Walker IV,21.0,SAS,SG,61.0,12.0,16.2,2.5,5.9,0.426,0.7,1.7,0.406,1.8,4.2,0.434,0.483,0.7,1.0,0.721,0.4,1.9,2.3,1.1,0.5,0.2,0.7,1.3,6.4,,2020,0,
295.0,Marco Belinelli,33.0,SAS,SG,57.0,0.0,15.5,2.2,5.5,0.392,1.2,3.1,0.376,1.0,2.4,0.412,0.498,0.8,1.0,0.828,0.1,1.6,1.7,1.2,0.2,0.0,0.3,0.8,6.3,,2020,0,7170664.0
296.0,Frank Jackson,21.0,NOP,PG,59.0,2.0,13.5,2.3,5.6,0.405,0.8,2.4,0.326,1.5,3.2,0.465,0.476,0.9,1.3,0.747,0.4,1.0,1.4,1.0,0.3,0.1,0.8,1.3,6.3,,2020,0,1985213.0
297.0,Abdel Nader,26.0,OKC,SF,55.0,6.0,15.8,2.2,4.8,0.468,0.9,2.3,0.375,1.4,2.5,0.556,0.559,0.9,1.2,0.773,0.3,1.6,1.8,0.7,0.4,0.4,0.8,1.4,6.3,,2020,0,1985213.0
298.0,Frank Ntilikina,21.0,NYK,PG,57.0,26.0,20.8,2.3,5.8,0.393,0.8,2.4,0.321,1.5,3.4,0.444,0.459,0.9,1.0,0.864,0.4,1.7,2.1,3.0,0.9,0.3,1.2,2.5,6.3,,2020,0,5955934.0
302.0,Brandon Goodwin,24.0,ATL,PG,34.0,1.0,12.6,2.2,5.6,0.4,0.8,2.6,0.299,1.5,3.0,0.485,0.468,0.8,0.9,0.933,0.3,1.8,2.1,1.5,0.4,0.1,0.9,1.3,6.1,,2020,0,641170.0
303.0,Willy Hernangomez,25.0,CHO,C,31.0,0.0,12.1,2.4,4.5,0.532,0.2,0.7,0.227,2.2,3.8,0.59,0.55,1.2,1.9,0.627,1.4,2.9,4.3,0.9,0.3,0.2,1.0,1.0,6.1,,2020,0,2056617.0
304.0,Meyers Leonard,27.0,MIA,C,51.0,49.0,20.3,2.3,4.6,0.509,1.0,2.5,0.414,1.3,2.1,0.623,0.622,0.4,0.5,0.643,0.6,4.5,5.1,1.1,0.3,0.3,0.8,2.1,6.1,,2020,0,13843598.0
305.0,Juancho Hernangomez,24.0,2TM,PF,48.0,14.0,17.4,2.1,5.1,0.405,0.9,2.7,0.341,1.2,2.5,0.475,0.494,0.9,1.5,0.62,0.9,3.2,4.1,0.8,0.4,0.2,0.7,1.3,6.0,,2020,0,
306.0,Devontae Cacok,23.0,LAL,C,1.0,0.0,9.0,3.0,6.0,0.5,0.0,0.0,,3.0,6.0,0.5,0.5,0.0,0.0,,2.0,3.0,5.0,1.0,0.0,0.0,0.0,0.0,6.0,,2020,0,97595.0
307.0,Dusty Hannahs,26.0,MEM,SG,2.0,0.0,6.5,2.0,4.5,0.444,1.0,1.5,0.667,1.0,3.0,0.333,0.556,1.0,1.0,1.0,0.0,0.5,0.5,0.0,0.0,0.0,0.0,0.5,6.0,,2020,0,
309.0,Eric Mika,25.0,SAC,C,1.0,0.0,19.0,2.0,3.0,0.667,0.0,0.0,,2.0,3.0,0.667,0.667,2.0,2.0,1.0,2.0,5.0,7.0,0.0,0.0,0.0,0.0,5.0,6.0,,2020,0,
310.0,Mike Scott,31.0,PHI,PF,68.0,11.0,17.8,2.2,5.1,0.426,1.2,3.2,0.369,1.0,2.0,0.519,0.54,0.4,0.5,0.811,1.0,2.7,3.6,0.8,0.3,0.1,0.4,1.4,6.0,,2020,0,5847016.0
311.0,Marvin Williams,33.0,2TM,PF,58.0,1.0,19.5,2.1,4.6,0.446,1.0,2.7,0.359,1.1,1.9,0.568,0.551,0.8,1.0,0.86,0.5,2.6,3.2,1.0,0.6,0.5,0.6,1.8,5.9,,2020,0,741183.0
312.0,Wilson Chandler,32.0,BRK,PF,35.0,3.0,21.0,2.1,5.2,0.404,1.1,3.5,0.306,1.1,1.8,0.597,0.505,0.6,0.7,0.87,0.3,3.8,4.1,1.1,0.5,0.3,1.0,2.3,5.9,,2020,0,3145825.0
314.0,Dewayne Dedmon,30.0,2TM,C,44.0,18.0,17.6,2.3,5.8,0.4,0.5,2.4,0.206,1.8,3.4,0.541,0.443,0.7,0.8,0.833,1.4,4.3,5.7,0.5,0.6,0.9,1.3,3.0,5.8,,2020,0,16354146.0
315.0,Maurice Harkless,26.0,2TM,PF,62.0,48.0,23.0,2.3,4.6,0.502,0.5,1.6,0.347,1.7,3.0,0.584,0.562,0.6,1.1,0.591,0.9,3.0,3.9,1.1,0.9,0.5,0.9,2.4,5.8,,2020,0,
318.0,PJ Dozier,23.0,DEN,SG,29.0,0.0,14.2,2.2,5.4,0.414,0.6,1.7,0.347,1.7,3.7,0.444,0.468,0.7,1.0,0.724,0.3,1.6,1.9,2.2,0.5,0.2,0.9,1.6,5.8,,2020,0,224601.0
320.0,Skal Labissiere,23.0,POR,C,33.0,1.0,17.2,2.5,4.5,0.551,0.1,0.4,0.231,2.4,4.1,0.582,0.561,0.8,1.0,0.758,2.0,3.2,5.1,1.3,0.2,0.9,0.9,2.7,5.8,,2020,0,2868737.0
321.0,Anzejs Pasecniks,24.0,WAS,C,27.0,0.0,16.2,2.3,4.3,0.526,0.0,0.1,0.0,2.3,4.2,0.54,0.526,1.3,2.1,0.586,1.6,2.4,4.0,0.7,0.3,0.4,0.9,2.8,5.8,,2020,0,591379.0
323.0,Dwayne Bacon,24.0,CHO,SG,39.0,11.0,17.6,2.2,6.3,0.348,0.5,1.7,0.284,1.7,4.5,0.373,0.387,0.9,1.4,0.66,0.4,2.2,2.6,1.3,0.6,0.1,0.9,1.3,5.7,,2020,0,1985213.0
324.0,Bol Bol,20.0,DEN,PF,7.0,0.0,12.4,2.0,4.0,0.5,0.6,1.3,0.444,1.4,2.7,0.526,0.571,1.1,1.4,0.8,0.7,2.0,2.7,0.9,0.3,0.9,1.4,1.6,5.7,,2020,0,97595.0
325.0,Talen Horton-Tucker,19.0,LAL,SG,6.0,1.0,13.5,2.3,5.0,0.467,0.7,2.2,0.308,1.7,2.8,0.588,0.533,0.3,0.7,0.5,0.3,0.8,1.2,1.0,1.3,0.2,1.0,1.7,5.7,,2020,0,1101831.0
330.0,John Henson,29.0,2TM,C,40.0,8.0,15.0,2.4,4.3,0.556,0.2,0.9,0.222,2.2,3.4,0.644,0.579,0.6,1.2,0.5,1.2,2.9,4.1,1.4,0.6,1.1,0.9,2.0,5.5,,2020,0,11937376.0
331.0,Solomon Hill,28.0,2TM,PF,59.0,4.0,18.4,1.9,4.7,0.396,1.1,2.9,0.368,0.8,1.8,0.439,0.509,0.7,0.9,0.741,0.5,2.3,2.8,1.8,0.7,0.2,0.9,1.4,5.5,,2020,0,16301479.0
332.0,Alex Caruso,25.0,LAL,PG,64.0,2.0,18.4,1.9,4.5,0.412,0.6,1.9,0.333,1.3,2.7,0.468,0.481,1.1,1.5,0.734,0.3,1.7,1.9,1.9,1.1,0.3,0.8,1.5,5.5,,2020,0,3373042.0
336.0,Pat Connaughton,27.0,MIL,SG,67.0,4.0,18.6,2.0,4.5,0.455,0.8,2.5,0.331,1.2,2.0,0.607,0.547,0.5,0.6,0.775,0.9,3.3,4.2,1.6,0.4,0.5,0.8,1.0,5.4,,2020,0,2113425.0
338.0,Robin Lopez,31.0,MIL,C,66.0,5.0,14.5,2.2,4.5,0.492,0.5,1.6,0.333,1.7,2.9,0.577,0.55,0.4,0.8,0.528,0.8,1.6,2.4,0.7,0.2,0.7,1.0,1.5,5.4,,2020,0,5847016.0
340.0,Luka Samanic,20.0,SAS,PF,3.0,1.0,16.0,1.7,5.3,0.313,1.0,2.7,0.375,0.7,2.7,0.25,0.406,1.0,1.3,0.75,0.3,3.0,3.3,2.0,0.0,0.7,0.7,2.0,5.3,,2020,0,3299350.0
342.0,David Nwaba,27.0,BRK,SF,20.0,0.0,13.4,1.9,3.6,0.521,0.6,1.4,0.429,1.3,2.2,0.581,0.606,0.9,1.4,0.667,0.4,1.9,2.3,0.4,0.6,0.6,0.4,1.6,5.2,,2020,0,1107720.0
343.0,Robert Williams,22.0,BOS,C,29.0,1.0,13.4,2.2,3.0,0.727,0.0,0.0,,2.2,3.0,0.727,0.727,0.8,1.2,0.647,1.4,3.0,4.4,0.9,0.8,1.2,0.7,1.8,5.2,,2020,0,2376486.0
344.0,Jerome Robinson,22.0,2TM,SG,63.0,6.0,15.5,1.8,4.9,0.371,0.8,2.4,0.32,1.0,2.5,0.42,0.45,0.6,0.9,0.702,0.2,1.8,2.0,1.4,0.4,0.3,0.8,1.8,5.1,,2020,0,4376026.0
345.0,Chris Chiozza,24.0,2TM,PG,28.0,2.0,14.3,2.0,5.0,0.393,1.0,2.6,0.375,1.0,2.4,0.412,0.489,0.2,0.2,1.0,0.3,1.6,1.9,3.0,0.8,0.1,1.1,1.3,5.1,,2020,0,97595.0
346.0,Sterling Brown,24.0,MIL,SF,52.0,1.0,14.8,1.8,4.9,0.371,0.8,2.6,0.324,1.0,2.3,0.425,0.457,0.6,0.8,0.8,0.6,2.9,3.5,1.0,0.6,0.1,0.8,1.0,5.1,,2020,0,1985213.0
348.0,Wayne Ellington,32.0,NYK,SG,36.0,1.0,15.5,1.7,4.8,0.351,1.4,4.0,0.35,0.3,0.9,0.355,0.494,0.3,0.4,0.846,0.1,1.7,1.8,1.2,0.4,0.1,0.5,1.1,5.1,,2020,0,9812487.0
350.0,Raul Neto,27.0,PHI,PG,54.0,3.0,12.4,1.9,4.1,0.455,0.6,1.6,0.386,1.2,2.5,0.5,0.532,0.7,0.9,0.83,0.2,0.9,1.1,1.8,0.4,0.1,0.9,0.9,5.1,,2020,0,2130714.0
351.0,Kadeem Allen,27.0,NYK,PG,10.0,0.0,11.7,1.9,4.4,0.432,0.5,1.6,0.313,1.4,2.8,0.5,0.489,0.7,1.1,0.636,0.2,0.7,0.9,2.1,0.5,0.2,0.8,0.7,5.0,,2020,0,
352.0,Isaac Bonga,20.0,WAS,SF,66.0,49.0,18.9,1.8,3.5,0.504,0.4,1.1,0.352,1.4,2.5,0.571,0.558,1.0,1.3,0.812,1.1,2.3,3.4,1.2,0.7,0.3,0.9,2.4,5.0,,2020,0,1737855.0
353.0,Vince Carter,43.0,ATL,PF,60.0,0.0,14.6,1.8,5.1,0.352,1.0,3.4,0.302,0.8,1.7,0.451,0.452,0.4,0.5,0.793,0.3,1.8,2.1,0.8,0.4,0.4,0.6,1.5,5.0,,2020,0,3145825.0
354.0,Jamal Crawford,39.0,BRK,SG,1.0,0.0,6.0,2.0,4.0,0.5,1.0,2.0,0.5,1.0,2.0,0.5,0.625,0.0,0.0,,0.0,0.0,0.0,3.0,0.0,0.0,0.0,1.0,5.0,,2020,0,355461.0
358.0,Chris Clemons,22.0,HOU,SG,33.0,0.0,8.8,1.7,4.3,0.401,1.1,3.2,0.346,0.6,1.1,0.571,0.532,0.3,0.3,0.909,0.1,0.8,0.9,0.8,0.3,0.2,0.6,0.8,4.9,,2020,0,690978.0
361.0,Patrick Patterson,30.0,LAC,PF,59.0,18.0,13.2,1.6,3.9,0.408,1.1,2.9,0.39,0.5,1.0,0.459,0.552,0.6,0.7,0.814,0.6,2.0,2.6,0.7,0.1,0.1,0.4,0.9,4.9,,2020,0,2859840.0
362.0,Edmond Sumner,24.0,IND,SG,31.0,3.0,14.4,2.0,4.6,0.43,0.5,1.7,0.264,1.5,2.9,0.528,0.479,0.5,0.9,0.552,0.4,1.1,1.5,1.8,0.5,0.3,0.7,1.4,4.9,,2020,0,2453121.0
364.0,Mario Hezonja,24.0,POR,PF,53.0,4.0,16.4,1.7,4.1,0.422,0.5,1.5,0.308,1.3,2.6,0.486,0.477,0.9,1.1,0.814,0.6,2.9,3.5,0.9,0.7,0.2,0.8,2.0,4.8,,2020,0,2130714.0
365.0,Dzanan Musa,20.0,BRK,SF,40.0,0.0,12.2,1.6,4.3,0.372,0.5,2.0,0.244,1.1,2.4,0.479,0.427,1.1,1.5,0.75,0.5,1.6,2.2,1.1,0.4,0.0,0.9,0.8,4.8,,2020,0,2344693.0
367.0,Justin Wright-Foreman,22.0,UTA,PG,4.0,0.0,11.3,1.8,5.0,0.35,0.5,2.5,0.2,1.3,2.5,0.5,0.4,0.8,1.0,0.75,0.0,1.3,1.3,1.8,0.5,0.0,0.8,1.3,4.8,,2020,0,97595.0
368.0,Cheick Diallo,23.0,PHO,C,47.0,2.0,10.2,2.0,3.0,0.648,0.0,0.1,0.333,1.9,3.0,0.655,0.651,0.7,0.8,0.872,0.6,2.1,2.8,0.5,0.2,0.3,0.7,1.2,4.7,,2020,0,2059216.0
370.0,Thon Maker,22.0,DET,C,60.0,14.0,12.9,1.6,3.2,0.482,0.4,1.1,0.344,1.2,2.2,0.55,0.539,1.2,1.8,0.664,0.9,1.9,2.8,0.7,0.4,0.7,0.8,1.7,4.7,,2020,0,4378384.0
372.0,Allen Crabbe,27.0,2TM,SG,37.0,1.0,17.6,1.7,4.8,0.356,1.0,3.2,0.303,0.7,1.6,0.466,0.458,0.3,0.4,0.714,0.3,1.8,2.1,0.9,0.4,0.1,0.5,1.3,4.6,,2020,0,
373.0,Andre Iguodala,36.0,MIA,SF,21.0,0.0,19.9,1.8,4.2,0.432,0.7,2.2,0.298,1.1,2.0,0.585,0.511,0.3,0.7,0.4,0.8,2.9,3.7,2.4,0.7,1.0,1.2,1.7,4.6,,2020,0,21078676.0
374.0,Rodions Kurucs,21.0,BRK,PF,47.0,9.0,14.6,1.7,3.8,0.446,0.7,1.9,0.367,1.0,1.9,0.529,0.54,0.5,0.8,0.632,0.5,2.4,2.9,1.1,0.5,0.1,1.0,1.9,4.6,,2020,0,2084216.0
375.0,Patrick McCaw,24.0,TOR,SF,37.0,12.0,24.5,1.8,4.4,0.414,0.6,1.9,0.324,1.2,2.5,0.484,0.485,0.4,0.5,0.722,0.5,1.8,2.3,2.1,1.1,0.1,0.8,1.6,4.6,,2020,0,4906243.0
376.0,Alfonzo McKinnie,27.0,CLE,SF,40.0,1.0,14.8,1.8,4.3,0.427,0.4,1.6,0.215,1.5,2.7,0.557,0.468,0.6,0.8,0.71,0.9,1.9,2.8,0.4,0.6,0.2,0.7,1.8,4.6,,2020,0,2933915.0
377.0,JaKarr Sampson,26.0,IND,PF,34.0,12.0,13.9,2.0,3.4,0.591,0.1,0.4,0.154,1.9,3.0,0.647,0.6,0.5,0.8,0.667,0.6,2.0,2.6,0.6,0.5,0.4,0.4,1.9,4.6,,2020,0,2130714.0
378.0,Dante Exum,24.0,2TM,SG,35.0,1.0,13.9,1.6,3.4,0.471,0.4,1.2,0.349,1.2,2.2,0.539,0.534,0.9,1.2,0.744,0.3,1.6,1.9,1.1,0.4,0.2,0.9,1.1,4.5,,2020,0,11774985.0
380.0,Jerian Grant,27.0,WAS,SG,6.0,0.0,13.3,1.7,4.5,0.37,0.3,1.3,0.25,1.3,3.2,0.421,0.407,0.8,1.2,0.714,0.3,0.7,1.0,1.5,0.2,0.2,0.5,1.8,4.5,,2020,0,240759.0
381.0,Courtney Lee,34.0,DAL,SG,24.0,9.0,14.4,1.7,3.4,0.488,0.9,2.0,0.447,0.8,1.5,0.543,0.616,0.3,0.3,0.857,0.3,1.0,1.3,0.5,0.8,0.3,0.5,1.4,4.5,,2020,0,15650512.0
382.0,Treveon Graham,26.0,2TM,SF,55.0,20.0,16.9,1.6,4.4,0.36,0.6,2.2,0.275,1.0,2.2,0.443,0.428,0.7,1.0,0.643,0.9,1.8,2.7,0.8,0.4,0.1,0.5,1.9,4.4,,2020,0,2018130.0
383.0,Jacob Evans,22.0,2TM,SG,29.0,1.0,14.4,1.6,4.6,0.336,0.4,1.3,0.333,1.1,3.3,0.337,0.384,0.9,1.0,0.862,0.3,1.1,1.4,1.1,0.4,0.4,0.9,1.4,4.4,,2020,0,2362209.0
385.0,Nic Claxton,20.0,BRK,C,15.0,0.0,12.5,1.8,3.2,0.563,0.1,0.5,0.143,1.7,2.7,0.634,0.573,0.7,1.4,0.524,1.3,1.7,2.9,1.1,0.1,0.5,0.6,0.9,4.4,,2020,0,
387.0,Ante Zizic,23.0,CLE,C,22.0,0.0,10.0,1.9,3.3,0.569,0.0,0.0,,1.9,3.3,0.569,0.569,0.6,0.9,0.737,0.8,2.2,3.0,0.3,0.3,0.2,0.5,1.2,4.4,,2020,0,2798766.0
388.0,Donta Hall,22.0,2TM,PF,9.0,0.0,14.8,1.7,2.4,0.682,0.0,0.0,,1.7,2.4,0.682,0.682,1.0,2.0,0.5,1.6,2.7,4.2,0.4,0.3,0.7,0.6,2.6,4.3,,2020,0,124500.0
390.0,Troy Daniels,28.0,2TM,SG,47.0,0.0,11.3,1.5,4.0,0.387,1.0,2.8,0.348,0.6,1.1,0.481,0.511,0.2,0.3,0.625,0.3,0.9,1.1,0.4,0.2,0.1,0.3,0.8,4.3,,2020,0,562303.0
392.0,Ryan Broekhoff,29.0,DAL,SF,17.0,1.0,10.6,1.3,3.5,0.373,1.2,3.0,0.392,0.1,0.5,0.25,0.542,0.4,0.5,0.875,0.3,2.2,2.5,0.6,0.3,0.2,0.4,0.9,4.2,,2020,0,1737855.0
393.0,Iman Shumpert,29.0,BRK,SF,13.0,0.0,18.5,1.6,4.9,0.328,0.6,2.5,0.242,1.0,2.4,0.419,0.391,0.3,0.5,0.571,0.7,1.9,2.6,0.9,0.9,0.2,0.8,1.6,4.2,,2020,0,
394.0,Alen Smailagic,19.0,GSW,C,14.0,0.0,9.9,1.4,2.9,0.5,0.2,0.9,0.231,1.2,1.9,0.63,0.538,1.1,1.4,0.842,0.7,1.2,1.9,0.9,0.2,0.3,0.8,1.0,4.2,,2020,0,1101831.0
395.0,Elie Okobo,22.0,PHO,PG,55.0,3.0,13.1,1.3,3.3,0.398,0.5,1.3,0.352,0.9,2.0,0.427,0.467,0.9,1.3,0.704,0.3,1.3,1.6,2.1,0.4,0.1,0.7,1.0,4.0,,2020,0,1737855.0
396.0,Cristiano Felicio,27.0,CHI,C,22.0,0.0,17.5,1.5,2.5,0.63,0.0,0.1,0.0,1.5,2.4,0.654,0.63,0.8,1.0,0.783,2.5,2.1,4.6,0.7,0.5,0.1,0.8,1.5,3.9,,2020,0,10004444.0
397.0,Terrance Ferguson,21.0,OKC,SF,56.0,38.0,22.4,1.4,3.9,0.355,0.9,3.0,0.292,0.5,0.9,0.558,0.466,0.3,0.4,0.75,0.4,0.9,1.3,0.9,0.5,0.3,0.6,2.8,3.9,,2020,0,3036768.0
398.0,Marko Guduric,24.0,MEM,SG,44.0,0.0,11.0,1.4,3.6,0.395,0.6,1.9,0.301,0.8,1.7,0.5,0.475,0.5,0.6,0.923,0.3,1.3,1.7,1.0,0.3,0.2,0.8,0.8,3.9,,2020,0,3219722.0
402.0,Noah Vonleh,24.0,2TM,C,36.0,1.0,10.5,1.4,2.6,0.565,0.1,0.4,0.2,1.4,2.1,0.636,0.582,0.7,0.9,0.781,1.0,2.4,3.4,0.8,0.3,0.2,0.6,1.1,3.7,,2020,0,2453121.0
403.0,Gary Clark,25.0,2TM,PF,42.0,5.0,13.5,1.3,3.2,0.406,0.9,2.6,0.351,0.4,0.5,0.682,0.553,0.2,0.2,0.9,0.9,1.7,2.6,0.4,0.1,0.5,0.2,1.1,3.7,,2020,0,881609.0
404.0,DeMarre Carroll,33.0,2TM,C,24.0,0.0,12.1,1.0,2.8,0.379,0.3,1.4,0.242,0.7,1.4,0.515,0.439,1.2,1.8,0.69,0.5,1.8,2.3,1.0,0.3,0.2,0.7,1.3,3.6,,2020,0,9002046.0
405.0,Anthony Tolliver,34.0,3TM,PF,55.0,13.0,15.9,1.2,3.3,0.357,0.9,2.6,0.338,0.3,0.7,0.432,0.492,0.4,0.5,0.724,0.6,2.2,2.8,0.8,0.3,0.2,0.6,1.3,3.6,,2020,0,533190.0
405.0,Anthony Tolliver,34.0,POR,PF,33.0,9.0,16.8,1.3,3.5,0.368,0.9,2.7,0.337,0.4,0.8,0.464,0.496,0.4,0.6,0.684,0.8,2.5,3.3,0.9,0.2,0.3,0.6,1.6,3.9,,2020,0,533190.0
405.0,Anthony Tolliver,34.0,SAC,PF,9.0,0.0,9.1,0.3,1.9,0.176,0.2,1.7,0.133,0.1,0.2,0.5,0.235,0.1,0.2,0.5,0.2,1.0,1.2,0.3,0.4,0.1,0.4,0.7,1.0,,2020,0,533190.0
405.0,Anthony Tolliver,34.0,MEM,PF,13.0,4.0,18.2,1.5,3.7,0.396,1.3,3.2,0.415,0.2,0.5,0.286,0.573,0.5,0.6,0.875,0.4,2.2,2.5,0.8,0.5,0.1,0.7,1.1,4.8,,2020,0,533190.0
408.0,Nassir Little,19.0,POR,PF,48.0,5.0,11.9,1.4,3.1,0.43,0.3,1.2,0.237,1.1,1.9,0.554,0.477,0.6,0.9,0.636,0.6,1.6,2.3,0.5,0.3,0.3,0.3,1.5,3.6,,2020,0,2582548.0
409.0,Theo Pinson,24.0,BRK,SG,33.0,0.0,11.1,1.4,4.7,0.29,0.5,2.4,0.188,0.9,2.3,0.4,0.339,0.5,0.5,0.938,0.3,1.3,1.6,1.7,0.5,0.1,1.0,1.1,3.6,,2020,0,1773235.0
413.0,Kyle O'Quinn,29.0,PHI,C,29.0,2.0,10.8,1.4,2.9,0.494,0.2,0.9,0.259,1.2,2.0,0.603,0.535,0.4,0.7,0.55,1.2,2.8,4.0,1.8,0.2,0.8,0.7,1.3,3.5,,2020,0,2666933.0
414.0,Miye Oni,22.0,UTA,SF,10.0,1.0,10.9,1.2,3.2,0.375,0.7,1.9,0.368,0.5,1.3,0.385,0.484,0.4,0.5,0.8,0.5,1.2,1.7,0.4,0.4,0.2,0.4,0.9,3.5,,2020,0,1101831.0
415.0,Kenrich Williams,25.0,NOP,PF,39.0,18.0,21.3,1.3,3.8,0.347,0.6,2.5,0.258,0.7,1.3,0.52,0.432,0.2,0.7,0.346,1.3,3.5,4.8,1.5,0.7,0.5,0.6,2.3,3.5,,2020,0,1737855.0
417.0,Kevon Looney,23.0,GSW,C,20.0,4.0,13.1,1.5,4.0,0.367,0.1,0.7,0.071,1.4,3.3,0.431,0.373,0.5,0.6,0.75,1.4,1.9,3.3,1.0,0.6,0.3,0.6,1.7,3.4,,2020,0,5475718.0
419.0,Lance Thomas,31.0,BRK,PF,7.0,4.0,14.0,1.1,3.3,0.348,0.6,1.9,0.308,0.6,1.4,0.4,0.435,0.6,0.6,1.0,0.3,1.6,1.9,0.9,0.0,0.0,0.9,1.6,3.4,,2020,0,
421.0,Carsen Edwards,21.0,BOS,SG,37.0,0.0,9.5,1.1,3.5,0.328,0.6,2.1,0.316,0.5,1.4,0.346,0.422,0.4,0.5,0.684,0.2,1.1,1.3,0.6,0.3,0.1,0.4,0.9,3.3,,2020,0,1506248.0
422.0,Tacko Fall,24.0,BOS,C,7.0,0.0,4.7,1.6,2.0,0.786,0.0,0.0,,1.6,2.0,0.786,0.786,0.1,0.4,0.333,0.1,2.0,2.1,0.1,0.1,0.6,0.4,1.0,3.3,,2020,0,97595.0
423.0,Ty Jerome,22.0,PHO,SG,31.0,0.0,10.6,1.2,3.6,0.336,0.5,1.6,0.28,0.8,2.0,0.381,0.398,0.4,0.5,0.75,0.2,1.3,1.5,1.4,0.5,0.1,0.6,0.9,3.3,,2020,0,2690436.0
424.0,Rodney McGruder,28.0,LAC,SG,56.0,4.0,15.6,1.3,3.2,0.398,0.4,1.6,0.27,0.9,1.6,0.522,0.464,0.3,0.6,0.559,0.5,2.2,2.7,0.6,0.5,0.1,0.4,1.3,3.3,,2020,0,5896928.0
425.0,Evan Turner,31.0,ATL,SG,19.0,0.0,13.2,1.3,3.5,0.373,0.0,0.3,0.0,1.3,3.3,0.403,0.373,0.6,0.7,0.857,0.4,1.6,2.0,2.0,0.5,0.4,1.4,1.1,3.3,,2020,0,22822074.0
426.0,Jordan Bell,25.0,2TM,C,29.0,0.0,8.8,1.2,2.3,0.522,0.1,0.4,0.333,1.1,1.9,0.564,0.552,0.7,1.1,0.613,1.0,1.8,2.8,0.6,0.1,0.3,0.7,0.7,3.2,,2020,0,306640.0
428.0,Amir Coffey,22.0,LAC,SG,18.0,1.0,8.8,1.3,3.0,0.426,0.3,1.1,0.316,0.9,1.9,0.486,0.481,0.3,0.6,0.545,0.2,0.7,0.9,0.8,0.3,0.1,0.4,1.1,3.2,,2020,0,97595.0
430.0,Paul Watson,25.0,2TM,SF,10.0,0.0,8.7,1.0,2.6,0.385,0.4,1.2,0.333,0.6,1.4,0.429,0.462,0.7,0.9,0.778,0.2,1.5,1.7,0.8,0.4,0.1,0.3,0.5,3.1,,2020,0,97595.0
431.0,Matthew Dellavedova,29.0,CLE,PG,57.0,4.0,14.4,1.1,3.1,0.354,0.4,1.6,0.231,0.7,1.5,0.488,0.414,0.6,0.6,0.865,0.3,1.0,1.3,3.2,0.4,0.0,1.0,1.4,3.1,,2020,0,11784184.0
433.0,Bruno Caboclo,24.0,2TM,C,30.0,0.0,8.1,1.3,3.0,0.427,0.2,1.1,0.182,1.1,1.9,0.571,0.461,0.3,0.3,0.889,0.8,1.2,2.0,0.4,0.5,0.6,0.4,1.0,3.0,,2020,0,2263374.0
434.0,Zylan Cheatham,24.0,NOP,PF,4.0,0.0,12.8,1.5,2.3,0.667,0.0,0.3,0.0,1.5,2.0,0.75,0.667,0.0,0.0,,0.8,1.5,2.3,0.8,0.3,0.3,1.0,2.5,3.0,,2020,0,97595.0
435.0,Udonis Haslem,39.0,MIA,C,4.0,1.0,11.0,1.0,2.8,0.364,0.3,0.8,0.333,0.8,2.0,0.375,0.409,0.8,1.0,0.75,0.3,3.8,4.0,0.3,0.0,0.0,0.3,1.5,3.0,,2020,0,3145825.0
436.0,B.J. Johnson,24.0,ORL,SF,10.0,0.0,8.3,0.9,3.2,0.281,0.3,0.9,0.333,0.6,2.3,0.261,0.328,0.9,1.0,0.9,0.3,1.2,1.5,0.3,0.3,0.0,0.6,0.3,3.0,,2020,0,
437.0,T.J. Leaf,22.0,IND,PF,28.0,1.0,7.9,1.3,3.1,0.419,0.2,0.6,0.278,1.1,2.4,0.456,0.448,0.3,0.6,0.438,0.8,1.7,2.5,0.3,0.4,0.1,0.3,0.8,3.0,,2020,0,
438.0,Admiral Schofield,22.0,WAS,PF,33.0,2.0,11.2,1.1,2.8,0.38,0.6,1.8,0.311,0.5,0.9,0.516,0.484,0.3,0.5,0.667,0.2,1.2,1.4,0.5,0.2,0.1,0.2,1.5,3.0,,2020,0,1226560.0
440.0,Johnathan Williams,24.0,WAS,PF,15.0,6.0,12.0,1.3,2.3,0.559,0.0,0.1,0.0,1.3,2.1,0.594,0.559,0.5,0.9,0.538,1.6,2.7,4.3,0.5,0.1,0.5,0.3,1.1,3.0,,2020,0,197776.0
441.0,Jaylen Hoard,20.0,POR,PF,13.0,0.0,7.9,1.2,2.5,0.469,0.0,0.2,0.0,1.2,2.2,0.517,0.469,0.6,1.0,0.615,1.1,1.4,2.5,0.3,0.4,0.0,0.3,0.9,2.9,,2020,0,97595.0
442.0,Adam Mokoka,21.0,CHI,SF,11.0,0.0,10.2,1.1,2.5,0.429,0.5,1.4,0.4,0.5,1.2,0.462,0.536,0.2,0.4,0.5,0.6,0.3,0.9,0.4,0.4,0.0,0.2,1.5,2.9,,2020,0,97595.0
443.0,Andre Roberson,28.0,OKC,SF,7.0,0.0,12.4,1.1,4.1,0.276,0.4,2.0,0.214,0.7,2.1,0.333,0.328,0.1,0.3,0.5,1.0,2.9,3.9,0.6,0.1,0.4,0.3,1.9,2.9,,2020,0,13174172.0
444.0,Tyrone Wallace,25.0,ATL,SG,14.0,0.0,11.4,1.0,3.1,0.318,0.1,1.1,0.067,0.9,2.1,0.448,0.33,0.8,1.2,0.647,0.2,1.4,1.6,0.9,0.5,0.1,0.7,1.4,2.9,,2020,0,
446.0,Thanasis Antetokounmpo,27.0,MIL,SF,20.0,2.0,6.5,1.2,2.4,0.5,0.0,0.5,0.0,1.2,1.9,0.632,0.5,0.4,0.9,0.412,0.6,0.6,1.2,0.8,0.4,0.1,0.6,0.9,2.8,,2020,0,1773235.0
447.0,John Konchar,23.0,MEM,SG,19.0,0.0,9.5,1.3,1.9,0.649,0.3,0.5,0.5,1.0,1.4,0.704,0.716,0.1,0.1,0.5,0.9,1.5,2.5,1.2,0.4,0.2,0.4,0.4,2.8,,2020,0,97595.0
448.0,Naz Mitrou-Long,26.0,IND,SG,5.0,0.0,9.4,1.2,3.4,0.353,0.4,2.4,0.167,0.8,1.0,0.8,0.412,0.0,0.0,,0.0,1.4,1.4,1.6,0.2,0.2,0.6,0.4,2.8,,2020,0,
449.0,Joakim Noah,34.0,LAC,C,5.0,0.0,10.0,0.8,1.6,0.5,0.0,0.0,,0.8,1.6,0.5,0.5,1.2,1.6,0.75,1.0,2.2,3.2,1.4,0.2,0.2,1.2,1.8,2.8,,2020,0,467761.0
450.0,Chandler Parsons,31.0,ATL,PF,5.0,0.0,10.8,1.0,3.6,0.278,0.8,2.8,0.286,0.2,0.8,0.25,0.389,0.0,0.0,,0.2,1.2,1.4,0.6,0.8,0.2,0.6,0.6,2.8,,2020,0,30789760.0
451.0,Marial Shayok,24.0,PHI,SG,4.0,0.0,7.0,0.8,3.0,0.25,0.5,1.5,0.333,0.3,1.5,0.167,0.333,0.8,1.0,0.75,0.3,1.5,1.8,0.3,0.0,0.3,0.8,1.0,2.8,,2020,0,97595.0
452.0,J.R. Smith,34.0,LAL,SG,6.0,0.0,13.2,1.2,3.7,0.318,0.2,1.8,0.091,1.0,1.8,0.545,0.341,0.3,0.3,1.0,0.0,0.8,0.8,0.5,0.2,0.0,0.7,0.8,2.8,,2020,0,
453.0,Jarrod Uthoff,26.0,2TM,PF,7.0,0.0,7.6,1.0,2.6,0.389,0.4,1.3,0.333,0.6,1.3,0.444,0.472,0.3,0.3,1.0,0.3,0.6,0.9,0.0,0.1,0.0,0.0,0.3,2.7,,2020,0,
454.0,Jarrell Brantley,23.0,UTA,PF,9.0,0.0,10.7,1.1,3.1,0.357,0.3,1.4,0.231,0.8,1.7,0.467,0.411,0.1,0.2,0.5,0.2,2.0,2.2,1.2,0.3,0.6,0.8,0.8,2.7,,2020,0,97595.0
455.0,Deonte Burton,26.0,OKC,SF,39.0,0.0,9.1,1.1,3.2,0.344,0.3,1.4,0.189,0.8,1.8,0.458,0.384,0.2,0.4,0.571,0.2,1.3,1.5,0.4,0.2,0.3,0.5,0.9,2.7,,2020,0,1737855.0
456.0,Ryan Anderson,31.0,HOU,C,2.0,0.0,7.0,1.0,3.5,0.286,0.5,2.5,0.2,0.5,1.0,0.5,0.357,0.0,0.0,,0.0,3.5,3.5,1.0,0.5,0.0,0.5,0.5,2.5,,2020,0,
457.0,Justin James,23.0,SAC,SF,36.0,0.0,6.4,1.0,2.3,0.417,0.3,0.8,0.31,0.7,1.5,0.473,0.47,0.3,0.6,0.476,0.2,0.7,0.9,0.5,0.2,0.3,0.2,0.5,2.5,,2020,0,1101831.0
459.0,Max Strus,23.0,CHI,SF,2.0,0.0,3.0,1.0,1.5,0.667,0.0,0.5,0.0,1.0,1.0,1.0,0.667,0.5,0.5,1.0,0.5,0.0,0.5,0.0,0.0,0.0,0.0,0.5,2.5,,2020,0,97595.0
460.0,Michael Kidd-Gilchrist,26.0,2TM,PF,25.0,0.0,11.2,0.9,2.6,0.333,0.2,0.8,0.25,0.7,1.8,0.37,0.371,0.4,0.6,0.786,0.6,2.1,2.7,0.6,0.1,0.2,0.6,1.5,2.4,,2020,0,729953.0
461.0,Caleb Swanigan,22.0,2TM,PF,27.0,1.0,10.7,1.0,1.7,0.596,0.0,0.1,0.0,1.0,1.7,0.622,0.596,0.3,0.6,0.529,1.0,2.7,3.7,1.1,0.1,0.3,1.4,2.3,2.4,,2020,0,2493794.0
462.0,Stanley Johnson,23.0,TOR,PF,25.0,0.0,6.0,0.9,2.4,0.373,0.3,1.0,0.292,0.6,1.4,0.429,0.432,0.4,0.6,0.563,0.3,1.2,1.5,0.8,0.2,0.2,0.6,0.6,2.4,,2020,0,4443830.0
464.0,Norvel Pelle,26.0,PHI,C,24.0,0.0,9.7,1.0,2.0,0.521,0.0,0.0,0.0,1.0,2.0,0.532,0.521,0.3,0.6,0.5,0.8,2.2,3.0,0.3,0.1,1.3,0.8,2.3,2.4,,2020,0,429528.0
465.0,Gabe Vincent,23.0,MIA,PG,9.0,0.0,9.2,0.9,4.1,0.216,0.7,3.0,0.222,0.2,1.1,0.2,0.297,0.0,0.0,,0.0,0.6,0.6,0.7,0.6,0.0,0.1,0.7,2.4,,2020,0,97595.0
466.0,Dewan Hernandez,23.0,TOR,C,6.0,0.0,4.7,0.8,2.3,0.357,0.2,0.3,0.5,0.7,2.0,0.333,0.393,0.5,0.8,0.6,0.8,1.5,2.3,0.5,0.2,0.0,0.5,1.0,2.3,,2020,0,1101831.0
467.0,Shamorie Ponds,21.0,TOR,PG,4.0,0.0,2.8,0.8,1.3,0.6,0.3,0.5,0.5,0.5,0.8,0.667,0.7,0.5,0.5,1.0,0.0,0.3,0.3,0.5,0.0,0.3,0.0,0.5,2.3,,2020,0,
468.0,Johnathan Motley,24.0,LAC,PF,13.0,0.0,3.2,0.8,1.2,0.733,0.1,0.1,1.0,0.8,1.1,0.714,0.767,0.4,0.5,0.714,0.2,0.5,0.8,0.6,0.2,0.0,0.4,0.5,2.2,,2020,0,97595.0
469.0,Thabo Sefolosha,35.0,HOU,PF,41.0,0.0,10.6,0.9,2.2,0.407,0.4,1.3,0.278,0.5,0.9,0.595,0.489,0.1,0.2,0.375,0.5,1.8,2.3,0.6,0.6,0.3,0.4,1.0,2.2,,2020,0,3145825.0
470.0,Wenyen Gabriel,22.0,2TM,PF,30.0,1.0,7.8,0.7,1.6,0.438,0.2,0.7,0.3,0.5,0.9,0.536,0.5,0.5,0.7,0.682,0.7,1.0,1.7,0.3,0.4,0.2,0.5,1.3,2.1,,2020,0,1773235.0
471.0,Melvin Frazier,23.0,ORL,SG,19.0,0.0,6.6,0.8,1.8,0.441,0.4,0.8,0.5,0.4,0.9,0.389,0.559,0.1,0.2,0.5,0.1,0.4,0.5,0.2,0.5,0.1,0.3,0.6,2.1,,2020,0,1737855.0
472.0,Michael Frazier,25.0,HOU,SG,13.0,0.0,11.2,0.5,2.2,0.241,0.3,1.8,0.174,0.2,0.5,0.5,0.31,0.7,1.1,0.643,0.1,0.7,0.8,0.2,0.2,0.0,0.4,1.7,2.1,,2020,0,97595.0
473.0,Khyri Thomas,23.0,DET,SG,8.0,0.0,7.6,0.6,2.1,0.294,0.6,1.8,0.357,0.0,0.4,0.0,0.441,0.3,0.5,0.5,0.1,0.0,0.1,0.4,0.4,0.0,0.4,1.1,2.1,,2020,0,1737855.0
474.0,Zach Norvell,22.0,2TM,SG,5.0,0.0,8.2,0.6,2.4,0.25,0.6,1.6,0.375,0.0,0.8,0.0,0.375,0.2,0.2,1.0,0.0,1.2,1.2,0.6,0.4,0.0,0.6,0.8,2.0,,2020,0,
475.0,Derrick Walton,24.0,2TM,PG,26.0,1.0,9.5,0.7,1.5,0.462,0.4,0.9,0.417,0.3,0.6,0.533,0.59,0.3,0.3,0.778,0.1,0.5,0.6,1.0,0.3,0.0,0.2,0.8,2.0,,2020,0,100183.0
477.0,Alize Johnson,23.0,IND,PF,17.0,1.0,6.9,0.7,1.7,0.414,0.2,0.5,0.375,0.5,1.2,0.429,0.466,0.4,0.6,0.7,0.9,1.9,2.8,0.4,0.2,0.1,0.4,0.7,2.0,,2020,0,1737855.0
478.0,Louis King,20.0,DET,SF,10.0,0.0,6.2,0.8,2.1,0.381,0.4,1.1,0.364,0.4,1.0,0.4,0.476,0.0,0.3,0.0,0.1,0.9,1.0,0.5,0.2,0.0,0.2,1.0,2.0,,2020,0,97595.0
479.0,Jalen Lecque,19.0,PHO,SG,5.0,0.0,6.4,0.8,2.0,0.4,0.0,0.8,0.0,0.8,1.2,0.667,0.4,0.4,0.4,1.0,0.0,0.4,0.4,0.4,0.0,0.0,0.4,0.6,2.0,,2020,0,1101831.0
480.0,Malik Newman,22.0,CLE,SG,1.0,0.0,4.0,0.0,2.0,0.0,0.0,1.0,0.0,0.0,1.0,0.0,0.0,2.0,2.0,1.0,0.0,0.0,0.0,0.0,0.0,0.0,1.0,0.0,2.0,,2020,0,80926.0
481.0,Josh Reaves,22.0,DAL,SF,4.0,0.0,7.0,0.8,2.3,0.333,0.0,0.5,0.0,0.8,1.8,0.429,0.333,0.5,0.5,1.0,0.3,0.5,0.8,0.8,0.0,0.0,0.0,1.3,2.0,,2020,0,97595.0
483.0,Ignas Brazdeikis,21.0,NYK,SF,9.0,0.0,5.9,0.7,2.4,0.273,0.1,1.0,0.111,0.6,1.4,0.385,0.295,0.4,0.6,0.8,0.2,0.3,0.6,0.4,0.0,0.1,0.2,0.3,1.9,,2020,0,1101831.0
484.0,Oshae Brissett,21.0,TOR,SF,19.0,0.0,7.1,0.7,1.9,0.361,0.2,0.8,0.2,0.5,1.1,0.476,0.403,0.4,0.5,0.8,0.5,0.9,1.4,0.4,0.2,0.1,0.4,0.9,1.9,,2020,0,158923.0
485.0,Vic Law,24.0,ORL,PF,8.0,0.0,7.8,0.8,2.3,0.333,0.1,0.9,0.143,0.6,1.4,0.455,0.361,0.3,0.8,0.333,0.3,1.1,1.4,0.4,0.3,0.0,0.3,0.8,1.9,,2020,0,97595.0
486.0,Vincent Poirier,26.0,BOS,C,22.0,0.0,5.9,0.8,1.6,0.472,0.0,0.1,0.5,0.7,1.5,0.471,0.486,0.3,0.3,0.857,0.6,1.4,2.0,0.4,0.1,0.4,0.4,1.1,1.9,,2020,0,3073507.0
487.0,Tyler Cook,22.0,2TM,PF,13.0,0.0,4.2,0.6,0.9,0.667,0.0,0.0,,0.6,0.9,0.667,0.667,0.5,0.6,0.875,0.5,0.6,1.1,0.1,0.2,0.0,0.2,0.4,1.8,,2020,0,97595.0
488.0,Ed Davis,30.0,UTA,C,28.0,1.0,10.8,0.8,1.6,0.478,0.0,0.0,,0.8,1.6,0.478,0.478,0.3,0.5,0.5,1.3,2.5,3.8,0.4,0.4,0.3,0.5,2.2,1.8,,2020,0,5847016.0
489.0,Devon Hall,24.0,OKC,PG,11.0,0.0,7.4,0.5,2.7,0.2,0.4,1.5,0.235,0.2,1.2,0.154,0.267,0.4,0.7,0.5,0.2,0.5,0.6,1.2,0.4,0.1,0.5,0.5,1.8,,2020,0,
490.0,Justin Patton,22.0,OKC,C,5.0,0.0,4.8,0.8,2.0,0.4,0.2,0.8,0.25,0.6,1.2,0.5,0.45,0.0,0.0,,0.2,0.8,1.0,0.4,0.0,0.0,0.4,0.8,1.8,,2020,0,592569.0
491.0,Kevin Hervey,23.0,OKC,PF,10.0,0.0,5.2,0.7,2.7,0.259,0.3,2.0,0.15,0.4,0.7,0.571,0.315,0.0,0.0,,0.1,1.1,1.2,0.5,0.1,0.1,0.0,0.4,1.7,,2020,0,97595.0
492.0,Luc Mbah a Moute,33.0,HOU,PF,3.0,0.0,8.3,0.7,1.7,0.4,0.0,0.7,0.0,0.7,1.0,0.667,0.4,0.3,0.7,0.5,0.3,0.3,0.7,0.0,0.7,0.0,0.3,0.0,1.7,,2020,0,
494.0,Chasson Randle,26.0,GSW,PG,3.0,0.0,13.3,0.0,1.3,0.0,0.0,0.7,0.0,0.0,0.7,0.0,0.0,1.7,2.0,0.833,0.0,0.7,0.7,1.7,0.7,0.0,0.0,1.0,1.7,,2020,0,112300.0
495.0,Dean Wade,23.0,CLE,PF,12.0,0.0,5.9,0.8,1.1,0.692,0.2,0.3,0.5,0.6,0.8,0.778,0.769,0.0,0.1,0.0,0.3,1.3,1.6,0.2,0.2,0.3,0.3,0.7,1.7,,2020,0,459960.0
496.0,Jared Dudley,34.0,LAL,PF,45.0,1.0,8.1,0.5,1.3,0.4,0.4,0.9,0.429,0.1,0.4,0.333,0.55,0.0,0.0,1.0,0.1,1.0,1.2,0.6,0.3,0.1,0.2,0.9,1.5,,2020,0,3145825.0
497.0,Josh Magette,30.0,ORL,PG,8.0,0.0,4.8,0.6,1.9,0.333,0.1,0.5,0.25,0.5,1.4,0.364,0.367,0.1,0.3,0.5,0.1,0.6,0.8,0.6,0.4,0.1,0.6,0.5,1.5,,2020,0,
498.0,Jonah Bolden,24.0,2TM,C,7.0,0.0,6.7,0.6,1.6,0.364,0.0,0.6,0.0,0.6,1.0,0.571,0.364,0.3,0.6,0.5,0.4,0.9,1.3,0.0,0.4,0.3,0.3,1.4,1.4,,2020,0,110201.0
499.0,Kostas Antetokounmpo,22.0,LAL,PF,5.0,0.0,4.0,0.6,0.6,1.0,0.0,0.0,,0.6,0.6,1.0,1.0,0.2,0.4,0.5,0.4,0.2,0.6,0.4,0.0,0.0,0.2,0.4,1.4,,2020,0,97595.0
500.0,KZ Okpala,20.0,MIA,PF,5.0,0.0,5.2,0.6,1.0,0.6,0.0,0.2,0.0,0.6,0.8,0.75,0.6,0.2,0.4,0.5,0.2,0.8,1.0,0.2,0.4,0.2,0.2,0.4,1.4,,2020,0,1101831.0
501.0,Justin Robinson,22.0,WAS,PG,9.0,0.0,5.4,0.6,1.3,0.417,0.3,0.6,0.6,0.2,0.8,0.286,0.542,0.0,0.0,,0.1,0.4,0.6,0.8,0.0,0.1,0.3,0.2,1.4,,2020,0,
502.0,Nigel Williams-Goss,25.0,UTA,PG,10.0,0.0,5.0,0.5,1.6,0.313,0.2,0.7,0.286,0.3,0.9,0.333,0.375,0.2,0.2,1.0,0.2,0.4,0.6,0.6,0.3,0.1,0.3,0.6,1.4,,2020,0,1839841.0
503.0,Tyson Chandler,37.0,HOU,C,26.0,5.0,8.4,0.5,0.7,0.778,0.0,0.0,,0.5,0.7,0.778,0.778,0.2,0.5,0.462,1.0,1.6,2.5,0.2,0.2,0.3,0.3,1.2,1.3,,2020,0,3145825.0
504.0,Kyle Guy,22.0,SAC,SG,3.0,0.0,3.3,0.7,1.7,0.4,0.0,1.0,0.0,0.7,0.7,1.0,0.4,0.0,0.0,,0.0,0.3,0.3,0.3,0.0,0.0,0.0,0.3,1.3,,2020,0,97595.0
505.0,Malcolm Miller,26.0,TOR,SF,28.0,1.0,5.8,0.4,1.0,0.414,0.3,0.8,0.364,0.1,0.3,0.571,0.552,0.1,0.3,0.375,0.1,0.5,0.6,0.4,0.2,0.1,0.1,0.6,1.3,,2020,0,1948062.0
506.0,Tariq Owens,24.0,PHO,PF,3.0,0.0,5.0,0.3,1.7,0.2,0.0,0.7,0.0,0.3,1.0,0.333,0.2,0.7,0.7,1.0,0.7,0.3,1.0,0.0,0.3,0.0,0.0,0.3,1.3,,2020,0,97595.0
507.0,Jordan Bone,22.0,DET,PG,10.0,0.0,5.3,0.5,2.0,0.25,0.2,1.0,0.2,0.3,1.0,0.3,0.3,0.0,0.0,,0.0,0.4,0.4,0.8,0.1,0.0,0.2,0.6,1.2,,2020,0,97595.0
509.0,Vlatko Cancar,22.0,DEN,PF,14.0,0.0,3.2,0.4,1.1,0.4,0.1,0.4,0.167,0.4,0.6,0.556,0.433,0.3,0.3,1.0,0.4,0.4,0.7,0.2,0.1,0.1,0.2,0.5,1.2,,2020,0,1101831.0
510.0,Zhaire Smith,20.0,PHI,SF,7.0,0.0,4.6,0.4,1.6,0.273,0.0,0.4,0.0,0.4,1.1,0.375,0.273,0.3,0.6,0.5,0.0,0.3,0.3,0.3,0.4,0.0,0.3,0.6,1.1,,2020,0,3751804.0
511.0,Jarred Vanderbilt,20.0,2TM,PF,11.0,0.0,4.2,0.5,0.7,0.625,0.0,0.1,0.0,0.5,0.6,0.714,0.625,0.2,0.2,1.0,0.3,0.5,0.8,0.2,0.3,0.1,0.6,0.5,1.1,,2020,0,1737855.0
512.0,Quinndary Weatherspoon,23.0,SAS,SG,11.0,0.0,7.1,0.5,1.5,0.294,0.1,0.5,0.2,0.4,1.1,0.333,0.324,0.1,0.2,0.5,0.1,0.5,0.6,1.0,0.3,0.1,0.5,0.7,1.1,,2020,0,97595.0
513.0,Kyle Alexander,23.0,MIA,C,2.0,0.0,6.5,0.5,1.0,0.5,0.0,0.0,,0.5,1.0,0.5,0.5,0.0,0.0,,1.0,0.5,1.5,0.0,0.0,0.0,0.5,0.5,1.0,,2020,0,97595.0
514.0,Brian Bowen,21.0,IND,SF,6.0,1.0,5.2,0.5,1.7,0.3,0.0,0.3,0.0,0.5,1.3,0.375,0.3,0.0,0.0,,0.2,1.0,1.2,0.0,0.0,0.2,0.2,0.5,1.0,,2020,0,97595.0
515.0,Corey Brewer,33.0,SAC,PF,5.0,0.0,6.6,0.4,0.8,0.5,0.0,0.2,0.0,0.4,0.6,0.667,0.5,0.2,0.6,0.333,0.4,1.2,1.6,0.4,0.8,0.0,0.4,1.4,1.0,,2020,0,224601.0
516.0,Antonius Cleveland,25.0,DAL,SG,11.0,0.0,4.2,0.4,1.3,0.286,0.0,0.3,0.0,0.4,1.0,0.364,0.286,0.3,0.5,0.6,0.2,0.5,0.6,0.1,0.1,0.3,0.2,0.7,1.0,,2020,0,97595.0
517.0,Josh Gray,26.0,NOP,PG,2.0,0.0,11.5,0.5,1.0,0.5,0.0,0.0,,0.5,1.0,0.5,0.5,0.0,0.0,,0.5,0.5,1.0,1.0,0.0,0.0,2.5,0.5,1.0,,2020,0,97595.0
518.0,Tyler Zeller,30.0,SAS,C,2.0,0.0,2.0,0.5,2.0,0.25,0.0,0.0,,0.5,2.0,0.25,0.25,0.0,0.0,,1.5,0.5,2.0,0.0,0.0,0.0,0.0,0.0,1.0,,2020,0,301348.0
519.0,Amile Jefferson,26.0,ORL,PF,18.0,0.0,4.1,0.3,0.8,0.357,0.0,0.0,,0.3,0.8,0.357,0.357,0.3,0.8,0.357,0.6,0.7,1.3,0.2,0.1,0.2,0.2,0.4,0.8,,2020,0,
520.0,Daryl Macon,24.0,MIA,PG,4.0,0.0,3.5,0.3,0.8,0.333,0.3,0.5,0.5,0.0,0.3,0.0,0.5,0.0,0.0,,0.0,0.0,0.0,0.3,0.0,0.0,0.5,0.3,0.8,,2020,0,
521.0,Jared Harper,22.0,PHO,PG,3.0,0.0,2.7,0.3,1.3,0.25,0.0,0.7,0.0,0.3,0.7,0.5,0.25,0.0,0.0,,0.0,0.0,0.0,0.0,0.0,0.0,0.0,0.0,0.7,,2020,0,97595.0
522.0,Joe Chealey,24.0,CHO,PG,4.0,0.0,8.3,0.0,1.8,0.0,0.0,1.0,0.0,0.0,0.8,0.0,0.0,0.5,0.5,1.0,0.0,0.0,0.0,0.3,1.0,0.0,0.5,0.5,0.5,,2020,0,200366.0
523.0,Matt Mooney,23.0,CLE,SG,4.0,0.0,4.8,0.3,1.0,0.25,0.0,0.5,0.0,0.3,0.5,0.5,0.25,0.0,0.0,,0.0,0.8,0.8,0.3,0.5,0.3,0.0,0.3,0.5,,2020,0,97595.0
524.0,Henry Ellenson,23.0,BRK,C,5.0,0.0,3.0,0.2,1.4,0.143,0.0,0.8,0.0,0.2,0.6,0.333,0.143,0.0,0.0,,0.4,0.8,1.2,0.2,0.0,0.0,0.0,0.2,0.4,,2020,0,
526.0,William Howard,26.0,HOU,PF,2.0,0.0,6.5,0.0,2.0,0.0,0.0,2.0,0.0,0.0,0.0,,0.0,0.0,0.0,,0.0,1.0,1.0,0.5,0.0,0.0,0.5,0.5,0.0,,2020,0,97595.0
527.0,Stanton Kidd,27.0,UTA,SG,4.0,0.0,3.8,0.0,0.8,0.0,0.0,0.3,0.0,0.0,0.5,0.0,0.0,0.0,0.0,,0.0,0.8,0.8,0.3,0.0,0.0,0.5,0.8,0.0,,2020,0,
528.0,J.P. Macura,24.0,CLE,SG,1.0,0.0,1.0,0.0,0.0,,0.0,0.0,,0.0,0.0,,,0.0,0.0,,0.0,0.0,0.0,0.0,0.0,0.0,0.0,0.0,0.0,,2020,0,
529.0,Isaiah Roby,21.0,OKC,PF,3.0,0.0,3.7,0.0,0.3,0.0,0.0,0.0,,0.0,0.3,0.0,0.0,0.0,0.0,,0.0,0.7,0.7,0.0,0.0,0.0,0.3,0.3,0.0,,2020,0,1839841.0
26.0,Nikola Vucevic,30.0,CHI,C,26.0,26.0,32.6,8.8,18.8,0.471,2.3,5.8,0.388,6.6,12.9,0.509,0.532,1.5,1.8,0.87,2.3,9.3,11.5,3.9,0.9,0.8,1.7,2.2,21.5,,2021,1,31685977.0
28.0,CJ McCollum,29.0,POR,SG,47.0,47.0,34.0,8.6,18.8,0.458,3.6,8.9,0.402,5.0,9.9,0.509,0.554,2.3,2.8,0.812,0.6,3.3,3.9,4.7,0.9,0.4,1.4,1.9,23.1,,2021,1,35773654.0
29.0,Jerami Grant,26.0,DET,SF,54.0,54.0,33.9,7.4,17.3,0.429,2.1,6.1,0.35,5.3,11.2,0.473,0.491,5.4,6.4,0.845,0.6,4.0,4.6,2.8,0.6,1.1,2.0,2.3,22.3,,2021,1,23216072.0
31.0,Anthony Davis,27.0,LAL,PF,36.0,36.0,32.3,8.4,17.0,0.491,0.7,2.8,0.26,7.6,14.3,0.536,0.512,4.4,5.9,0.738,1.7,6.2,7.9,3.1,1.3,1.6,2.1,1.7,21.8,AS,2021,1,39902395.0
32.0,DeMar DeRozan,31.0,SAS,PF,61.0,61.0,33.7,7.5,15.1,0.495,0.3,1.2,0.257,7.1,13.9,0.515,0.505,6.3,7.2,0.88,0.7,3.6,4.2,6.9,0.9,0.2,2.0,2.1,21.6,,2021,1,33806470.0
35.0,Malcolm Brogdon,28.0,IND,PG,56.0,56.0,34.5,7.9,17.5,0.453,2.6,6.7,0.388,5.3,10.8,0.493,0.527,2.7,3.2,0.864,1.0,4.2,5.3,5.9,0.9,0.3,2.1,2.0,21.2,,2021,1,25226913.0
36.0,Jamal Murray,23.0,DEN,PG,48.0,48.0,35.5,7.9,16.5,0.477,2.7,6.6,0.408,5.2,9.9,0.523,0.559,2.8,3.2,0.869,0.8,3.3,4.0,4.8,1.3,0.3,2.3,2.0,21.2,,2021,1,33251996.0
37.0,Christian Wood,25.0,HOU,C,41.0,41.0,32.3,8.0,15.6,0.514,1.9,5.0,0.374,6.1,10.6,0.581,0.574,3.0,4.8,0.631,1.9,7.8,9.6,1.7,0.8,1.2,2.0,2.1,21.0,,2021,1,15862334.0
38.0,John Wall,30.0,HOU,PG,40.0,40.0,32.2,7.3,18.2,0.404,2.0,6.2,0.317,5.4,11.9,0.449,0.458,4.0,5.3,0.749,0.4,2.8,3.2,6.9,1.1,0.8,3.5,1.2,20.6,,2021,1,50277018.0
42.0,Caris LeVert,26.0,2TM,SG,47.0,39.0,31.6,7.6,17.3,0.441,1.8,5.5,0.326,5.9,11.8,0.495,0.493,3.1,3.8,0.811,0.7,3.9,4.6,5.2,1.4,0.6,2.2,2.2,20.2,,2021,1,19747315.0
44.0,Victor Oladipo,28.0,3TM,SG,33.0,33.0,32.7,7.1,17.5,0.408,2.4,7.2,0.326,4.8,10.2,0.466,0.476,3.2,4.2,0.754,0.4,4.5,4.8,4.6,1.4,0.4,2.5,2.5,19.8,,2021,0,25592520.0
44.0,Victor Oladipo,28.0,IND,SG,9.0,9.0,33.3,7.1,16.9,0.421,2.8,7.7,0.362,4.3,9.2,0.47,0.503,3.0,4.1,0.73,0.1,5.6,5.7,4.2,1.7,0.2,2.0,2.6,20.0,,2021,1,25592520.0
44.0,Victor Oladipo,28.0,HOU,SG,20.0,20.0,33.5,7.8,19.1,0.407,2.5,7.7,0.32,5.3,11.4,0.465,0.471,3.3,4.2,0.783,0.4,4.4,4.8,5.0,1.2,0.5,2.6,2.3,21.2,,2021,1,25592520.0
44.0,Victor Oladipo,28.0,MIA,SG,4.0,4.0,27.8,4.0,10.8,0.372,1.0,4.3,0.235,3.0,6.5,0.462,0.419,3.0,4.5,0.667,0.8,2.8,3.5,3.5,1.8,0.5,3.5,3.3,12.0,,2021,0,25592520.0
47.0,Fred VanVleet,26.0,TOR,SG,52.0,52.0,36.5,6.5,16.7,0.389,3.3,9.2,0.366,3.2,7.6,0.416,0.489,3.3,3.7,0.885,0.6,3.6,4.2,6.3,1.7,0.7,1.8,2.3,19.6,,2021,0,25897193.0
48.0,Tobias Harris,28.0,PHI,PF,62.0,62.0,32.5,7.6,14.9,0.512,1.3,3.4,0.394,6.3,11.5,0.546,0.556,2.9,3.3,0.892,1.0,5.8,6.8,3.5,0.9,0.8,1.7,1.9,19.5,,2021,0,41872836.0
49.0,Anthony Edwards,19.0,MIN,SG,72.0,55.0,32.1,7.0,16.8,0.417,2.4,7.2,0.329,4.6,9.6,0.483,0.488,2.9,3.8,0.776,0.8,3.8,4.7,2.9,1.1,0.5,2.2,1.8,19.3,ROY-2,2021,0,11891308.0
50.0,Kemba Walker,30.0,BOS,PG,43.0,43.0,31.8,6.6,15.7,0.42,3.0,8.2,0.36,3.7,7.5,0.486,0.514,3.1,3.5,0.899,0.4,3.6,4.0,4.9,1.1,0.3,2.0,1.4,19.3,,2021,0,41897515.0
51.0,Ja Morant,21.0,MEM,PG,63.0,63.0,32.6,6.8,15.2,0.449,1.2,3.8,0.303,5.7,11.4,0.499,0.487,4.3,5.9,0.728,0.9,3.1,4.0,7.4,0.9,0.2,3.2,1.4,19.1,,2021,0,11171500.0
52.0,Michael Porter Jr.,22.0,DEN,SF,61.0,54.0,31.3,7.3,13.4,0.542,2.8,6.3,0.445,4.5,7.1,0.628,0.646,1.7,2.2,0.791,1.5,5.8,7.3,1.1,0.7,0.9,1.3,2.1,19.0,,2021,0,
54.0,Bam Adebayo,23.0,MIA,C,64.0,64.0,33.5,7.1,12.5,0.57,0.0,0.1,0.25,7.1,12.4,0.573,0.571,4.4,5.5,0.799,2.2,6.7,9.0,5.4,1.2,1.0,2.6,2.3,18.7,"DPOY-4,DEF2",2021,0,6234206.0
55.0,Norman Powell,27.0,2TM,SF,69.0,58.0,32.0,6.3,13.3,0.477,2.5,6.0,0.411,3.9,7.3,0.532,0.57,3.4,3.9,0.871,0.6,2.5,3.1,1.9,1.2,0.3,1.7,2.3,18.6,,2021,0,13242242.0
59.0,Jrue Holiday,30.0,MIL,PG,59.0,56.0,32.3,7.0,13.9,0.503,1.9,4.8,0.392,5.1,9.2,0.561,0.57,1.8,2.3,0.787,1.2,3.3,4.5,6.1,1.6,0.6,2.2,1.7,17.7,"DPOY-8,DEF1",2021,0,32936368.0
61.0,John Collins,23.0,ATL,PF,63.0,63.0,29.3,6.8,12.2,0.556,1.3,3.3,0.399,5.5,8.9,0.615,0.61,2.7,3.2,0.833,1.9,5.5,7.4,1.2,0.5,1.0,1.3,3.1,17.6,,2021,0,5042094.0
62.0,Darius Garland,21.0,CLE,PG,54.0,50.0,33.1,6.7,14.9,0.451,1.9,4.9,0.395,4.8,9.9,0.479,0.517,2.1,2.4,0.848,0.4,2.0,2.4,6.1,1.2,0.1,3.0,2.0,17.4,,2021,0,8190484.0
63.0,Dillon Brooks,25.0,MEM,SF,67.0,67.0,29.8,6.4,15.4,0.419,1.9,5.6,0.344,4.5,9.8,0.461,0.481,2.4,2.9,0.815,0.8,2.1,2.9,2.3,1.2,0.4,1.8,3.5,17.2,,2021,0,13893082.0
65.0,Evan Fournier,28.0,2TM,SF,42.0,36.0,30.0,5.9,12.9,0.457,2.8,6.7,0.413,3.1,6.1,0.504,0.565,2.6,3.3,0.788,0.2,2.8,3.0,3.4,1.1,0.5,1.7,2.3,17.1,,2021,0,20900558.0
68.0,Tim Hardaway Jr.,28.0,DAL,SG,70.0,31.0,28.4,5.8,13.0,0.447,3.0,7.6,0.391,2.9,5.5,0.524,0.56,2.0,2.5,0.816,0.3,3.0,3.3,1.8,0.4,0.2,0.9,1.6,16.6,6MOY-5,2021,0,
72.0,Chris Paul,35.0,PHO,PG,70.0,70.0,31.4,6.3,12.6,0.499,1.5,3.7,0.395,4.8,8.9,0.543,0.557,2.4,2.6,0.934,0.4,4.1,4.5,8.9,1.4,0.3,2.2,2.4,16.4,"MVP-5,AS,NBA2",2021,0,50403633.0
73.0,Khyri Thomas,24.0,HOU,SG,5.0,2.0,30.6,6.4,13.2,0.485,1.8,5.4,0.333,4.6,7.8,0.59,0.553,1.8,1.8,1.0,1.4,2.2,3.6,5.0,1.8,1.2,1.2,1.6,16.4,,2021,0,1293376.0
75.0,Harrison Barnes,28.0,SAC,PF,58.0,58.0,36.2,5.5,11.1,0.497,1.7,4.4,0.391,3.8,6.7,0.567,0.575,3.4,4.1,0.83,1.1,5.5,6.6,3.5,0.7,0.2,1.6,1.3,16.1,,2021,0,27074338.0
76.0,Elijah Bryant,25.0,MIL,SG,1.0,0.0,32.0,6.0,13.0,0.462,1.0,5.0,0.2,5.0,8.0,0.625,0.5,3.0,3.0,1.0,2.0,4.0,6.0,3.0,0.0,1.0,4.0,4.0,16.0,,2021,0,29993.0
78.0,LaMelo Ball,19.0,CHO,PG,51.0,31.0,28.8,5.7,13.2,0.436,1.8,5.1,0.352,3.9,8.1,0.489,0.504,2.5,3.2,0.758,1.2,4.7,5.9,6.1,1.6,0.4,2.8,2.7,15.7,ROY-1,2021,0,9554492.0
79.0,Dejounte Murray,24.0,SAS,PG,67.0,67.0,31.9,6.6,14.5,0.453,0.9,3.0,0.317,5.6,11.6,0.488,0.485,1.6,2.0,0.791,0.9,6.2,7.1,5.4,1.5,0.1,1.7,2.0,15.7,,2021,0,17410226.0
82.0,Kelly Oubre Jr.,25.0,GSW,SF,55.0,50.0,30.7,5.8,13.2,0.439,1.6,5.2,0.316,4.1,8.0,0.519,0.501,2.2,3.2,0.695,1.5,4.5,6.0,1.3,1.0,0.8,1.3,2.2,15.4,,2021,0,
85.0,Gary Trent Jr.,22.0,2TM,SG,58.0,38.0,31.1,5.5,13.5,0.408,2.8,7.4,0.385,2.7,6.1,0.435,0.513,1.4,1.8,0.783,0.5,2.2,2.6,1.4,1.0,0.2,0.7,1.6,15.3,,2021,0,
86.0,Clint Capela,26.0,ATL,C,63.0,63.0,30.1,6.6,11.0,0.594,0.0,0.0,,6.6,11.0,0.594,0.594,2.1,3.6,0.573,4.7,9.6,14.3,0.8,0.7,2.0,1.2,2.3,15.2,DPOY-6,2021,0,21936446.0
87.0,Tyler Herro,21.0,MIA,SG,54.0,15.0,30.3,5.7,12.9,0.439,2.0,5.5,0.36,3.7,7.4,0.498,0.516,1.7,2.2,0.803,0.5,4.5,5.0,3.4,0.6,0.3,1.9,1.3,15.1,,2021,0,4658131.0
88.0,Coby White,20.0,CHI,PG,69.0,54.0,31.2,5.4,13.1,0.416,2.4,6.6,0.359,3.1,6.5,0.473,0.506,1.9,2.1,0.901,0.4,3.7,4.1,4.8,0.6,0.2,2.3,2.6,15.1,,2021,0,6791377.0
90.0,Andre Drummond,27.0,2TM,C,46.0,46.0,27.0,6.1,12.4,0.493,0.0,0.2,0.0,6.1,12.3,0.5,0.493,2.7,4.5,0.6,3.6,8.4,12.0,2.0,1.4,1.1,2.7,3.2,14.9,,2021,0,35039540.0
92.0,Derrick Rose,32.0,2TM,PG,50.0,3.0,25.6,5.7,12.2,0.47,1.0,2.6,0.388,4.7,9.6,0.492,0.511,2.2,2.5,0.866,0.4,2.2,2.6,4.2,1.0,0.4,1.6,1.1,14.7,"MVP-9,6MOY-3",2021,0,9363116.0
93.0,Lonzo Ball,23.0,NOP,PG,55.0,55.0,31.8,5.3,12.7,0.414,3.1,8.3,0.378,2.1,4.5,0.482,0.537,0.9,1.2,0.781,0.6,4.2,4.8,5.7,1.5,0.6,2.2,1.9,14.6,,2021,0,13410215.0
95.0,Deandre Ayton,22.0,PHO,C,69.0,69.0,30.7,6.2,10.0,0.626,0.1,0.3,0.2,6.2,9.7,0.639,0.629,1.9,2.5,0.769,3.3,7.2,10.5,1.4,0.6,1.2,1.5,2.8,14.4,,2021,0,12209094.0
96.0,Jaren Jackson Jr.,21.0,MEM,C,11.0,4.0,23.5,4.8,11.4,0.424,1.5,5.5,0.283,3.3,5.9,0.554,0.492,3.2,3.8,0.833,1.5,4.1,5.6,1.1,1.1,1.6,1.4,3.8,14.4,,2021,0,
98.0,Rudy Gobert,28.0,UTA,C,71.0,71.0,30.8,5.5,8.2,0.675,0.0,0.1,0.0,5.5,8.1,0.68,0.675,3.3,5.3,0.623,3.4,10.1,13.5,1.3,0.6,2.7,1.7,2.3,14.3,"MVP-10,DPOY-1,AS,NBA3,DEF1",2021,0,33544824.0
101.0,Al Horford,34.0,OKC,C,28.0,28.0,27.9,5.8,12.9,0.45,2.0,5.4,0.368,3.8,7.4,0.51,0.528,0.6,0.8,0.818,1.0,5.7,6.7,3.4,0.9,0.9,1.0,1.7,14.2,,2021,0,33514014.0
103.0,Joe Harris,29.0,BRK,SF,69.0,65.0,31.0,5.2,10.2,0.505,3.1,6.4,0.475,2.1,3.8,0.555,0.654,0.7,0.9,0.778,0.6,3.0,3.6,1.9,0.7,0.2,0.9,2.0,14.1,,2021,0,19586113.0
104.0,Luguentz Dort,21.0,OKC,SG,52.0,52.0,29.7,4.8,12.3,0.387,2.2,6.3,0.343,2.6,6.0,0.432,0.475,2.3,3.2,0.744,0.7,2.9,3.6,1.7,0.9,0.4,1.5,2.6,14.0,,2021,0,1849950.0
107.0,Chris Boucher,28.0,TOR,C,60.0,14.0,24.2,4.8,9.3,0.514,1.5,3.9,0.383,3.3,5.4,0.609,0.595,2.5,3.2,0.788,2.0,4.8,6.7,1.1,0.6,1.9,0.8,2.8,13.6,6MOY-8,2021,0,7921494.0
108.0,Lauri Markkanen,23.0,CHI,PF,51.0,26.0,25.8,4.9,10.2,0.48,2.3,5.8,0.402,2.6,4.4,0.582,0.594,1.5,1.8,0.826,0.7,4.6,5.3,0.9,0.5,0.3,1.0,1.5,13.6,,2021,0,8203631.0
110.0,Kelly Olynyk,29.0,2TM,PF,70.0,62.0,28.5,4.8,10.0,0.484,1.8,5.3,0.342,3.0,4.7,0.641,0.574,2.1,2.5,0.829,1.2,5.7,7.0,2.9,1.1,0.6,1.8,3.0,13.5,,2021,0,15623197.0
111.0,LaMarcus Aldridge,35.0,2TM,C,26.0,23.0,25.9,5.4,11.4,0.473,1.2,3.1,0.388,4.2,8.3,0.505,0.525,1.6,1.8,0.872,0.7,3.8,4.5,1.9,0.4,1.1,1.0,1.8,13.5,,2021,0,21483506.0
114.0,Carmelo Anthony,36.0,POR,PF,69.0,3.0,24.5,4.7,11.3,0.421,1.9,4.7,0.409,2.8,6.6,0.429,0.506,2.0,2.2,0.89,0.5,2.6,3.1,1.5,0.7,0.6,0.9,2.1,13.4,6MOY-7,2021,0,3125642.0
118.0,Danilo Gallinari,32.0,ATL,PF,51.0,4.0,24.0,4.0,9.3,0.434,2.0,5.0,0.406,2.0,4.3,0.466,0.542,3.2,3.4,0.925,0.3,3.8,4.1,1.5,0.6,0.2,0.8,2.1,13.3,,2021,0,23764483.0
119.0,Duncan Robinson,26.0,MIA,SF,72.0,72.0,31.4,4.4,10.0,0.439,3.5,8.5,0.408,0.9,1.4,0.625,0.614,0.9,1.0,0.827,0.1,3.4,3.5,1.8,0.6,0.3,1.1,2.5,13.1,,2021,0,2027733.0
123.0,Cole Anthony,20.0,ORL,PG,47.0,34.0,27.1,4.7,11.7,0.397,1.2,3.7,0.337,3.4,8.1,0.424,0.449,2.3,2.8,0.832,0.8,3.9,4.7,4.1,0.6,0.4,2.3,2.1,12.9,,2021,0,4003547.0
124.0,Markelle Fultz,22.0,ORL,PG,8.0,8.0,26.9,5.1,13.0,0.394,0.5,2.0,0.25,4.6,11.0,0.42,0.413,2.1,2.4,0.895,0.6,2.5,3.1,5.4,1.0,0.3,2.3,2.3,12.9,,2021,0,14976129.0
127.0,Jarrett Allen,22.0,2TM,C,63.0,45.0,29.6,4.7,7.7,0.618,0.1,0.3,0.316,4.6,7.3,0.631,0.624,3.2,4.6,0.703,3.1,6.9,10.0,1.7,0.5,1.4,1.6,1.5,12.8,,2021,0,4764964.0
128.0,Keldon Johnson,21.0,SAS,SF,69.0,67.0,28.5,4.9,10.2,0.479,0.9,2.6,0.331,4.0,7.6,0.531,0.522,2.1,2.8,0.74,1.3,4.6,6.0,1.8,0.6,0.3,1.1,2.1,12.8,,2021,0,2495928.0
130.0,Miles Bridges,22.0,CHO,PF,66.0,19.0,29.3,4.7,9.4,0.503,1.8,4.4,0.4,3.0,5.0,0.593,0.596,1.5,1.7,0.867,1.2,4.8,6.0,2.2,0.7,0.8,1.6,2.2,12.7,6MOY-12,2021,0,4794722.0
132.0,Jalen Brunson,24.0,DAL,PG,68.0,12.0,25.0,4.8,9.2,0.523,1.2,2.9,0.405,3.6,6.3,0.578,0.588,1.8,2.2,0.795,0.4,3.0,3.4,3.5,0.5,0.0,1.2,1.6,12.6,6MOY-4,2021,0,2027733.0
133.0,Myles Turner,24.0,IND,C,47.0,47.0,31.0,4.4,9.2,0.477,1.5,4.4,0.335,2.9,4.8,0.606,0.557,2.4,3.0,0.782,1.3,5.2,6.5,1.0,0.9,3.4,1.4,3.5,12.6,DPOY-9,2021,0,21936446.0
135.0,Aaron Gordon,25.0,2TM,PF,50.0,50.0,27.7,4.6,10.0,0.463,1.2,3.5,0.335,3.4,6.5,0.533,0.522,1.9,3.0,0.651,1.5,4.1,5.7,3.2,0.7,0.7,1.9,1.8,12.4,,2021,0,22102631.0
137.0,Brook Lopez,32.0,MIL,C,70.0,70.0,27.2,4.6,9.1,0.503,1.4,4.0,0.338,3.2,5.1,0.632,0.577,1.7,2.0,0.845,1.5,3.5,5.0,0.7,0.6,1.5,0.9,2.1,12.3,,2021,0,15474547.0
139.0,Eric Bledsoe,31.0,NOP,SG,71.0,70.0,29.7,4.3,10.3,0.421,1.7,5.0,0.341,2.6,5.3,0.496,0.503,1.9,2.7,0.687,0.4,3.0,3.4,3.8,0.8,0.3,1.6,1.6,12.2,,2021,0,20565418.0
141.0,Joe Ingles,33.0,UTA,SF,67.0,30.0,27.9,4.1,8.4,0.489,2.7,6.1,0.451,1.4,2.3,0.59,0.652,1.1,1.3,0.844,0.4,3.2,3.6,4.7,0.7,0.2,1.7,1.8,12.1,6MOY-2,2021,0,12630075.0
144.0,Jordan Poole,21.0,GSW,SG,51.0,7.0,19.4,4.0,9.3,0.432,1.9,5.4,0.351,2.1,3.9,0.545,0.535,2.1,2.3,0.882,0.3,1.5,1.8,1.9,0.5,0.2,1.0,1.7,12.0,,2021,0,2514501.0
146.0,Malik Monk,22.0,CHO,SG,42.0,0.0,20.9,4.1,9.5,0.434,2.0,5.0,0.401,2.1,4.5,0.471,0.54,1.4,1.7,0.819,0.3,2.1,2.4,2.1,0.5,0.1,1.3,1.1,11.7,,2021,0,6514743.0
147.0,Hamidou Diallo,22.0,2TM,SF,52.0,9.0,23.6,4.3,9.0,0.477,0.5,1.6,0.341,3.8,7.5,0.505,0.506,2.5,3.8,0.64,1.1,4.1,5.2,1.9,0.8,0.5,1.5,2.6,11.6,,2021,0,2027733.0
151.0,Rudy Gay,34.0,SAS,PF,63.0,1.0,21.6,4.2,10.0,0.42,1.7,4.4,0.381,2.5,5.6,0.451,0.505,1.3,1.6,0.804,0.7,4.1,4.8,1.4,0.7,0.6,1.0,1.8,11.4,,2021,0,17671026.0
152.0,Bobby Portis,25.0,MIL,C,66.0,7.0,20.8,4.7,9.1,0.523,1.1,2.4,0.471,3.6,6.7,0.542,0.585,0.8,1.1,0.74,1.9,5.2,7.1,1.1,0.8,0.4,0.8,1.7,11.4,6MOY-9,2021,0,4415319.0
154.0,Lou Williams,34.0,2TM,PG,66.0,4.0,21.6,4.0,9.8,0.41,1.0,2.6,0.399,3.0,7.2,0.414,0.464,2.3,2.6,0.867,0.3,1.8,2.1,3.4,0.7,0.1,1.6,0.9,11.3,,2021,0,
155.0,Jae'Sean Tate,25.0,HOU,SF,70.0,58.0,29.2,4.5,8.9,0.506,0.9,2.8,0.308,3.7,6.1,0.595,0.554,1.5,2.1,0.694,1.9,3.5,5.3,2.5,1.2,0.5,1.4,3.2,11.3,,2021,0,1761858.0
156.0,Wendell Carter Jr.,21.0,2TM,C,54.0,44.0,25.5,4.3,8.5,0.503,0.3,0.9,0.294,4.0,7.5,0.53,0.52,2.4,3.3,0.732,2.4,5.8,8.2,1.9,0.6,0.8,1.4,2.7,11.2,,2021,0,
158.0,Enes Freedom,28.0,POR,C,72.0,35.0,24.4,4.7,7.8,0.604,0.0,0.1,0.25,4.7,7.7,0.607,0.605,1.8,2.3,0.774,3.9,7.1,11.0,1.2,0.5,0.7,1.1,2.3,11.2,6MOY-10,2021,0,
160.0,Naz Reid,21.0,MIN,C,70.0,15.0,19.2,4.3,8.3,0.523,0.9,2.5,0.351,3.5,5.8,0.597,0.576,1.6,2.4,0.693,1.2,3.4,4.6,1.0,0.5,1.1,1.0,2.6,11.2,,2021,0,1849950.0
161.0,Lonnie Walker IV,22.0,SAS,SG,60.0,38.0,25.4,4.3,10.2,0.42,1.7,4.7,0.355,2.6,5.5,0.477,0.502,1.0,1.2,0.814,0.2,2.4,2.6,1.7,0.5,0.3,1.1,1.7,11.2,,2021,0,
163.0,Blake Griffin,31.0,2TM,PF,46.0,30.0,25.8,3.8,8.9,0.423,1.5,4.5,0.341,2.3,4.5,0.505,0.509,1.9,2.5,0.744,0.8,4.1,4.9,3.0,0.7,0.3,1.3,2.4,11.0,,2021,0,41313933.0
166.0,Dwayne Bacon,25.0,ORL,SG,72.0,50.0,25.7,4.1,10.1,0.402,0.8,2.9,0.285,3.2,7.2,0.449,0.443,2.0,2.4,0.824,0.4,2.7,3.1,1.3,0.6,0.1,0.6,1.4,10.9,,2021,0,2046005.0
167.0,Oshae Brissett,22.0,IND,SF,21.0,16.0,24.7,3.5,7.2,0.483,1.6,3.7,0.423,1.9,3.5,0.548,0.593,2.4,3.1,0.769,1.4,4.1,5.5,0.9,0.9,1.0,0.5,1.5,10.9,,2021,0,1530058.0
168.0,Reggie Bullock,29.0,NYK,SF,65.0,64.0,30.0,3.8,8.6,0.442,2.5,6.1,0.41,1.3,2.5,0.521,0.587,0.8,0.8,0.909,0.2,3.2,3.4,1.5,0.8,0.2,0.7,2.2,10.9,,2021,0,5118504.0
170.0,Cameron Oliver,24.0,HOU,SF,4.0,0.0,21.8,4.8,8.3,0.576,1.0,3.3,0.308,3.8,5.0,0.75,0.636,0.3,1.0,0.25,1.3,4.0,5.3,1.3,0.5,1.0,0.8,2.8,10.8,,2021,0,52489.0
172.0,Ty Jerome,23.0,OKC,SG,33.0,1.0,23.9,3.9,8.7,0.446,2.2,5.1,0.423,1.7,3.6,0.479,0.57,0.8,1.0,0.765,0.3,2.5,2.8,3.6,0.6,0.2,1.4,1.8,10.7,,2021,0,2806695.0
173.0,Grayson Allen,25.0,MEM,SG,50.0,38.0,25.2,3.5,8.3,0.418,2.1,5.5,0.391,1.3,2.8,0.471,0.547,1.6,1.8,0.868,0.4,2.8,3.2,2.2,0.9,0.2,1.0,1.4,10.6,,2021,0,3101959.0
176.0,Cedi Osman,25.0,CLE,SF,59.0,26.0,25.6,3.7,9.9,0.374,1.7,5.5,0.306,2.0,4.4,0.458,0.458,1.3,1.6,0.8,0.6,2.8,3.4,2.9,0.9,0.2,1.4,2.0,10.4,,2021,0,10773939.0
178.0,Brandon Clarke,24.0,MEM,PF,59.0,16.0,24.0,4.3,8.4,0.517,0.3,1.3,0.26,4.0,7.1,0.565,0.537,1.3,1.9,0.69,1.6,3.9,5.6,1.6,1.0,0.9,0.6,1.4,10.3,,2021,0,3172156.0
179.0,Delon Wright,28.0,2TM,PG,63.0,39.0,27.7,3.8,8.2,0.463,1.0,2.7,0.372,2.8,5.5,0.509,0.525,1.6,2.0,0.802,1.0,3.2,4.3,4.4,1.6,0.5,1.3,1.2,10.2,,2021,0,10968223.0
186.0,Gary Harris,26.0,2TM,SG,39.0,38.0,27.7,3.5,8.8,0.4,1.2,3.6,0.34,2.3,5.2,0.441,0.47,1.6,2.0,0.821,0.5,1.5,2.0,2.0,0.7,0.3,0.9,1.8,9.9,,2021,0,23899409.0
188.0,Frank Jackson,22.0,DET,PG,40.0,6.0,18.5,3.4,7.3,0.457,1.5,3.8,0.407,1.8,3.6,0.51,0.561,1.5,1.9,0.813,0.4,1.8,2.2,0.9,0.4,0.0,0.9,1.3,9.8,,2021,0,852004.0
189.0,Otto Porter Jr.,27.0,2TM,SF,28.0,6.0,21.6,3.5,8.1,0.432,1.4,3.7,0.375,2.1,4.4,0.48,0.518,1.3,1.5,0.857,1.0,4.4,5.4,2.0,0.6,0.1,0.9,1.5,9.7,,2021,0,
190.0,Kentavious Caldwell-Pope,27.0,LAL,SG,67.0,67.0,28.4,3.3,7.6,0.431,1.8,4.4,0.41,1.5,3.2,0.46,0.549,1.4,1.7,0.866,0.4,2.3,2.7,1.9,0.9,0.4,1.0,1.7,9.7,DPOY-11,2021,0,14713286.0
192.0,Daniel Theis,28.0,2TM,C,65.0,51.0,24.6,3.9,7.2,0.541,0.8,2.3,0.322,3.1,4.8,0.646,0.593,1.1,1.7,0.673,1.4,4.0,5.5,1.7,0.6,0.9,1.0,2.6,9.6,,2021,0,6093457.0
193.0,Wayne Ellington,33.0,DET,SG,46.0,31.0,22.0,3.2,7.3,0.441,2.5,6.0,0.422,0.7,1.4,0.524,0.612,0.6,0.8,0.8,0.3,1.6,1.8,1.5,0.4,0.2,0.7,1.3,9.6,,2021,0,4344333.0
195.0,Isaac Okoro,20.0,CLE,SG,67.0,67.0,32.4,3.5,8.3,0.42,0.9,3.2,0.29,2.6,5.1,0.501,0.476,1.7,2.3,0.726,1.0,2.1,3.1,1.9,0.9,0.4,1.3,2.8,9.6,,2021,0,7800746.0
196.0,Taurean Prince,26.0,2TM,PF,41.0,10.0,22.1,3.2,8.0,0.401,1.5,3.8,0.4,1.7,4.2,0.401,0.495,1.6,1.9,0.855,0.5,3.0,3.5,1.9,0.7,0.6,1.1,1.8,9.5,,2021,0,14928970.0
198.0,Eric Paschall,24.0,GSW,PF,40.0,2.0,17.4,3.7,7.5,0.497,0.5,1.4,0.333,3.3,6.1,0.533,0.527,1.7,2.4,0.713,0.7,2.5,3.2,1.3,0.3,0.2,1.1,1.7,9.5,,2021,0,1849950.0
200.0,Cody Zeller,28.0,CHO,C,48.0,21.0,20.9,3.8,6.8,0.559,0.1,0.6,0.143,3.7,6.2,0.598,0.565,1.8,2.5,0.714,2.5,4.4,6.8,1.8,0.6,0.4,1.1,2.5,9.4,,2021,0,18787018.0
203.0,Landry Shamet,23.0,BRK,SG,61.0,12.0,23.0,3.0,7.5,0.408,2.1,5.5,0.387,0.9,2.0,0.463,0.549,1.1,1.3,0.846,0.2,1.7,1.8,1.6,0.5,0.2,0.8,1.5,9.3,,2021,0,2547113.0
204.0,Desmond Bane,22.0,MEM,SG,68.0,17.0,22.3,3.4,7.3,0.469,1.7,4.0,0.432,1.7,3.4,0.513,0.586,0.6,0.7,0.816,0.5,2.6,3.1,1.7,0.6,0.2,0.9,1.8,9.2,,2021,0,2359922.0
206.0,David Nwaba,28.0,HOU,SF,30.0,9.0,22.6,3.5,7.3,0.486,0.6,2.1,0.27,3.0,5.2,0.574,0.525,1.6,2.3,0.691,1.3,2.6,3.9,1.0,1.0,0.7,0.6,2.0,9.2,,2021,0,2222896.0
207.0,Patrick Williams,19.0,CHI,PF,71.0,71.0,27.9,3.6,7.4,0.483,0.8,1.9,0.391,2.8,5.5,0.515,0.534,1.3,1.8,0.728,0.9,3.7,4.6,1.4,0.9,0.6,1.4,1.8,9.2,,2021,0,8614149.0
208.0,Furkan Korkmaz,23.0,PHI,SG,55.0,11.0,19.3,3.1,7.7,0.401,1.8,4.9,0.375,1.3,2.8,0.445,0.52,1.1,1.5,0.732,0.3,1.7,2.1,1.5,0.9,0.2,0.8,1.2,9.1,,2021,0,2148304.0
209.0,De'Anthony Melton,22.0,MEM,PG,52.0,1.0,20.1,3.3,7.6,0.438,1.7,4.1,0.412,1.6,3.5,0.467,0.548,0.8,1.0,0.804,0.6,2.5,3.1,2.5,1.2,0.6,1.3,1.6,9.1,,2021,0,11664963.0
210.0,Talen Horton-Tucker,20.0,LAL,SG,65.0,4.0,20.1,3.4,7.5,0.458,0.6,2.0,0.282,2.9,5.5,0.522,0.496,1.5,2.0,0.775,0.4,2.2,2.6,2.8,1.0,0.3,1.6,2.0,9.0,,2021,0,1849950.0
211.0,Robin Lopez,32.0,WAS,C,71.0,9.0,19.1,3.8,6.0,0.633,0.1,0.3,0.278,3.7,5.7,0.649,0.639,1.4,1.9,0.723,2.0,1.8,3.8,0.8,0.2,0.6,1.1,1.5,9.0,,2021,0,8896447.0
214.0,Ivica Zubac,23.0,LAC,C,72.0,33.0,22.3,3.6,5.5,0.652,0.0,0.1,0.25,3.6,5.4,0.656,0.654,1.9,2.4,0.789,2.6,4.6,7.2,1.3,0.3,0.9,1.1,2.6,9.0,,2021,0,8530840.0
215.0,DeMarcus Cousins,30.0,2TM,C,41.0,11.0,17.4,3.2,7.4,0.426,1.1,3.3,0.348,2.0,4.1,0.488,0.503,1.4,2.0,0.728,1.3,5.1,6.4,1.9,0.8,0.6,1.6,2.6,8.9,,2021,0,3719241.0
217.0,Michael Carter-Williams,29.0,ORL,SG,31.0,25.0,25.8,3.4,8.7,0.389,0.5,2.0,0.246,2.9,6.7,0.431,0.417,1.6,2.6,0.613,1.3,3.2,4.5,4.2,0.8,0.5,2.2,2.6,8.8,,2021,0,4021681.0
218.0,Danuel House Jr.,27.0,HOU,SF,36.0,23.0,25.9,3.1,7.6,0.404,1.5,4.3,0.346,1.6,3.2,0.483,0.504,1.1,1.8,0.651,0.5,3.2,3.7,1.9,0.6,0.4,1.0,1.9,8.8,,2021,0,
219.0,Jay Scrubb,20.0,LAC,SG,4.0,1.0,21.0,3.5,9.0,0.389,0.5,2.3,0.222,3.0,6.8,0.444,0.417,1.3,1.3,1.0,0.5,3.0,3.5,0.3,1.0,0.0,1.8,1.3,8.8,,2021,0,547332.0
220.0,George Hill,34.0,2TM,PG,30.0,17.0,22.4,3.2,6.6,0.482,1.0,2.7,0.388,2.1,3.9,0.547,0.561,1.3,1.7,0.8,0.5,1.5,2.0,2.4,0.8,0.2,1.0,1.0,8.7,,2021,0,11687984.0
221.0,Terence Davis,23.0,2TM,SG,61.0,4.0,17.6,3.2,7.5,0.428,1.6,4.4,0.367,1.6,3.1,0.513,0.535,0.7,0.9,0.818,0.3,2.2,2.5,1.4,0.7,0.2,1.0,1.6,8.7,,2021,0,1849950.0
222.0,Raul Neto,28.0,WAS,PG,64.0,22.0,21.9,3.3,7.0,0.468,1.0,2.6,0.39,2.3,4.4,0.512,0.539,1.2,1.3,0.882,0.4,2.0,2.4,2.3,1.1,0.1,0.8,1.7,8.7,,2021,0,2294633.0
223.0,Isaiah Roby,22.0,OKC,PF,61.0,34.0,23.4,3.4,7.0,0.483,0.5,1.8,0.294,2.9,5.2,0.547,0.52,1.4,1.9,0.744,1.5,4.1,5.6,1.8,0.9,0.6,1.9,2.7,8.7,,2021,0,1849950.0
226.0,T.J. McConnell,28.0,IND,PG,69.0,3.0,26.0,4.0,7.1,0.559,0.2,0.7,0.313,3.8,6.4,0.586,0.574,0.5,0.7,0.688,0.8,2.9,3.7,6.6,1.9,0.3,2.0,1.6,8.6,6MOY-11,2021,0,
228.0,Ricky Rubio,30.0,MIN,PG,68.0,51.0,26.1,2.8,7.3,0.388,1.0,3.1,0.308,1.9,4.2,0.447,0.454,1.9,2.2,0.867,0.4,2.9,3.3,6.4,1.4,0.1,1.6,2.0,8.6,,2021,0,20717754.0
229.0,Svi Mykhailiuk,23.0,2TM,SF,66.0,14.0,20.1,3.2,7.7,0.411,1.6,4.8,0.334,1.6,2.9,0.536,0.515,0.6,0.8,0.76,0.4,2.1,2.5,1.7,0.8,0.2,1.3,1.0,8.5,,2021,0,
231.0,Gabriel Deck,25.0,OKC,PF,10.0,0.0,21.2,3.2,6.7,0.478,0.2,1.5,0.133,3.0,5.2,0.577,0.493,1.8,2.2,0.818,1.6,2.4,4.0,2.4,0.8,0.0,0.6,0.9,8.4,,2021,0,4716786.0
235.0,Mitchell Robinson,22.0,NYK,C,31.0,29.0,27.5,3.7,5.7,0.653,0.0,0.0,,3.7,5.7,0.653,0.653,0.8,1.7,0.491,3.6,4.5,8.1,0.5,1.1,1.5,0.8,2.8,8.3,,2021,0,2027733.0
236.0,Cory Joseph,29.0,2TM,PG,63.0,13.0,23.0,3.2,6.8,0.469,0.7,2.1,0.341,2.5,4.7,0.527,0.522,1.1,1.4,0.818,0.6,2.0,2.5,3.4,1.0,0.3,1.3,2.2,8.2,,2021,0,15355512.0
237.0,Sterling Brown,25.0,HOU,SG,51.0,14.0,24.1,2.9,6.6,0.448,1.8,4.2,0.423,1.2,2.4,0.492,0.584,0.5,0.6,0.806,0.7,3.6,4.4,1.4,0.7,0.2,0.8,1.9,8.2,,2021,0,2046005.0
240.0,JaMychal Green,30.0,DEN,PF,58.0,5.0,19.3,3.0,6.4,0.463,1.4,3.4,0.399,1.6,3.0,0.534,0.568,0.8,1.0,0.807,1.5,3.3,4.8,0.9,0.4,0.4,0.9,2.5,8.1,,2021,0,8774285.0
241.0,Hassan Whiteside,31.0,SAC,C,36.0,4.0,15.2,3.5,6.2,0.563,0.0,0.0,0.0,3.5,6.2,0.565,0.563,1.1,2.2,0.519,1.7,4.3,6.0,0.6,0.3,1.3,1.1,2.0,8.1,,2021,0,2827417.0
243.0,Tyrese Maxey,20.0,PHI,SG,61.0,8.0,15.3,3.2,7.0,0.462,0.5,1.7,0.301,2.7,5.3,0.512,0.498,1.0,1.1,0.871,0.2,1.5,1.7,2.0,0.4,0.2,0.7,1.3,8.0,,2021,0,3020941.0
244.0,Kenrich Williams,26.0,OKC,PF,66.0,13.0,21.6,3.3,6.2,0.533,0.8,1.8,0.444,2.5,4.5,0.568,0.596,0.5,1.0,0.571,1.3,2.9,4.1,2.3,0.8,0.3,1.2,2.2,8.0,,2021,0,2437382.0
245.0,Robert Williams,23.0,BOS,C,52.0,13.0,18.9,3.6,5.0,0.721,0.0,0.0,0.0,3.6,4.9,0.727,0.721,0.9,1.4,0.616,2.6,4.3,6.9,1.8,0.8,1.8,1.0,2.0,8.0,,2021,0,2473846.0
246.0,Austin Rivers,28.0,2TM,SG,36.0,7.0,23.5,2.9,6.8,0.424,1.5,4.1,0.369,1.4,2.7,0.51,0.537,0.6,0.9,0.71,0.2,2.1,2.3,2.3,0.8,0.1,1.0,1.8,7.9,,2021,0,4788298.0
247.0,Isaiah Stewart,19.0,DET,C,68.0,14.0,21.4,3.3,6.0,0.553,0.3,0.9,0.333,3.0,5.1,0.592,0.578,0.9,1.4,0.696,2.3,4.3,6.7,0.9,0.6,1.3,1.0,2.7,7.9,,2021,0,3803633.0
248.0,Willy Hernangomez,26.0,NOP,C,47.0,12.0,18.0,3.2,5.7,0.563,0.0,0.2,0.1,3.2,5.5,0.581,0.565,1.3,2.0,0.667,2.5,4.6,7.1,1.1,0.5,0.5,0.7,1.4,7.8,,2021,0,2117043.0
250.0,Anfernee Simons,21.0,POR,SG,64.0,0.0,17.3,2.6,6.3,0.419,1.9,4.4,0.426,0.8,1.9,0.403,0.569,0.7,0.9,0.807,0.2,2.0,2.2,1.4,0.3,0.1,0.7,1.5,7.8,,2021,0,2744541.0
251.0,D.J. Augustin,33.0,2TM,PG,57.0,12.0,19.8,2.4,6.0,0.394,1.5,3.8,0.382,0.9,2.2,0.413,0.515,1.5,1.6,0.904,0.4,1.3,1.6,3.3,0.5,0.0,1.1,1.0,7.7,,2021,0,
252.0,Ben McLemore,27.0,2TM,SG,53.0,5.0,17.1,2.5,6.9,0.37,1.8,5.3,0.346,0.7,1.6,0.447,0.503,0.7,1.0,0.736,0.3,1.6,1.9,0.7,0.4,0.2,0.8,1.7,7.7,,2021,0,3526442.0
253.0,PJ Dozier,24.0,DEN,SG,50.0,6.0,21.8,3.0,7.1,0.417,0.9,3.0,0.315,2.0,4.1,0.49,0.483,0.8,1.3,0.636,0.7,2.9,3.6,1.8,0.6,0.4,0.9,1.7,7.7,,2021,0,2148304.0
254.0,Mike James,30.0,BRK,PG,13.0,1.0,18.2,2.6,7.1,0.37,0.8,2.4,0.355,1.8,4.7,0.377,0.429,1.6,2.1,0.778,0.2,2.2,2.5,4.2,0.5,0.1,1.5,0.8,7.7,,2021,0,289619.0
255.0,Naji Marshall,23.0,NOP,SF,32.0,10.0,21.9,2.6,6.5,0.392,0.9,2.6,0.349,1.7,3.9,0.421,0.462,1.7,2.3,0.707,0.5,4.2,4.6,2.8,0.8,0.3,1.2,1.8,7.7,,2021,0,656132.0
256.0,Payton Pritchard,23.0,BOS,SG,66.0,4.0,19.2,2.8,6.3,0.44,1.5,3.8,0.411,1.2,2.6,0.482,0.562,0.6,0.7,0.889,0.5,1.9,2.4,1.8,0.6,0.1,0.8,1.6,7.7,,2021,0,2481012.0
257.0,Tomas Satoransky,29.0,CHI,SG,58.0,18.0,22.5,2.9,5.7,0.514,0.7,2.0,0.356,2.2,3.6,0.602,0.578,1.2,1.4,0.848,0.5,1.9,2.4,4.7,0.7,0.2,1.7,1.5,7.7,,2021,0,12186914.0
258.0,Isaiah Thomas,31.0,NOP,PG,3.0,0.0,16.0,3.0,9.0,0.333,1.0,4.0,0.25,2.0,5.0,0.4,0.389,0.7,0.7,1.0,0.3,1.0,1.3,1.7,0.3,0.0,2.0,1.0,7.7,,2021,0,194622.0
259.0,Steven Adams,27.0,NOP,C,58.0,58.0,27.7,3.3,5.3,0.614,0.0,0.1,0.0,3.3,5.3,0.62,0.614,1.0,2.3,0.444,3.7,5.2,8.9,1.9,0.9,0.7,1.3,1.9,7.6,,2021,0,36064364.0
260.0,Garrett Temple,34.0,CHI,SG,56.0,25.0,27.3,2.8,6.8,0.415,1.2,3.6,0.335,1.6,3.2,0.503,0.503,0.7,0.9,0.8,0.5,2.3,2.9,2.2,0.8,0.5,1.0,2.3,7.6,,2021,0,5809502.0
261.0,Tristan Thompson,29.0,BOS,C,54.0,43.0,23.8,3.1,6.0,0.518,0.0,0.1,0.0,3.1,6.0,0.523,0.518,1.3,2.2,0.592,3.1,5.0,8.1,1.2,0.4,0.6,1.1,2.2,7.6,,2021,0,11282645.0
263.0,Henry Ellenson,24.0,TOR,PF,2.0,0.0,19.0,2.5,7.0,0.357,1.0,4.5,0.222,1.5,2.5,0.6,0.429,1.5,2.0,0.75,1.5,4.5,6.0,2.5,0.0,0.0,0.0,3.5,7.5,,2021,0,205938.0
264.0,Malachi Flynn,22.0,TOR,PG,47.0,14.0,19.7,2.7,7.2,0.374,1.1,3.6,0.321,1.6,3.7,0.424,0.453,1.0,1.2,0.804,0.2,2.3,2.5,2.9,0.8,0.1,0.9,1.4,7.5,,2021,0,2377179.0
265.0,Jaxson Hayes,20.0,NOP,C,60.0,3.0,16.1,2.9,4.7,0.625,0.1,0.2,0.429,2.8,4.4,0.635,0.636,1.6,2.0,0.775,1.5,2.8,4.3,0.6,0.4,0.6,0.7,1.7,7.5,,2021,0,6221614.0
267.0,Edmond Sumner,25.0,IND,SG,53.0,24.0,16.2,2.8,5.3,0.525,0.7,1.7,0.398,2.1,3.7,0.582,0.587,1.3,1.6,0.819,0.3,1.4,1.8,0.9,0.6,0.2,1.0,1.7,7.5,,2021,0,2632373.0
268.0,JJ Redick,36.0,2TM,SG,44.0,0.0,16.4,2.4,6.1,0.397,1.5,4.0,0.371,0.9,2.0,0.449,0.521,1.1,1.2,0.942,0.1,1.4,1.5,1.2,0.3,0.1,0.8,1.1,7.4,,2021,0,15859684.0
269.0,Jalen Harris,22.0,TOR,SG,13.0,2.0,13.2,2.8,5.5,0.5,1.3,2.8,0.472,1.5,2.8,0.528,0.618,0.5,0.7,0.778,0.2,1.2,1.4,1.3,0.6,0.0,1.1,1.2,7.4,,2021,0,547332.0
271.0,JaVale McGee,33.0,2TM,C,46.0,2.0,14.7,3.1,6.1,0.511,0.1,0.5,0.208,3.0,5.6,0.539,0.52,1.0,1.5,0.657,1.7,3.5,5.2,0.8,0.4,1.2,1.3,2.6,7.3,,2021,0,5118504.0
272.0,Louis King,21.0,SAC,SF,6.0,1.0,14.2,2.8,5.7,0.5,0.7,1.8,0.364,2.2,3.8,0.565,0.559,1.0,1.0,1.0,0.8,2.2,3.0,1.5,1.2,0.5,0.7,1.5,7.3,,2021,0,59986.0
273.0,Khem Birch,28.0,2TM,C,67.0,22.0,22.8,2.8,5.7,0.497,0.2,0.8,0.25,2.6,4.9,0.537,0.514,1.4,1.9,0.705,2.6,3.2,5.8,1.3,0.7,0.7,0.7,1.7,7.2,,2021,0,3670087.0
274.0,James Johnson,33.0,2TM,PF,51.0,12.0,20.5,2.9,6.4,0.446,0.6,2.4,0.258,2.3,4.1,0.556,0.494,0.9,1.5,0.592,0.6,2.8,3.5,1.9,0.8,0.8,1.1,2.4,7.2,,2021,0,19556463.0
275.0,Justin Jackson,25.0,2TM,SF,34.0,3.0,17.0,2.6,6.5,0.403,1.1,3.4,0.308,1.6,3.1,0.51,0.484,0.9,1.1,0.838,0.5,1.8,2.3,1.5,0.4,0.1,0.9,0.9,7.2,,2021,0,6227070.0
279.0,Tony Bradley,23.0,2TM,C,42.0,8.0,16.3,3.1,4.7,0.665,0.0,0.1,0.0,3.1,4.6,0.675,0.665,0.9,1.3,0.691,2.0,3.7,5.7,0.9,0.4,0.7,0.8,1.5,7.1,,2021,0,4316678.0
281.0,Maxi Kleber,29.0,DAL,PF,50.0,40.0,26.8,2.3,5.5,0.422,1.7,4.2,0.41,0.6,1.3,0.46,0.58,0.7,0.7,0.919,0.9,4.3,5.2,1.4,0.5,0.7,0.6,2.1,7.1,,2021,0,10328410.0
282.0,Ignas Brazdeikis,22.0,3TM,SF,13.0,0.0,19.2,2.7,6.4,0.422,0.8,2.2,0.393,1.8,4.2,0.436,0.488,0.8,1.1,0.714,0.8,2.6,3.5,1.3,0.3,0.2,0.9,1.7,7.0,,2021,0,2055097.0
282.0,Ignas Brazdeikis,22.0,NYK,SF,4.0,0.0,1.8,0.0,0.3,0.0,0.0,0.0,,0.0,0.3,0.0,0.0,0.5,0.5,1.0,0.3,0.3,0.5,0.3,0.0,0.0,0.3,0.0,0.5,,2021,0,2055097.0
282.0,Ignas Brazdeikis,22.0,PHI,SF,1.0,0.0,8.0,0.0,3.0,0.0,0.0,1.0,0.0,0.0,2.0,0.0,0.0,0.0,0.0,,0.0,2.0,2.0,0.0,0.0,0.0,0.0,0.0,0.0,,2021,0,2055097.0
282.0,Ignas Brazdeikis,22.0,ORL,SF,8.0,0.0,29.3,4.4,9.9,0.443,1.4,3.4,0.407,3.0,6.5,0.462,0.513,1.0,1.5,0.667,1.3,3.9,5.1,2.0,0.5,0.4,1.4,2.8,11.1,,2021,0,2055097.0
283.0,Daniel Gafford,22.0,2TM,C,54.0,11.0,14.6,2.9,4.2,0.684,0.0,0.0,,2.9,4.2,0.684,0.684,1.3,2.0,0.667,1.7,2.5,4.3,0.5,0.5,1.4,0.8,1.8,7.0,,2021,0,1849950.0
284.0,Draymond Green,30.0,GSW,PF,63.0,63.0,31.5,2.7,6.0,0.447,0.5,2.0,0.27,2.2,4.0,0.535,0.492,1.1,1.4,0.795,0.9,6.3,7.1,8.9,1.7,0.8,3.0,3.1,7.0,"DPOY-3,DEF1",2021,0,27112175.0
285.0,Dwight Howard,35.0,PHI,C,69.0,6.0,17.3,2.6,4.4,0.587,0.1,0.3,0.25,2.5,4.1,0.611,0.596,1.8,3.0,0.576,2.8,5.7,8.4,0.9,0.4,0.9,1.6,2.9,7.0,,2021,0,3125642.0
288.0,R.J. Hampton,19.0,2TM,SG,51.0,1.0,17.4,2.7,6.1,0.435,0.5,1.7,0.31,2.1,4.4,0.482,0.478,1.1,1.6,0.671,0.6,2.9,3.5,1.7,0.4,0.2,1.0,1.2,6.9,,2021,0,
289.0,Moritz Wagner,23.0,3TM,C,45.0,24.0,16.0,2.3,5.1,0.454,0.7,2.0,0.341,1.6,3.1,0.529,0.522,1.6,1.9,0.816,0.6,2.6,3.2,1.1,0.6,0.4,1.0,2.4,6.9,,2021,0,2905256.0
289.0,Moritz Wagner,23.0,WAS,C,25.0,13.0,15.0,2.5,4.9,0.508,0.5,1.7,0.31,2.0,3.2,0.613,0.561,1.6,2.1,0.788,0.5,2.4,2.9,1.3,0.9,0.3,0.8,2.5,7.1,,2021,0,2905256.0
289.0,Moritz Wagner,23.0,BOS,C,9.0,1.0,6.8,0.4,1.6,0.286,0.2,0.7,0.333,0.2,0.9,0.25,0.357,0.1,0.2,0.5,0.3,1.8,2.1,0.7,0.0,0.1,1.0,1.1,1.2,,2021,0,2905256.0
289.0,Moritz Wagner,23.0,ORL,C,11.0,10.0,26.0,3.5,8.5,0.409,1.5,3.9,0.372,2.0,4.5,0.44,0.495,2.6,3.0,0.879,1.0,3.9,4.9,1.1,0.4,0.8,1.2,3.3,11.0,,2021,0,2905256.0
291.0,Gorgui Dieng,31.0,2TM,C,38.0,1.0,14.5,2.2,4.3,0.521,0.8,1.8,0.429,1.4,2.4,0.591,0.613,1.5,1.8,0.866,1.1,2.6,3.7,1.3,0.7,0.4,0.8,1.5,6.8,,2021,0,21433964.0
292.0,Pat Connaughton,28.0,MIL,SG,69.0,4.0,22.8,2.4,5.6,0.434,1.5,3.9,0.371,1.0,1.7,0.583,0.565,0.4,0.6,0.775,0.9,3.9,4.8,1.2,0.7,0.3,0.5,1.4,6.8,,2021,0,6018231.0
293.0,Killian Hayes,19.0,DET,PG,26.0,18.0,25.8,2.7,7.7,0.353,0.8,2.8,0.278,2.0,5.0,0.395,0.403,0.5,0.7,0.824,0.2,2.4,2.7,5.3,1.0,0.4,3.2,2.2,6.8,,2021,0,6467741.0
294.0,Derrick Jones Jr.,23.0,POR,SF,58.0,43.0,22.7,2.5,5.2,0.484,0.7,2.3,0.316,1.8,2.9,0.619,0.554,1.0,1.6,0.648,1.3,2.2,3.5,0.8,0.6,0.9,0.6,2.2,6.8,,2021,0,
295.0,Jaden McDaniels,20.0,MIN,PF,63.0,27.0,24.0,2.6,5.8,0.447,1.1,3.1,0.364,1.5,2.7,0.544,0.545,0.4,0.7,0.6,0.8,2.9,3.7,1.1,0.6,1.0,0.7,2.7,6.8,,2021,0,2394436.0
297.0,Dennis Smith Jr.,23.0,2TM,PG,23.0,9.0,18.3,2.5,6.3,0.4,0.8,2.5,0.328,1.7,3.8,0.448,0.466,0.8,1.1,0.731,0.5,1.9,2.4,3.3,1.0,0.6,1.1,1.6,6.7,,2021,0,
298.0,Jeff Teague,32.0,2TM,PG,55.0,7.0,17.3,2.2,5.2,0.433,0.7,1.5,0.439,1.6,3.7,0.431,0.496,1.6,1.9,0.848,0.3,1.3,1.6,2.4,0.6,0.2,1.2,1.0,6.7,,2021,0,4110433.0
300.0,Damyean Dotson,26.0,CLE,SG,46.0,7.0,19.7,2.6,6.4,0.406,1.0,3.5,0.289,1.6,2.9,0.545,0.485,0.5,0.8,0.667,0.1,1.9,2.0,2.0,0.3,0.1,0.9,0.9,6.7,,2021,0,2437382.0
302.0,Abdel Nader,27.0,PHO,SF,24.0,0.0,14.8,2.4,4.8,0.491,0.8,1.8,0.419,1.6,3.0,0.534,0.569,1.2,1.5,0.757,0.3,2.3,2.6,0.8,0.4,0.4,0.8,1.4,6.7,,2021,0,2136305.0
304.0,Alex Len,27.0,2TM,C,64.0,42.0,15.3,2.7,4.3,0.615,0.1,0.4,0.32,2.5,4.0,0.644,0.629,1.1,1.8,0.629,1.2,2.8,4.1,0.8,0.3,1.0,0.9,2.0,6.6,,2021,0,4838994.0
306.0,Nic Claxton,21.0,BRK,C,32.0,1.0,18.6,2.8,4.5,0.621,0.0,0.2,0.2,2.8,4.4,0.636,0.624,1.0,2.0,0.484,1.3,3.8,5.2,0.9,0.7,1.3,0.6,2.1,6.6,,2021,0,
309.0,Nemanja Bjelica,32.0,2TM,PF,37.0,3.0,16.1,2.4,5.3,0.454,0.7,2.3,0.318,1.7,3.0,0.559,0.523,1.0,1.4,0.725,0.8,2.6,3.4,1.9,0.4,0.1,0.9,1.8,6.5,,2021,0,8713643.0
310.0,Marquese Chriss,23.0,GSW,PF,2.0,0.0,13.5,2.5,7.0,0.357,0.5,2.5,0.2,2.0,4.5,0.444,0.393,1.0,2.0,0.5,1.5,5.0,6.5,1.0,0.0,1.0,1.0,1.5,6.5,,2021,0,2222896.0
311.0,Damion Lee,28.0,GSW,SG,57.0,1.0,18.9,2.2,4.8,0.467,1.4,3.4,0.397,0.9,1.4,0.638,0.608,0.7,0.8,0.909,0.4,2.8,3.2,1.3,0.7,0.1,0.5,1.6,6.5,,2021,0,2148304.0
312.0,Chasson Randle,27.0,ORL,PG,41.0,5.0,20.4,2.2,5.8,0.388,1.1,3.2,0.338,1.2,2.6,0.449,0.481,0.9,1.2,0.792,0.2,1.8,2.0,1.8,0.5,0.1,1.1,1.6,6.5,,2021,0,341144.0
314.0,Avery Bradley,30.0,2TM,SG,27.0,6.0,22.3,2.4,6.3,0.374,1.2,3.7,0.327,1.1,2.6,0.443,0.471,0.4,0.6,0.8,0.3,1.8,2.1,1.7,0.8,0.1,1.0,2.0,6.4,,2021,0,6867326.0
315.0,Alex Caruso,26.0,LAL,PG,58.0,6.0,21.0,2.3,5.3,0.436,0.9,2.4,0.401,1.3,2.9,0.464,0.526,0.8,1.3,0.645,0.5,2.4,2.9,2.8,1.1,0.3,1.3,1.9,6.4,,2021,0,3351401.0
316.0,Kira Lewis Jr.,19.0,NOP,PG,54.0,0.0,16.7,2.4,6.2,0.386,0.7,2.2,0.333,1.7,4.0,0.415,0.445,0.8,0.9,0.843,0.2,1.1,1.3,2.3,0.7,0.2,0.6,1.6,6.4,,2021,0,
317.0,Timothe Luwawu-Cabarrot,25.0,BRK,SF,58.0,7.0,18.1,2.2,6.1,0.365,1.3,4.1,0.314,0.9,2.0,0.47,0.471,0.6,0.7,0.814,0.5,1.7,2.2,1.2,0.6,0.1,0.7,1.7,6.4,,2021,0,
318.0,Deni Avdija,20.0,WAS,SF,54.0,32.0,23.3,2.4,5.8,0.417,1.0,3.1,0.315,1.4,2.7,0.535,0.502,0.5,0.8,0.644,0.4,4.4,4.9,1.2,0.6,0.3,0.6,2.6,6.3,,2021,0,5446527.0
319.0,Tyus Jones,24.0,MEM,PG,70.0,9.0,17.5,2.5,5.9,0.431,0.6,2.0,0.321,1.9,3.9,0.487,0.485,0.6,0.6,0.911,0.3,1.7,2.0,3.7,0.9,0.1,0.7,0.4,6.3,,2021,0,10745376.0
320.0,Frank Mason III,26.0,ORL,PG,4.0,1.0,19.8,2.3,6.0,0.375,0.5,1.3,0.4,1.8,4.8,0.368,0.417,1.3,1.8,0.714,0.8,2.3,3.0,3.0,0.0,0.0,1.3,1.8,6.3,,2021,0,
322.0,Aron Baynes,34.0,TOR,C,53.0,31.0,18.5,2.5,5.7,0.441,0.5,1.9,0.262,2.0,3.8,0.532,0.485,0.5,0.8,0.707,1.6,3.5,5.2,0.9,0.3,0.4,0.9,2.2,6.1,,2021,0,8530840.0
323.0,Facundo Campazzo,29.0,DEN,PG,65.0,19.0,21.9,1.8,4.8,0.381,1.2,3.3,0.352,0.7,1.5,0.444,0.502,1.2,1.4,0.879,0.3,1.7,2.1,3.6,1.2,0.2,1.1,2.0,6.1,6MOY-15,2021,0,3899812.0
324.0,Robert Franks,24.0,ORL,PF,7.0,0.0,14.4,1.9,4.0,0.464,0.7,2.1,0.333,1.1,1.9,0.615,0.554,1.7,1.9,0.923,0.9,1.1,2.0,0.7,0.4,0.4,0.3,1.1,6.1,,2021,0,
325.0,Jaylen Hoard,21.0,OKC,SF,19.0,0.0,16.8,2.3,4.6,0.5,0.0,0.6,0.0,2.3,4.1,0.571,0.5,1.5,2.2,0.683,1.1,2.3,3.4,1.3,0.7,0.3,0.9,1.0,6.1,,2021,0,157465.0
326.0,Max Strus,24.0,MIA,SF,39.0,0.0,13.0,2.2,4.8,0.455,1.3,3.8,0.338,0.9,1.0,0.897,0.588,0.4,0.6,0.667,0.1,0.9,1.1,0.6,0.3,0.1,0.2,1.1,6.1,,2021,0,788612.0
327.0,Dakota Mathias,25.0,PHI,SG,8.0,2.0,15.4,2.4,6.0,0.396,1.0,3.3,0.308,1.4,2.8,0.5,0.479,0.3,0.8,0.333,0.1,0.8,0.9,1.6,0.1,0.4,0.1,0.9,6.0,,2021,0,104968.0
328.0,Dean Wade,24.0,CLE,PF,63.0,19.0,19.2,2.1,4.9,0.431,1.2,3.4,0.366,0.9,1.6,0.571,0.556,0.5,0.6,0.769,0.6,2.8,3.4,1.2,0.6,0.3,0.5,1.2,6.0,,2021,0,1849950.0
329.0,Dwight Powell,29.0,DAL,C,58.0,19.0,16.7,2.1,3.3,0.619,0.1,0.4,0.238,2.0,3.0,0.665,0.631,1.7,2.1,0.782,1.4,2.7,4.0,1.1,0.6,0.5,0.7,2.3,5.9,,2021,0,13503253.0
332.0,Rodney McGruder,29.0,DET,SG,16.0,2.0,12.1,2.3,4.4,0.529,0.7,1.5,0.458,1.6,2.9,0.565,0.607,0.4,0.5,0.75,0.5,0.9,1.4,1.0,0.5,0.1,0.4,0.8,5.7,,2021,0,6327820.0
335.0,Yogi Ferrell,27.0,2TM,PG,10.0,0.0,13.6,2.0,5.7,0.351,0.9,2.8,0.321,1.1,2.9,0.379,0.43,0.7,0.9,0.778,0.5,1.4,1.9,2.2,0.7,0.3,0.3,1.1,5.6,,2021,0,541280.0
336.0,Freddie Gillespie,23.0,TOR,PF,20.0,2.0,19.6,2.2,4.2,0.524,0.0,0.0,,2.2,4.2,0.524,0.524,1.2,1.7,0.697,2.1,2.8,4.9,0.5,0.7,1.0,0.6,2.2,5.6,,2021,0,442403.0
340.0,Torrey Craig,30.0,2TM,SF,50.0,8.0,16.1,2.2,4.5,0.48,0.8,2.1,0.368,1.4,2.4,0.579,0.566,0.3,0.4,0.773,1.1,2.8,3.9,1.0,0.6,0.5,0.5,1.7,5.5,,2021,0,2046005.0
341.0,Brad Wanamaker,31.0,2TM,PG,61.0,0.0,17.3,1.9,4.9,0.385,0.3,1.4,0.188,1.6,3.5,0.463,0.411,1.5,1.7,0.891,0.3,1.4,1.7,2.9,0.7,0.2,1.2,1.5,5.5,,2021,0,2742055.0
342.0,Jabari Parker,25.0,2TM,PF,13.0,0.0,12.7,2.3,4.2,0.545,0.2,0.8,0.182,2.2,3.4,0.636,0.564,0.8,1.0,0.769,0.8,2.5,3.2,0.8,0.1,0.4,0.8,1.0,5.5,,2021,0,8446419.0
343.0,Anthony Lamb,23.0,HOU,SF,24.0,3.0,17.3,1.9,4.9,0.39,1.0,3.0,0.324,1.0,2.0,0.489,0.487,0.8,0.9,0.857,1.1,1.8,2.9,1.0,0.3,0.2,0.8,1.4,5.5,,2021,0,262420.0
345.0,Devin Vassell,20.0,SAS,SF,62.0,7.0,17.0,2.0,4.9,0.406,0.8,2.4,0.347,1.1,2.5,0.464,0.492,0.7,0.8,0.843,0.4,2.4,2.8,0.9,0.7,0.3,0.4,1.4,5.5,,2021,0,4915518.0
346.0,Rajon Rondo,34.0,2TM,PG,45.0,3.0,17.1,2.1,4.8,0.442,0.8,2.0,0.404,1.3,2.8,0.468,0.526,0.4,0.4,0.941,0.4,2.0,2.4,4.4,0.8,0.1,1.8,1.2,5.4,,2021,0,9140185.0
347.0,Derrick Favors,29.0,UTA,C,68.0,0.0,15.3,2.3,3.6,0.638,0.0,0.0,0.0,2.3,3.5,0.643,0.638,0.9,1.2,0.738,2.0,3.5,5.5,0.6,0.5,1.0,0.5,2.1,5.4,,2021,0,11282645.0
350.0,Jahlil Okafor,25.0,DET,C,27.0,2.0,12.9,2.3,3.8,0.618,0.1,0.3,0.222,2.3,3.4,0.656,0.627,0.6,0.9,0.708,0.9,1.6,2.4,0.5,0.2,0.2,0.8,1.4,5.4,,2021,0,2294633.0
352.0,Justin Patton,23.0,HOU,C,13.0,6.0,19.0,2.2,5.4,0.414,0.7,2.6,0.265,1.5,2.8,0.556,0.479,0.2,0.3,0.75,1.1,2.7,3.8,1.1,0.9,1.1,0.3,2.6,5.4,,2021,0,326149.0
354.0,Mason Jones,22.0,2TM,SG,32.0,1.0,10.4,1.6,3.8,0.423,0.8,2.1,0.364,0.9,1.8,0.491,0.52,1.3,2.0,0.625,0.2,1.5,1.7,1.3,0.2,0.0,0.9,0.8,5.3,,2021,0,517387.0
356.0,Jarrett Culver,21.0,MIN,SG,34.0,7.0,14.7,2.0,4.9,0.411,0.4,1.6,0.245,1.6,3.4,0.487,0.449,0.9,1.4,0.604,1.0,2.1,3.1,0.7,0.5,0.3,0.8,1.7,5.3,,2021,0,7439233.0
359.0,Maurice Harkless,27.0,2TM,SF,37.0,23.0,20.9,1.9,4.5,0.418,0.6,2.3,0.274,1.2,2.2,0.568,0.488,0.9,1.2,0.767,0.4,2.1,2.4,1.2,0.8,0.5,0.6,2.3,5.2,,2021,0,
360.0,D.J. Wilson,24.0,2TM,PF,35.0,1.0,12.4,1.9,4.8,0.405,0.9,2.5,0.345,1.1,2.3,0.469,0.494,0.5,0.7,0.68,0.6,2.6,3.2,0.7,0.3,0.5,0.6,1.3,5.2,,2021,0,
361.0,Alize Johnson,24.0,BRK,PF,18.0,0.0,10.5,2.2,3.8,0.588,0.1,0.3,0.167,2.2,3.4,0.629,0.596,0.7,0.7,1.0,1.5,3.5,5.0,0.8,0.3,0.3,0.5,0.9,5.2,,2021,0,757522.0
362.0,Patrick Patterson,31.0,LAC,PF,38.0,5.0,15.3,1.9,4.3,0.436,1.1,2.9,0.357,0.8,1.4,0.604,0.558,0.3,0.4,0.765,0.5,1.5,2.0,0.8,0.4,0.2,0.3,1.2,5.2,,2021,0,4649028.0
363.0,Dylan Windler,24.0,CLE,SF,31.0,0.0,16.5,1.8,4.2,0.438,0.8,2.5,0.338,1.0,1.7,0.585,0.538,0.7,0.9,0.778,0.6,2.8,3.5,1.1,0.6,0.4,1.0,1.2,5.2,,2021,0,2604879.0
364.0,Isaiah Hartenstein,22.0,2TM,C,46.0,2.0,12.2,2.0,3.7,0.55,0.0,0.1,0.333,2.0,3.6,0.558,0.556,1.0,1.5,0.648,1.4,2.5,3.9,1.2,0.4,0.8,1.0,2.3,5.1,,2021,0,1974967.0
366.0,Sekou Doumbouya,20.0,DET,PF,56.0,11.0,15.5,1.9,5.0,0.379,0.5,2.1,0.226,1.4,3.0,0.485,0.426,0.8,1.1,0.703,0.7,1.9,2.6,0.8,0.4,0.2,0.8,1.7,5.1,,2021,0,4203754.0
367.0,Jake Layman,26.0,MIN,SF,45.0,11.0,13.9,2.0,4.1,0.495,0.5,1.7,0.295,1.5,2.4,0.642,0.557,0.6,0.8,0.703,0.3,1.2,1.5,0.6,0.6,0.4,0.6,1.0,5.1,,2021,0,4583602.0
371.0,Marc Gasol,36.0,LAL,C,52.0,42.0,19.1,1.7,3.7,0.454,1.0,2.3,0.41,0.7,1.4,0.528,0.582,0.7,1.0,0.72,0.7,3.4,4.1,2.1,0.5,1.1,1.0,2.2,5.0,,2021,0,3125642.0
375.0,Tyler Cook,23.0,2TM,SF,32.0,1.0,13.7,2.2,3.2,0.67,0.0,0.1,0.5,2.1,3.2,0.673,0.675,0.5,1.1,0.486,0.9,2.1,3.0,0.5,0.3,0.1,0.7,1.1,4.9,,2021,0,844724.0
376.0,Brandon Goodwin,25.0,ATL,PG,47.0,5.0,13.2,1.8,4.7,0.377,0.7,2.2,0.311,1.1,2.6,0.433,0.448,0.6,0.9,0.651,0.2,1.3,1.5,2.0,0.4,0.0,0.8,0.9,4.9,,2021,0,2073716.0
377.0,E'Twaun Moore,31.0,PHO,SG,27.0,1.0,14.4,2.0,4.5,0.455,0.4,1.3,0.314,1.6,3.2,0.512,0.5,0.4,0.5,0.857,0.5,1.1,1.7,1.5,0.6,0.2,0.9,1.2,4.9,,2021,0,2841492.0
380.0,Wesley Matthews,34.0,LAL,SG,58.0,10.0,19.5,1.5,4.3,0.353,1.1,3.4,0.335,0.4,0.9,0.418,0.484,0.6,0.7,0.854,0.3,1.3,1.6,0.9,0.7,0.3,0.4,1.4,4.8,,2021,0,4415319.0
381.0,Gabe Vincent,24.0,MIA,PG,50.0,7.0,13.1,1.8,4.7,0.378,0.9,3.0,0.309,0.8,1.7,0.5,0.476,0.4,0.5,0.87,0.2,0.9,1.1,1.3,0.4,0.0,0.7,1.6,4.8,,2021,0,805250.0
383.0,Troy Brown Jr.,21.0,2TM,SF,34.0,0.0,15.4,1.8,4.2,0.431,0.6,2.1,0.314,1.2,2.2,0.541,0.507,0.4,0.6,0.714,0.6,2.5,3.1,0.9,0.3,0.2,0.6,1.4,4.7,,2021,0,
384.0,Boban Marjanovic,32.0,DAL,C,33.0,3.0,8.2,1.9,3.7,0.508,0.0,0.2,0.125,1.8,3.5,0.535,0.512,0.9,1.2,0.816,1.4,2.5,3.9,0.3,0.1,0.2,0.4,0.9,4.7,,2021,0,4265420.0
385.0,Aaron Nesmith,21.0,BOS,SF,46.0,1.0,14.5,1.7,3.9,0.438,0.9,2.3,0.37,0.8,1.5,0.543,0.551,0.5,0.6,0.786,0.6,2.2,2.8,0.5,0.3,0.2,0.5,1.9,4.7,,2021,0,4214722.0
387.0,Nassir Little,20.0,POR,PF,48.0,2.0,13.3,1.6,3.5,0.467,0.6,1.7,0.35,1.0,1.8,0.575,0.551,0.8,0.9,0.8,0.7,2.0,2.7,0.5,0.1,0.3,0.4,1.1,4.6,,2021,0,2694088.0
389.0,Onyeka Okongwu,20.0,ATL,C,50.0,4.0,12.0,1.9,3.0,0.644,0.0,0.1,0.0,1.9,2.9,0.658,0.644,0.7,1.1,0.632,1.2,2.0,3.3,0.4,0.5,0.7,0.6,2.0,4.6,,2021,0,7085033.0
390.0,JaKarr Sampson,27.0,IND,PF,29.0,4.0,10.9,1.9,3.9,0.496,0.1,0.5,0.2,1.8,3.4,0.541,0.509,0.7,1.0,0.655,0.9,1.7,2.7,0.1,0.1,0.5,0.5,1.8,4.6,,2021,0,2294633.0
391.0,Rodney Hood,28.0,2TM,SF,55.0,5.0,17.1,1.7,4.7,0.362,0.6,2.1,0.301,1.1,2.7,0.408,0.427,0.4,0.5,0.857,0.4,1.5,1.9,1.0,0.4,0.1,0.7,1.3,4.5,,2021,0,12244741.0
394.0,Al-Farouq Aminu,30.0,2TM,PF,23.0,14.0,18.9,1.7,4.3,0.384,0.3,1.6,0.216,1.3,2.7,0.484,0.424,0.8,1.0,0.818,1.0,3.8,4.8,1.3,0.8,0.4,1.2,1.3,4.4,,2021,0,11846777.0
396.0,Andre Iguodala,37.0,MIA,SF,63.0,5.0,21.3,1.5,3.9,0.383,1.0,2.9,0.33,0.6,1.0,0.53,0.504,0.4,0.6,0.658,0.6,2.9,3.5,2.3,0.9,0.6,1.1,1.4,4.4,,2021,0,18280371.0
397.0,Stanley Johnson,24.0,TOR,PF,61.0,13.0,16.5,1.5,3.8,0.382,0.7,2.2,0.328,0.7,1.6,0.458,0.479,0.7,0.9,0.8,0.5,2.0,2.5,1.5,0.9,0.3,0.9,1.9,4.4,,2021,0,4636085.0
399.0,Chandler Hutchison,24.0,2TM,SF,25.0,1.0,13.8,1.6,4.1,0.379,0.3,0.9,0.364,1.2,3.2,0.383,0.417,0.8,1.0,0.84,0.2,2.9,3.1,0.7,0.5,0.2,0.8,1.3,4.3,,2021,0,2977799.0
400.0,Devin Cannady,24.0,ORL,PG,8.0,0.0,9.3,1.4,3.5,0.393,0.8,2.0,0.375,0.6,1.5,0.417,0.5,0.8,0.9,0.857,0.0,0.6,0.6,0.1,0.6,0.1,0.3,1.1,4.3,,2021,0,
401.0,John Konchar,24.0,MEM,SG,43.0,0.0,13.4,1.6,3.2,0.5,0.5,1.3,0.375,1.1,1.9,0.585,0.576,0.6,0.7,0.833,0.8,2.2,3.0,1.1,0.7,0.2,0.4,0.9,4.3,,2021,0,2559252.0
402.0,Mike Scott,32.0,PHI,PF,51.0,12.0,16.7,1.5,4.1,0.36,1.0,3.0,0.342,0.5,1.1,0.411,0.486,0.2,0.2,0.667,0.2,2.1,2.4,0.8,0.5,0.3,0.4,1.4,4.2,,2021,0,6099977.0
403.0,DaQuan Jeffries,23.0,2TM,SG,31.0,5.0,15.9,1.6,3.9,0.417,0.6,2.2,0.299,1.0,1.7,0.566,0.5,0.2,0.3,0.875,0.6,1.7,2.3,0.7,0.5,0.3,0.5,1.5,4.1,,2021,0,1761858.0
405.0,Josh Hall,20.0,OKC,SF,21.0,1.0,16.0,1.4,4.7,0.303,0.2,1.8,0.108,1.2,3.0,0.419,0.323,1.0,2.1,0.5,0.3,2.5,2.8,1.3,0.2,0.0,1.2,1.8,4.1,,2021,0,547332.0
406.0,Kevon Looney,24.0,GSW,C,61.0,34.0,19.0,1.8,3.2,0.548,0.1,0.3,0.235,1.7,3.0,0.578,0.558,0.5,0.8,0.646,1.9,3.4,5.3,2.0,0.3,0.4,0.6,2.2,4.1,,2021,0,5875834.0
407.0,Nico Mannion,19.0,GSW,PG,30.0,1.0,12.1,1.3,3.8,0.342,0.7,2.0,0.367,0.6,1.8,0.315,0.439,0.8,0.9,0.821,0.2,1.3,1.5,2.3,0.5,0.0,1.0,1.0,4.1,,2021,0,547332.0
408.0,Darius Miller,30.0,OKC,SF,18.0,0.0,10.9,1.2,2.7,0.458,0.9,2.3,0.405,0.3,0.3,0.833,0.635,0.7,0.7,1.0,0.1,1.2,1.3,1.2,0.7,0.3,0.4,0.7,4.1,,2021,0,8530840.0
410.0,Obi Toppin,22.0,NYK,PF,62.0,0.0,11.0,1.7,3.4,0.498,0.4,1.4,0.306,1.3,2.0,0.629,0.56,0.3,0.4,0.731,0.4,1.8,2.2,0.5,0.3,0.2,0.4,0.9,4.1,,2021,0,5925326.0
412.0,Jordan Bone,23.0,ORL,PG,14.0,0.0,14.0,1.6,3.9,0.426,0.7,2.3,0.313,0.9,1.6,0.591,0.519,0.0,0.0,,0.3,1.4,1.7,1.3,0.1,0.0,0.2,0.8,4.0,,2021,0,164949.0
414.0,Carsen Edwards,22.0,BOS,SG,31.0,1.0,8.9,1.5,3.6,0.423,0.6,2.0,0.286,0.9,1.5,0.604,0.505,0.4,0.4,0.846,0.1,0.7,0.8,0.5,0.2,0.0,0.2,0.8,4.0,,2021,0,1849950.0
415.0,Udonis Haslem,40.0,MIA,C,1.0,0.0,3.0,2.0,2.0,1.0,0.0,0.0,,2.0,2.0,1.0,1.0,0.0,0.0,,0.0,1.0,1.0,0.0,0.0,0.0,0.0,0.0,4.0,,2021,0,3125642.0
417.0,Brodric Thomas,24.0,2TM,SG,32.0,1.0,12.5,1.2,3.4,0.361,0.5,1.8,0.271,0.7,1.5,0.469,0.435,1.0,1.4,0.674,0.3,1.4,1.7,0.9,0.5,0.3,0.7,1.3,3.9,,2021,0,502346.0
418.0,Justin James,24.0,SAC,SF,36.0,0.0,8.6,1.4,3.1,0.468,0.4,1.1,0.368,1.1,2.0,0.521,0.532,0.6,1.0,0.583,0.3,0.6,0.8,0.6,0.2,0.1,0.4,0.6,3.9,,2021,0,1849950.0
422.0,Ersan Ilyasova,33.0,UTA,PF,17.0,1.0,8.7,1.2,3.2,0.389,1.1,2.4,0.439,0.2,0.8,0.231,0.556,0.3,0.3,1.0,0.4,1.3,1.7,0.2,0.6,0.2,0.5,1.7,3.8,,2021,0,1455778.0
423.0,Nathan Knight,23.0,ATL,PF,33.0,0.0,8.5,1.1,3.0,0.37,0.2,1.0,0.182,0.9,2.0,0.463,0.4,1.3,1.7,0.8,0.8,1.4,2.2,0.2,0.3,0.3,0.5,0.7,3.8,,2021,0,637362.0
424.0,Thon Maker,23.0,CLE,C,8.0,0.0,9.5,1.3,2.3,0.556,0.0,0.3,0.0,1.3,2.0,0.625,0.556,1.3,1.4,0.909,1.0,1.3,2.3,0.5,0.3,0.5,0.4,0.9,3.8,,2021,0,2117043.0
427.0,P.J. Tucker,35.0,2TM,PF,52.0,33.0,26.1,1.3,3.4,0.373,0.8,2.3,0.336,0.5,1.1,0.448,0.486,0.4,0.5,0.75,1.0,2.9,3.9,1.2,0.8,0.4,0.8,2.4,3.7,,2021,0,
428.0,Isaiah Joe,21.0,PHI,SG,41.0,1.0,9.3,1.2,3.2,0.361,1.0,2.6,0.368,0.2,0.7,0.333,0.508,0.4,0.6,0.75,0.1,0.7,0.9,0.5,0.3,0.1,0.3,0.8,3.7,,2021,0,1094762.0
429.0,Luka Samanic,21.0,SAS,PF,33.0,4.0,9.3,1.4,3.2,0.448,0.4,1.3,0.279,1.1,1.9,0.565,0.505,0.5,0.9,0.552,0.5,1.6,2.1,0.5,0.2,0.2,0.6,1.3,3.7,,2021,0,3441974.0
430.0,Javonte Green,27.0,2TM,SF,41.0,2.0,11.5,1.3,2.5,0.52,0.2,0.7,0.333,1.0,1.8,0.597,0.569,0.7,1.0,0.75,0.6,1.1,1.7,0.4,0.7,0.1,0.5,1.1,3.6,,2021,0,1849950.0
431.0,Luke Kornet,25.0,2TM,C,31.0,2.0,11.2,1.4,3.3,0.436,0.5,1.9,0.254,0.9,1.4,0.69,0.51,0.1,0.2,0.5,0.5,1.7,2.2,0.8,0.1,1.0,0.2,0.6,3.4,,2021,0,2742055.0
433.0,Paul Reed,21.0,PHI,PF,26.0,0.0,6.8,1.6,3.0,0.538,0.0,0.2,0.0,1.6,2.8,0.583,0.538,0.2,0.3,0.5,1.2,1.2,2.3,0.5,0.4,0.5,0.5,1.1,3.4,,2021,0,742339.0
434.0,Quinn Cook,27.0,2TM,PG,23.0,0.0,6.8,1.3,3.0,0.426,0.5,1.1,0.423,0.8,1.8,0.429,0.507,0.3,0.3,0.875,0.1,0.7,0.7,0.8,0.2,0.0,0.3,0.4,3.3,,2021,0,2415018.0
435.0,Meyers Leonard,28.0,MIA,C,3.0,2.0,9.7,1.0,2.3,0.429,1.0,2.3,0.429,0.0,0.0,,0.643,0.3,0.7,0.5,0.0,2.3,2.3,0.7,0.0,0.0,0.7,1.7,3.3,,2021,0,11455699.0
436.0,Amir Coffey,23.0,LAC,SG,44.0,1.0,9.0,1.0,2.3,0.437,0.5,1.3,0.411,0.5,1.1,0.468,0.549,0.6,0.9,0.711,0.2,0.8,1.0,0.5,0.2,0.0,0.3,0.7,3.2,,2021,0,705429.0
437.0,Zeke Nnaji,20.0,DEN,PF,42.0,1.0,9.5,1.2,2.5,0.481,0.6,1.4,0.407,0.6,1.1,0.578,0.596,0.3,0.4,0.8,0.3,1.2,1.5,0.2,0.2,0.1,0.2,0.7,3.2,,2021,0,2900290.0
438.0,Killian Tillie,22.0,MEM,C,18.0,1.0,10.1,1.1,3.2,0.333,0.6,1.8,0.303,0.5,1.3,0.375,0.421,0.5,0.6,0.818,0.3,1.0,1.3,0.4,0.3,0.4,0.1,1.1,3.2,,2021,0,547332.0
439.0,Matt Thomas,26.0,2TM,SG,45.0,0.0,7.2,1.1,2.8,0.394,0.6,1.8,0.338,0.5,1.0,0.489,0.5,0.3,0.3,0.857,0.2,0.8,1.0,0.4,0.1,0.0,0.3,0.4,3.1,,2021,0,1849950.0
443.0,Anthony Gill,28.0,WAS,PF,26.0,4.0,8.4,1.2,2.3,0.5,0.3,0.9,0.292,0.9,1.4,0.639,0.558,0.5,0.6,0.813,0.6,1.3,2.0,0.4,0.4,0.2,0.3,1.0,3.1,,2021,0,1094762.0
445.0,Alfonzo McKinnie,28.0,LAL,SF,39.0,0.0,6.6,1.2,2.4,0.516,0.4,1.0,0.41,0.8,1.4,0.593,0.602,0.3,0.5,0.556,0.6,0.8,1.4,0.2,0.2,0.0,0.1,0.7,3.1,,2021,0,2148304.0
446.0,Jahmi'us Ramsey,19.0,SAC,SG,13.0,0.0,7.2,1.2,2.9,0.395,0.4,1.5,0.263,0.8,1.5,0.526,0.461,0.4,0.4,1.0,0.2,0.6,0.8,0.5,0.3,0.1,0.2,0.6,3.1,,2021,0,1218691.0
447.0,Cameron Reynolds,25.0,2TM,SF,5.0,0.0,8.0,1.2,3.6,0.333,0.6,2.4,0.25,0.6,1.2,0.5,0.417,0.0,0.0,,0.4,0.6,1.0,0.4,0.0,0.0,0.0,0.4,3.0,,2021,0,
448.0,Nicolo Melli,30.0,2TM,PF,45.0,4.0,12.6,1.0,3.1,0.326,0.5,1.9,0.271,0.5,1.2,0.411,0.408,0.4,0.6,0.76,0.6,2.1,2.7,1.0,0.3,0.1,0.3,1.3,3.0,,2021,0,4749771.0
449.0,Sam Merrill,24.0,MIL,SG,30.0,2.0,7.8,1.1,2.4,0.444,0.7,1.6,0.447,0.4,0.8,0.44,0.59,0.1,0.1,1.0,0.2,0.8,1.0,0.7,0.3,0.0,0.3,0.6,3.0,,2021,0,1094762.0
451.0,Thanasis Antetokounmpo,28.0,MIL,SF,57.0,3.0,9.7,1.2,2.4,0.489,0.1,0.5,0.241,1.1,1.9,0.556,0.515,0.4,0.9,0.51,0.9,1.2,2.2,0.8,0.4,0.2,0.8,1.3,2.9,,2021,0,2073716.0
452.0,Trent Forrest,22.0,UTA,PG,30.0,0.0,10.1,1.1,2.4,0.451,0.2,0.9,0.192,0.9,1.5,0.6,0.486,0.6,0.6,1.0,0.4,1.1,1.5,1.5,0.3,0.1,0.7,0.7,2.9,,2021,0,573625.0
454.0,Matthew Dellavedova,30.0,CLE,PG,13.0,1.0,17.2,1.1,4.3,0.25,0.3,1.9,0.16,0.8,2.4,0.323,0.286,0.3,0.3,1.0,0.5,1.4,1.8,4.5,0.3,0.1,0.5,1.6,2.8,,2021,0,2649822.0
456.0,Kyle Guy,23.0,SAC,PG,31.0,0.0,7.6,0.9,2.8,0.33,0.4,1.5,0.283,0.5,1.4,0.381,0.403,0.5,0.6,0.8,0.2,1.0,1.1,1.0,0.2,0.0,0.4,0.6,2.8,,2021,0,655519.0
457.0,Markus Howard,21.0,DEN,SG,37.0,1.0,5.5,1.1,2.9,0.377,0.5,1.8,0.277,0.6,1.1,0.537,0.462,0.2,0.2,0.778,0.0,0.5,0.6,0.5,0.1,0.0,0.5,0.6,2.8,,2021,0,652358.0
459.0,Frank Ntilikina,22.0,NYK,PG,33.0,4.0,9.8,0.9,2.4,0.367,0.7,1.5,0.479,0.2,0.9,0.194,0.513,0.2,0.5,0.444,0.2,0.8,0.9,0.6,0.5,0.1,0.3,1.4,2.7,,2021,0,7527342.0
461.0,Amida Brimah,26.0,IND,C,5.0,0.0,5.8,1.0,1.6,0.625,0.0,0.0,,1.0,1.6,0.625,0.625,0.6,0.6,1.0,0.4,1.2,1.6,0.2,0.0,1.0,0.8,0.8,2.6,,2021,0,149967.0
462.0,Josh Green,20.0,DAL,SG,39.0,5.0,11.4,1.1,2.4,0.452,0.1,0.6,0.16,1.0,1.7,0.559,0.473,0.3,0.6,0.565,0.7,1.3,2.0,0.7,0.4,0.1,0.4,0.9,2.6,,2021,0,3432761.0
463.0,Grant Riller,23.0,CHO,PG,7.0,0.0,3.9,1.1,1.7,0.667,0.3,0.6,0.5,0.9,1.1,0.75,0.75,0.0,0.0,,0.0,0.1,0.1,0.4,0.1,0.0,0.1,0.0,2.6,,2021,0,547332.0
464.0,Anderson Varejao,38.0,CLE,C,5.0,0.0,7.2,0.8,3.2,0.25,0.0,0.2,0.0,0.8,3.0,0.267,0.25,1.0,1.8,0.556,1.4,2.6,4.0,0.6,0.0,0.4,0.2,0.6,2.6,,2021,0,2610087.0
465.0,Jordan Bell,26.0,2TM,C,6.0,1.0,13.7,1.2,3.7,0.318,0.0,0.3,0.0,1.2,3.3,0.35,0.318,0.2,0.3,0.5,1.2,2.8,4.0,1.2,0.5,0.8,0.7,1.2,2.5,,2021,0,721913.0
466.0,Tacko Fall,25.0,BOS,C,19.0,0.0,7.2,1.1,1.5,0.724,0.0,0.0,,1.1,1.5,0.724,0.724,0.3,0.8,0.333,0.8,1.9,2.7,0.2,0.1,1.1,0.3,1.2,2.5,,2021,0,796931.0
467.0,Rondae Hollis-Jefferson,26.0,POR,PF,11.0,1.0,9.7,0.8,1.6,0.5,0.0,0.1,0.0,0.8,1.5,0.529,0.5,0.8,1.5,0.563,1.0,1.4,2.4,1.2,0.2,0.4,0.2,1.4,2.5,,2021,0,612949.0
469.0,KZ Okpala,21.0,MIA,PF,37.0,9.0,12.1,1.0,2.6,0.375,0.3,1.4,0.24,0.6,1.2,0.522,0.438,0.2,0.4,0.533,0.6,1.3,1.8,0.5,0.3,0.3,0.4,1.6,2.5,,2021,0,1849950.0
471.0,Mfiondu Kabengele,23.0,2TM,PF,39.0,0.0,7.2,0.8,2.3,0.371,0.3,1.3,0.26,0.5,1.0,0.513,0.444,0.4,0.5,0.8,0.3,1.2,1.5,0.4,0.2,0.3,0.4,0.9,2.4,,2021,0,2964287.0
472.0,Wes Iwundu,26.0,2TM,SF,41.0,4.0,13.1,0.8,2.5,0.333,0.1,1.0,0.122,0.7,1.5,0.475,0.358,0.6,0.8,0.839,0.4,1.8,2.2,0.4,0.4,0.1,0.5,1.2,2.4,,2021,0,
474.0,Jeremiah Martin,24.0,CLE,PG,9.0,0.0,8.3,1.0,3.7,0.273,0.3,1.3,0.25,0.7,2.3,0.286,0.318,0.1,0.6,0.2,0.2,0.6,0.8,0.4,0.6,0.2,0.7,0.1,2.4,,2021,0,71234.0
476.0,Jarrell Brantley,24.0,UTA,PF,28.0,0.0,4.9,0.9,1.9,0.481,0.4,1.0,0.429,0.5,0.9,0.542,0.596,0.1,0.1,1.0,0.3,0.6,1.0,0.5,0.3,0.1,0.3,0.6,2.3,,2021,0,622246.0
477.0,CJ Elleby,20.0,POR,SF,30.0,0.0,6.4,0.8,2.2,0.379,0.2,1.1,0.206,0.6,1.1,0.563,0.432,0.4,0.5,0.733,0.4,0.7,1.1,0.3,0.2,0.1,0.2,0.9,2.3,,2021,0,1094762.0
478.0,Justin Robinson,23.0,OKC,PG,9.0,0.0,9.8,0.8,2.3,0.333,0.4,1.6,0.286,0.3,0.8,0.429,0.429,0.3,0.6,0.6,0.1,0.7,0.8,1.0,0.3,0.0,0.2,1.1,2.3,,2021,0,241349.0
479.0,Quinndary Weatherspoon,24.0,SAS,SG,20.0,0.0,6.1,0.8,1.8,0.457,0.1,0.3,0.167,0.8,1.5,0.517,0.471,0.7,0.8,0.813,0.2,0.4,0.6,0.4,0.4,0.1,0.5,0.9,2.3,,2021,0,547332.0
480.0,Bol Bol,21.0,DEN,PF,32.0,2.0,5.0,0.8,1.8,0.431,0.3,0.8,0.375,0.5,1.1,0.471,0.509,0.3,0.5,0.667,0.0,0.8,0.8,0.2,0.1,0.3,0.4,0.4,2.2,,2021,0,2508359.0
481.0,Sean McDermott,24.0,MEM,SF,18.0,0.0,8.8,0.7,1.8,0.394,0.3,1.2,0.227,0.4,0.6,0.727,0.47,0.4,0.4,1.0,0.3,0.7,1.1,0.2,0.1,0.2,0.2,0.4,2.2,,2021,0,547332.0
482.0,Shaquille Harrison,27.0,2TM,SG,34.0,0.0,9.8,0.8,2.3,0.333,0.1,0.5,0.188,0.7,1.8,0.371,0.353,0.5,0.6,0.818,0.2,1.2,1.4,0.7,0.5,0.1,0.3,1.0,2.1,,2021,0,1115160.0
483.0,Chris Silva,24.0,2TM,PF,15.0,0.0,6.1,0.7,1.1,0.625,0.1,0.1,1.0,0.6,1.0,0.6,0.656,0.7,1.0,0.733,0.5,1.3,1.8,0.4,0.1,0.4,0.7,1.6,2.1,,2021,0,1849950.0
484.0,Vlatko Cancar,23.0,DEN,PF,41.0,1.0,6.9,0.8,1.8,0.458,0.2,0.8,0.273,0.6,1.0,0.615,0.521,0.2,0.3,0.769,0.3,1.0,1.2,0.3,0.3,0.0,0.3,0.4,2.1,,2021,0,1849950.0
485.0,Ed Davis,31.0,MIN,C,23.0,7.0,13.0,0.8,1.9,0.432,0.0,0.0,,0.8,1.9,0.432,0.432,0.4,0.5,0.833,2.0,3.0,5.0,0.9,0.6,0.6,0.3,2.4,2.1,,2021,0,6099977.0
486.0,Devon Dotson,21.0,CHI,PG,11.0,0.0,4.5,1.0,1.9,0.524,0.1,0.6,0.143,0.9,1.3,0.714,0.548,0.0,0.0,,0.2,0.3,0.5,0.6,0.4,0.0,0.0,0.3,2.1,,2021,0,547332.0
487.0,Deividas Sirvydis,20.0,DET,SG,20.0,0.0,6.7,0.7,2.0,0.35,0.5,1.4,0.357,0.2,0.6,0.333,0.475,0.2,0.3,0.5,0.0,1.5,1.5,0.3,0.1,0.0,0.3,0.5,2.1,,2021,0,1094762.0
488.0,Sindarius Thornwell,26.0,2TM,SG,21.0,1.0,10.3,0.7,2.2,0.326,0.3,1.1,0.304,0.4,1.1,0.348,0.402,0.2,0.4,0.5,0.1,0.7,0.9,1.0,0.6,0.1,0.3,0.7,2.0,,2021,0,1506167.0
489.0,Isaac Bonga,21.0,WAS,SF,40.0,8.0,10.8,0.8,2.0,0.37,0.3,1.2,0.277,0.4,0.9,0.5,0.451,0.1,0.2,0.625,0.5,1.2,1.7,0.6,0.3,0.2,0.6,1.6,2.0,,2021,0,2027733.0
490.0,Devontae Cacok,24.0,LAL,PF,20.0,1.0,4.9,0.9,1.5,0.586,0.0,0.0,,0.9,1.5,0.586,0.586,0.3,0.6,0.455,0.6,1.0,1.6,0.1,0.3,0.2,0.3,0.4,2.0,,2021,0,547332.0
491.0,Nate Hinton,21.0,DAL,SG,21.0,0.0,4.4,0.7,2.0,0.357,0.2,0.9,0.211,0.5,1.1,0.478,0.405,0.3,0.5,0.7,0.0,0.4,0.4,0.4,0.3,0.1,0.2,0.4,2.0,,2021,0,547332.0
492.0,Jontay Porter,21.0,MEM,PF,11.0,0.0,4.9,0.7,1.4,0.533,0.3,0.7,0.375,0.5,0.6,0.714,0.633,0.3,0.5,0.6,0.4,0.9,1.3,0.1,0.3,0.1,0.6,1.1,2.0,,2021,0,2315513.0
494.0,Ray Spalding,23.0,HOU,C,2.0,0.0,9.5,1.0,2.0,0.5,0.0,0.5,0.0,1.0,1.5,0.667,0.5,0.0,1.0,0.0,1.0,1.0,2.0,0.0,0.0,1.0,1.5,1.5,2.0,,2021,0,
495.0,Miye Oni,23.0,UTA,SG,54.0,0.0,9.6,0.6,1.8,0.354,0.6,1.6,0.341,0.1,0.2,0.455,0.505,0.1,0.1,0.833,0.4,1.1,1.6,0.5,0.2,0.1,0.3,1.1,1.9,,2021,0,1849950.0
496.0,Alen Smailagic,20.0,GSW,PF,15.0,1.0,5.6,0.7,1.8,0.407,0.3,0.7,0.4,0.5,1.1,0.412,0.481,0.1,0.4,0.333,0.4,0.7,1.1,0.3,0.2,0.3,0.3,0.7,1.9,,2021,0,1849950.0
497.0,Cassius Winston,22.0,WAS,PG,22.0,0.0,4.5,0.6,1.5,0.424,0.4,0.8,0.471,0.3,0.7,0.375,0.545,0.2,0.3,0.833,0.0,0.4,0.4,0.5,0.1,0.0,0.2,0.4,1.9,,2021,0,547332.0
498.0,Daniel Oturu,21.0,LAC,C,30.0,0.0,5.4,0.7,1.7,0.423,0.0,0.2,0.2,0.7,1.6,0.447,0.433,0.3,0.4,0.75,0.7,0.9,1.6,0.3,0.1,0.2,0.3,0.8,1.8,,2021,0,1094762.0
499.0,Axel Toupane,28.0,MIL,SF,8.0,1.0,7.6,0.5,1.4,0.364,0.1,0.3,0.5,0.4,1.1,0.333,0.409,0.6,0.9,0.714,0.0,0.8,0.8,0.5,0.3,0.4,0.0,0.8,1.8,,2021,0,239926.0
501.0,T.J. Leaf,23.0,POR,PF,7.0,0.0,5.0,0.7,1.4,0.5,0.0,0.0,,0.7,1.4,0.5,0.5,0.3,0.3,1.0,0.0,0.7,0.7,0.1,0.3,0.1,0.3,0.1,1.7,,2021,0,
502.0,James Nunnally,30.0,NOP,SF,9.0,0.0,5.3,0.6,1.4,0.385,0.4,1.3,0.333,0.1,0.1,1.0,0.538,0.1,0.2,0.5,0.2,0.8,1.0,0.3,0.0,0.0,0.2,0.1,1.7,,2021,0,131221.0
504.0,Rodions Kurucs,22.0,3TM,SF,21.0,0.0,6.0,0.5,1.5,0.344,0.3,1.0,0.286,0.2,0.5,0.455,0.438,0.1,0.2,0.75,0.2,0.9,1.1,0.5,0.4,0.2,0.6,0.8,1.5,,2021,0,2169456.0
504.0,Rodions Kurucs,22.0,BRK,PF,5.0,0.0,3.2,0.2,0.6,0.333,0.2,0.4,0.5,0.0,0.2,0.0,0.5,0.0,0.0,,0.0,0.6,0.6,0.4,0.0,0.0,0.0,0.2,0.6,,2021,0,2169456.0
504.0,Rodions Kurucs,22.0,HOU,SF,11.0,0.0,6.8,0.5,1.9,0.238,0.2,1.4,0.133,0.3,0.5,0.5,0.286,0.1,0.2,0.5,0.2,0.8,1.0,0.4,0.5,0.4,0.8,0.6,1.2,,2021,0,2169456.0
504.0,Rodions Kurucs,22.0,MIL,SF,5.0,0.0,6.8,1.0,1.6,0.625,0.6,0.8,0.75,0.4,0.8,0.5,0.813,0.4,0.4,1.0,0.6,1.2,1.8,0.8,0.6,0.0,0.8,1.6,3.0,,2021,0,2169456.0
505.0,Norvel Pelle,27.0,3TM,C,13.0,0.0,6.5,0.6,1.2,0.533,0.0,0.0,,0.6,1.2,0.533,0.533,0.3,0.5,0.667,0.5,1.0,1.5,0.2,0.1,0.7,0.2,1.1,1.5,,2021,0,1236854.0
505.0,Norvel Pelle,27.0,BRK,C,3.0,0.0,9.3,1.0,2.3,0.429,0.0,0.0,,1.0,2.3,0.429,0.429,0.0,0.0,,1.0,1.3,2.3,0.0,0.0,1.0,1.0,3.0,2.0,,2021,0,1236854.0
505.0,Norvel Pelle,27.0,SAC,C,1.0,0.0,4.0,0.0,1.0,0.0,0.0,0.0,,0.0,1.0,0.0,0.0,3.0,4.0,0.75,1.0,0.0,1.0,1.0,0.0,0.0,0.0,1.0,3.0,,2021,0,1236854.0
505.0,Norvel Pelle,27.0,NYK,C,9.0,0.0,5.8,0.6,0.8,0.714,0.0,0.0,,0.6,0.8,0.714,0.714,0.1,0.2,0.5,0.2,1.0,1.2,0.1,0.1,0.7,0.0,0.4,1.2,,2021,0,1236854.0
507.0,Cassius Stanley,21.0,IND,SG,24.0,0.0,3.9,0.5,1.8,0.302,0.1,0.5,0.231,0.4,1.3,0.333,0.337,0.3,0.4,0.778,0.3,0.5,0.8,0.0,0.0,0.1,0.0,0.6,1.5,,2021,0,573625.0
508.0,Anthony Tolliver,35.0,PHI,PF,11.0,0.0,9.0,0.4,1.5,0.235,0.4,1.3,0.286,0.0,0.3,0.0,0.353,0.5,0.5,0.833,0.3,0.6,0.9,0.2,0.3,0.2,0.3,0.6,1.5,,2021,0,749297.0
509.0,Robert Woodard II,21.0,SAC,SF,13.0,0.0,3.5,0.6,1.5,0.4,0.1,0.5,0.167,0.5,1.1,0.5,0.425,0.2,0.6,0.375,0.3,0.9,1.2,0.2,0.0,0.2,0.1,0.3,1.5,,2021,0,
510.0,Nate Darling,22.0,CHO,SG,7.0,0.0,3.7,0.3,1.0,0.286,0.3,1.0,0.286,0.0,0.0,,0.429,0.4,0.4,1.0,0.1,0.0,0.1,0.1,0.0,0.1,0.1,0.1,1.3,,2021,0,547332.0
511.0,Kris Dunn,26.0,ATL,PG,4.0,0.0,11.3,0.3,3.0,0.083,0.0,0.5,0.0,0.3,2.5,0.1,0.083,0.8,1.0,0.75,0.0,1.5,1.5,0.5,0.5,0.5,0.8,2.5,1.3,,2021,0,5809502.0
512.0,Cristiano Felicio,28.0,CHI,C,18.0,0.0,4.7,0.4,0.7,0.538,0.0,0.1,0.0,0.4,0.6,0.636,0.538,0.5,0.9,0.563,0.6,0.9,1.4,0.5,0.2,0.0,0.2,0.6,1.3,,2021,0,9175552.0
513.0,Jalen Lecque,20.0,IND,PG,4.0,0.0,3.0,0.3,2.3,0.111,0.0,0.3,0.0,0.3,2.0,0.125,0.111,0.8,0.8,1.0,0.5,0.8,1.3,0.5,0.0,0.0,0.0,0.0,1.3,,2021,0,1849950.0
516.0,Andre Roberson,29.0,BRK,SG,5.0,0.0,12.6,0.4,2.8,0.143,0.2,1.6,0.125,0.2,1.2,0.167,0.179,0.2,0.4,0.5,1.4,1.6,3.0,0.8,0.6,0.2,0.4,0.8,1.2,,2021,0,501660.0
517.0,Udoka Azubuike,21.0,UTA,C,15.0,0.0,3.8,0.3,0.6,0.444,0.0,0.0,,0.3,0.6,0.444,0.444,0.5,0.7,0.8,0.3,0.6,0.9,0.0,0.1,0.3,0.2,0.6,1.1,,2021,0,2409352.0
518.0,Karim Mane,20.0,ORL,PG,10.0,0.0,8.8,0.3,1.3,0.231,0.1,0.2,0.5,0.2,1.1,0.182,0.269,0.4,0.5,0.8,0.1,1.3,1.4,0.4,0.0,0.2,0.3,1.0,1.1,,2021,0,419908.0
519.0,Adam Mokoka,22.0,CHI,SG,14.0,0.0,4.0,0.5,1.4,0.368,0.1,0.7,0.1,0.4,0.6,0.667,0.395,0.0,0.1,0.0,0.1,0.3,0.4,0.4,0.1,0.1,0.4,0.4,1.1,,2021,0,547332.0
520.0,Tyler Bey,22.0,DAL,SF,18.0,0.0,3.9,0.4,1.2,0.318,0.1,0.2,0.25,0.3,1.0,0.333,0.341,0.2,0.3,0.6,0.4,0.6,1.1,0.2,0.0,0.1,0.2,0.3,1.0,,2021,0,547332.0
522.0,Patrick McCaw,25.0,TOR,SF,5.0,0.0,6.6,0.2,0.2,1.0,0.0,0.0,,0.2,0.2,1.0,1.0,0.6,0.6,1.0,0.2,0.4,0.6,0.8,0.4,0.0,0.0,1.2,1.0,,2021,0,4874765.0
523.0,Iman Shumpert,30.0,BRK,SG,2.0,0.0,5.5,0.5,2.0,0.25,0.0,1.5,0.0,0.5,0.5,1.0,0.25,0.0,0.0,,0.5,0.0,0.5,0.0,0.5,0.0,0.5,0.0,1.0,,2021,0,978662.0
524.0,Tyrell Terry,20.0,DAL,PG,11.0,0.0,5.1,0.5,1.5,0.313,0.0,0.6,0.0,0.5,0.8,0.556,0.313,0.1,0.3,0.333,0.0,0.5,0.5,0.5,0.5,0.0,0.2,0.2,1.0,,2021,0,1571924.0
525.0,Kostas Antetokounmpo,23.0,LAL,PF,15.0,0.0,3.7,0.2,0.7,0.3,0.0,0.0,,0.2,0.7,0.3,0.3,0.4,0.9,0.462,0.3,1.0,1.3,0.1,0.1,0.3,0.7,0.5,0.8,,2021,0,547332.0
526.0,Vincent Poirier,27.0,PHI,C,10.0,0.0,3.9,0.3,1.2,0.25,0.0,0.1,0.0,0.3,1.1,0.273,0.25,0.2,0.6,0.333,0.6,0.8,1.4,0.2,0.0,0.3,0.4,0.8,0.8,,2021,0,3192005.0
528.0,Keljin Blevins,25.0,POR,SF,17.0,0.0,4.4,0.3,1.2,0.25,0.1,0.5,0.25,0.2,0.7,0.25,0.3,0.0,0.0,,0.2,0.4,0.6,0.2,0.1,0.0,0.3,0.5,0.7,,2021,0,547332.0
529.0,Ty-Shon Alexander,22.0,PHO,SG,15.0,0.0,3.1,0.2,0.8,0.25,0.1,0.6,0.222,0.1,0.2,0.333,0.333,0.1,0.1,0.5,0.1,0.5,0.7,0.4,0.0,0.1,0.2,0.1,0.6,,2021,0,547332.0
530.0,Brian Bowen,22.0,IND,SF,6.0,0.0,2.5,0.2,0.7,0.25,0.0,0.2,0.0,0.2,0.5,0.333,0.25,0.2,0.2,1.0,0.0,0.5,0.5,0.0,0.0,0.0,0.0,0.2,0.5,,2021,0,457400.0
531.0,Jared Dudley,35.0,LAL,PF,12.0,0.0,6.8,0.2,0.8,0.222,0.2,0.5,0.333,0.0,0.3,0.0,0.333,0.0,0.0,,0.3,1.4,1.8,0.4,0.1,0.1,0.2,0.6,0.5,,2021,0,3125642.0
532.0,Jared Harper,23.0,NYK,PG,8.0,0.0,2.0,0.0,0.5,0.0,0.0,0.1,0.0,0.0,0.4,0.0,0.0,0.4,0.5,0.75,0.0,0.3,0.3,0.1,0.0,0.0,0.4,0.1,0.4,,2021,0,634313.0
533.0,Jaylen Adams,24.0,MIL,PG,7.0,0.0,2.6,0.1,1.1,0.125,0.0,0.3,0.0,0.1,0.9,0.167,0.125,0.0,0.0,,0.0,0.4,0.4,0.3,0.0,0.0,0.0,0.1,0.3,,2021,0,547332.0
534.0,Terrance Ferguson,22.0,PHI,SG,13.0,0.0,3.8,0.1,0.5,0.143,0.0,0.4,0.0,0.1,0.2,0.5,0.143,0.0,0.0,,0.0,0.1,0.1,0.2,0.1,0.0,0.3,0.5,0.2,,2021,0,4806534.0
535.0,Theo Pinson,25.0,NYK,SG,17.0,0.0,2.0,0.1,0.5,0.111,0.0,0.5,0.0,0.1,0.1,1.0,0.111,0.0,0.0,,0.0,0.3,0.3,0.1,0.0,0.0,0.1,0.2,0.1,,2021,0,977612.0
536.0,Ashton Hagans,21.0,MIN,PG,2.0,0.0,2.0,0.0,0.0,,0.0,0.0,,0.0,0.0,,,0.0,0.0,,0.0,0.0,0.0,0.0,0.0,0.0,0.5,0.0,0.0,,2021,0,202438.0
537.0,Will Magnay,22.0,NOP,C,1.0,0.0,3.0,0.0,1.0,0.0,0.0,1.0,0.0,0.0,0.0,,0.0,0.0,0.0,,0.0,0.0,0.0,0.0,0.0,0.0,1.0,1.0,0.0,,2021,0,416159.0
538.0,Anzejs Pasecniks,25.0,WAS,C,1.0,0.0,6.0,0.0,1.0,0.0,0.0,1.0,0.0,0.0,0.0,,0.0,0.0,0.0,,1.0,0.0,1.0,1.0,0.0,0.0,5.0,2.0,0.0,,2021,0,456152.0
540.0,Greg Whittington,27.0,DEN,PF,4.0,0.0,3.0,0.0,0.8,0.0,0.0,0.5,0.0,0.0,0.3,0.0,0.0,0.0,0.0,,0.0,0.0,0.0,0.0,0.0,0.0,0.0,0.0,0.0,,2021,0,404912.0
26.0,CJ McCollum,30.0,POR,SG,36.0,36.0,35.2,8.1,18.5,0.436,3.1,8.0,0.384,5.0,10.4,0.476,0.52,1.3,1.9,0.706,0.9,3.3,4.3,4.5,1.0,0.6,1.9,2.1,20.5,,2022,1,35689739.0
27.0,James Harden,32.0,PHI,PG,21.0,21.0,37.7,5.5,13.6,0.402,2.2,6.7,0.326,3.3,6.9,0.476,0.483,7.9,8.9,0.892,0.6,6.5,7.1,10.5,1.2,0.2,3.4,2.3,21.0,,2022,1,51238730.0
30.0,Anthony Edwards,20.0,MIN,SG,72.0,72.0,34.3,7.6,17.3,0.441,3.0,8.4,0.357,4.6,8.9,0.519,0.527,3.1,3.9,0.786,0.9,3.9,4.8,3.8,1.5,0.6,2.6,2.3,21.3,,2022,1,11847335.0
31.0,Dejounte Murray,25.0,SAS,PG,68.0,68.0,34.8,8.4,18.3,0.462,1.4,4.3,0.327,7.0,13.9,0.504,0.5,2.9,3.6,0.794,1.2,7.1,8.3,9.2,2.0,0.3,2.6,2.0,21.1,AS,2022,1,17841147.0
32.0,Tyler Herro,22.0,MIA,SG,66.0,10.0,32.6,7.6,17.0,0.447,2.7,6.7,0.399,4.9,10.3,0.477,0.525,2.9,3.3,0.868,0.5,4.5,5.0,4.0,0.7,0.1,2.6,1.4,20.7,6MOY-1,2022,1,4630339.0
33.0,Klay Thompson,31.0,GSW,SG,32.0,32.0,29.4,7.7,17.9,0.429,3.6,9.3,0.385,4.1,8.7,0.477,0.529,1.4,1.6,0.902,0.5,3.4,3.9,2.8,0.5,0.5,1.3,1.7,20.4,,2022,1,43918911.0
34.0,Fred VanVleet,27.0,TOR,PG,65.0,65.0,37.9,6.8,16.9,0.403,3.7,9.9,0.377,3.1,7.0,0.44,0.513,3.0,3.4,0.874,0.7,3.8,4.4,6.7,1.7,0.5,2.6,2.5,20.3,AS,2022,1,22752208.0
35.0,Kristaps Porzingis,26.0,2TM,PF,51.0,51.0,29.0,6.9,15.0,0.459,1.5,4.9,0.31,5.4,10.1,0.532,0.51,4.9,5.6,0.867,2.0,6.1,8.1,2.3,0.7,1.6,1.6,2.7,20.2,,2022,1,36599093.0
36.0,Miles Bridges,23.0,CHO,PF,80.0,80.0,35.5,7.5,15.2,0.491,1.9,5.8,0.331,5.5,9.4,0.59,0.554,3.3,4.2,0.802,1.1,5.9,7.0,3.8,0.9,0.8,1.9,2.4,20.2,,2022,1,6269130.0
37.0,LaMelo Ball,20.0,CHO,PG,75.0,75.0,32.3,7.2,16.7,0.429,2.9,7.5,0.389,4.2,9.2,0.462,0.517,2.8,3.2,0.872,1.4,5.2,6.7,7.6,1.6,0.4,3.3,3.2,20.1,AS,2022,1,9518775.0
39.0,Julius Randle,27.0,NYK,PF,72.0,72.0,35.3,7.1,17.3,0.411,1.7,5.4,0.308,5.4,11.9,0.458,0.459,4.2,5.6,0.756,1.7,8.2,9.9,5.1,0.7,0.5,3.4,2.8,20.1,,2022,1,22895681.0
42.0,Jerami Grant,27.0,DET,PF,47.0,47.0,31.9,6.3,14.9,0.426,1.9,5.4,0.358,4.4,9.5,0.465,0.491,4.6,5.5,0.838,0.6,3.5,4.1,2.4,0.9,1.0,1.8,2.3,19.2,,2022,0,23129841.0
43.0,Bam Adebayo,24.0,MIA,C,56.0,56.0,32.6,7.3,13.0,0.557,0.0,0.1,0.0,7.3,12.9,0.562,0.557,4.6,6.1,0.753,2.4,7.6,10.1,3.4,1.4,0.8,2.6,3.1,19.1,"DPOY-4,DEF2",2022,0,32497412.0
44.0,Malcolm Brogdon,29.0,IND,PG,36.0,36.0,33.5,6.8,15.1,0.448,1.6,5.2,0.312,5.1,9.9,0.518,0.501,4.0,4.6,0.856,0.9,4.2,5.1,5.9,0.8,0.4,2.1,2.0,19.1,,2022,0,25092741.0
45.0,Norman Powell,28.0,2TM,SG,45.0,41.0,32.4,6.2,13.4,0.461,2.4,5.6,0.419,3.8,7.8,0.491,0.549,4.2,5.2,0.811,0.4,2.8,3.2,2.1,0.9,0.5,1.5,2.4,19.0,,2022,0,17943324.0
46.0,Domantas Sabonis,25.0,2TM,PF,62.0,61.0,34.5,7.1,12.5,0.573,0.6,2.0,0.312,6.5,10.5,0.623,0.598,4.0,5.4,0.741,3.2,8.9,12.1,5.2,1.0,0.4,3.1,3.3,18.9,,2022,0,21392429.0
47.0,Jordan Poole,22.0,GSW,SG,76.0,51.0,30.0,6.2,13.9,0.448,2.8,7.6,0.364,3.5,6.3,0.55,0.548,3.2,3.5,0.925,0.4,3.0,3.4,4.0,0.8,0.3,2.5,2.7,18.5,,2022,0,2499375.0
49.0,Dillon Brooks,26.0,MEM,SF,32.0,31.0,27.7,7.1,16.4,0.432,1.4,4.7,0.309,5.7,11.8,0.48,0.475,2.8,3.3,0.849,0.9,2.3,3.2,2.8,1.1,0.3,1.6,3.3,18.4,,2022,0,14107439.0
50.0,Jrue Holiday,31.0,MIL,PG,67.0,64.0,33.0,7.1,14.2,0.501,2.0,4.8,0.411,5.2,9.4,0.547,0.57,2.0,2.7,0.761,1.0,3.5,4.5,6.8,1.6,0.4,2.7,2.0,18.3,"DPOY-8,DEF2",2022,0,36044894.0
52.0,Desmond Bane,23.0,MEM,SG,76.0,76.0,29.8,6.7,14.5,0.461,3.0,6.9,0.436,3.7,7.6,0.484,0.565,1.8,2.0,0.903,0.6,3.8,4.4,2.7,1.2,0.4,1.5,2.6,18.2,,2022,0,2351039.0
55.0,Christian Wood,26.0,HOU,C,68.0,67.0,30.8,6.5,12.9,0.501,1.9,4.9,0.39,4.5,8.0,0.57,0.576,3.0,4.9,0.623,1.6,8.5,10.1,2.3,0.8,1.0,1.9,2.5,17.9,,2022,0,15803416.0
57.0,Nikola Vucevic,31.0,CHI,C,73.0,73.0,33.1,7.5,15.8,0.473,1.4,4.5,0.314,6.1,11.3,0.537,0.518,1.3,1.7,0.76,1.9,9.1,11.0,3.2,1.0,1.0,1.9,2.5,17.6,,2022,0,27752340.0
58.0,Tyrese Maxey,21.0,PHI,PG,75.0,74.0,35.3,6.4,13.3,0.485,1.8,4.1,0.427,4.7,9.1,0.512,0.552,2.8,3.3,0.866,0.3,2.9,3.2,4.3,0.7,0.4,1.2,2.1,17.5,,2022,0,3009880.0
59.0,Cade Cunningham,20.0,DET,SG,64.0,64.0,32.6,6.7,16.1,0.416,1.8,5.7,0.314,4.9,10.4,0.472,0.471,2.2,2.6,0.845,0.9,4.6,5.5,5.6,1.2,0.7,3.7,3.1,17.4,ROY-3,2022,0,11621431.0
60.0,Jalen Green,19.0,HOU,SG,67.0,67.0,31.9,6.1,14.2,0.426,2.3,6.8,0.343,3.7,7.4,0.502,0.508,2.8,3.5,0.797,0.5,2.9,3.4,2.6,0.7,0.3,2.0,1.5,17.3,ROY-4,2022,0,10397969.0
61.0,Anfernee Simons,22.0,POR,SG,57.0,30.0,29.5,6.2,14.0,0.443,3.1,7.8,0.405,3.1,6.2,0.49,0.555,1.8,2.0,0.888,0.5,2.2,2.6,3.9,0.5,0.1,2.0,1.9,17.3,,2022,0,4554642.0
62.0,Deandre Ayton,23.0,PHO,C,58.0,58.0,29.5,7.6,12.0,0.634,0.1,0.3,0.368,7.5,11.7,0.642,0.639,1.8,2.4,0.746,2.6,7.7,10.2,1.4,0.7,0.7,1.6,2.4,17.2,,2022,0,14608080.0
63.0,Luguentz Dort,22.0,OKC,SG,51.0,51.0,32.6,5.7,14.2,0.404,2.5,7.7,0.332,3.2,6.6,0.487,0.493,3.2,3.7,0.843,0.7,3.4,4.2,1.7,0.9,0.4,1.7,2.9,17.2,,2022,0,2061329.0
64.0,Tobias Harris,29.0,PHI,PF,73.0,73.0,34.8,6.8,14.0,0.482,1.4,3.8,0.367,5.4,10.2,0.525,0.532,2.3,2.8,0.842,1.1,5.7,6.8,3.5,0.6,0.6,1.6,2.2,17.2,,2022,0,41623828.0
68.0,Caris LeVert,27.0,2TM,SG,58.0,49.0,30.7,6.5,14.7,0.444,1.4,4.4,0.32,5.1,10.3,0.497,0.492,2.5,3.3,0.756,0.7,2.9,3.7,4.3,0.9,0.4,1.9,2.3,17.0,,2022,0,20236081.0
69.0,Keldon Johnson,22.0,SAS,SF,75.0,74.0,31.9,6.3,13.5,0.466,2.1,5.3,0.398,4.2,8.2,0.51,0.545,2.4,3.1,0.756,1.1,5.0,6.1,2.1,0.8,0.2,1.2,2.0,17.0,,2022,0,2481198.0
71.0,Harrison Barnes,29.0,SAC,PF,77.0,77.0,33.5,5.1,10.8,0.469,1.8,4.7,0.394,3.2,6.2,0.525,0.554,4.4,5.4,0.826,1.1,4.5,5.6,2.4,0.7,0.2,1.5,1.2,16.4,,2022,0,23455458.0
72.0,Cole Anthony,21.0,ORL,PG,65.0,65.0,31.7,5.5,14.0,0.391,2.0,6.0,0.338,3.5,8.0,0.432,0.464,3.3,3.9,0.854,0.5,4.9,5.4,5.7,0.7,0.3,2.6,2.6,16.3,,2022,0,3988705.0
73.0,Jalen Brunson,25.0,DAL,SG,79.0,61.0,31.9,6.4,12.8,0.502,1.2,3.2,0.373,5.2,9.6,0.545,0.549,2.3,2.7,0.84,0.5,3.4,3.9,4.8,0.8,0.0,1.6,1.9,16.3,,2022,0,2083804.0
74.0,Jaren Jackson Jr.,22.0,MEM,PF,78.0,78.0,27.3,5.5,13.3,0.415,1.6,5.1,0.319,3.9,8.1,0.476,0.477,3.6,4.4,0.823,1.5,4.3,5.8,1.1,0.9,2.3,1.7,3.5,16.3,"DPOY-5,DEF1",2022,0,
75.0,John Collins,24.0,ATL,PF,54.0,53.0,30.8,6.3,11.9,0.526,1.2,3.3,0.364,5.1,8.7,0.588,0.576,2.5,3.1,0.793,1.7,6.1,7.8,1.8,0.6,1.0,1.1,3.0,16.2,,2022,0,26595993.0
79.0,Collin Sexton,23.0,CLE,SG,11.0,11.0,28.7,6.2,13.7,0.45,1.0,4.1,0.244,5.2,9.6,0.538,0.487,2.6,3.5,0.744,1.2,2.1,3.3,2.1,0.9,0.0,2.8,2.3,16.0,,2022,0,7342426.0
81.0,Buddy Hield,29.0,2TM,SG,81.0,32.0,30.9,5.5,13.6,0.406,3.2,8.8,0.366,2.3,4.7,0.482,0.526,1.4,1.6,0.874,0.8,3.5,4.4,2.8,0.9,0.3,1.9,2.3,15.6,,2022,0,26680677.0
82.0,Rudy Gobert,29.0,UTA,C,66.0,66.0,32.1,5.5,7.7,0.713,0.0,0.1,0.0,5.5,7.6,0.718,0.713,4.6,6.7,0.69,3.7,11.0,14.7,1.1,0.7,2.1,1.8,2.7,15.6,"DPOY-3,AS,DEF1",2022,0,40870904.0
85.0,Tyrese Haliburton,21.0,2TM,PG,77.0,77.0,35.0,5.6,11.8,0.473,2.1,5.1,0.414,3.5,6.8,0.517,0.562,2.1,2.5,0.842,0.8,3.2,4.0,8.2,1.7,0.6,2.6,1.6,15.3,,2022,0,4652679.0
86.0,Scottie Barnes,20.0,TOR,PF,74.0,74.0,35.4,6.2,12.6,0.492,0.8,2.6,0.301,5.4,10.0,0.543,0.524,2.1,2.9,0.735,2.6,4.9,7.5,3.5,1.1,0.7,1.8,2.6,15.3,ROY-1,2022,0,8418672.0
87.0,Franz Wagner,20.0,ORL,SF,79.0,79.0,30.7,5.8,12.3,0.468,1.2,3.4,0.354,4.6,8.9,0.511,0.517,2.4,2.8,0.863,1.1,3.4,4.5,2.9,0.9,0.4,1.5,2.1,15.2,ROY-5,2022,0,5790803.0
90.0,Seth Curry,31.0,2TM,SG,64.0,64.0,33.4,5.6,11.5,0.487,2.5,5.8,0.422,3.2,5.7,0.553,0.594,1.3,1.5,0.872,0.3,2.8,3.1,3.6,0.8,0.2,1.7,2.3,15.0,,2022,0,9490743.0
92.0,Evan Mobley,20.0,CLE,PF,69.0,69.0,33.8,6.1,12.0,0.508,0.3,1.3,0.25,5.8,10.7,0.541,0.522,2.4,3.7,0.663,2.1,6.2,8.3,2.5,0.8,1.7,1.9,2.1,15.0,ROY-2,2022,0,9337691.0
94.0,Kelly Oubre Jr.,26.0,CHO,SF,76.0,13.0,26.3,5.4,12.3,0.44,2.5,7.3,0.345,2.9,5.0,0.578,0.542,1.7,2.5,0.667,1.0,2.9,4.0,1.1,1.0,0.4,0.9,2.5,15.0,6MOY-7,2022,0,
95.0,Josh Hart,26.0,2TM,SG,54.0,53.0,33.2,5.3,10.5,0.504,1.4,3.9,0.343,4.0,6.6,0.601,0.569,3.0,3.9,0.758,1.1,6.0,7.2,4.1,1.1,0.2,2.1,2.8,14.9,,2022,0,13876170.0
96.0,Lauri Markkanen,24.0,CLE,SF,61.0,61.0,30.8,5.1,11.5,0.445,2.2,6.2,0.358,2.9,5.3,0.548,0.542,2.3,2.6,0.868,1.0,4.7,5.7,1.3,0.7,0.5,0.9,2.1,14.8,,2022,0,18144143.0
98.0,Jaylen Hoard,22.0,OKC,SF,7.0,5.0,34.3,6.3,12.9,0.489,1.3,3.6,0.36,5.0,9.3,0.538,0.539,0.9,2.0,0.429,4.3,7.7,12.0,2.4,0.9,0.7,1.1,2.0,14.7,,2022,0,221856.0
99.0,Chris Paul,36.0,PHO,PG,65.0,65.0,32.9,5.6,11.3,0.493,1.0,3.1,0.317,4.6,8.3,0.559,0.536,2.6,3.1,0.837,0.3,4.0,4.4,10.8,1.9,0.3,2.4,2.1,14.7,"MVP-9,AS,NBA3",2022,0,35615504.0
100.0,Bobby Portis,26.0,MIL,C,72.0,59.0,28.2,5.8,12.1,0.479,1.8,4.7,0.393,3.9,7.4,0.533,0.555,1.2,1.6,0.752,2.5,6.6,9.1,1.2,0.7,0.7,1.3,2.4,14.6,,2022,0,5027336.0
102.0,Tim Hardaway Jr.,29.0,DAL,SG,42.0,20.0,29.6,5.0,12.6,0.394,2.4,7.2,0.336,2.5,5.4,0.473,0.491,1.9,2.5,0.757,0.3,3.4,3.7,2.2,0.9,0.1,0.8,1.8,14.2,,2022,0,
104.0,Malik Monk,23.0,LAL,SG,76.0,37.0,28.1,5.1,10.9,0.473,2.3,5.8,0.391,2.9,5.1,0.568,0.578,1.2,1.5,0.795,0.5,2.9,3.4,2.9,0.8,0.4,1.6,1.8,13.8,,2022,0,2069001.0
105.0,Spencer Dinwiddie,28.0,2TM,PG,67.0,51.0,29.6,4.6,11.0,0.416,1.7,4.9,0.339,2.9,6.0,0.479,0.493,2.9,3.8,0.774,0.7,3.5,4.2,5.2,0.7,0.2,1.6,2.2,13.7,,2022,0,22334024.0
108.0,Dennis Schroder,28.0,2TM,PG,64.0,29.0,28.7,4.9,11.3,0.431,1.3,3.9,0.344,3.5,7.4,0.477,0.49,2.5,2.9,0.853,0.5,2.8,3.3,4.6,0.8,0.1,2.2,2.4,13.5,,2022,0,
113.0,Carmelo Anthony,37.0,LAL,PF,69.0,3.0,26.0,4.6,10.5,0.441,2.2,5.8,0.375,2.5,4.7,0.521,0.544,1.9,2.3,0.83,0.9,3.3,4.2,1.0,0.7,0.8,0.9,2.4,13.3,,2022,0,3054712.0
114.0,Derrick White,27.0,2TM,SG,75.0,52.0,29.3,4.5,10.7,0.421,1.5,4.9,0.312,3.0,5.7,0.515,0.493,2.7,3.1,0.864,0.5,3.0,3.5,4.9,0.9,0.8,1.6,2.3,13.2,,2022,0,18129876.0
115.0,Kentavious Caldwell-Pope,28.0,WAS,SG,77.0,77.0,30.2,4.7,10.8,0.435,2.1,5.3,0.39,2.6,5.5,0.48,0.531,1.8,2.0,0.89,0.5,2.9,3.4,1.9,1.1,0.3,1.3,1.8,13.2,,2022,0,15077455.0
116.0,Montrezl Harrell,28.0,2TM,C,71.0,3.0,23.1,5.0,7.8,0.645,0.1,0.2,0.235,5.0,7.6,0.658,0.649,3.0,4.2,0.716,2.1,4.0,6.1,2.0,0.4,0.6,1.0,1.9,13.1,6MOY-9,2022,0,11240738.0
117.0,Chris Duarte,24.0,IND,SG,55.0,39.0,28.0,4.9,11.3,0.432,1.7,4.6,0.369,3.2,6.7,0.475,0.507,1.6,2.0,0.804,0.7,3.4,4.1,2.1,1.0,0.2,1.6,1.7,13.1,,2022,0,4335609.0
118.0,Ricky Rubio,31.0,CLE,PG,34.0,8.0,28.5,4.4,12.1,0.363,1.7,5.1,0.339,2.6,7.0,0.38,0.434,2.6,3.0,0.854,0.4,3.7,4.1,6.6,1.4,0.2,2.6,2.2,13.1,,2022,0,20582986.0
119.0,Lonzo Ball,24.0,CHI,PG,35.0,35.0,34.6,4.6,10.9,0.423,3.1,7.4,0.423,1.5,3.5,0.423,0.567,0.6,0.8,0.75,1.0,4.4,5.4,5.1,1.8,0.9,2.3,2.4,13.0,,2022,0,21513442.0
121.0,Myles Turner,25.0,IND,C,42.0,42.0,29.4,4.8,9.4,0.509,1.5,4.4,0.333,3.3,5.0,0.662,0.587,1.9,2.5,0.752,1.5,5.5,7.1,1.0,0.7,2.8,1.3,2.8,12.9,,2022,0,20814255.0
122.0,Brandon Williams,22.0,POR,PG,24.0,16.0,26.7,4.4,11.8,0.372,1.3,4.4,0.292,3.1,7.3,0.42,0.427,2.8,4.0,0.701,0.8,2.3,3.1,3.9,1.0,0.4,2.4,2.2,12.9,,2022,0,209065.0
123.0,Coby White,21.0,CHI,PG,61.0,17.0,27.5,4.6,10.6,0.433,2.2,5.8,0.385,2.3,4.8,0.491,0.539,1.3,1.5,0.857,0.3,2.7,3.0,2.9,0.5,0.2,1.1,2.2,12.7,,2022,0,6750479.0
125.0,Josh Giddey,19.0,OKC,SF,54.0,54.0,31.5,5.2,12.4,0.419,1.0,3.9,0.263,4.2,8.5,0.492,0.461,1.0,1.5,0.709,1.8,6.0,7.8,6.4,0.9,0.4,3.2,1.6,12.5,,2022,0,6924209.0
127.0,Brook Lopez,33.0,MIL,C,13.0,11.0,22.9,4.7,10.1,0.466,1.5,4.1,0.358,3.2,6.0,0.538,0.538,1.5,1.8,0.87,1.5,2.6,4.1,0.5,0.6,1.2,0.9,2.6,12.4,,2022,0,15382110.0
128.0,Victor Oladipo,29.0,MIA,SG,8.0,1.0,21.6,4.4,9.1,0.479,1.9,4.5,0.417,2.5,4.6,0.541,0.582,1.8,2.4,0.737,0.4,2.5,2.9,3.5,0.6,0.1,2.0,1.6,12.4,,2022,0,2763255.0
129.0,Devin Vassell,21.0,SAS,SF,71.0,32.0,27.3,4.6,10.8,0.427,1.9,5.4,0.361,2.7,5.4,0.492,0.516,1.2,1.4,0.838,0.6,3.7,4.3,1.9,1.1,0.6,0.8,2.0,12.3,,2022,0,4897316.0
133.0,Lonnie Walker IV,23.0,SAS,SG,70.0,6.0,23.0,4.4,10.9,0.407,1.6,5.0,0.314,2.9,5.9,0.487,0.48,1.7,2.1,0.784,0.3,2.3,2.6,2.2,0.6,0.3,1.0,1.4,12.1,,2022,0,
137.0,Jalen Suggs,20.0,ORL,PG,48.0,45.0,27.2,4.1,11.4,0.361,0.9,4.1,0.214,3.3,7.3,0.443,0.4,2.6,3.4,0.773,0.5,3.0,3.6,4.4,1.2,0.4,3.0,3.0,11.8,,2022,0,7623706.0
138.0,Jae'Sean Tate,26.0,HOU,PF,78.0,77.0,26.4,4.7,9.3,0.498,0.8,2.6,0.312,3.8,6.8,0.569,0.541,1.7,2.4,0.707,1.7,3.7,5.4,2.8,0.9,0.5,1.8,3.7,11.8,,2022,0,1755313.0
140.0,Danilo Gallinari,33.0,ATL,PF,66.0,18.0,25.3,3.9,9.0,0.434,1.7,4.5,0.381,2.2,4.6,0.485,0.528,2.1,2.4,0.904,0.5,4.1,4.7,1.5,0.4,0.2,0.6,1.4,11.7,,2022,0,23676215.0
141.0,Kemba Walker,31.0,NYK,PG,37.0,37.0,25.6,4.0,10.0,0.403,2.0,5.4,0.367,2.1,4.6,0.444,0.501,1.6,1.9,0.845,0.4,2.6,3.0,3.5,0.7,0.2,1.3,1.0,11.6,,2022,0,40434514.0
143.0,Cameron Oliver,25.0,ATL,SF,2.0,0.0,21.5,5.0,7.5,0.667,0.5,1.5,0.333,4.5,6.0,0.75,0.7,1.0,1.5,0.667,1.0,2.0,3.0,1.5,0.5,0.5,0.0,2.5,11.5,,2022,0,98957.0
145.0,Marvin Bagley III,22.0,2TM,PF,48.0,25.0,24.0,4.7,9.3,0.504,0.5,2.0,0.237,4.2,7.3,0.579,0.53,1.4,2.1,0.663,2.2,4.9,7.0,0.8,0.5,0.4,0.8,1.9,11.3,,2022,0,
147.0,Joe Harris,30.0,BRK,SF,14.0,14.0,30.2,4.0,8.9,0.452,2.9,6.3,0.466,1.1,2.6,0.417,0.617,0.4,0.4,0.833,0.4,3.6,4.0,1.0,0.5,0.1,1.1,2.2,11.3,,2022,0,20070889.0
150.0,Grayson Allen,26.0,MIL,SG,66.0,61.0,27.3,3.9,8.6,0.448,2.4,5.9,0.409,1.5,2.7,0.533,0.588,1.0,1.1,0.865,0.5,2.9,3.4,1.5,0.7,0.3,0.7,1.5,11.1,,2022,0,4688636.0
151.0,Clint Capela,27.0,ATL,C,74.0,73.0,27.6,5.0,8.2,0.613,0.0,0.0,0.0,5.0,8.1,0.614,0.613,1.1,2.3,0.473,3.8,8.1,11.9,1.2,0.7,1.3,0.6,2.2,11.1,,2022,0,20355703.0
155.0,Zavier Simpson,24.0,OKC,PG,4.0,4.0,43.5,4.8,13.0,0.365,0.3,2.0,0.125,4.5,11.0,0.409,0.375,1.3,1.3,1.0,0.5,4.8,5.3,7.5,1.3,1.0,2.5,3.8,11.0,,2022,0,43042.0
156.0,Duncan Robinson,27.0,MIA,SG,79.0,68.0,25.9,3.7,9.2,0.399,2.9,7.9,0.372,0.7,1.3,0.569,0.559,0.6,0.8,0.836,0.3,2.3,2.6,1.6,0.5,0.2,0.8,2.5,10.9,,2022,0,18096838.0
158.0,Markelle Fultz,23.0,ORL,PG,18.0,3.0,20.0,4.6,9.7,0.474,0.2,0.9,0.235,4.4,8.8,0.5,0.486,1.4,1.7,0.806,0.2,2.5,2.7,5.5,1.1,0.3,2.2,1.2,10.8,,2022,0,19079734.0
160.0,De'Anthony Melton,23.0,MEM,SG,73.0,15.0,22.7,3.8,9.5,0.404,1.9,5.1,0.374,1.9,4.4,0.44,0.504,1.2,1.6,0.75,0.9,3.6,4.5,2.7,1.4,0.5,1.5,1.8,10.8,6MOY-8,2022,0,10182768.0
162.0,Melvin Frazier,25.0,OKC,SG,3.0,0.0,40.0,4.3,16.0,0.271,0.3,7.0,0.048,4.0,9.0,0.444,0.281,1.7,2.3,0.714,1.7,2.7,4.3,0.3,0.3,0.0,1.0,2.7,10.7,,2022,0,15372.0
163.0,Cedi Osman,26.0,CLE,SF,66.0,3.0,22.2,3.7,8.7,0.432,1.9,5.4,0.357,1.8,3.2,0.559,0.544,1.3,2.0,0.664,0.4,1.8,2.2,2.0,0.8,0.2,1.0,1.9,10.7,,2022,0,9404960.0
164.0,Nickeil Alexander-Walker,23.0,2TM,SG,65.0,21.0,22.6,3.9,10.5,0.372,1.6,5.2,0.311,2.3,5.3,0.433,0.449,1.2,1.7,0.743,0.6,2.3,2.9,2.4,0.7,0.4,1.4,1.6,10.6,,2022,0,3771404.0
166.0,Frank Jackson,23.0,DET,PG,53.0,7.0,22.0,3.7,9.1,0.402,1.6,5.3,0.308,2.0,3.8,0.529,0.491,1.6,2.0,0.827,0.4,1.3,1.6,1.0,0.5,0.2,0.7,1.7,10.6,,2022,0,3469042.0
168.0,Max Strus,25.0,MIA,SF,68.0,16.0,23.3,3.7,8.3,0.441,2.7,6.5,0.41,1.0,1.8,0.557,0.602,0.6,0.8,0.792,0.4,2.6,3.0,1.4,0.4,0.2,0.8,1.7,10.6,,2022,0,1930149.0
169.0,Trey Lyles,26.0,2TM,PF,75.0,23.0,20.5,3.5,7.5,0.466,0.9,2.8,0.321,2.6,4.7,0.552,0.526,2.6,3.2,0.802,1.2,3.9,5.1,1.2,0.4,0.4,1.0,1.6,10.5,,2022,0,2890868.0
170.0,Brandon Clarke,25.0,MEM,PF,64.0,1.0,19.5,4.5,7.0,0.644,0.1,0.3,0.227,4.4,6.6,0.666,0.65,1.3,2.0,0.654,2.1,3.2,5.3,1.3,0.6,1.1,0.5,1.9,10.4,6MOY-11,2022,0,3153220.0
176.0,Ivica Zubac,24.0,LAC,C,76.0,76.0,24.4,4.1,6.5,0.626,0.0,0.0,,4.1,6.5,0.626,0.626,2.2,3.0,0.727,2.9,5.6,8.5,1.6,0.5,1.0,1.5,2.7,10.3,,2022,0,8694019.0
177.0,Josh Richardson,28.0,2TM,SG,65.0,7.0,24.6,3.6,8.2,0.438,1.6,3.8,0.415,2.0,4.4,0.458,0.534,1.5,1.7,0.889,0.6,2.2,2.8,1.8,0.9,0.4,1.0,1.8,10.2,,2022,0,13431355.0
178.0,Al Horford,35.0,BOS,C,69.0,69.0,29.1,3.9,8.2,0.467,1.3,3.8,0.336,2.6,4.4,0.582,0.546,1.2,1.4,0.842,1.6,6.1,7.7,3.4,0.7,1.3,0.9,1.9,10.2,DPOY-9,2022,0,31221383.0
180.0,Cam Reddish,22.0,2TM,SF,49.0,7.0,20.7,3.4,8.3,0.404,1.3,3.8,0.359,2.0,4.6,0.442,0.485,2.1,2.3,0.902,0.5,1.6,2.1,1.0,1.0,0.3,1.2,1.2,10.1,,2022,0,5400328.0
181.0,Justin Holiday,32.0,2TM,SF,74.0,65.0,27.8,3.5,8.9,0.394,2.4,6.5,0.367,1.1,2.4,0.467,0.528,0.7,0.8,0.806,0.4,2.2,2.6,1.7,0.8,0.4,0.9,2.1,10.1,,2022,0,6945508.0
183.0,Isaiah Roby,23.0,OKC,PF,45.0,28.0,21.1,3.7,7.2,0.514,1.0,2.2,0.444,2.7,5.0,0.545,0.582,1.7,2.6,0.672,1.7,3.2,4.8,1.6,0.8,0.8,1.0,2.4,10.1,,2022,0,2061329.0
184.0,Devin Cannady,25.0,ORL,PG,5.0,0.0,29.0,3.0,8.8,0.341,3.0,7.4,0.405,0.0,1.4,0.0,0.511,1.0,1.4,0.714,0.2,1.0,1.2,2.0,1.0,0.6,1.0,1.8,10.0,,2022,0,214592.0
185.0,Talen Horton-Tucker,21.0,LAL,SG,60.0,19.0,25.2,3.7,9.0,0.416,0.8,3.0,0.269,2.9,5.9,0.492,0.462,1.7,2.1,0.8,0.6,2.6,3.2,2.7,1.0,0.5,1.4,2.5,10.0,,2022,0,10985301.0
188.0,Robert Williams,24.0,BOS,C,61.0,61.0,29.6,4.4,6.0,0.736,0.0,0.0,0.0,4.4,6.0,0.738,0.736,1.1,1.5,0.722,3.9,5.7,9.6,2.0,0.9,2.2,1.0,2.2,10.0,"DPOY-7,DEF2",2022,0,4234516.0
189.0,Eric Bledsoe,32.0,LAC,PG,54.0,29.0,25.2,3.6,8.7,0.421,0.9,3.0,0.313,2.7,5.6,0.479,0.475,1.6,2.2,0.761,0.5,2.9,3.4,4.2,1.3,0.4,2.1,1.6,9.9,,2022,0,20958799.0
190.0,Pat Connaughton,29.0,MIL,SF,65.0,19.0,26.0,3.5,7.6,0.458,2.2,5.7,0.395,1.2,1.9,0.643,0.605,0.7,0.8,0.833,0.7,3.5,4.2,1.3,0.9,0.2,0.5,1.3,9.9,,2022,0,6167187.0
191.0,Michael Porter Jr.,23.0,DEN,SF,9.0,9.0,29.4,4.1,11.4,0.359,1.1,5.3,0.208,3.0,6.1,0.491,0.408,0.6,1.0,0.556,1.0,5.6,6.6,1.9,1.1,0.2,1.3,1.8,9.9,,2022,0,
192.0,Duane Washington Jr.,21.0,IND,PG,48.0,7.0,20.2,3.6,8.9,0.405,1.7,4.5,0.377,1.9,4.4,0.434,0.5,1.0,1.3,0.754,0.1,1.6,1.7,1.8,0.5,0.1,1.2,1.4,9.9,,2022,0,
193.0,Nassir Little,21.0,POR,SF,42.0,23.0,25.9,3.5,7.5,0.46,1.2,3.7,0.331,2.2,3.8,0.584,0.541,1.6,2.2,0.734,1.4,4.2,5.6,1.3,0.6,0.9,1.0,2.0,9.8,,2022,0,2678378.0
194.0,Alperen Sengun,19.0,HOU,C,72.0,13.0,20.7,3.5,7.3,0.474,0.4,1.6,0.248,3.1,5.7,0.539,0.502,2.3,3.2,0.711,1.9,3.5,5.5,2.6,0.8,0.9,2.0,3.0,9.6,,2022,0,3717287.0
196.0,Herbert Jones,23.0,NOP,PF,78.0,69.0,29.9,3.5,7.4,0.476,0.7,2.2,0.337,2.8,5.2,0.533,0.525,1.8,2.1,0.84,1.3,2.5,3.8,2.1,1.7,0.8,1.3,3.1,9.5,ROY-6,2022,0,
197.0,Chris Boucher,29.0,TOR,SF,80.0,9.0,21.1,3.4,7.2,0.464,0.9,2.9,0.297,2.5,4.4,0.575,0.523,1.9,2.4,0.777,2.2,3.9,6.2,0.3,0.6,0.9,0.5,2.2,9.4,,2022,0,8117559.0
200.0,Jaxson Hayes,21.0,NOP,C,70.0,28.0,20.0,3.5,5.7,0.616,0.3,0.8,0.351,3.2,4.9,0.66,0.641,2.1,2.7,0.766,1.6,2.9,4.5,0.6,0.5,0.8,0.8,2.2,9.3,,2022,0,6184470.0
201.0,Jonathan Kuminga,19.0,GSW,SF,70.0,12.0,16.9,3.4,6.6,0.513,0.7,2.1,0.336,2.7,4.4,0.598,0.567,1.9,2.7,0.684,0.8,2.6,3.3,0.9,0.4,0.3,1.1,2.1,9.3,,2022,0,6321011.0
202.0,Jalen Smith,21.0,2TM,PF,51.0,8.0,18.1,3.5,6.9,0.503,0.8,2.4,0.328,2.7,4.5,0.596,0.56,1.5,2.0,0.765,2.0,4.0,6.0,0.5,0.3,0.8,0.8,1.9,9.2,,2022,0,5154997.0
203.0,Reggie Perry,21.0,2TM,PF,10.0,1.0,18.7,4.0,7.9,0.506,0.3,1.6,0.188,3.7,6.3,0.587,0.525,0.9,1.5,0.6,1.5,3.2,4.7,1.2,0.9,0.6,1.1,3.3,9.2,,2022,0,217706.0
206.0,Jaden McDaniels,21.0,MIN,PF,70.0,31.0,25.8,3.6,7.9,0.46,1.1,3.6,0.317,2.5,4.3,0.579,0.532,0.8,1.0,0.803,1.1,3.1,4.2,1.1,0.7,0.8,1.1,3.2,9.2,,2022,0,2385868.0
210.0,Oshae Brissett,23.0,IND,SF,67.0,25.0,23.3,3.1,7.6,0.411,1.2,3.5,0.35,1.9,4.0,0.465,0.493,1.7,2.4,0.695,1.6,3.7,5.3,1.1,0.7,0.4,0.8,1.7,9.1,,2022,0,1967632.0
211.0,Willy Hernangomez,27.0,NOP,C,50.0,8.0,16.8,3.4,6.5,0.52,0.1,0.2,0.333,3.3,6.3,0.527,0.526,2.2,2.8,0.773,2.9,3.9,6.8,1.3,0.4,0.4,1.0,1.9,9.1,,2022,0,2691075.0
213.0,Donte DiVincenzo,25.0,2TM,SG,42.0,1.0,24.0,2.8,8.0,0.351,1.8,5.2,0.339,1.0,2.8,0.373,0.461,1.7,2.0,0.843,1.0,3.1,4.0,2.8,1.1,0.2,1.7,1.6,9.0,,2022,0,5406884.0
214.0,DeMarcus Cousins,31.0,2TM,C,48.0,7.0,15.0,3.1,6.8,0.46,0.8,2.5,0.303,2.3,4.2,0.554,0.517,2.0,2.6,0.76,1.5,4.1,5.6,1.5,0.7,0.4,1.8,2.9,9.0,,2022,0,2357725.0
216.0,Amir Coffey,24.0,LAC,SG,69.0,30.0,22.7,3.1,6.8,0.453,1.4,3.7,0.378,1.7,3.1,0.542,0.556,1.5,1.7,0.863,0.4,2.5,2.9,1.8,0.6,0.2,0.7,1.3,9.0,,2022,0,663253.0
217.0,Obi Toppin,23.0,NYK,PF,72.0,10.0,17.1,3.5,6.6,0.531,0.7,2.3,0.308,2.8,4.2,0.655,0.586,1.3,1.7,0.758,1.0,2.8,3.7,1.1,0.3,0.5,0.8,1.4,9.0,,2022,0,5903339.0
218.0,Moritz Wagner,24.0,ORL,C,63.0,3.0,15.2,3.1,6.3,0.497,1.0,3.2,0.328,2.1,3.1,0.672,0.581,1.7,2.0,0.806,0.7,3.0,3.7,1.4,0.3,0.2,0.9,2.0,9.0,,2022,0,1999575.0
219.0,Patrick Williams,20.0,CHI,PF,17.0,9.0,24.8,3.2,6.0,0.529,0.9,1.7,0.517,2.3,4.3,0.534,0.603,1.8,2.4,0.732,1.0,3.1,4.1,0.9,0.5,0.5,0.9,1.6,9.0,,2022,0,8582411.0
221.0,Bryn Forbes,28.0,2TM,SG,75.0,2.0,17.1,3.1,7.2,0.429,1.6,3.9,0.414,1.5,3.3,0.447,0.542,1.1,1.2,0.908,0.1,1.1,1.2,1.0,0.3,0.1,0.7,1.3,8.8,,2022,0,5203563.0
222.0,Ayo Dosunmu,22.0,CHI,SG,77.0,40.0,27.4,3.6,6.9,0.52,0.9,2.4,0.376,2.7,4.5,0.596,0.585,0.7,1.0,0.679,0.4,2.4,2.8,3.3,0.8,0.4,1.4,2.4,8.8,,2022,0,1069919.0
224.0,Isaac Okoro,21.0,CLE,SF,67.0,61.0,29.6,3.1,6.4,0.48,0.8,2.3,0.35,2.3,4.1,0.555,0.544,1.8,2.3,0.768,1.1,1.9,3.0,1.8,0.8,0.3,0.9,2.4,8.8,,2022,0,7771488.0
225.0,Nic Claxton,22.0,BRK,C,47.0,19.0,20.7,3.8,5.6,0.674,0.0,0.0,,3.8,5.6,0.674,0.674,1.1,2.0,0.581,1.9,3.7,5.6,0.9,0.5,1.1,0.8,2.3,8.7,,2022,0,
226.0,Tyus Jones,25.0,MEM,PG,73.0,23.0,21.2,3.4,7.6,0.451,1.1,2.8,0.39,2.3,4.8,0.487,0.524,0.7,0.9,0.818,0.2,2.2,2.4,4.4,0.9,0.0,0.6,0.4,8.7,6MOY-11,2022,0,9685897.0
227.0,Dwight Powell,30.0,DAL,C,82.0,71.0,21.9,3.3,4.9,0.671,0.2,0.5,0.351,3.1,4.4,0.703,0.687,2.0,2.6,0.783,2.1,2.8,4.9,1.2,0.5,0.5,0.8,2.7,8.7,,2022,0,12812475.0
228.0,Gabe Vincent,25.0,MIA,PG,68.0,27.0,23.4,3.1,7.5,0.417,1.8,4.8,0.368,1.4,2.8,0.5,0.533,0.6,0.8,0.815,0.3,1.5,1.9,3.1,0.9,0.2,1.4,2.3,8.7,,2022,0,1930149.0
229.0,Reggie Bullock,30.0,DAL,SF,68.0,37.0,28.0,3.0,7.4,0.401,2.1,5.8,0.36,0.9,1.6,0.55,0.542,0.6,0.7,0.833,0.5,3.1,3.5,1.2,0.6,0.2,0.6,1.6,8.6,,2022,0,11026930.0
231.0,Robert Covington,31.0,2TM,PF,71.0,42.0,27.3,2.9,7.0,0.42,1.8,4.8,0.378,1.1,2.2,0.509,0.548,0.8,1.0,0.841,0.8,4.7,5.5,1.3,1.5,1.3,1.1,2.7,8.5,,2022,0,15004153.0
232.0,T.J. McConnell,29.0,IND,PG,27.0,8.0,24.1,3.7,7.7,0.481,0.4,1.2,0.303,3.3,6.5,0.514,0.505,0.7,0.9,0.826,0.7,2.6,3.3,4.9,1.1,0.4,1.1,2.0,8.5,,2022,0,
234.0,Mitchell Robinson,23.0,NYK,C,72.0,62.0,25.7,3.6,4.8,0.761,0.0,0.0,,3.6,4.8,0.761,0.761,1.2,2.5,0.486,4.1,4.5,8.6,0.5,0.8,1.8,0.8,2.7,8.5,,2022,0,2083804.0
235.0,Cam Thomas,20.0,BRK,SG,67.0,2.0,17.6,3.3,7.5,0.433,0.7,2.6,0.27,2.6,4.9,0.52,0.48,1.3,1.6,0.829,0.2,2.2,2.4,1.2,0.5,0.1,0.8,1.0,8.5,,2022,0,2354647.0
236.0,Isaiah Thomas,32.0,3TM,PG,22.0,1.0,15.1,3.0,7.6,0.401,1.3,3.8,0.337,1.8,3.8,0.464,0.485,1.0,1.2,0.846,0.2,1.1,1.3,1.5,0.3,0.2,0.7,1.5,8.4,,2022,0,1053345.0
236.0,Isaiah Thomas,32.0,LAL,PG,4.0,1.0,25.3,3.0,9.8,0.308,1.3,5.5,0.227,1.8,4.3,0.412,0.372,2.0,2.8,0.727,0.3,1.8,2.0,1.5,0.0,0.5,1.3,3.0,9.3,,2022,0,1053345.0
236.0,Isaiah Thomas,32.0,DAL,PG,1.0,0.0,13.0,3.0,8.0,0.375,0.0,3.0,0.0,3.0,5.0,0.6,0.375,0.0,0.0,,0.0,0.0,0.0,4.0,0.0,0.0,0.0,0.0,6.0,,2022,0,1053345.0
236.0,Isaiah Thomas,32.0,CHO,PG,17.0,0.0,12.9,3.1,7.1,0.433,1.4,3.4,0.397,1.7,3.6,0.468,0.529,0.8,0.9,0.933,0.2,1.1,1.2,1.4,0.4,0.2,0.6,1.3,8.3,,2022,0,1053345.0
237.0,Deni Avdija,21.0,WAS,SF,82.0,8.0,24.2,3.0,7.1,0.432,1.0,3.2,0.317,2.0,3.9,0.525,0.503,1.3,1.7,0.757,0.6,4.5,5.2,2.0,0.7,0.5,1.1,2.3,8.4,,2022,0,5426553.0
238.0,Lance Stephenson,31.0,2TM,SG,46.0,1.0,17.7,3.2,7.0,0.455,0.6,2.0,0.3,2.6,5.1,0.515,0.497,1.4,1.7,0.788,0.3,2.5,2.8,3.6,0.5,0.1,1.6,2.1,8.3,,2022,0,1867297.0
241.0,Isaiah Jackson,20.0,IND,C,36.0,15.0,15.0,3.2,5.7,0.563,0.1,0.4,0.313,3.1,5.3,0.584,0.575,1.7,2.4,0.682,1.7,2.5,4.1,0.3,0.7,1.4,1.1,2.6,8.3,,2022,0,2834485.0
242.0,Naz Reid,22.0,MIN,C,77.0,6.0,15.8,3.0,6.2,0.489,0.7,2.2,0.343,2.3,4.0,0.568,0.549,1.5,1.9,0.765,1.3,2.6,3.9,0.9,0.5,0.9,1.1,2.2,8.3,,2022,0,2061329.0
243.0,Landry Shamet,24.0,PHO,SG,69.0,14.0,20.8,2.8,7.0,0.394,1.8,4.8,0.368,1.0,2.2,0.45,0.521,1.0,1.2,0.84,0.2,1.6,1.8,1.6,0.4,0.1,0.6,1.3,8.3,,2022,0,4357512.0
244.0,Isaiah Stewart,20.0,DET,C,71.0,71.0,25.6,3.5,6.9,0.51,0.2,0.6,0.326,3.3,6.3,0.529,0.526,1.0,1.5,0.718,3.2,5.5,8.7,1.2,0.3,1.1,1.2,3.0,8.3,,2022,0,3789443.0
245.0,Aaron Wiggins,23.0,OKC,SG,50.0,35.0,24.2,3.1,6.7,0.463,0.8,2.8,0.304,2.3,4.0,0.573,0.525,1.2,1.7,0.729,1.0,2.5,3.6,1.4,0.6,0.2,1.1,1.9,8.3,,2022,0,1509913.0
246.0,Daniel Theis,29.0,2TM,C,47.0,27.0,20.8,3.2,6.2,0.519,0.7,2.3,0.308,2.5,3.9,0.641,0.576,1.0,1.5,0.681,1.3,3.6,4.9,0.9,0.4,0.7,1.0,2.4,8.2,,2022,0,9574963.0
247.0,Corey Kispert,22.0,WAS,SF,77.0,36.0,23.4,3.0,6.7,0.455,1.5,4.2,0.35,1.6,2.5,0.629,0.564,0.7,0.8,0.871,0.7,2.0,2.7,1.1,0.5,0.3,0.6,1.2,8.2,,2022,0,3912663.0
249.0,Onyeka Okongwu,21.0,ATL,C,48.0,6.0,20.7,3.3,4.7,0.69,0.0,0.0,,3.3,4.7,0.69,0.69,1.7,2.3,0.727,2.4,3.5,5.9,1.1,0.6,1.3,0.9,3.1,8.2,,2022,0,7058669.0
251.0,Hassan Whiteside,32.0,UTA,C,65.0,8.0,17.9,3.3,5.1,0.652,0.0,0.0,,3.3,5.1,0.652,0.652,1.6,2.6,0.623,2.6,5.0,7.6,0.4,0.3,1.6,0.8,2.8,8.2,,2022,0,2777011.0
252.0,Rudy Gay,35.0,UTA,PF,55.0,1.0,18.9,2.9,6.9,0.414,1.3,3.7,0.345,1.6,3.2,0.494,0.507,1.1,1.4,0.785,1.0,3.4,4.4,1.0,0.5,0.3,0.9,1.7,8.1,,2022,0,6810886.0
254.0,Ziaire Williams,20.0,MEM,SF,62.0,31.0,21.7,3.1,6.8,0.45,1.2,3.9,0.314,1.9,2.9,0.632,0.54,0.7,0.9,0.782,0.4,1.7,2.1,1.0,0.6,0.2,0.7,1.8,8.1,,2022,0,5056754.0
257.0,Malik Newman,24.0,CLE,PG,1.0,0.0,8.0,3.0,5.0,0.6,0.0,1.0,0.0,3.0,4.0,0.75,0.6,2.0,2.0,1.0,0.0,1.0,1.0,1.0,0.0,0.0,1.0,0.0,8.0,,2022,0,98957.0
259.0,Andre Drummond,28.0,2TM,C,73.0,36.0,19.7,3.4,5.9,0.57,0.0,0.0,0.0,3.4,5.9,0.574,0.57,1.2,2.2,0.524,3.1,6.2,9.3,1.8,1.1,0.9,1.6,2.6,7.9,,2022,0,2777011.0
260.0,Josh Christopher,20.0,HOU,SG,74.0,2.0,18.0,3.0,6.8,0.448,0.8,2.6,0.296,2.3,4.2,0.54,0.504,1.1,1.5,0.735,0.7,1.8,2.5,2.0,0.9,0.2,1.5,1.3,7.9,,2022,0,2612466.0
264.0,Drew Eubanks,24.0,2TM,C,71.0,31.0,17.5,3.1,5.2,0.596,0.1,0.3,0.217,3.0,4.9,0.621,0.602,1.4,1.8,0.762,1.8,3.5,5.4,1.2,0.4,0.6,1.1,1.7,7.7,,2022,0,2590009.0
267.0,Kris Dunn,27.0,POR,PG,14.0,3.0,24.0,3.1,7.3,0.431,0.1,0.8,0.091,3.1,6.5,0.473,0.436,1.2,1.3,0.944,0.6,2.9,3.5,5.6,1.6,0.2,2.3,2.7,7.6,,2022,0,6148796.0
269.0,Furkan Korkmaz,24.0,PHI,SG,67.0,19.0,21.1,2.7,7.0,0.387,1.1,4.0,0.289,1.6,3.0,0.515,0.469,1.0,1.3,0.81,0.3,2.3,2.6,1.9,0.5,0.1,0.7,0.9,7.6,,2022,0,5353461.0
273.0,Trendon Watford,21.0,POR,SF,48.0,10.0,18.1,3.0,5.6,0.532,0.2,0.8,0.237,2.8,4.8,0.581,0.549,1.5,2.0,0.755,1.2,3.0,4.1,1.7,0.5,0.6,0.9,2.4,7.6,,2022,0,889034.0
274.0,Goran Dragic,35.0,2TM,PG,21.0,8.0,23.7,2.7,7.2,0.377,0.8,3.0,0.254,2.0,4.2,0.466,0.43,1.3,1.6,0.818,0.6,2.5,3.1,4.1,0.9,0.2,1.6,2.1,7.5,,2022,0,22374060.0
275.0,Draymond Green,31.0,GSW,PF,46.0,44.0,28.9,2.9,5.6,0.525,0.3,1.2,0.296,2.6,4.4,0.586,0.556,1.3,2.0,0.659,1.0,6.3,7.3,7.0,1.3,1.1,3.0,3.0,7.5,"DPOY-10,AS,DEF2",2022,0,27783229.0
276.0,Raul Neto,29.0,WAS,PG,70.0,19.0,19.6,2.9,6.3,0.463,0.5,1.7,0.292,2.4,4.6,0.526,0.502,1.2,1.5,0.769,0.2,1.7,1.9,3.1,0.8,0.0,1.1,1.5,7.5,,2022,0,2416128.0
277.0,Jeremiah Robinson-Earl,21.0,OKC,C,49.0,36.0,22.2,2.7,6.6,0.414,1.2,3.4,0.352,1.6,3.2,0.478,0.503,0.8,1.1,0.741,1.5,4.1,5.6,1.0,0.6,0.3,0.8,1.5,7.5,,2022,0,2312695.0
280.0,Alex Caruso,27.0,CHI,SG,41.0,18.0,28.0,2.5,6.2,0.398,1.0,3.1,0.333,1.5,3.2,0.462,0.48,1.4,1.8,0.795,0.8,2.8,3.6,4.0,1.7,0.4,1.4,2.6,7.4,,2022,0,9944588.0
281.0,Jared Harper,24.0,NOP,PG,5.0,0.0,8.6,2.8,5.2,0.538,1.0,2.4,0.417,1.8,2.8,0.643,0.635,0.8,0.8,1.0,0.4,0.0,0.4,2.8,0.8,0.2,0.4,1.0,7.4,,2022,0,98383.0
282.0,Damion Lee,29.0,GSW,SG,63.0,5.0,19.9,2.7,6.1,0.441,1.0,3.0,0.337,1.7,3.1,0.541,0.523,1.0,1.2,0.88,0.4,2.8,3.2,1.0,0.6,0.1,0.6,1.5,7.4,,2022,0,2209618.0
284.0,Kenrich Williams,27.0,OKC,SF,49.0,0.0,21.9,3.0,6.5,0.461,0.8,2.5,0.339,2.1,4.0,0.536,0.525,0.6,1.1,0.545,1.5,3.0,4.5,2.2,0.9,0.2,0.9,1.7,7.4,,2022,0,2312695.0
285.0,Jeremy Lamb,29.0,2TM,SF,56.0,0.0,16.7,2.4,6.2,0.383,1.0,3.0,0.324,1.4,3.2,0.441,0.463,1.6,1.9,0.84,0.5,2.3,2.8,1.4,0.6,0.4,0.7,1.1,7.3,,2022,0,12141649.0
288.0,Austin Reaves,23.0,LAL,SG,61.0,19.0,23.2,2.4,5.2,0.459,0.9,2.7,0.317,1.5,2.5,0.616,0.542,1.6,1.9,0.839,0.7,2.4,3.2,1.8,0.5,0.3,0.7,1.4,7.3,,2022,0,1069919.0
289.0,Keon Johnson,19.0,2TM,SG,37.0,12.0,18.8,2.6,7.4,0.353,0.9,2.7,0.34,1.7,4.6,0.36,0.415,1.1,1.4,0.804,0.6,1.5,2.2,2.1,0.8,0.3,1.2,1.9,7.2,,2022,0,2952432.0
290.0,Braxton Key,24.0,2TM,SF,11.0,0.0,17.9,3.0,6.5,0.458,0.5,1.9,0.286,2.5,4.6,0.529,0.5,0.6,1.2,0.538,1.2,3.4,4.5,1.0,0.9,1.0,1.0,2.4,7.2,,2022,0,147574.0
292.0,Joe Ingles,34.0,UTA,SF,45.0,15.0,24.9,2.6,6.3,0.404,1.7,5.0,0.347,0.8,1.3,0.617,0.54,0.4,0.5,0.773,0.3,2.6,2.9,3.5,0.5,0.1,1.0,1.8,7.2,,2022,0,15074567.0
293.0,Ty Jerome,24.0,OKC,SG,48.0,4.0,16.7,2.6,6.8,0.378,1.1,3.9,0.29,1.5,3.0,0.493,0.46,0.8,1.0,0.809,0.4,1.2,1.6,2.3,0.6,0.1,0.8,1.5,7.1,,2022,0,2790081.0
294.0,Robin Lopez,33.0,ORL,C,36.0,9.0,17.0,3.1,5.5,0.553,0.1,0.2,0.333,3.0,5.4,0.56,0.558,0.9,1.5,0.593,1.9,1.6,3.5,1.5,0.1,0.5,1.2,1.9,7.1,,2022,0,5781737.0
297.0,Larry Nance Jr.,29.0,2TM,PF,46.0,11.0,22.6,2.8,5.4,0.522,0.5,1.5,0.329,2.3,3.8,0.599,0.569,0.9,1.2,0.702,1.6,3.8,5.4,1.8,0.9,0.4,0.8,1.8,7.0,,2022,0,
299.0,Sekou Doumbouya,21.0,LAL,PF,2.0,0.0,8.0,2.5,4.0,0.625,0.5,1.0,0.5,2.0,3.0,0.667,0.688,1.5,2.0,0.75,1.0,2.0,3.0,0.0,1.5,1.0,1.0,0.5,7.0,,2022,0,4393114.0
300.0,Maxi Kleber,30.0,DAL,PF,59.0,21.0,24.6,2.4,6.0,0.398,1.4,4.3,0.325,1.0,1.7,0.586,0.516,0.8,1.1,0.708,1.2,4.7,5.9,1.2,0.5,1.0,0.8,2.3,7.0,6MOY-11,2022,0,10118040.0
301.0,Olivier Sarr,22.0,OKC,C,22.0,2.0,19.1,2.6,4.6,0.574,0.6,1.3,0.448,2.0,3.3,0.625,0.639,1.1,1.3,0.828,1.5,2.7,4.2,0.9,0.3,0.7,1.0,2.4,7.0,,2022,0,258257.0
302.0,Steven Adams,28.0,MEM,C,76.0,75.0,26.3,2.8,5.1,0.547,0.0,0.0,0.0,2.8,5.0,0.548,0.547,1.4,2.6,0.543,4.6,5.4,10.0,3.4,0.9,0.8,1.5,2.0,6.9,,2022,0,19742519.0
303.0,Killian Hayes,20.0,DET,PG,66.0,40.0,25.0,2.7,7.0,0.383,0.7,2.5,0.263,2.0,4.4,0.452,0.431,0.9,1.1,0.77,0.5,2.6,3.2,4.2,1.2,0.5,1.7,2.8,6.9,,2022,0,6443954.0
305.0,Serge Ibaka,32.0,2TM,C,54.0,12.0,16.2,2.7,5.5,0.5,0.7,1.8,0.374,2.1,3.6,0.563,0.563,0.6,0.8,0.727,1.1,3.5,4.6,0.9,0.2,0.6,0.8,1.9,6.8,,2022,0,11240738.0
307.0,Brandon Boston Jr.,20.0,LAC,SG,51.0,0.0,14.9,2.5,6.4,0.385,0.7,2.2,0.306,1.8,4.2,0.425,0.437,1.2,1.4,0.819,0.3,1.8,2.2,1.0,0.5,0.3,0.6,0.8,6.7,,2022,0,
308.0,Wayne Ellington,34.0,LAL,SG,43.0,9.0,18.8,2.3,5.5,0.414,1.9,4.9,0.389,0.4,0.6,0.615,0.586,0.2,0.3,0.818,0.2,1.6,1.8,0.7,0.5,0.1,0.4,1.0,6.7,,2022,0,3054712.0
309.0,Stanley Johnson,25.0,LAL,PF,48.0,27.0,22.8,2.4,5.2,0.466,0.7,2.2,0.314,1.8,3.0,0.575,0.532,1.1,1.5,0.716,0.7,2.5,3.2,1.7,0.9,0.3,0.7,2.3,6.7,,2022,0,1583036.0
310.0,Georgios Kalaitzakis,23.0,2TM,SF,13.0,4.0,16.5,2.4,5.2,0.463,0.8,2.0,0.385,1.6,3.2,0.512,0.537,1.1,2.3,0.467,0.5,1.2,1.6,0.9,0.8,0.2,1.5,1.5,6.6,,2022,0,578001.0
311.0,Torrey Craig,31.0,2TM,SF,78.0,16.0,20.5,2.6,5.7,0.454,1.0,3.0,0.329,1.6,2.7,0.594,0.541,0.5,0.7,0.75,1.1,2.9,4.0,1.2,0.6,0.5,0.9,1.9,6.6,,2022,0,5640719.0
312.0,Zeke Nnaji,21.0,DEN,PF,41.0,1.0,17.0,2.3,4.5,0.516,0.9,2.0,0.463,1.4,2.6,0.557,0.616,1.0,1.6,0.631,1.4,2.2,3.6,0.4,0.4,0.3,0.6,1.9,6.6,,2022,0,2889434.0
313.0,B.J. Johnson,26.0,ORL,SF,4.0,0.0,16.3,2.8,6.3,0.44,1.0,2.5,0.4,1.8,3.8,0.467,0.52,0.0,0.0,,1.5,2.3,3.8,0.0,0.0,0.3,0.0,1.0,6.5,,2022,0,
315.0,Josh Jackson,24.0,2TM,SF,51.0,3.0,16.3,2.4,5.9,0.4,0.6,2.5,0.254,1.7,3.3,0.512,0.455,1.1,1.5,0.714,0.4,2.4,2.8,1.1,0.5,0.4,0.9,1.7,6.4,,2022,0,5787924.0
316.0,Justin Anderson,28.0,2TM,SF,16.0,6.0,19.8,2.3,5.9,0.379,0.9,3.7,0.254,1.3,2.3,0.583,0.458,0.9,1.2,0.789,0.3,2.6,2.9,2.1,0.5,0.4,0.5,1.4,6.4,,2022,0,515532.0
318.0,JaMychal Green,31.0,DEN,PF,67.0,8.0,16.2,2.4,4.9,0.486,0.5,1.9,0.266,1.9,3.0,0.621,0.537,1.2,1.4,0.871,1.2,3.0,4.2,0.9,0.6,0.4,0.9,2.4,6.4,,2022,0,9482049.0
321.0,Isaiah Livers,23.0,DET,SF,19.0,5.0,20.2,2.2,4.7,0.456,1.4,3.4,0.422,0.7,1.4,0.538,0.606,0.6,0.7,0.857,0.8,2.2,3.0,1.1,0.7,0.4,0.8,1.9,6.4,,2022,0,1222559.0
322.0,Ish Smith,33.0,2TM,PG,65.0,1.0,17.3,2.8,6.6,0.43,0.4,1.0,0.373,2.5,5.6,0.441,0.459,0.2,0.4,0.625,0.4,1.8,2.2,3.8,0.7,0.4,1.2,1.2,6.3,,2022,0,
323.0,Aaron Holiday,25.0,2TM,PG,63.0,15.0,16.2,2.4,5.4,0.447,0.6,1.6,0.379,1.8,3.7,0.477,0.504,0.9,1.1,0.868,0.4,1.6,1.9,2.4,0.7,0.1,1.1,1.5,6.3,,2022,0,4602900.0
325.0,Hassani Gravett,25.0,ORL,PG,8.0,3.0,21.4,2.3,4.8,0.474,1.4,3.3,0.423,0.9,1.5,0.583,0.618,0.4,0.5,0.75,0.1,2.5,2.6,2.5,0.6,0.1,1.1,1.6,6.3,,2022,0,122979.0
328.0,Chaundee Brown Jr.,23.0,2TM,SG,5.0,2.0,20.8,2.0,6.4,0.313,1.2,3.6,0.333,0.8,2.8,0.286,0.406,1.0,1.2,0.833,0.2,3.0,3.2,0.8,0.4,0.0,0.2,1.4,6.2,,2022,0,
329.0,Thaddeus Young,33.0,2TM,PF,52.0,1.0,16.3,2.7,5.2,0.518,0.3,0.9,0.354,2.4,4.3,0.554,0.55,0.4,0.9,0.469,1.5,2.5,4.0,2.0,1.0,0.3,1.0,1.6,6.2,,2022,0,16408571.0
331.0,Dwight Howard,36.0,LAL,C,60.0,27.0,16.2,2.2,3.7,0.612,0.1,0.3,0.533,2.1,3.4,0.618,0.63,1.6,2.4,0.658,2.0,4.0,5.9,0.6,0.6,0.6,0.8,1.9,6.2,,2022,0,3054712.0
332.0,Vit Krejci,21.0,OKC,SG,30.0,8.0,23.0,2.3,5.6,0.407,1.1,3.3,0.327,1.2,2.3,0.522,0.503,0.6,0.7,0.864,0.6,2.8,3.4,1.9,0.6,0.3,1.0,2.2,6.2,,2022,0,1069919.0
334.0,Payton Pritchard,24.0,BOS,PG,71.0,2.0,14.1,2.3,5.3,0.429,1.4,3.5,0.412,0.8,1.8,0.461,0.564,0.3,0.3,1.0,0.5,1.4,1.9,2.0,0.4,0.1,0.6,0.9,6.2,,2022,0,2471623.0
335.0,Day'Ron Sharpe,20.0,BRK,PF,32.0,8.0,12.2,2.7,4.7,0.577,0.1,0.2,0.286,2.6,4.4,0.592,0.584,0.8,1.3,0.585,2.5,2.5,5.0,0.5,0.3,0.5,0.9,1.9,6.2,,2022,0,2323287.0
336.0,Jose Alvarado,23.0,NOP,PG,54.0,1.0,15.4,2.4,5.4,0.446,0.6,2.0,0.291,1.8,3.4,0.538,0.5,0.7,1.0,0.679,0.5,1.4,1.9,2.8,1.3,0.1,0.7,1.4,6.1,,2022,0,2226438.0
339.0,Tristan Thompson,30.0,3TM,C,57.0,6.0,15.7,2.5,4.7,0.528,0.0,0.1,0.333,2.5,4.6,0.53,0.53,1.1,2.0,0.526,2.1,2.9,5.1,0.6,0.4,0.4,0.8,1.7,6.0,,2022,0,11501738.0
339.0,Tristan Thompson,30.0,SAC,C,30.0,3.0,15.2,2.5,5.0,0.503,0.0,0.0,1.0,2.5,5.0,0.5,0.507,1.1,2.0,0.533,2.4,3.0,5.4,0.6,0.4,0.4,1.0,1.7,6.2,,2022,0,11501738.0
339.0,Tristan Thompson,30.0,IND,C,4.0,0.0,16.5,3.3,6.0,0.542,0.0,0.0,,3.3,6.0,0.542,0.542,0.8,2.0,0.375,1.8,2.8,4.5,0.5,0.0,0.5,1.0,1.8,7.3,,2022,0,11501738.0
339.0,Tristan Thompson,30.0,CHI,C,23.0,3.0,16.3,2.3,4.0,0.565,0.0,0.1,0.0,2.3,3.9,0.578,0.565,1.1,2.1,0.542,1.8,3.0,4.7,0.6,0.5,0.3,0.5,1.7,5.7,,2022,0,11501738.0
343.0,Kevon Looney,25.0,GSW,C,82.0,80.0,21.1,2.5,4.4,0.571,0.0,0.0,0.0,2.5,4.4,0.573,0.571,0.9,1.5,0.6,2.5,4.7,7.3,2.0,0.6,0.6,0.8,2.6,6.0,,2022,0,5988228.0
345.0,Danuel House Jr.,28.0,3TM,SF,42.0,7.0,17.3,1.9,4.7,0.404,1.0,2.8,0.376,0.9,1.9,0.444,0.515,1.0,1.4,0.759,0.4,2.2,2.6,1.0,0.5,0.4,0.8,1.2,5.9,,2022,0,
345.0,Danuel House Jr.,28.0,HOU,SF,16.0,1.0,14.6,1.6,4.6,0.338,0.6,2.1,0.294,0.9,2.5,0.375,0.405,1.1,1.2,0.895,0.3,2.4,2.7,1.2,0.3,0.3,1.1,1.0,4.8,,2022,0,
345.0,Danuel House Jr.,28.0,NYK,SF,1.0,0.0,3.0,0.0,1.0,0.0,0.0,1.0,0.0,0.0,0.0,,0.0,0.0,0.0,,0.0,0.0,0.0,0.0,0.0,0.0,0.0,0.0,0.0,,2022,0,
345.0,Danuel House Jr.,28.0,UTA,SF,25.0,6.0,19.6,2.2,4.9,0.447,1.4,3.3,0.415,0.8,1.6,0.512,0.585,1.1,1.6,0.692,0.6,2.2,2.7,1.0,0.6,0.5,0.6,1.4,6.8,,2022,0,
348.0,Kira Lewis Jr.,20.0,NOP,PG,24.0,0.0,14.2,2.5,6.1,0.404,0.5,2.4,0.224,1.9,3.7,0.523,0.449,0.4,0.5,0.833,0.4,1.3,1.6,2.0,0.5,0.0,1.1,0.7,5.9,,2022,0,
350.0,Carsen Edwards,23.0,DET,SG,4.0,0.0,19.8,2.3,7.5,0.3,1.0,4.0,0.25,1.3,3.5,0.357,0.367,0.3,0.3,1.0,0.5,1.0,1.5,3.5,0.5,0.0,1.3,1.0,5.8,,2022,0,2150071.0
351.0,CJ Elleby,21.0,POR,SF,58.0,28.0,20.2,2.1,5.3,0.393,0.6,2.2,0.294,1.4,3.1,0.462,0.453,1.0,1.4,0.714,1.1,2.8,3.9,1.5,0.6,0.3,1.0,2.0,5.8,,2022,0,1755313.0
352.0,Luka Garza,23.0,DET,C,32.0,5.0,12.2,2.1,4.6,0.449,0.5,1.5,0.327,1.6,3.1,0.51,0.503,1.2,1.9,0.623,1.8,1.3,3.1,0.6,0.3,0.2,0.6,1.7,5.8,,2022,0,1069919.0
353.0,Xavier Moon,27.0,LAC,SG,10.0,0.0,13.7,2.5,5.1,0.49,0.5,1.4,0.357,2.0,3.7,0.541,0.539,0.3,0.5,0.6,0.2,1.2,1.4,2.4,0.7,0.3,0.6,0.9,5.8,,2022,0,233661.0
354.0,Eric Paschall,25.0,UTA,PF,58.0,3.0,12.7,2.0,4.1,0.485,0.7,1.9,0.37,1.3,2.2,0.583,0.57,1.1,1.5,0.767,0.5,1.3,1.8,0.6,0.2,0.1,0.5,0.9,5.8,,2022,0,2061329.0
355.0,Joshua Primo,19.0,SAS,SF,50.0,16.0,19.3,2.0,5.4,0.374,0.8,2.7,0.307,1.2,2.7,0.444,0.452,0.9,1.2,0.746,0.6,1.6,2.3,1.6,0.4,0.5,1.1,1.6,5.8,,2022,0,
356.0,Cassius Stanley,22.0,DET,SG,9.0,1.0,17.2,2.1,5.1,0.413,0.4,1.9,0.235,1.7,3.2,0.517,0.457,1.1,1.1,1.0,0.6,1.6,2.1,0.4,0.6,0.2,0.7,1.9,5.8,,2022,0,296873.0
357.0,Justise Winslow,25.0,2TM,PF,48.0,11.0,16.1,2.3,5.4,0.428,0.3,1.4,0.227,2.0,4.0,0.497,0.457,0.8,1.4,0.591,1.0,3.2,4.2,1.8,0.7,0.5,1.0,1.4,5.7,,2022,0,4512575.0
358.0,Kelan Martin,26.0,2TM,SF,30.0,1.0,15.0,2.3,5.7,0.409,0.7,2.5,0.293,1.6,3.2,0.5,0.474,0.3,0.4,0.692,0.6,1.3,1.8,0.7,0.4,0.3,0.5,1.2,5.7,,2022,0,1149131.0
360.0,Naji Marshall,24.0,NOP,SF,55.0,4.0,13.4,2.0,4.9,0.405,0.4,1.9,0.2,1.6,3.0,0.537,0.444,1.3,1.7,0.796,0.7,1.9,2.6,1.1,0.6,0.1,0.8,1.3,5.7,,2022,0,1755313.0
362.0,Davis Bertans,29.0,2TM,PF,56.0,0.0,14.4,1.8,4.9,0.36,1.4,4.1,0.335,0.4,0.8,0.489,0.5,0.6,0.7,0.9,0.2,1.9,2.1,0.6,0.3,0.2,0.3,1.5,5.6,,2022,0,18501560.0
363.0,Derrick Jones Jr.,24.0,CHI,PF,51.0,8.0,17.6,2.1,3.8,0.538,0.4,1.2,0.328,1.7,2.6,0.634,0.59,1.1,1.4,0.8,1.2,2.1,3.3,0.6,0.5,0.6,0.6,2.1,5.6,,2022,0,
366.0,Keifer Sykes,28.0,IND,PG,32.0,11.0,17.7,2.2,5.9,0.363,0.8,2.8,0.3,1.3,3.1,0.42,0.434,0.5,0.5,0.882,0.3,1.2,1.4,1.9,0.4,0.1,1.0,1.6,5.6,,2022,0,645640.0
368.0,Greg Monroe,31.0,4TM,C,14.0,0.0,13.9,2.3,4.1,0.561,0.0,0.0,,2.3,4.1,0.561,0.561,0.9,1.6,0.522,2.1,2.4,4.6,1.6,0.6,0.7,0.9,1.7,5.4,,2022,0,708612.0
368.0,Greg Monroe,31.0,MIN,C,4.0,0.0,20.3,3.3,5.5,0.591,0.0,0.0,,3.3,5.5,0.591,0.591,0.8,1.8,0.429,1.5,4.5,6.0,4.0,1.0,1.5,1.8,2.3,7.3,,2022,0,708612.0
368.0,Greg Monroe,31.0,WAS,C,2.0,0.0,9.0,2.0,4.0,0.5,0.0,0.0,,2.0,4.0,0.5,0.5,0.0,0.0,,3.5,1.5,5.0,0.5,0.5,0.5,1.0,1.0,4.0,,2022,0,708612.0
368.0,Greg Monroe,31.0,MIL,C,5.0,0.0,14.0,2.2,4.4,0.5,0.0,0.0,,2.2,4.4,0.5,0.5,1.0,1.8,0.556,2.2,2.0,4.2,0.4,0.6,0.4,0.6,1.4,5.4,,2022,0,708612.0
368.0,Greg Monroe,31.0,UTA,C,3.0,0.0,8.7,1.3,1.7,0.8,0.0,0.0,,1.3,1.7,0.8,0.8,1.3,2.3,0.571,2.0,1.0,3.0,1.0,0.0,0.3,0.0,2.0,4.0,,2022,0,708612.0
370.0,PJ Dozier,25.0,DEN,SG,18.0,0.0,18.9,2.0,5.5,0.364,0.8,2.7,0.313,1.2,2.8,0.412,0.439,0.6,0.7,0.769,0.8,2.7,3.5,1.6,0.6,0.3,0.7,1.8,5.4,,2022,0,2209618.0
371.0,Rodney McGruder,30.0,DET,SG,51.0,2.0,14.8,1.9,4.4,0.436,1.1,2.9,0.397,0.8,1.5,0.506,0.564,0.4,0.5,0.731,0.6,1.6,2.2,0.9,0.4,0.1,0.5,1.1,5.4,,2022,0,2242562.0
372.0,Trey Murphy III,21.0,NOP,SF,62.0,1.0,13.9,1.8,4.5,0.394,1.1,3.0,0.382,0.6,1.5,0.418,0.522,0.7,0.8,0.882,0.8,1.6,2.4,0.6,0.4,0.1,0.3,1.0,5.4,,2022,0,
373.0,Armoni Brooks,23.0,2TM,SG,54.0,11.0,15.6,1.8,5.4,0.339,1.4,4.6,0.297,0.4,0.7,0.6,0.467,0.3,0.4,0.857,0.4,1.5,1.9,1.1,0.5,0.2,0.5,1.4,5.3,,2022,0,2010962.0
374.0,D.J. Augustin,34.0,2TM,PG,55.0,2.0,16.1,1.7,4.0,0.423,1.2,3.0,0.415,0.5,1.1,0.448,0.577,0.7,0.8,0.884,0.2,1.0,1.2,1.9,0.3,0.0,1.0,0.7,5.3,,2022,0,
375.0,Derrick Favors,30.0,OKC,C,39.0,18.0,16.7,2.4,4.7,0.516,0.1,0.4,0.125,2.4,4.3,0.554,0.522,0.4,0.6,0.64,1.5,3.2,4.7,0.6,0.4,0.3,0.2,1.6,5.3,,2022,0,11240738.0
376.0,Dean Wade,25.0,CLE,PF,51.0,28.0,19.2,1.9,4.3,0.456,1.0,2.8,0.359,0.9,1.5,0.64,0.574,0.4,0.6,0.667,0.6,2.3,2.9,1.0,0.6,0.1,0.3,1.7,5.3,,2022,0,2061329.0
377.0,Omer Yurtseven,23.0,MIA,C,56.0,12.0,12.6,2.3,4.4,0.526,0.0,0.2,0.091,2.3,4.2,0.547,0.528,0.7,1.1,0.623,1.5,3.7,5.3,0.9,0.3,0.4,0.7,1.5,5.3,,2022,0,1721876.0
378.0,Garrett Temple,35.0,NOP,SG,59.0,16.0,18.6,1.9,5.0,0.376,1.0,3.1,0.319,0.9,1.9,0.473,0.476,0.5,0.7,0.683,0.5,1.9,2.4,1.3,0.7,0.4,0.7,1.4,5.2,,2022,0,5677666.0
379.0,Cody Zeller,29.0,POR,C,27.0,0.0,13.1,1.9,3.3,0.567,0.0,0.1,0.0,1.9,3.2,0.593,0.567,1.4,1.8,0.776,1.9,2.8,4.6,0.8,0.3,0.2,0.7,2.1,5.2,,2022,0,2763255.0
380.0,DeAndre' Bembry,27.0,2TM,SF,56.0,20.0,18.3,2.2,3.9,0.561,0.3,0.6,0.417,1.9,3.3,0.589,0.595,0.4,0.6,0.6,0.8,2.2,2.9,1.2,0.9,0.4,0.6,2.0,5.1,,2022,0,
382.0,Facundo Campazzo,30.0,DEN,PG,65.0,4.0,18.2,1.6,4.6,0.361,0.9,3.0,0.301,0.8,1.6,0.476,0.459,0.9,1.2,0.769,0.4,1.4,1.8,3.4,1.0,0.4,1.0,1.9,5.1,,2022,0,3584677.0
383.0,Wesley Matthews,35.0,MIL,SG,49.0,14.0,20.4,1.8,4.5,0.395,1.1,3.2,0.338,0.7,1.3,0.54,0.516,0.4,0.6,0.786,0.6,1.3,1.9,0.7,0.5,0.2,0.4,1.8,5.1,,2022,0,2264700.0
384.0,David Nwaba,29.0,HOU,SF,46.0,4.0,13.2,1.8,3.8,0.483,0.3,1.1,0.306,1.5,2.8,0.551,0.526,1.0,1.5,0.716,0.9,2.4,3.3,0.8,0.6,0.4,0.5,1.2,5.1,,2022,0,5377016.0
385.0,Ignas Brazdeikis,23.0,ORL,SF,42.0,1.0,12.8,1.9,4.5,0.431,0.6,2.1,0.31,1.3,2.4,0.535,0.503,0.5,0.8,0.656,0.5,1.2,1.7,0.9,0.2,0.1,0.4,1.1,5.0,,2022,0,534959.0
386.0,Jock Landale,26.0,SAS,C,54.0,1.0,10.9,1.9,3.8,0.495,0.5,1.6,0.326,1.3,2.1,0.626,0.566,0.6,0.8,0.829,1.2,1.4,2.6,0.8,0.2,0.3,0.6,1.0,4.9,,2022,0,1069919.0
387.0,Rajon Rondo,35.0,2TM,PG,39.0,1.0,17.9,1.7,4.5,0.386,0.8,2.3,0.352,0.9,2.3,0.42,0.474,0.5,0.7,0.731,0.4,2.4,2.8,4.4,0.8,0.2,1.7,1.4,4.8,,2022,0,8672605.0
388.0,Brandon Goodwin,26.0,CLE,PG,36.0,5.0,13.9,1.8,4.3,0.416,0.5,1.5,0.345,1.3,2.8,0.455,0.477,0.7,1.1,0.632,0.4,1.5,1.9,2.5,0.7,0.0,1.0,1.1,4.8,,2022,0,397769.0
389.0,Josh Green,21.0,DAL,SG,67.0,3.0,15.5,1.9,3.8,0.508,0.4,1.2,0.359,1.5,2.7,0.573,0.563,0.5,0.7,0.689,0.8,1.6,2.4,1.2,0.7,0.2,0.7,1.7,4.8,,2022,0,3419920.0
390.0,John Konchar,25.0,MEM,SG,72.0,7.0,17.9,1.9,3.6,0.515,0.7,1.8,0.413,1.2,1.9,0.61,0.615,0.4,0.7,0.551,1.2,3.4,4.6,1.5,0.6,0.3,0.4,1.3,4.8,,2022,0,2543964.0
392.0,Udoka Azubuike,22.0,UTA,C,17.0,6.0,11.5,2.2,2.9,0.755,0.0,0.0,,2.2,2.9,0.755,0.755,0.4,0.6,0.545,1.1,3.1,4.2,0.0,0.1,0.6,0.7,1.5,4.7,,2022,0,2400438.0
393.0,Greg Brown III,20.0,POR,SF,48.0,6.0,13.3,1.7,4.0,0.426,0.4,1.3,0.311,1.3,2.7,0.481,0.476,0.9,1.4,0.677,0.8,2.0,2.8,0.7,0.5,0.5,0.8,1.9,4.7,,2022,0,
394.0,David Duke Jr.,22.0,BRK,PG,22.0,7.0,15.5,1.8,4.9,0.361,0.4,1.7,0.243,1.4,3.2,0.423,0.403,0.8,1.0,0.81,1.4,1.7,3.0,0.8,0.6,0.3,0.4,1.6,4.7,,2022,0,
395.0,Cameron McGriff,24.0,POR,SF,3.0,0.0,15.3,1.7,4.7,0.357,0.7,2.0,0.333,1.0,2.7,0.375,0.429,0.7,0.7,1.0,2.0,3.0,5.0,1.0,0.0,0.3,0.0,2.3,4.7,,2022,0,61489.0
396.0,James Bouknight,21.0,CHO,SG,31.0,0.0,9.8,1.6,4.5,0.348,0.5,1.6,0.347,1.0,3.0,0.348,0.408,0.9,1.0,0.871,0.7,1.0,1.7,0.8,0.2,0.0,0.5,0.9,4.6,,2022,0,4803930.0
399.0,Romeo Langford,22.0,2TM,SG,48.0,5.0,16.1,1.7,4.0,0.435,0.6,1.8,0.341,1.1,2.2,0.509,0.51,0.5,0.9,0.548,0.6,1.6,2.3,0.4,0.5,0.3,0.3,1.0,4.5,,2022,0,4399162.0
401.0,Marquese Chriss,24.0,DAL,PF,34.0,0.0,10.2,1.8,3.9,0.463,0.2,0.7,0.32,1.6,3.2,0.495,0.493,0.6,1.0,0.667,1.0,2.1,3.0,0.5,0.4,0.4,0.5,1.9,4.5,,2022,0,1495041.0
402.0,Louis King,22.0,SAC,SF,10.0,0.0,10.4,1.5,4.7,0.319,0.8,2.7,0.296,0.7,2.0,0.35,0.404,0.7,1.0,0.7,0.0,1.2,1.2,0.9,0.2,0.1,0.0,1.4,4.5,,2022,0,365863.0
404.0,Timothe Luwawu-Cabarrot,26.0,ATL,SF,52.0,18.0,13.2,1.4,3.6,0.398,0.8,2.3,0.361,0.6,1.2,0.469,0.516,0.7,0.8,0.854,0.3,1.3,1.6,0.8,0.3,0.1,0.4,1.5,4.4,,2022,0,
405.0,Moses Moody,19.0,GSW,SG,52.0,11.0,11.7,1.5,3.5,0.437,0.8,2.1,0.364,0.8,1.4,0.548,0.546,0.5,0.7,0.778,0.3,1.2,1.5,0.4,0.1,0.2,0.3,0.8,4.4,,2022,0,4119141.0
409.0,Moses Brown,22.0,2TM,C,40.0,6.0,8.6,1.6,2.7,0.593,0.0,0.0,,1.6,2.7,0.593,0.593,1.1,1.8,0.597,1.0,2.4,3.4,0.0,0.2,0.4,0.5,1.3,4.3,,2022,0,2236270.0
410.0,DeAndre Jordan,33.0,2TM,C,48.0,20.0,13.0,1.9,3.0,0.643,0.0,0.0,,1.9,3.0,0.643,0.643,0.5,0.8,0.55,1.7,3.8,5.5,0.4,0.3,0.7,0.8,1.5,4.3,,2022,0,12846241.0
413.0,Malachi Flynn,23.0,TOR,PG,44.0,5.0,12.2,1.6,4.2,0.393,0.7,2.0,0.333,1.0,2.1,0.452,0.475,0.3,0.5,0.625,0.2,1.2,1.4,1.6,0.5,0.1,0.3,1.0,4.3,,2022,0,2368246.0
414.0,Boban Marjanovic,33.0,DAL,C,23.0,0.0,5.6,1.8,3.0,0.6,0.0,0.2,0.25,1.8,2.9,0.621,0.607,0.6,1.0,0.591,0.3,1.3,1.7,0.1,0.0,0.1,0.7,1.0,4.3,,2022,0,4047216.0
415.0,Trevelin Queen,24.0,HOU,SG,10.0,0.0,7.4,1.5,3.3,0.455,0.9,2.4,0.375,0.6,0.9,0.667,0.591,0.4,0.4,1.0,0.7,0.9,1.6,0.4,0.5,0.1,0.7,0.6,4.3,,2022,0,350491.0
417.0,Rayjon Tucker,24.0,2TM,SG,5.0,0.0,14.2,1.2,1.8,0.667,0.8,1.0,0.8,0.4,0.8,0.5,0.889,1.0,1.4,0.714,0.6,1.0,1.6,2.0,0.8,0.0,0.2,1.0,4.2,,2022,0,255134.0
418.0,Jevon Carter,26.0,2TM,PG,66.0,3.0,13.7,1.5,3.8,0.387,1.0,2.6,0.388,0.5,1.3,0.386,0.518,0.2,0.3,0.833,0.2,1.5,1.7,1.5,0.4,0.2,0.5,1.0,4.2,,2022,0,4749291.0
419.0,Sam Merrill,25.0,MEM,SG,6.0,0.0,9.7,1.3,4.0,0.333,1.2,3.8,0.304,0.2,0.2,1.0,0.479,0.3,0.7,0.5,0.2,1.0,1.2,0.7,0.0,0.0,0.3,0.5,4.2,,2022,0,1755313.0
420.0,Lindell Wigginton,23.0,MIL,PG,19.0,0.0,10.5,1.4,3.2,0.426,0.5,1.4,0.346,0.9,1.8,0.486,0.5,1.0,1.8,0.543,0.2,1.2,1.3,1.2,0.3,0.1,0.6,0.9,4.2,,2022,0,270554.0
422.0,Mychal Mulder,27.0,2TM,PG,17.0,3.0,14.1,1.4,4.5,0.312,1.0,3.2,0.315,0.4,1.4,0.304,0.422,0.2,0.2,1.0,0.1,1.3,1.4,0.3,0.2,0.1,0.5,0.8,4.1,,2022,0,298223.0
423.0,Santi Aldama,21.0,MEM,PF,32.0,0.0,11.3,1.7,4.1,0.402,0.2,1.5,0.125,1.5,2.6,0.56,0.424,0.6,1.0,0.625,1.0,1.7,2.7,0.7,0.2,0.3,0.5,1.1,4.1,,2022,0,
424.0,Vlatko Cancar,24.0,DEN,PF,15.0,1.0,11.7,1.5,2.7,0.561,0.5,0.8,0.583,1.1,1.9,0.552,0.646,0.6,0.9,0.643,0.5,1.5,2.1,1.1,0.1,0.2,0.6,1.2,4.1,,2022,0,2061329.0
425.0,Anthony Gill,29.0,WAS,PF,44.0,0.0,10.5,1.4,2.5,0.569,0.3,0.6,0.538,1.1,1.9,0.578,0.633,1.0,1.2,0.808,0.8,1.2,1.9,0.6,0.1,0.3,0.4,1.3,4.1,,2022,0,1755313.0
426.0,Markus Howard,22.0,DEN,SG,31.0,0.0,5.7,1.3,3.3,0.386,0.9,2.3,0.4,0.4,1.0,0.355,0.525,0.6,0.7,0.87,0.1,0.3,0.4,0.2,0.3,0.0,0.2,0.5,4.1,,2022,0,534959.0
427.0,Frank Ntilikina,23.0,DAL,SG,58.0,5.0,11.8,1.5,3.8,0.399,0.7,1.9,0.342,0.9,1.9,0.455,0.484,0.4,0.4,0.96,0.2,1.2,1.4,1.2,0.5,0.1,0.5,1.1,4.1,,2022,0,2069001.0
429.0,Mac McClung,23.0,2TM,PG,2.0,0.0,12.5,1.5,3.0,0.5,0.5,1.5,0.333,1.0,1.5,0.667,0.583,0.5,0.5,1.0,0.0,1.5,1.5,0.5,0.5,0.5,1.5,2.5,4.0,,2022,0,129128.0
431.0,Scotty Hopson,32.0,OKC,SG,1.0,0.0,18.0,2.0,4.0,0.5,0.0,1.0,0.0,2.0,3.0,0.667,0.5,0.0,0.0,,0.0,1.0,1.0,1.0,0.0,0.0,2.0,1.0,4.0,,2022,0,110928.0
432.0,Andre Iguodala,38.0,GSW,SF,31.0,0.0,19.5,1.5,3.9,0.38,0.5,2.4,0.23,0.9,1.5,0.617,0.45,0.5,0.6,0.75,0.7,2.5,3.2,3.7,0.9,0.7,0.9,1.1,4.0,,2022,0,3054712.0
433.0,Micah Potter,23.0,DET,C,3.0,0.0,10.3,1.7,3.7,0.455,0.0,0.7,0.0,1.7,3.0,0.556,0.455,0.7,0.7,1.0,1.3,1.7,3.0,0.0,0.3,0.3,0.3,1.3,4.0,,2022,0,61489.0
435.0,Gabe York,28.0,IND,SG,2.0,0.0,10.5,1.0,3.5,0.286,0.5,3.0,0.167,0.5,0.5,1.0,0.357,1.5,2.5,0.6,0.0,1.0,1.0,2.0,1.0,0.5,0.5,2.0,4.0,,2022,0,
436.0,Didi Louzada,22.0,2TM,SF,9.0,1.0,14.3,1.3,3.7,0.364,1.0,2.6,0.391,0.3,1.1,0.3,0.5,0.2,0.2,1.0,0.6,1.3,1.9,0.6,0.2,0.2,0.6,1.4,3.9,,2022,0,2066251.0
437.0,Kyle Guy,24.0,MIA,SG,19.0,0.0,9.8,1.4,3.4,0.4,0.7,2.1,0.35,0.6,1.3,0.48,0.508,0.4,0.6,0.667,0.2,0.7,0.9,0.9,0.4,0.1,0.7,0.6,3.9,,2022,0,442972.0
438.0,Malcolm Hill,26.0,2TM,SG,19.0,0.0,11.2,1.3,2.7,0.462,0.7,1.9,0.361,0.6,0.8,0.688,0.587,0.6,0.7,0.786,0.6,1.3,1.8,0.4,0.4,0.2,0.2,1.3,3.8,,2022,0,375086.0
442.0,Aaron Nesmith,22.0,BOS,SF,52.0,3.0,11.0,1.4,3.5,0.396,0.6,2.2,0.27,0.8,1.3,0.612,0.481,0.4,0.5,0.808,0.3,1.4,1.7,0.4,0.4,0.1,0.6,1.3,3.8,,2022,0,4198929.0
443.0,Jamorko Pickett,24.0,DET,PF,13.0,0.0,13.5,1.4,3.8,0.36,1.0,3.0,0.333,0.4,0.8,0.455,0.49,0.1,0.2,0.5,0.5,2.0,2.5,0.5,0.0,0.5,0.4,0.9,3.8,,2022,0,534959.0
444.0,Admiral Schofield,24.0,ORL,SF,38.0,1.0,12.3,1.4,3.4,0.419,0.7,2.1,0.329,0.7,1.3,0.56,0.519,0.3,0.4,0.8,0.4,1.9,2.3,0.7,0.1,0.1,0.6,1.5,3.8,,2022,0,836895.0
445.0,Cheick Diallo,25.0,DET,C,3.0,0.0,10.3,1.0,2.7,0.375,0.0,0.0,,1.0,2.7,0.375,0.375,1.7,2.0,0.833,1.3,2.7,4.0,0.0,0.3,0.0,0.3,2.0,3.7,,2022,0,118908.0
446.0,Enes Freedom,29.0,BOS,C,35.0,1.0,11.7,1.5,2.8,0.526,0.1,0.1,0.4,1.4,2.6,0.533,0.536,0.7,0.8,0.857,1.7,2.8,4.6,0.2,0.1,0.4,0.6,1.2,3.7,,2022,0,
447.0,Nathan Knight,24.0,MIN,PF,37.0,2.0,7.2,1.2,2.4,0.511,0.1,0.4,0.308,1.1,2.0,0.547,0.534,1.2,1.6,0.733,0.9,1.4,2.3,0.6,0.2,0.2,0.5,1.1,3.7,,2022,0,534959.0
448.0,KZ Okpala,22.0,MIA,PF,21.0,0.0,11.6,1.4,3.3,0.435,0.4,1.2,0.346,1.0,2.0,0.488,0.5,0.4,0.5,0.727,0.5,1.4,2.0,0.7,0.2,0.3,0.2,1.2,3.7,,2022,0,2061329.0
449.0,Brad Wanamaker,32.0,2TM,PG,23.0,2.0,13.9,1.2,3.3,0.364,0.2,0.7,0.235,1.0,2.6,0.4,0.39,1.0,1.1,0.92,0.3,1.4,1.7,2.4,0.3,0.3,1.0,2.0,3.6,,2022,0,942327.0
450.0,Tomas Satoransky,30.0,3TM,SG,55.0,13.0,16.5,1.3,3.5,0.377,0.2,1.0,0.208,1.1,2.5,0.442,0.406,0.8,1.0,0.796,0.5,1.8,2.3,3.3,0.5,0.1,0.8,1.3,3.6,,2022,0,11563475.0
450.0,Tomas Satoransky,30.0,NOP,SG,32.0,3.0,15.0,1.0,3.3,0.299,0.2,1.0,0.161,0.8,2.4,0.355,0.322,0.6,0.8,0.76,0.6,1.4,2.0,2.4,0.4,0.0,0.7,1.0,2.8,,2022,0,11563475.0
450.0,Tomas Satoransky,30.0,SAS,SF,1.0,0.0,9.0,0.0,0.0,,0.0,0.0,,0.0,0.0,,,3.0,4.0,0.75,0.0,1.0,1.0,0.0,0.0,0.0,0.0,0.0,3.0,,2022,0,11563475.0
450.0,Tomas Satoransky,30.0,WAS,PG,22.0,10.0,18.9,1.8,3.8,0.476,0.3,1.0,0.273,1.5,2.8,0.548,0.512,1.0,1.1,0.84,0.4,2.4,2.8,4.9,0.7,0.2,1.0,1.7,4.9,,2022,0,11563475.0
451.0,Thanasis Antetokounmpo,29.0,MIL,SF,48.0,6.0,9.9,1.5,2.7,0.547,0.0,0.3,0.143,1.4,2.4,0.596,0.555,0.6,1.0,0.63,0.8,1.3,2.1,0.5,0.3,0.3,0.5,1.4,3.6,,2022,0,1999575.0
452.0,Isaiah Joe,22.0,PHI,SG,55.0,1.0,11.1,1.1,3.2,0.35,0.8,2.5,0.333,0.3,0.8,0.405,0.477,0.5,0.6,0.935,0.1,0.9,1.0,0.6,0.3,0.1,0.3,0.9,3.6,,2022,0,1755313.0
453.0,Tony Snell,30.0,2TM,SG,53.0,12.0,15.5,1.3,3.2,0.404,0.8,2.4,0.352,0.5,0.8,0.558,0.535,0.1,0.1,1.0,0.3,1.6,1.9,0.5,0.3,0.2,0.4,1.3,3.5,,2022,0,2763255.0
454.0,Elijah Hughes,23.0,2TM,SG,36.0,4.0,12.1,1.3,4.0,0.326,0.7,2.6,0.263,0.6,1.4,0.449,0.413,0.2,0.3,0.778,0.2,1.4,1.6,0.6,0.4,0.2,0.5,1.1,3.5,,2022,0,1755313.0
455.0,Paul Millsap,36.0,2TM,C,33.0,1.0,11.4,1.4,3.5,0.391,0.2,1.1,0.229,1.1,2.4,0.463,0.426,0.5,0.7,0.708,1.2,2.2,3.5,0.9,0.3,0.4,0.6,2.0,3.5,,2022,0,3054712.0
456.0,Jarrett Culver,22.0,MEM,SG,37.0,0.0,9.1,1.4,3.6,0.378,0.3,1.3,0.255,1.1,2.4,0.443,0.422,0.4,0.9,0.471,0.4,0.9,1.3,0.9,0.5,0.1,0.5,1.1,3.5,,2022,0,7395027.0
458.0,Alfonzo McKinnie,29.0,CHI,SF,17.0,3.0,12.1,1.4,3.6,0.393,0.5,1.6,0.333,0.9,2.0,0.441,0.467,0.1,0.5,0.25,0.8,1.2,1.9,0.3,0.1,0.2,0.4,1.5,3.5,,2022,0,1260426.0
464.0,Semi Ojeleye,27.0,2TM,PF,30.0,0.0,13.5,1.0,3.3,0.303,0.5,1.7,0.3,0.5,1.6,0.306,0.379,0.8,1.0,0.793,0.9,1.6,2.5,0.3,0.2,0.2,0.3,1.0,3.3,,2022,0,2069001.0
465.0,Tremont Waters,24.0,2TM,PG,3.0,0.0,16.7,1.3,4.7,0.286,0.7,3.0,0.222,0.7,1.7,0.4,0.357,0.0,0.0,,0.0,1.3,1.3,2.3,1.7,0.0,1.3,1.3,3.3,,2022,0,221856.0
466.0,Tim Frazier,31.0,2TM,PG,12.0,3.0,17.3,1.2,3.8,0.311,0.5,1.4,0.353,0.7,2.3,0.286,0.378,0.4,0.8,0.556,0.4,1.2,1.6,2.8,0.3,0.1,1.3,2.3,3.3,,2022,0,446496.0
467.0,Sterling Brown,26.0,DAL,SG,49.0,3.0,12.8,1.2,3.2,0.381,0.6,1.9,0.304,0.6,1.3,0.492,0.471,0.3,0.3,0.933,0.5,2.5,3.0,0.7,0.3,0.1,0.5,1.1,3.3,,2022,0,3469042.0
468.0,Trent Forrest,23.0,UTA,PG,60.0,6.0,12.8,1.3,2.6,0.49,0.1,0.5,0.185,1.2,2.1,0.555,0.506,0.6,0.8,0.792,0.4,1.3,1.7,1.8,0.5,0.1,0.8,0.7,3.3,,2022,0,535632.0
469.0,Gabriel Lundberg,27.0,PHO,SG,4.0,0.0,11.0,1.3,4.8,0.263,0.8,2.0,0.375,0.5,2.8,0.182,0.342,0.0,0.0,,0.5,1.3,1.8,2.8,0.8,0.0,0.8,1.8,3.3,,2022,0,92234.0
470.0,Killian Tillie,23.0,MEM,C,36.0,3.0,12.8,1.2,3.5,0.339,0.8,2.4,0.314,0.4,1.1,0.39,0.445,0.1,0.2,0.625,0.6,1.1,1.7,0.6,0.6,0.4,0.4,1.6,3.3,,2022,0,2198939.0
472.0,Daishen Nix,19.0,HOU,SG,24.0,0.0,10.9,1.1,2.8,0.403,0.3,1.1,0.269,0.8,1.7,0.488,0.455,0.7,1.3,0.533,0.3,1.1,1.4,1.7,0.6,0.0,1.1,0.9,3.2,,2022,0,1067398.0
473.0,Jahmi'us Ramsey,20.0,SAC,SG,19.0,0.0,7.1,1.3,3.1,0.414,0.3,0.9,0.278,1.0,2.1,0.475,0.457,0.4,0.7,0.5,0.2,0.5,0.7,0.4,0.1,0.1,0.3,0.5,3.2,,2022,0,1755313.0
474.0,Justin Robinson,24.0,3TM,PG,25.0,0.0,12.2,1.1,3.7,0.301,0.7,2.4,0.295,0.4,1.3,0.313,0.398,0.2,0.3,0.5,0.2,0.7,0.8,1.3,0.4,0.0,0.7,1.1,3.1,,2022,0,307533.0
474.0,Justin Robinson,24.0,MIL,PG,17.0,0.0,11.6,1.1,3.4,0.316,0.6,2.2,0.27,0.5,1.2,0.4,0.404,0.1,0.1,1.0,0.1,0.6,0.8,1.2,0.5,0.0,0.6,1.0,2.8,,2022,0,307533.0
474.0,Justin Robinson,24.0,SAC,PG,3.0,0.0,5.0,0.3,2.7,0.125,0.0,1.0,0.0,0.3,1.7,0.2,0.125,0.0,0.0,,0.0,0.3,0.3,0.7,0.0,0.0,0.3,0.7,0.7,,2022,0,307533.0
474.0,Justin Robinson,24.0,DET,PG,5.0,0.0,18.2,1.8,5.6,0.321,1.6,4.2,0.381,0.2,1.4,0.143,0.464,0.4,1.2,0.333,0.4,1.0,1.4,1.8,0.2,0.2,1.0,1.6,5.6,,2022,0,307533.0
475.0,Kevin Knox,22.0,2TM,SF,30.0,0.0,7.4,1.0,2.8,0.365,0.5,1.8,0.278,0.5,1.0,0.516,0.453,0.5,0.7,0.727,0.5,1.0,1.5,0.3,0.1,0.1,0.2,0.6,3.1,,2022,0,6759982.0
476.0,Rodney Hood,29.0,2TM,SF,52.0,0.0,13.6,1.1,3.0,0.369,0.6,1.8,0.33,0.5,1.3,0.424,0.465,0.3,0.4,0.895,0.3,1.2,1.5,0.7,0.3,0.1,0.2,0.6,3.1,,2022,0,2589691.0
477.0,Keljin Blevins,26.0,POR,SF,31.0,1.0,11.3,1.1,3.6,0.306,0.7,2.3,0.292,0.4,1.3,0.333,0.401,0.2,0.4,0.545,0.5,0.9,1.5,0.6,0.4,0.0,0.5,0.9,3.1,,2022,0,534959.0
478.0,Devontae Cacok,25.0,SAS,PF,15.0,0.0,8.1,1.4,2.1,0.677,0.0,0.0,,1.4,2.1,0.677,0.677,0.3,0.5,0.571,0.5,2.3,2.8,0.4,0.5,0.5,0.2,1.1,3.1,,2022,0,839656.0
479.0,Paul Reed,22.0,PHI,C,38.0,2.0,7.9,1.4,2.5,0.563,0.1,0.2,0.25,1.4,2.3,0.591,0.573,0.2,0.4,0.429,1.2,1.3,2.4,0.4,0.9,0.4,0.3,1.5,3.1,,2022,0,1755313.0
480.0,Javonte Smart,22.0,2TM,PG,17.0,1.0,11.8,1.1,3.5,0.317,0.5,1.6,0.296,0.6,1.9,0.333,0.383,0.3,0.4,0.833,0.3,1.1,1.4,0.9,0.4,0.2,0.6,0.7,3.0,,2022,0,
481.0,Paris Bass,26.0,PHO,SF,2.0,0.0,3.5,1.0,3.0,0.333,0.0,1.0,0.0,1.0,2.0,0.5,0.333,1.0,1.0,1.0,1.0,1.0,2.0,0.0,0.5,0.0,1.0,1.0,3.0,,2022,0,122979.0
482.0,Charles Bassey,21.0,PHI,C,23.0,0.0,7.3,1.3,2.0,0.638,0.0,0.2,0.0,1.3,1.9,0.698,0.638,0.4,0.5,0.75,1.0,1.7,2.7,0.3,0.2,0.7,0.3,1.4,3.0,,2022,0,1069919.0
484.0,Daniel Oturu,22.0,TOR,C,3.0,0.0,9.0,1.0,2.0,0.5,0.0,0.3,0.0,1.0,1.7,0.6,0.5,1.0,1.7,0.6,0.3,1.3,1.7,0.0,0.0,0.7,0.0,0.3,3.0,,2022,0,1854270.0
486.0,Neemias Queta,22.0,SAC,C,15.0,0.0,8.0,1.1,2.5,0.447,0.0,0.0,,1.1,2.5,0.447,0.447,0.7,1.1,0.647,0.9,1.1,2.1,0.4,0.1,0.5,0.4,1.2,3.0,,2022,0,534959.0
489.0,Tre Scott,25.0,CLE,SF,2.0,0.0,5.5,1.5,3.0,0.5,0.0,0.5,0.0,1.5,2.5,0.6,0.5,0.0,0.0,,0.5,0.5,1.0,0.0,0.5,0.5,0.0,1.0,3.0,,2022,0,61489.0
490.0,Bruno Fernando,23.0,2TM,C,30.0,0.0,5.1,1.2,1.8,0.655,0.0,0.1,0.5,1.2,1.8,0.66,0.664,0.5,0.8,0.625,0.6,1.2,1.8,0.2,0.0,0.4,0.5,0.8,2.9,,2022,0,2061329.0
491.0,Vernon Carey Jr.,20.0,2TM,C,7.0,1.0,6.3,1.0,1.9,0.538,0.0,0.0,,1.0,1.9,0.538,0.538,0.9,1.9,0.462,1.1,0.6,1.7,0.0,0.3,0.1,0.4,0.6,2.9,,2022,0,
493.0,Denzel Valentine,28.0,2TM,SG,24.0,0.0,9.3,1.0,2.8,0.379,0.8,2.0,0.404,0.3,0.8,0.316,0.523,0.0,0.0,,0.4,1.4,1.8,0.5,0.3,0.0,0.5,0.8,2.9,,2022,0,1162860.0
494.0,Tyler Johnson,29.0,2TM,PG,6.0,0.0,15.2,1.0,3.3,0.3,0.8,2.2,0.385,0.2,1.2,0.143,0.425,0.0,0.0,,0.5,1.5,2.0,1.2,0.5,0.5,0.3,1.2,2.8,,2022,0,297664.0
495.0,Aleem Ford,24.0,ORL,SF,5.0,0.0,14.8,1.2,4.0,0.3,0.4,3.0,0.133,0.8,1.0,0.8,0.35,0.0,0.0,,0.4,2.6,3.0,0.4,0.2,0.0,0.8,1.4,2.8,,2022,0,61489.0
496.0,Tyrone Wallace,27.0,NOP,SG,6.0,0.0,12.5,1.2,3.3,0.35,0.3,1.3,0.25,0.8,2.0,0.417,0.4,0.2,0.8,0.2,0.0,1.3,1.3,0.2,0.5,0.2,0.3,1.2,2.8,,2022,0,229835.0
499.0,Jay Scrubb,21.0,LAC,SG,18.0,0.0,6.7,1.0,2.6,0.391,0.3,1.2,0.286,0.7,1.4,0.48,0.457,0.4,0.6,0.7,0.1,0.8,0.9,0.4,0.2,0.2,0.4,0.5,2.7,,2022,0,534959.0
500.0,Quinndary Weatherspoon,25.0,GSW,SG,11.0,0.0,6.6,1.1,1.9,0.571,0.1,0.5,0.2,1.0,1.5,0.688,0.595,0.5,0.5,1.0,0.2,1.1,1.3,0.5,0.1,0.1,0.3,1.4,2.7,,2022,0,400664.0
501.0,Chris Silva,25.0,2TM,PF,10.0,0.0,9.1,0.8,1.5,0.533,0.0,0.0,,0.8,1.5,0.533,0.533,1.0,1.2,0.833,1.3,2.3,3.6,0.7,0.0,0.1,0.8,2.0,2.6,,2022,0,554641.0
502.0,Gabriel Deck,26.0,OKC,PF,7.0,0.0,8.0,1.1,2.0,0.571,0.3,0.6,0.5,0.9,1.4,0.6,0.643,0.0,0.0,,0.1,0.7,0.9,0.7,0.1,0.0,0.3,0.3,2.6,,2022,0,1954813.0
503.0,Devon Dotson,22.0,CHI,PG,11.0,0.0,7.7,1.0,2.1,0.478,0.2,0.8,0.222,0.8,1.3,0.643,0.522,0.5,0.8,0.556,0.1,0.7,0.8,1.4,0.1,0.0,0.5,1.0,2.6,,2022,0,276703.0
504.0,Juwan Morgan,24.0,2TM,PF,2.0,0.0,15.5,1.0,1.5,0.667,0.5,1.0,0.5,0.5,0.5,1.0,0.833,0.0,0.0,,1.0,1.0,2.0,0.5,0.0,0.0,0.0,1.5,2.5,,2022,0,244042.0
505.0,Udonis Haslem,41.0,MIA,C,13.0,0.0,6.4,1.1,2.4,0.452,0.1,0.3,0.25,1.0,2.1,0.481,0.468,0.2,0.2,1.0,0.3,1.6,1.9,0.3,0.1,0.1,0.4,1.2,2.5,,2022,0,3054712.0
506.0,Sam Hauser,24.0,BOS,SF,26.0,0.0,6.1,0.9,1.9,0.46,0.7,1.7,0.432,0.2,0.2,0.667,0.65,0.0,0.0,,0.2,0.9,1.1,0.4,0.0,0.1,0.1,0.3,2.5,,2022,0,716354.0
507.0,Theo Pinson,26.0,DAL,SF,19.0,0.0,7.8,0.7,2.1,0.359,0.5,1.6,0.333,0.2,0.5,0.444,0.487,0.5,0.5,1.0,0.1,1.0,1.1,0.9,0.3,0.1,0.3,0.6,2.5,,2022,0,509613.0
508.0,Bol Bol,22.0,DEN,PF,14.0,0.0,5.8,1.1,1.9,0.556,0.1,0.3,0.25,1.0,1.6,0.609,0.574,0.1,0.4,0.4,0.3,1.1,1.4,0.4,0.1,0.1,0.3,0.3,2.4,,2022,0,2499042.0
509.0,Jalen Johnson,20.0,ATL,PF,22.0,0.0,5.5,1.0,1.9,0.537,0.1,0.6,0.231,0.9,1.3,0.679,0.573,0.2,0.3,0.714,0.1,1.1,1.2,0.1,0.1,0.1,0.4,0.4,2.4,,2022,0,3075514.0
510.0,Jake Layman,27.0,MIN,SF,34.0,1.0,6.8,0.9,2.1,0.411,0.2,1.0,0.229,0.6,1.1,0.579,0.466,0.4,0.5,0.722,0.2,0.9,1.1,0.3,0.2,0.1,0.3,0.4,2.4,,2022,0,4556222.0
511.0,Abdel Nader,28.0,PHO,SF,14.0,0.0,10.4,0.9,2.5,0.343,0.3,1.0,0.286,0.6,1.5,0.381,0.4,0.4,0.7,0.6,0.3,1.6,1.9,0.5,0.6,0.3,0.8,1.4,2.4,,2022,0,2312695.0
513.0,Nik Stauskas,28.0,2TM,SG,8.0,0.0,4.9,0.6,1.8,0.357,0.5,1.3,0.4,0.1,0.5,0.25,0.5,0.5,0.8,0.667,0.1,0.3,0.4,0.3,0.0,0.0,0.1,0.1,2.3,,2022,0,618637.0
515.0,Freddie Gillespie,24.0,ORL,PF,9.0,2.0,13.2,1.0,2.4,0.409,0.0,0.1,0.0,1.0,2.3,0.429,0.409,0.3,0.8,0.429,1.4,2.6,4.0,0.6,0.3,1.0,0.6,2.0,2.3,,2022,0,255732.0
516.0,Haywood Highsmith,25.0,MIA,SF,19.0,1.0,8.6,0.8,2.4,0.348,0.5,1.5,0.321,0.4,0.9,0.389,0.446,0.1,0.3,0.4,0.5,0.8,1.4,0.3,0.1,0.2,0.2,0.7,2.3,,2022,0,633332.0
517.0,Miles McBride,21.0,NYK,PG,40.0,2.0,9.3,0.8,2.7,0.296,0.4,1.7,0.25,0.4,1.0,0.375,0.375,0.2,0.3,0.667,0.1,1.0,1.1,1.0,0.4,0.0,0.1,1.1,2.2,,2022,0,1069919.0
519.0,Dylan Windler,25.0,CLE,SF,50.0,0.0,9.2,0.7,2.0,0.378,0.4,1.4,0.3,0.3,0.6,0.571,0.485,0.3,0.4,0.833,0.4,1.4,1.8,0.7,0.3,0.1,0.3,0.9,2.2,,2022,0,2589293.0
520.0,Jeff Dowtin,24.0,3TM,PG,9.0,0.0,12.0,0.9,2.9,0.308,0.1,1.0,0.111,0.8,1.9,0.412,0.327,0.2,0.2,1.0,0.9,1.1,2.0,1.1,0.6,0.1,0.6,0.6,2.1,,2022,0,353564.0
520.0,Jeff Dowtin,24.0,GSW,PG,4.0,0.0,7.0,0.8,1.5,0.5,0.0,0.3,0.0,0.8,1.3,0.6,0.5,0.0,0.0,,0.3,1.5,1.8,0.8,0.0,0.3,0.3,0.5,1.5,,2022,0,353564.0
520.0,Jeff Dowtin,24.0,MIL,PG,1.0,0.0,3.0,0.0,1.0,0.0,0.0,1.0,0.0,0.0,0.0,,0.0,0.0,0.0,,0.0,0.0,0.0,0.0,0.0,0.0,0.0,0.0,0.0,,2022,0,353564.0
520.0,Jeff Dowtin,24.0,ORL,PG,4.0,0.0,19.3,1.3,4.8,0.263,0.3,1.8,0.143,1.0,3.0,0.333,0.289,0.5,0.5,1.0,1.8,1.0,2.8,1.8,1.3,0.0,1.0,0.8,3.3,,2022,0,353564.0
521.0,Justin Jackson,26.0,2TM,SF,7.0,0.0,5.3,0.7,2.1,0.333,0.4,1.3,0.333,0.3,0.9,0.333,0.433,0.3,0.3,1.0,0.1,0.9,1.0,0.3,0.0,0.0,0.1,0.4,2.1,,2022,0,356724.0
522.0,Joe Wieskamp,22.0,SAS,SG,29.0,0.0,7.1,0.7,1.9,0.357,0.5,1.5,0.326,0.2,0.4,0.462,0.482,0.2,0.4,0.538,0.1,0.3,0.5,0.3,0.1,0.1,0.1,0.5,2.1,,2022,0,651790.0
523.0,Langston Galloway,30.0,2TM,SG,7.0,0.0,15.3,0.9,3.7,0.231,0.3,2.3,0.125,0.6,1.4,0.4,0.269,0.0,0.0,,0.4,2.1,2.6,1.7,0.1,0.0,0.9,1.0,2.0,,2022,0,446496.0
525.0,Ahmad Caver,25.0,IND,SG,1.0,0.0,1.0,1.0,1.0,1.0,0.0,0.0,,1.0,1.0,1.0,1.0,0.0,0.0,,0.0,0.0,0.0,0.0,0.0,0.0,0.0,0.0,2.0,,2022,0,61489.0
527.0,Damyean Dotson,27.0,NYK,SG,2.0,0.0,10.5,1.0,2.0,0.5,0.0,0.5,0.0,1.0,1.5,0.667,0.5,0.0,0.0,,0.0,1.0,1.0,0.5,0.0,0.0,0.0,0.0,2.0,,2022,0,237816.0
528.0,Usman Garuba,19.0,HOU,PF,24.0,2.0,10.0,0.8,1.8,0.432,0.2,0.8,0.25,0.6,1.0,0.583,0.489,0.2,0.3,0.714,0.9,2.6,3.5,0.7,0.4,0.5,0.3,1.2,2.0,,2022,0,2721255.0
530.0,Joe Johnson,40.0,BOS,SG,1.0,0.0,2.0,1.0,1.0,1.0,0.0,0.0,,1.0,1.0,1.0,1.0,0.0,0.0,,0.0,0.0,0.0,0.0,0.0,0.0,0.0,0.0,2.0,,2022,0,175557.0
531.0,Jemerrio Jones,26.0,LAL,SF,2.0,0.0,7.5,1.0,1.5,0.667,0.0,0.0,,1.0,1.5,0.667,0.667,0.0,0.0,,1.0,0.5,1.5,0.0,0.5,0.0,0.0,1.0,2.0,,2022,0,98957.0
532.0,Norvel Pelle,28.0,UTA,C,3.0,0.0,6.3,1.0,1.7,0.6,0.0,0.0,,1.0,1.7,0.6,0.6,0.0,0.0,,1.0,1.0,2.0,0.0,0.0,0.3,0.7,0.3,2.0,,2022,0,221856.0
533.0,Craig Sword,28.0,WAS,SG,3.0,0.0,6.3,1.0,1.3,0.75,0.0,0.3,0.0,1.0,1.0,1.0,0.75,0.0,0.0,,0.0,0.0,0.0,0.3,1.3,0.0,0.3,2.3,2.0,,2022,0,61489.0
535.0,Cassius Winston,23.0,WAS,PG,7.0,0.0,5.6,0.6,1.6,0.364,0.3,0.9,0.333,0.3,0.7,0.4,0.455,0.6,0.6,1.0,0.0,0.1,0.1,1.0,0.0,0.0,0.4,1.3,2.0,,2022,0,534959.0
536.0,Marko Simonovic,22.0,CHI,C,9.0,0.0,3.9,0.4,1.7,0.267,0.1,0.6,0.2,0.3,1.1,0.3,0.3,0.9,1.2,0.727,0.6,0.6,1.1,0.0,0.1,0.1,0.2,0.7,1.9,,2022,0,1069919.0
537.0,Alize Johnson,25.0,3TM,PF,23.0,0.0,7.3,0.7,1.7,0.436,0.0,0.2,0.0,0.7,1.5,0.486,0.436,0.3,0.5,0.583,1.2,1.4,2.7,0.4,0.2,0.0,0.5,0.8,1.8,,2022,0,1160670.0
537.0,Alize Johnson,25.0,CHI,PF,16.0,0.0,7.6,0.8,1.4,0.522,0.0,0.1,0.0,0.8,1.3,0.571,0.522,0.3,0.4,0.571,1.0,1.3,2.3,0.5,0.2,0.0,0.5,0.9,1.8,,2022,0,1160670.0
537.0,Alize Johnson,25.0,WAS,PF,3.0,0.0,6.0,0.7,2.0,0.333,0.0,0.7,0.0,0.7,1.3,0.5,0.333,0.0,0.3,0.0,1.7,2.3,4.0,0.0,0.0,0.0,1.0,0.0,1.3,,2022,0,1160670.0
537.0,Alize Johnson,25.0,NOP,PF,4.0,0.0,7.0,0.8,2.5,0.3,0.0,0.0,,0.8,2.5,0.3,0.3,0.8,1.0,0.75,1.8,1.5,3.3,0.3,0.5,0.0,0.3,0.8,2.3,,2022,0,1160670.0
540.0,Willie Cauley-Stein,28.0,2TM,C,20.0,2.0,9.2,0.8,1.8,0.457,0.1,0.1,0.5,0.8,1.7,0.455,0.471,0.1,0.1,0.5,0.7,1.4,2.0,0.5,0.3,0.2,0.4,1.0,1.7,,2022,0,4879881.0
541.0,Wayne Selden,27.0,NYK,SG,3.0,0.0,6.3,0.3,1.3,0.25,0.3,0.7,0.5,0.0,0.7,0.0,0.375,0.7,1.3,0.5,0.0,0.3,0.3,0.3,0.0,0.0,0.0,0.3,1.7,,2022,0,939373.0
542.0,Isaiah Todd,20.0,WAS,PF,12.0,0.0,6.2,0.6,2.2,0.269,0.3,1.3,0.25,0.3,0.8,0.3,0.346,0.2,0.5,0.333,0.3,0.8,1.0,0.3,0.3,0.2,0.3,0.3,1.7,,2022,0,1734521.0
544.0,Kevin Pangos,29.0,CLE,PG,24.0,3.0,6.9,0.6,1.9,0.326,0.3,1.1,0.231,0.4,0.8,0.45,0.391,0.1,0.2,0.75,0.1,0.4,0.5,1.3,0.1,0.0,0.3,0.5,1.6,,2022,0,1814515.0
545.0,Rob Edwards,25.0,OKC,SG,2.0,0.0,5.5,0.5,2.0,0.25,0.5,2.0,0.25,0.0,0.0,,0.375,0.0,0.0,,0.0,1.5,1.5,0.0,0.0,0.0,0.5,0.0,1.5,,2022,0,61489.0
546.0,Emmanuel Mudiay,25.0,SAC,PG,2.0,0.0,5.5,0.0,1.0,0.0,0.0,0.0,,0.0,1.0,0.0,0.0,1.5,2.0,0.75,0.0,0.0,0.0,2.0,0.5,0.0,0.5,0.5,1.5,,2022,0,128883.0
547.0,Malik Fitts,24.0,2TM,PF,15.0,0.0,4.2,0.5,1.3,0.421,0.3,0.7,0.5,0.2,0.6,0.333,0.553,0.0,0.0,,0.1,1.0,1.1,0.3,0.0,0.0,0.1,0.3,1.4,,2022,0,729508.0
548.0,Charlie Brown Jr.,24.0,2TM,SG,22.0,2.0,8.0,0.5,1.8,0.256,0.0,0.5,0.083,0.4,1.2,0.333,0.269,0.4,0.5,0.9,0.6,0.8,1.5,0.3,0.5,0.2,0.2,0.8,1.4,,2022,0,
549.0,Leandro Bolmaro,21.0,MIN,SF,35.0,2.0,6.9,0.5,1.5,0.315,0.1,0.5,0.278,0.3,1.0,0.333,0.361,0.3,0.4,0.846,0.5,0.8,1.2,0.6,0.2,0.0,0.4,0.7,1.4,,2022,0,2721255.0
550.0,Moses Wright,23.0,2TM,PF,4.0,0.0,3.5,0.3,1.0,0.25,0.0,0.3,0.0,0.3,0.8,0.333,0.25,0.8,0.8,1.0,0.3,0.5,0.8,0.5,0.0,0.3,0.0,0.0,1.3,,2022,0,199840.0
551.0,Darren Collison,34.0,LAL,PG,3.0,0.0,12.3,0.7,2.3,0.286,0.0,1.0,0.0,0.7,1.3,0.5,0.286,0.0,0.0,,0.0,1.3,1.3,0.7,0.3,0.0,0.3,1.7,1.3,,2022,0,175557.0
552.0,Jordan Schakel,23.0,WAS,SG,4.0,0.0,7.5,0.3,2.8,0.091,0.3,1.5,0.167,0.0,1.3,0.0,0.136,0.5,0.5,1.0,0.5,1.5,2.0,0.0,0.3,0.0,0.3,0.0,1.3,,2022,0,61489.0
553.0,Myles Powell,24.0,PHI,PG,11.0,0.0,4.7,0.5,1.5,0.294,0.1,0.5,0.167,0.4,1.0,0.364,0.324,0.2,0.2,1.0,0.1,0.5,0.5,0.3,0.1,0.0,0.3,0.7,1.2,,2022,0,347416.0
554.0,Petr Cornelie,26.0,DEN,PF,13.0,0.0,2.9,0.4,1.2,0.333,0.1,0.6,0.125,0.3,0.5,0.571,0.367,0.2,0.3,0.75,0.5,0.5,1.1,0.2,0.1,0.1,0.3,0.5,1.1,,2022,0,252108.0
555.0,Tacko Fall,26.0,CLE,C,11.0,1.0,5.4,0.5,1.1,0.417,0.0,0.0,,0.5,1.1,0.417,0.417,0.2,0.6,0.286,0.6,1.5,2.1,0.2,0.0,0.5,0.3,0.3,1.1,,2022,0,252108.0
556.0,Marcus Garrett,23.0,MIA,SG,12.0,0.0,10.7,0.4,1.8,0.238,0.1,0.3,0.25,0.3,1.4,0.235,0.262,0.2,0.4,0.4,0.8,1.2,1.9,0.6,0.4,0.3,0.2,1.3,1.1,,2022,0,273628.0
557.0,RJ Nembhard Jr.,22.0,CLE,SG,14.0,0.0,4.5,0.4,1.3,0.333,0.0,0.1,0.0,0.4,1.1,0.375,0.333,0.2,0.3,0.75,0.2,0.3,0.5,0.9,0.1,0.0,0.2,0.1,1.1,,2022,0,
558.0,Yves Pons,22.0,MEM,SF,12.0,0.0,5.9,0.4,1.3,0.313,0.3,0.8,0.333,0.2,0.6,0.286,0.406,0.0,0.2,0.0,0.4,0.6,1.0,0.1,0.1,0.3,0.1,0.5,1.1,,2022,0,534959.0
559.0,Shaq Buchanan,25.0,MEM,SG,2.0,0.0,5.0,0.5,2.0,0.25,0.0,1.0,0.0,0.5,1.0,0.5,0.25,0.0,0.0,,0.5,0.5,1.0,1.0,0.5,0.0,1.0,0.5,1.0,,2022,0,61489.0
561.0,Dakota Mathias,26.0,MEM,SG,6.0,0.0,2.7,0.3,1.0,0.333,0.3,1.0,0.333,0.0,0.0,,0.5,0.0,0.0,,0.0,0.3,0.3,0.2,0.2,0.0,0.0,0.2,1.0,,2022,0,197915.0
562.0,Deividas Sirvydis,21.0,DET,SG,3.0,0.0,9.0,0.3,3.3,0.1,0.3,2.3,0.143,0.0,1.0,0.0,0.15,0.0,0.0,,0.0,2.0,2.0,0.3,1.0,0.3,0.0,1.3,1.0,,2022,0,1854271.0
564.0,Tyrell Terry,21.0,MEM,PG,2.0,0.0,1.5,0.5,0.5,1.0,0.0,0.0,,0.5,0.5,1.0,1.0,0.0,0.0,,0.0,0.0,0.0,0.0,0.0,0.0,0.0,0.5,1.0,,2022,0,2161719.0
565.0,McKinley Wright IV,23.0,MIN,PG,5.0,0.0,3.8,0.4,0.6,0.667,0.2,0.4,0.5,0.2,0.2,1.0,0.833,0.0,0.0,,0.0,0.0,0.0,0.6,0.0,0.0,0.2,0.2,1.0,,2022,0,
566.0,Ed Davis,32.0,CLE,C,31.0,3.0,6.5,0.4,0.5,0.688,0.0,0.0,,0.4,0.5,0.688,0.688,0.2,0.5,0.429,0.5,1.6,2.1,0.2,0.1,0.3,0.2,1.1,0.9,,2022,0,3054712.0
567.0,Carlik Jones,24.0,2TM,PG,5.0,0.0,4.6,0.2,1.8,0.111,0.0,0.2,0.0,0.2,1.6,0.125,0.111,0.4,0.4,1.0,0.2,0.4,0.6,1.0,0.2,0.0,0.6,0.0,0.8,,2022,0,122978.0
568.0,Isaac Bonga,22.0,TOR,SF,15.0,0.0,4.6,0.2,0.9,0.231,0.1,0.3,0.25,0.1,0.6,0.222,0.269,0.3,0.5,0.625,0.3,0.2,0.5,0.3,0.5,0.1,0.1,0.7,0.8,,2022,0,1999575.0
569.0,Jarron Cumberland,24.0,POR,SG,3.0,0.0,4.0,0.3,0.7,0.5,0.0,0.3,0.0,0.3,0.3,1.0,0.5,0.0,0.0,,0.3,0.7,1.0,0.3,0.0,0.0,0.0,0.7,0.7,,2022,0,61489.0
572.0,Jaylen Morris,26.0,SAS,SG,3.0,0.0,5.3,0.0,2.0,0.0,0.0,0.7,0.0,0.0,1.3,0.0,0.0,0.7,1.3,0.5,0.0,0.7,0.7,0.7,0.0,0.0,0.3,0.7,0.7,,2022,0,110928.0
573.0,Xavier Sneed,24.0,2TM,SF,9.0,0.0,4.3,0.2,1.1,0.2,0.1,0.9,0.125,0.1,0.2,0.5,0.25,0.0,0.0,,0.2,0.4,0.7,0.1,0.0,0.0,0.0,0.2,0.6,,2022,0,169096.0
575.0,Robert Woodard II,22.0,SAC,SF,12.0,0.0,3.5,0.2,1.3,0.125,0.1,0.3,0.25,0.1,1.0,0.083,0.156,0.2,0.2,1.0,0.4,0.5,0.9,0.3,0.1,0.1,0.1,0.3,0.6,,2022,0,
576.0,Sharife Cooper,20.0,ATL,PG,13.0,0.0,3.0,0.2,1.1,0.214,0.1,0.5,0.167,0.2,0.6,0.25,0.25,0.0,0.0,,0.0,0.4,0.4,0.4,0.0,0.0,0.4,0.1,0.5,,2022,0,534959.0
577.0,Scottie Lewis,21.0,CHO,SG,2.0,0.0,3.5,0.0,0.0,,0.0,0.0,,0.0,0.0,,,0.5,1.0,0.5,0.0,0.0,0.0,0.5,0.5,0.0,0.0,0.0,0.5,,2022,0,534959.0
578.0,Joel Ayayi,21.0,WAS,SG,7.0,0.0,2.9,0.1,0.9,0.167,0.0,0.1,0.0,0.1,0.7,0.2,0.167,0.0,0.0,,0.1,0.3,0.4,0.6,0.0,0.0,0.0,0.0,0.3,,2022,0,534959.0
579.0,Aaron Henry,22.0,PHI,SF,6.0,0.0,2.8,0.2,0.8,0.2,0.0,0.2,0.0,0.2,0.7,0.25,0.2,0.0,0.0,,0.0,0.2,0.2,0.0,0.0,0.3,0.3,0.3,0.3,,2022,0,258256.0
580.0,George King,28.0,DAL,SF,4.0,0.0,4.8,0.0,1.3,0.0,0.0,1.0,0.0,0.0,0.3,0.0,0.0,0.3,0.5,0.5,0.0,1.3,1.3,0.0,0.0,0.0,0.3,1.0,0.3,,2022,0,98957.0
581.0,Miye Oni,24.0,UTA,SG,16.0,0.0,2.8,0.1,0.6,0.222,0.1,0.5,0.125,0.1,0.1,1.0,0.278,0.0,0.1,0.0,0.1,0.4,0.4,0.3,0.0,0.0,0.1,0.4,0.3,,2022,0,1094206.0
582.0,Cat Barber,27.0,ATL,PG,3.0,0.0,4.3,0.0,1.3,0.0,0.0,0.0,,0.0,1.3,0.0,0.0,0.0,1.3,0.0,0.3,0.7,1.0,1.0,0.0,0.0,0.3,0.3,0.0,,2022,0,
584.0,Zylan Cheatham,26.0,UTA,SF,1.0,0.0,5.0,0.0,3.0,0.0,0.0,2.0,0.0,0.0,1.0,0.0,0.0,0.0,0.0,,0.0,0.0,0.0,0.0,0.0,0.0,0.0,0.0,0.0,,2022,0,296871.0
585.0,Sam Dekker,27.0,TOR,PF,1.0,0.0,1.0,0.0,0.0,,0.0,0.0,,0.0,0.0,,,0.0,0.0,,0.0,0.0,0.0,0.0,0.0,0.0,0.0,0.0,0.0,,2022,0,404721.0
586.0,Javin DeLaurier,23.0,MIL,C,1.0,0.0,3.0,0.0,0.0,,0.0,0.0,,0.0,0.0,,,0.0,0.0,,0.0,1.0,1.0,0.0,1.0,0.0,0.0,1.0,0.0,,2022,0,61489.0
587.0,Jaime Echenique,24.0,WAS,C,1.0,0.0,3.0,0.0,0.0,,0.0,0.0,,0.0,0.0,,,0.0,0.0,,0.0,0.0,0.0,0.0,0.0,0.0,0.0,0.0,0.0,,2022,0,61489.0
589.0,Tyler Hall,24.0,NYK,SG,1.0,0.0,2.0,0.0,0.0,,0.0,0.0,,0.0,0.0,,,0.0,0.0,,0.0,0.0,0.0,0.0,0.0,0.0,0.0,0.0,0.0,,2022,0,61489.0
590.0,Nate Hinton,22.0,IND,SG,2.0,0.0,1.0,0.0,0.5,0.0,0.0,0.0,,0.0,0.5,0.0,0.0,0.0,0.0,,0.0,0.0,0.0,0.0,0.0,0.0,0.5,0.0,0.0,,2022,0,111255.0
591.0,Jay Huff,23.0,LAL,C,4.0,0.0,5.0,0.0,0.8,0.0,0.0,0.5,0.0,0.0,0.3,0.0,0.0,0.0,0.0,,0.3,0.8,1.0,0.3,0.3,0.3,0.3,0.3,0.0,,2022,0,261331.0
592.0,Feron Hunt,22.0,NYK,SF,2.0,0.0,4.0,0.0,1.0,0.0,0.0,0.0,,0.0,1.0,0.0,0.0,0.0,0.0,,0.5,0.0,0.5,0.5,0.5,0.0,0.5,0.5,0.0,,2022,0,135276.0
593.0,DeJon Jarreau,24.0,IND,SG,1.0,0.0,1.0,0.0,0.0,,0.0,0.0,,0.0,0.0,,,0.0,0.0,,0.0,0.0,0.0,0.0,0.0,0.0,0.0,0.0,0.0,,2022,0,199840.0
594.0,David Johnson,20.0,TOR,SG,2.0,0.0,1.0,0.0,0.5,0.0,0.0,0.5,0.0,0.0,0.0,,0.0,0.0,0.0,,0.0,0.0,0.0,0.0,0.0,0.0,0.0,0.0,0.0,,2022,0,534959.0
595.0,Arnoldas Kulboka,24.0,CHO,SF,2.0,0.0,2.5,0.0,0.5,0.0,0.0,0.5,0.0,0.0,0.0,,0.0,0.0,0.0,,0.0,0.0,0.0,0.0,0.0,0.0,0.0,0.5,0.0,,2022,0,534959.0
596.0,Anthony Lamb,24.0,SAS,SF,2.0,0.0,4.0,0.0,1.0,0.0,0.0,1.0,0.0,0.0,0.0,,0.0,0.0,0.0,,0.0,0.5,0.5,1.0,0.0,0.0,0.0,0.0,0.0,,2022,0,157372.0
597.0,JaQuori McLaughlin,24.0,DAL,PG,4.0,0.0,2.8,0.0,0.5,0.0,0.0,0.3,0.0,0.0,0.3,0.0,0.0,0.0,0.0,,0.0,0.0,0.0,0.5,0.0,0.0,0.0,0.3,0.0,,2022,0,255181.0
598.0,C.J. Miles,34.0,BOS,SG,1.0,0.0,2.0,0.0,0.0,,0.0,0.0,,0.0,0.0,,,0.0,0.0,,0.0,0.0,0.0,0.0,0.0,0.0,0.0,1.0,0.0,,2022,0,
599.0,Matt Mooney,25.0,NYK,SG,1.0,0.0,2.0,0.0,1.0,0.0,0.0,1.0,0.0,0.0,0.0,,0.0,0.0,0.0,,0.0,0.0,0.0,0.0,1.0,0.0,1.0,0.0,0.0,,2022,0,197915.0
600.0,Ade Murkey,24.0,SAC,SG,1.0,0.0,1.0,0.0,0.0,,0.0,0.0,,0.0,0.0,,,0.0,0.0,,0.0,0.0,0.0,0.0,0.0,0.0,0.0,0.0,0.0,,2022,0,61489.0
601.0,Jaysean Paige,27.0,DET,PG,1.0,0.0,7.0,0.0,3.0,0.0,0.0,2.0,0.0,0.0,1.0,0.0,0.0,0.0,0.0,,0.0,1.0,1.0,1.0,0.0,0.0,1.0,2.0,0.0,,2022,0,61489.0
602.0,Trayvon Palmer,27.0,DET,SG,1.0,0.0,17.0,0.0,1.0,0.0,0.0,0.0,,0.0,1.0,0.0,0.0,0.0,0.0,,0.0,2.0,2.0,0.0,0.0,0.0,1.0,2.0,0.0,,2022,0,61489.0
603.0,Emanuel Terry,25.0,PHO,PF,3.0,0.0,6.0,0.0,1.7,0.0,0.0,0.0,,0.0,1.7,0.0,0.0,0.0,0.0,,2.7,2.3,5.0,0.7,0.3,0.0,1.7,1.3,0.0,,2022,0,98957.0
604.0,Jon Teske,24.0,MEM,C,3.0,0.0,2.7,0.0,0.3,0.0,0.0,0.0,,0.0,0.3,0.0,0.0,0.0,0.7,0.0,0.0,0.7,0.7,0.3,0.3,0.0,0.0,0.3,0.0,,2022,0,61489.0
605.0,M.J. Walker,23.0,PHO,SG,2.0,0.0,4.0,0.0,2.0,0.0,0.0,1.0,0.0,0.0,1.0,0.0,0.0,0.0,0.0,,0.0,0.5,0.5,0.5,1.0,0.0,0.0,0.5,0.0,,2022,0,
34.0,Jalen Green,20.0,HOU,SG,76.0,76.0,34.2,7.4,17.9,0.416,2.5,7.3,0.338,5.0,10.6,0.471,0.485,4.8,6.1,0.786,0.6,3.2,3.7,3.7,0.8,0.2,2.6,1.7,22.1,,2023,1,10011069.0
35.0,Keldon Johnson,23.0,SAS,SF,63.0,63.0,32.7,8.0,17.7,0.452,2.1,6.5,0.329,5.9,11.2,0.523,0.512,3.9,5.2,0.749,0.9,4.2,5.0,2.9,0.7,0.2,2.1,2.0,22.0,,2023,1,4106520.0
36.0,Klay Thompson,32.0,GSW,SF,69.0,69.0,33.0,7.9,18.1,0.436,4.4,10.6,0.412,3.6,7.6,0.47,0.556,1.7,1.9,0.879,0.6,3.6,4.1,2.4,0.7,0.4,1.8,1.9,21.9,,2023,1,43047777.0
38.0,Darius Garland,23.0,CLE,PG,69.0,69.0,35.5,7.6,16.4,0.462,2.4,6.0,0.41,5.1,10.4,0.492,0.537,4.0,4.7,0.863,0.4,2.3,2.7,7.8,1.2,0.1,2.9,2.1,21.6,,2023,1,9458610.0
39.0,Desmond Bane,24.0,MEM,SG,58.0,58.0,31.7,7.8,16.2,0.479,2.9,7.0,0.408,4.9,9.2,0.534,0.568,3.1,3.5,0.883,0.7,4.3,5.0,4.4,1.0,0.4,2.2,2.6,21.5,,2023,1,2258667.0
42.0,Anfernee Simons,23.0,POR,SG,62.0,62.0,35.0,7.5,16.9,0.447,3.4,9.1,0.377,4.1,7.8,0.528,0.548,2.6,2.9,0.894,0.3,2.3,2.6,4.1,0.7,0.2,2.1,2.3,21.1,,2023,1,23667143.0
43.0,James Harden,33.0,PHI,PG,58.0,58.0,36.8,6.4,14.5,0.441,2.8,7.2,0.385,3.6,7.3,0.495,0.536,5.4,6.2,0.867,0.7,5.4,6.1,10.7,1.2,0.5,3.4,1.9,21.0,,2023,1,34989504.0
44.0,CJ McCollum,31.0,NOP,PG,75.0,75.0,35.3,7.8,17.9,0.437,2.8,7.2,0.389,5.0,10.7,0.469,0.515,2.4,3.2,0.769,0.7,3.6,4.4,5.7,0.9,0.5,2.4,2.0,20.9,,2023,1,35342933.0
46.0,Karl-Anthony Towns,27.0,MIN,PF,29.0,29.0,33.0,7.3,14.8,0.495,2.1,5.7,0.366,5.2,9.1,0.576,0.565,4.1,4.7,0.874,1.7,6.5,8.1,4.8,0.7,0.6,3.0,3.8,20.8,,2023,1,35873148.0
48.0,Jerami Grant,28.0,POR,PF,63.0,63.0,35.7,6.9,14.5,0.475,2.3,5.7,0.401,4.6,8.8,0.523,0.554,4.4,5.4,0.813,0.8,3.7,4.5,2.4,0.8,0.8,1.8,2.4,20.5,,2023,1,22218335.0
49.0,Dejounte Murray,26.0,ATL,SG,74.0,74.0,36.4,8.3,17.8,0.464,1.8,5.2,0.344,6.5,12.6,0.514,0.514,2.1,2.6,0.832,0.7,4.5,5.3,6.1,1.5,0.3,2.2,1.4,20.5,,2023,1,18100303.0
50.0,Bam Adebayo,25.0,MIA,C,75.0,75.0,34.6,8.0,14.9,0.54,0.0,0.2,0.083,8.0,14.7,0.545,0.541,4.3,5.4,0.806,2.5,6.7,9.2,3.2,1.2,0.8,2.5,2.8,20.4,"DPOY-5,AS,DEF2",2023,1,32181628.0
51.0,Jordan Poole,23.0,GSW,PG,82.0,43.0,30.0,6.7,15.6,0.43,2.6,7.8,0.336,4.1,7.8,0.524,0.514,4.4,5.1,0.87,0.4,2.4,2.7,4.5,0.8,0.3,3.1,2.6,20.4,,2023,1,4136606.0
52.0,Tyrese Maxey,22.0,PHI,SG,60.0,41.0,33.6,7.3,15.2,0.481,2.7,6.2,0.434,4.7,9.1,0.513,0.568,3.0,3.6,0.845,0.4,2.6,2.9,3.5,0.8,0.1,1.3,2.2,20.3,,2023,1,2891278.0
53.0,Kelly Oubre Jr.,27.0,CHO,SF,48.0,40.0,32.3,7.4,17.1,0.431,2.3,7.1,0.319,5.1,10.0,0.51,0.497,3.3,4.3,0.76,1.4,3.8,5.2,1.1,1.4,0.4,1.3,2.9,20.3,,2023,1,
54.0,Mikal Bridges,26.0,2TM,SG,83.0,83.0,35.7,7.1,15.3,0.468,2.0,5.3,0.382,5.1,9.9,0.514,0.535,3.8,4.3,0.895,1.0,3.4,4.4,3.3,1.1,0.7,1.5,1.9,20.1,,2023,1,21311788.0
55.0,Tyler Herro,23.0,MIA,SG,67.0,67.0,34.9,7.3,16.6,0.439,3.0,8.0,0.378,4.2,8.5,0.497,0.531,2.5,2.7,0.934,0.4,5.0,5.4,4.2,0.8,0.2,2.4,1.5,20.1,,2023,1,6067090.0
56.0,Paolo Banchero,20.0,ORL,PF,72.0,72.0,33.8,6.7,15.6,0.427,1.2,4.0,0.298,5.5,11.6,0.471,0.465,5.5,7.4,0.738,1.2,5.7,6.9,3.7,0.8,0.5,2.8,2.2,20.0,ROY-1,2023,1,11721611.0
57.0,Louis King,23.0,PHI,PF,1.0,0.0,29.0,8.0,13.0,0.615,4.0,8.0,0.5,4.0,5.0,0.8,0.769,0.0,1.0,0.0,2.0,2.0,4.0,2.0,1.0,0.0,2.0,4.0,20.0,,2023,1,325602.0
58.0,Jamal Murray,25.0,DEN,PG,65.0,65.0,32.8,7.3,16.0,0.454,2.6,6.6,0.398,4.6,9.4,0.494,0.537,2.8,3.3,0.833,0.7,3.2,4.0,6.2,1.0,0.2,2.2,1.6,20.0,,2023,1,33558751.0
59.0,Cade Cunningham,21.0,DET,PG,12.0,12.0,33.3,7.8,18.7,0.415,1.4,5.1,0.279,6.3,13.6,0.466,0.453,3.0,3.6,0.837,1.0,5.2,6.2,6.0,0.8,0.6,3.3,2.8,19.9,,2023,0,11189007.0
61.0,Jrue Holiday,32.0,MIL,PG,67.0,65.0,32.6,7.3,15.3,0.479,2.4,6.1,0.384,5.0,9.1,0.542,0.556,2.3,2.6,0.859,1.2,3.9,5.1,7.4,1.2,0.4,2.9,1.7,19.3,"DPOY-7,AS,DEF1",2023,0,36388575.0
62.0,Fred VanVleet,28.0,TOR,PG,69.0,69.0,36.7,6.3,16.1,0.393,3.0,8.8,0.342,3.3,7.3,0.455,0.486,3.7,4.1,0.898,0.4,3.6,4.1,7.2,1.8,0.6,2.0,2.8,19.3,,2023,0,22531120.0
65.0,Jaren Jackson Jr.,23.0,MEM,C,63.0,63.0,28.4,6.6,13.0,0.506,1.6,4.5,0.355,5.0,8.6,0.585,0.567,3.8,4.9,0.788,1.7,5.0,6.8,1.0,1.0,3.0,1.7,3.6,18.6,"DPOY-1,AS,DEF1",2023,0,
66.0,Franz Wagner,21.0,ORL,SF,80.0,80.0,32.6,6.8,14.0,0.485,1.6,4.5,0.361,5.2,9.5,0.544,0.543,3.4,4.0,0.842,0.9,3.2,4.1,3.5,1.0,0.2,2.1,2.3,18.6,,2023,0,5575291.0
67.0,Devin Vassell,22.0,SAS,SG,38.0,32.0,31.0,6.9,15.7,0.439,2.7,7.0,0.387,4.2,8.7,0.48,0.525,2.1,2.6,0.78,0.2,3.7,3.9,3.6,1.1,0.4,1.5,1.5,18.5,,2023,0,4704497.0
68.0,Deandre Ayton,24.0,PHO,C,67.0,67.0,30.4,7.8,13.2,0.589,0.1,0.4,0.292,7.7,12.9,0.597,0.592,2.3,3.0,0.76,2.6,7.4,10.0,1.7,0.6,0.8,1.8,2.8,18.0,,2023,0,32777478.0
69.0,Myles Turner,26.0,IND,C,62.0,62.0,29.4,6.5,11.8,0.548,1.5,4.0,0.373,5.0,7.8,0.638,0.612,3.5,4.5,0.783,1.4,6.1,7.5,1.4,0.6,2.3,1.7,3.5,18.0,,2023,0,37212398.0
70.0,D'Angelo Russell,26.0,2TM,PG,71.0,71.0,32.5,6.3,13.4,0.469,2.7,6.9,0.396,3.5,6.5,0.548,0.572,2.5,3.0,0.829,0.5,2.5,3.0,6.2,1.0,0.4,2.6,2.0,17.8,,2023,0,33269452.0
71.0,Nikola Vucevic,32.0,CHI,C,82.0,82.0,33.5,7.3,14.0,0.52,1.5,4.2,0.349,5.8,9.8,0.594,0.573,1.6,1.9,0.835,1.9,9.1,11.0,3.2,0.7,0.7,1.7,2.2,17.6,,2023,0,23326336.0
72.0,Michael Porter Jr.,24.0,DEN,SF,62.0,62.0,29.0,6.4,13.2,0.487,3.0,7.3,0.414,3.4,5.9,0.579,0.602,1.5,1.9,0.8,1.0,4.5,5.5,1.0,0.6,0.5,1.1,1.9,17.4,,2023,0,
74.0,Spencer Dinwiddie,29.0,2TM,SG,79.0,79.0,34.5,5.8,13.3,0.438,2.3,6.2,0.369,3.5,7.1,0.498,0.524,3.4,4.2,0.812,0.4,3.1,3.4,6.5,0.8,0.3,1.8,2.4,17.3,,2023,0,20675616.0
79.0,Bennedict Mathurin,20.0,IND,SG,78.0,17.0,28.5,5.3,12.2,0.434,1.3,4.0,0.323,4.0,8.2,0.488,0.487,4.8,5.8,0.828,1.1,3.0,4.1,1.5,0.6,0.2,1.9,2.1,16.7,"ROY-4,6MOY-8",2023,0,6983905.0
80.0,Josh Giddey,20.0,OKC,PF,76.0,76.0,31.1,7.1,14.7,0.482,1.0,3.1,0.325,6.1,11.6,0.524,0.516,1.4,1.9,0.731,1.9,5.9,7.9,6.2,0.8,0.4,2.8,1.9,16.6,,2023,0,6666454.0
81.0,Christian Wood,27.0,DAL,C,67.0,17.0,25.9,5.9,11.5,0.515,1.6,4.2,0.376,4.3,7.3,0.594,0.583,3.2,4.2,0.772,1.3,6.0,7.3,1.8,0.4,1.1,1.8,2.5,16.6,6MOY-9,2023,0,15180630.0
83.0,Jaden Ivey,20.0,DET,SG,74.0,73.0,31.1,5.5,13.3,0.416,1.6,4.7,0.343,3.9,8.6,0.457,0.477,3.6,4.8,0.747,1.0,2.9,3.9,5.2,0.8,0.2,3.2,3.3,16.3,ROY-6,2023,0,7689420.0
84.0,Evan Mobley,21.0,CLE,PF,79.0,79.0,34.4,6.6,12.0,0.554,0.3,1.3,0.216,6.4,10.7,0.595,0.566,2.6,3.8,0.674,2.4,6.6,9.0,2.8,0.8,1.5,1.8,2.8,16.2,"DPOY-3,DEF1",2023,0,8989885.0
85.0,RaiQuan Gray,23.0,BRK,PF,1.0,0.0,35.0,6.0,12.0,0.5,2.0,5.0,0.4,4.0,7.0,0.571,0.583,2.0,2.0,1.0,3.0,6.0,9.0,7.0,0.0,1.0,4.0,5.0,16.0,,2023,0,6201.0
86.0,Brook Lopez,34.0,MIL,C,78.0,78.0,30.4,6.1,11.5,0.531,1.7,4.7,0.374,4.4,6.9,0.637,0.606,1.9,2.4,0.784,2.0,4.7,6.7,1.3,0.5,2.5,1.4,2.6,15.9,"DPOY-2,DEF1",2023,0,14745399.0
87.0,Russell Westbrook,34.0,2TM,PG,73.0,24.0,29.1,5.9,13.6,0.436,1.2,3.9,0.311,4.7,9.7,0.487,0.481,2.8,4.3,0.656,1.2,4.6,5.8,7.5,1.0,0.5,3.5,2.2,15.9,6MOY-9,2023,0,49918548.0
89.0,Cameron Johnson,26.0,2TM,PF,42.0,41.0,28.5,5.3,11.3,0.47,2.5,6.1,0.404,2.9,5.2,0.548,0.579,2.4,2.9,0.842,0.8,3.6,4.4,1.9,1.2,0.3,0.9,2.0,15.5,,2023,0,6242868.0
91.0,Scottie Barnes,21.0,TOR,SF,77.0,76.0,34.8,6.0,13.2,0.456,0.8,2.9,0.281,5.2,10.3,0.505,0.487,2.5,3.2,0.772,2.3,4.3,6.6,4.8,1.1,0.8,2.0,2.2,15.3,,2023,0,8105477.0
96.0,Harrison Barnes,30.0,SAC,PF,82.0,82.0,32.5,4.6,9.6,0.473,1.6,4.3,0.374,3.0,5.3,0.553,0.556,4.3,5.0,0.847,1.1,3.4,4.5,1.6,0.7,0.1,1.0,1.3,15.0,,2023,0,19458694.0
97.0,Malcolm Brogdon,30.0,BOS,PG,67.0,0.0,26.0,5.3,10.9,0.484,2.0,4.4,0.444,3.3,6.5,0.51,0.574,2.4,2.7,0.87,0.6,3.6,4.2,3.7,0.7,0.3,1.5,1.6,14.9,6MOY-1,2023,0,23962508.0
99.0,Alperen Sengun,20.0,HOU,C,75.0,72.0,28.9,5.9,10.7,0.553,0.3,0.8,0.333,5.6,9.9,0.57,0.565,2.7,3.8,0.715,3.2,5.8,9.0,3.9,0.9,0.9,2.6,3.4,14.8,,2023,0,3578853.0
100.0,Tobias Harris,30.0,PHI,SF,74.0,74.0,32.9,5.7,11.4,0.501,1.7,4.4,0.389,4.0,7.0,0.57,0.575,1.5,1.7,0.876,0.9,4.8,5.7,2.5,0.9,0.5,1.2,2.0,14.7,,2023,0,39901871.0
102.0,Trey Murphy III,22.0,NOP,SF,79.0,65.0,31.0,4.9,10.1,0.484,2.6,6.3,0.406,2.3,3.8,0.611,0.61,2.2,2.4,0.905,0.7,2.8,3.6,1.4,1.1,0.5,0.8,2.0,14.5,,2023,0,
103.0,Tim Hardaway Jr.,30.0,DAL,SF,71.0,45.0,30.3,4.8,11.9,0.401,3.0,7.7,0.385,1.8,4.2,0.431,0.527,1.8,2.3,0.77,0.3,3.2,3.5,1.8,0.7,0.2,0.8,1.7,14.4,,2023,0,
105.0,Dillon Brooks,27.0,MEM,SF,73.0,73.0,30.3,5.4,13.6,0.396,2.0,6.0,0.326,3.4,7.6,0.451,0.468,1.6,2.1,0.779,0.6,2.7,3.3,2.6,0.9,0.2,1.4,3.3,14.3,DEF2,2023,0,12087283.0
106.0,Collin Sexton,24.0,UTA,PG,48.0,15.0,23.9,4.9,9.8,0.506,1.0,2.5,0.393,3.9,7.2,0.546,0.558,3.4,4.1,0.819,0.8,1.4,2.2,2.9,0.6,0.1,1.8,2.3,14.3,,2023,0,17706809.0
107.0,Bobby Portis,27.0,MIL,PF,70.0,22.0,26.0,5.7,11.5,0.496,1.4,3.7,0.37,4.3,7.8,0.555,0.555,1.4,1.8,0.768,2.2,7.4,9.6,1.5,0.4,0.2,1.2,1.6,14.1,6MOY-3,2023,0,11497073.0
109.0,Jalen Williams,21.0,OKC,SG,75.0,62.0,30.3,5.5,10.6,0.521,1.0,2.7,0.356,4.5,7.9,0.579,0.567,2.1,2.5,0.812,1.1,3.4,4.5,3.3,1.4,0.5,1.6,2.5,14.1,ROY-2,2023,0,4603219.0
111.0,Markelle Fultz,24.0,ORL,PG,60.0,60.0,29.6,5.8,11.3,0.514,0.5,1.5,0.31,5.4,9.9,0.544,0.534,1.9,2.4,0.783,1.2,2.8,3.9,5.7,1.5,0.4,2.3,2.2,14.0,,2023,0,17494752.0
112.0,Chris Paul,37.0,PHO,PG,59.0,59.0,32.0,5.0,11.3,0.44,1.7,4.4,0.375,3.3,6.9,0.482,0.513,2.3,2.7,0.831,0.5,3.8,4.3,8.9,1.5,0.4,1.9,2.1,13.9,,2023,0,30112179.0
113.0,Saddiq Bey,23.0,2TM,SF,77.0,37.0,27.6,4.6,10.9,0.422,2.0,5.4,0.361,2.6,5.4,0.483,0.513,2.7,3.1,0.861,1.3,3.4,4.7,1.5,0.9,0.2,0.9,1.6,13.8,,2023,0,3137477.0
114.0,Luguentz Dort,23.0,OKC,SF,74.0,73.0,30.7,4.6,11.8,0.388,1.8,5.5,0.33,2.8,6.3,0.44,0.466,2.7,3.5,0.772,1.7,2.9,4.6,2.1,1.0,0.3,1.2,3.3,13.7,,2023,0,16198844.0
115.0,Malik Monk,24.0,SAC,SG,77.0,0.0,22.3,4.6,10.3,0.448,1.9,5.2,0.359,2.8,5.2,0.538,0.538,2.4,2.7,0.889,0.4,2.2,2.6,3.9,0.6,0.3,1.9,1.6,13.5,6MOY-5,2023,0,10043280.0
116.0,Rudy Gobert,30.0,MIN,C,70.0,70.0,30.7,5.1,7.8,0.659,0.0,0.0,0.0,5.1,7.8,0.663,0.659,3.1,4.9,0.644,3.3,8.3,11.6,1.2,0.8,1.4,1.7,3.0,13.4,,2023,0,40473752.0
118.0,Kris Dunn,28.0,UTA,PG,22.0,3.0,25.8,5.3,9.8,0.537,0.8,1.6,0.472,4.5,8.2,0.55,0.576,1.9,2.4,0.774,0.4,4.1,4.5,5.6,1.1,0.5,1.6,2.6,13.2,,2023,0,1060289.0
119.0,John Collins,25.0,ATL,PF,71.0,71.0,30.0,5.1,10.0,0.508,1.0,3.4,0.292,4.1,6.6,0.619,0.557,2.0,2.5,0.803,1.1,5.4,6.5,1.2,0.6,1.0,1.1,3.1,13.1,,2023,0,24916768.0
120.0,Cole Anthony,22.0,ORL,PG,60.0,4.0,25.9,4.6,10.2,0.454,1.3,3.4,0.364,3.4,6.7,0.5,0.516,2.5,2.8,0.894,0.8,4.0,4.8,3.9,0.6,0.5,1.5,2.6,13.0,,2023,0,3831541.0
121.0,Austin Reaves,24.0,LAL,SG,64.0,22.0,28.8,4.0,7.7,0.529,1.3,3.4,0.398,2.7,4.3,0.631,0.616,3.6,4.1,0.864,0.5,2.5,3.0,3.4,0.5,0.3,1.5,1.7,13.0,6MOY-7,2023,0,1657779.0
124.0,Jabari Smith Jr.,19.0,HOU,PF,79.0,79.0,31.0,4.6,11.3,0.408,1.5,4.9,0.307,3.1,6.3,0.487,0.475,2.1,2.6,0.786,1.5,5.7,7.2,1.3,0.5,0.9,1.3,2.9,12.8,,2023,0,
125.0,Malik Beasley,26.0,2TM,SG,81.0,27.0,25.8,4.6,11.6,0.395,2.9,8.1,0.357,1.7,3.4,0.484,0.52,0.6,0.8,0.769,0.4,3.1,3.5,1.5,0.8,0.1,1.1,1.3,12.7,,2023,0,16495997.0
127.0,Nic Claxton,23.0,BRK,C,76.0,76.0,29.9,5.4,7.7,0.705,0.0,0.0,0.0,5.4,7.7,0.708,0.705,1.8,3.2,0.541,2.4,6.8,9.2,1.9,0.9,2.5,1.3,2.8,12.6,DPOY-9,2023,0,
129.0,Jakob Poeltl,27.0,2TM,C,72.0,71.0,26.5,5.4,8.6,0.629,0.0,0.0,0.0,5.4,8.6,0.63,0.629,1.7,2.8,0.592,3.3,5.8,9.1,2.7,0.9,1.2,1.7,2.7,12.5,,2023,0,9964743.0
132.0,Eric Gordon,34.0,2TM,SG,69.0,58.0,28.5,4.2,9.5,0.446,1.9,5.2,0.371,2.3,4.3,0.535,0.547,2.1,2.5,0.821,0.2,1.7,1.9,2.7,0.6,0.4,1.5,1.1,12.4,,2023,0,20748097.0
134.0,Keegan Murray,22.0,SAC,SF,80.0,78.0,29.8,4.4,9.8,0.453,2.6,6.3,0.411,1.9,3.5,0.527,0.584,0.8,1.0,0.765,1.1,3.5,4.6,1.2,0.8,0.5,0.8,2.0,12.2,ROY-5,2023,0,8491252.0
136.0,Jaden McDaniels,22.0,MIN,SF,79.0,79.0,30.6,4.7,9.1,0.517,1.4,3.4,0.398,3.3,5.7,0.588,0.591,1.3,1.8,0.736,1.2,2.7,3.9,1.9,0.9,1.0,1.4,3.4,12.1,,2023,0,2291748.0
138.0,Clint Capela,28.0,ATL,C,65.0,63.0,26.6,5.4,8.2,0.653,0.0,0.0,0.0,5.4,8.2,0.654,0.653,1.2,2.0,0.603,4.0,7.1,11.0,0.9,0.7,1.2,0.8,2.1,12.0,,2023,0,19304553.0
139.0,Mike Conley,35.0,2TM,PG,67.0,66.0,30.3,3.9,9.1,0.428,2.0,5.2,0.385,1.9,3.9,0.486,0.539,2.1,2.5,0.834,0.5,2.2,2.7,6.7,1.1,0.2,1.5,2.1,11.9,,2023,0,24047332.0
140.0,Bones Hyland,22.0,2TM,PG,56.0,1.0,19.4,4.1,10.2,0.399,2.1,5.6,0.371,2.0,4.6,0.434,0.502,1.5,1.8,0.843,0.4,2.1,2.4,3.1,0.7,0.3,1.5,1.7,11.8,,2023,0,2334245.0
141.0,Lonnie Walker IV,24.0,LAL,SG,56.0,32.0,23.2,4.2,9.4,0.448,1.6,4.4,0.365,2.6,5.0,0.522,0.534,1.6,1.9,0.858,0.3,1.7,1.9,1.1,0.5,0.3,0.8,1.3,11.7,,2023,0,
144.0,Naz Reid,23.0,MIN,C,68.0,11.0,18.4,4.6,8.5,0.537,1.1,3.2,0.346,3.5,5.3,0.653,0.602,1.3,1.9,0.677,1.1,3.8,4.9,1.1,0.6,0.8,1.4,2.6,11.5,,2023,0,2047077.0
146.0,Max Strus,26.0,MIA,SF,80.0,33.0,28.4,4.1,9.9,0.41,2.5,7.0,0.35,1.6,2.8,0.559,0.535,1.0,1.1,0.876,0.6,2.6,3.2,2.1,0.5,0.2,0.9,2.1,11.5,,2023,0,1925140.0
147.0,John Wall,32.0,LAC,PG,34.0,3.0,22.2,4.1,9.9,0.408,1.0,3.2,0.303,3.1,6.7,0.459,0.457,2.3,3.3,0.681,0.4,2.3,2.7,5.2,0.8,0.4,2.4,1.7,11.4,,2023,0,50200141.0
149.0,Isaiah Stewart,21.0,DET,C,50.0,47.0,28.3,3.9,8.8,0.442,1.3,4.1,0.327,2.6,4.7,0.542,0.518,2.2,3.0,0.738,2.3,5.8,8.1,1.4,0.4,0.7,1.4,2.7,11.3,,2023,0,3640308.0
150.0,Rui Hachimura,24.0,2TM,PF,63.0,9.0,23.3,4.5,9.3,0.486,0.8,2.5,0.319,3.7,6.7,0.55,0.53,1.4,1.9,0.739,0.8,3.7,4.5,0.9,0.3,0.4,0.8,1.1,11.2,,2023,0,6640783.0
153.0,Corey Kispert,23.0,WAS,SF,74.0,45.0,28.3,3.9,7.9,0.497,2.2,5.2,0.424,1.7,2.7,0.637,0.637,1.0,1.2,0.852,0.4,2.4,2.8,1.2,0.4,0.1,0.7,1.3,11.1,,2023,0,3767033.0
154.0,Jeremy Sochan,19.0,SAS,PF,56.0,53.0,26.0,4.5,9.9,0.453,0.6,2.4,0.246,3.9,7.5,0.519,0.483,1.4,2.1,0.698,1.7,3.6,5.3,2.5,0.8,0.4,1.7,2.5,11.0,,2023,0,5368789.0
155.0,Mason Plumlee,32.0,2TM,C,79.0,60.0,26.0,4.2,6.1,0.68,0.0,0.0,,4.2,6.1,0.68,0.68,2.5,4.0,0.636,2.9,6.0,8.9,3.1,0.6,0.6,1.5,2.7,10.8,,2023,0,9627857.0
156.0,Kentavious Caldwell-Pope,29.0,DEN,SG,76.0,76.0,31.3,3.8,8.3,0.462,1.8,4.2,0.423,2.1,4.1,0.502,0.569,1.4,1.6,0.824,0.5,2.3,2.7,2.4,1.5,0.5,1.1,1.9,10.8,,2023,0,14849018.0
158.0,Ivica Zubac,25.0,LAC,C,76.0,76.0,28.6,4.3,6.8,0.634,0.0,0.0,0.0,4.3,6.7,0.637,0.634,2.2,3.1,0.697,3.1,6.8,9.9,1.0,0.4,1.3,1.5,2.9,10.8,,2023,0,10733780.0
159.0,Talen Horton-Tucker,22.0,UTA,SG,65.0,20.0,20.2,4.0,9.4,0.419,0.9,3.1,0.286,3.1,6.3,0.485,0.467,1.9,2.6,0.75,0.6,2.6,3.2,3.8,0.6,0.4,1.9,1.7,10.7,,2023,0,10878554.0
160.0,Victor Oladipo,30.0,MIA,SG,42.0,2.0,26.3,3.8,9.6,0.397,1.7,5.0,0.33,2.1,4.5,0.471,0.484,1.4,1.9,0.747,0.4,2.7,3.0,3.5,1.4,0.3,2.1,2.4,10.7,,2023,0,9277520.0
161.0,Cam Thomas,21.0,BRK,SG,57.0,4.0,16.6,3.5,8.0,0.441,0.9,2.3,0.383,2.6,5.7,0.464,0.497,2.6,3.1,0.868,0.1,1.5,1.7,1.4,0.4,0.1,1.1,1.0,10.6,,2023,0,2267065.0
162.0,Jeenathan Williams,23.0,POR,SG,5.0,4.0,25.4,4.8,7.8,0.615,0.6,1.6,0.375,4.2,6.2,0.677,0.654,0.4,0.6,0.667,2.0,1.0,3.0,2.0,0.6,0.4,0.8,2.6,10.6,,2023,0,55817.0
163.0,Moritz Wagner,25.0,ORL,C,57.0,18.0,19.5,3.5,6.9,0.5,0.9,2.9,0.313,2.6,4.1,0.631,0.564,2.7,3.2,0.841,1.2,3.3,4.5,1.5,0.6,0.2,1.2,2.4,10.5,,2023,0,1991984.0
164.0,Grayson Allen,27.0,MIL,SG,72.0,70.0,27.4,3.4,7.7,0.44,2.0,5.1,0.399,1.4,2.7,0.518,0.571,1.6,1.8,0.905,0.8,2.4,3.3,2.3,0.9,0.2,1.0,1.6,10.4,,2023,0,9463070.0
165.0,Killian Hayes,21.0,DET,PG,76.0,56.0,28.3,4.0,10.7,0.377,1.1,3.8,0.28,3.0,7.0,0.429,0.426,1.2,1.5,0.821,0.4,2.5,2.9,6.2,1.4,0.4,2.3,2.9,10.3,,2023,0,6189706.0
166.0,Tyus Jones,26.0,MEM,PG,80.0,22.0,24.3,3.9,8.9,0.438,1.5,4.1,0.371,2.4,4.8,0.495,0.523,1.0,1.3,0.8,0.4,2.2,2.5,5.2,1.0,0.1,0.9,0.4,10.3,6MOY-6,2023,0,15904320.0
169.0,Reggie Jackson,32.0,2TM,PG,68.0,40.0,24.4,3.9,9.4,0.411,1.4,4.2,0.333,2.5,5.2,0.474,0.486,1.0,1.1,0.91,0.4,1.8,2.1,3.4,0.7,0.1,1.7,1.7,10.2,,2023,0,12147949.0
170.0,Malaki Branham,19.0,SAS,SG,66.0,32.0,23.5,4.1,9.3,0.44,1.2,3.9,0.302,2.9,5.4,0.539,0.503,0.9,1.1,0.829,0.4,2.3,2.7,1.9,0.5,0.1,1.2,1.7,10.2,,2023,0,3101978.0
172.0,Patrick Williams,21.0,CHI,PF,82.0,65.0,28.3,3.8,8.3,0.464,1.4,3.4,0.415,2.4,4.9,0.498,0.549,1.1,1.3,0.857,1.0,3.0,4.0,1.2,0.9,0.9,1.2,1.8,10.2,,2023,0,8244163.0
173.0,Josh Richardson,29.0,2TM,SG,65.0,10.0,23.5,3.7,8.5,0.431,1.6,4.5,0.365,2.0,4.0,0.506,0.528,1.1,1.2,0.852,0.6,2.1,2.7,2.7,1.1,0.3,1.3,1.8,10.1,,2023,0,12931372.0
174.0,De'Anthony Melton,24.0,PHI,SG,77.0,58.0,27.9,3.6,8.5,0.425,2.0,5.2,0.39,1.6,3.2,0.484,0.546,0.9,1.1,0.793,0.9,3.2,4.1,2.6,1.6,0.5,1.3,2.5,10.1,,2023,0,8747376.0
175.0,Aaron Nesmith,23.0,IND,SF,73.0,60.0,24.9,3.5,8.1,0.427,1.6,4.3,0.366,1.9,3.8,0.496,0.525,1.6,1.9,0.838,0.8,2.9,3.8,1.3,0.8,0.5,1.0,3.2,10.1,,2023,0,4033717.0
176.0,James Wiseman,21.0,2TM,C,45.0,22.0,19.3,4.2,7.5,0.558,0.1,0.4,0.2,4.1,7.1,0.58,0.563,1.5,2.2,0.701,1.6,4.3,5.9,0.7,0.2,0.6,1.1,2.4,10.0,,2023,0,10182327.0
177.0,Brandon Clarke,26.0,MEM,PF,56.0,8.0,19.5,4.1,6.2,0.656,0.0,0.1,0.167,4.1,6.1,0.665,0.658,1.8,2.4,0.723,1.6,3.9,5.5,1.3,0.6,0.7,1.0,2.3,10.0,,2023,0,4605805.0
178.0,Jonathan Kuminga,20.0,GSW,PF,67.0,16.0,20.8,3.9,7.4,0.525,0.8,2.2,0.37,3.1,5.2,0.59,0.579,1.3,2.1,0.652,1.0,2.4,3.4,1.9,0.6,0.5,1.4,2.3,9.9,,2023,0,6085883.0
179.0,Onyeka Okongwu,22.0,ATL,C,80.0,18.0,23.1,4.0,6.2,0.638,0.1,0.2,0.308,3.9,6.1,0.647,0.642,1.9,2.5,0.781,2.7,4.5,7.2,1.0,0.7,1.3,1.0,3.1,9.9,,2023,0,6780711.0
180.0,Luka Samanic,23.0,UTA,PF,7.0,4.0,23.0,3.7,8.1,0.456,1.1,4.4,0.258,2.6,3.7,0.692,0.526,1.3,1.9,0.692,0.0,4.3,4.3,2.1,0.9,0.3,1.4,2.4,9.9,,2023,0,570771.0
181.0,Shaedon Sharpe,19.0,POR,SG,80.0,15.0,22.2,3.8,8.1,0.472,1.3,3.5,0.36,2.6,4.6,0.559,0.551,0.9,1.3,0.714,0.8,2.2,3.0,1.2,0.5,0.3,1.0,1.7,9.9,,2023,0,6375469.0
182.0,Jalen Suggs,21.0,ORL,SG,53.0,19.0,23.5,3.5,8.4,0.419,1.2,3.8,0.327,2.3,4.6,0.496,0.493,1.6,2.2,0.723,1.0,2.0,3.0,2.9,1.3,0.5,1.8,2.3,9.9,,2023,0,7339652.0
183.0,Thomas Bryant,25.0,2TM,C,59.0,26.0,18.3,3.9,6.3,0.623,0.4,1.0,0.441,3.5,5.3,0.658,0.659,1.6,2.1,0.738,1.5,4.3,5.7,0.5,0.3,0.5,0.6,1.7,9.8,,2023,0,2086832.0
184.0,Josh Hart,27.0,2TM,SF,76.0,52.0,32.3,3.6,6.8,0.529,0.8,2.2,0.372,2.8,4.7,0.601,0.588,1.7,2.3,0.75,1.9,5.9,7.8,3.8,1.2,0.3,1.5,2.6,9.8,,2023,0,13741332.0
185.0,Al Horford,36.0,BOS,C,63.0,63.0,30.5,3.6,7.6,0.476,2.3,5.2,0.446,1.3,2.4,0.539,0.627,0.2,0.3,0.714,1.2,5.0,6.2,3.0,0.5,1.0,0.6,1.9,9.8,,2023,0,28097632.0
186.0,Herbert Jones,24.0,NOP,PF,66.0,66.0,29.6,3.6,7.6,0.469,0.8,2.5,0.335,2.7,5.1,0.536,0.525,1.9,2.4,0.764,1.5,2.6,4.1,2.5,1.6,0.6,1.3,3.2,9.8,,2023,0,
187.0,Julian Champagnie,21.0,2TM,SF,17.0,3.0,18.8,3.5,7.6,0.454,1.9,4.8,0.402,1.5,2.8,0.542,0.581,0.8,1.0,0.824,0.6,2.9,3.5,0.6,0.4,0.3,0.6,1.5,9.7,,2023,0,539571.0
188.0,Cam Reddish,23.0,2TM,SF,40.0,20.0,24.8,3.5,7.8,0.446,1.1,3.6,0.313,2.4,4.2,0.56,0.518,1.6,1.9,0.853,0.5,1.8,2.2,1.4,1.0,0.4,1.2,1.8,9.7,,2023,0,6313436.0
190.0,Coby White,22.0,CHI,SG,74.0,2.0,23.4,3.6,8.0,0.443,1.7,4.6,0.372,1.8,3.4,0.54,0.551,0.8,0.9,0.871,0.2,2.6,2.9,2.8,0.7,0.1,1.0,1.6,9.7,,2023,0,7860927.0
192.0,Isaiah Joe,23.0,OKC,SG,73.0,10.0,19.1,3.1,7.0,0.441,2.2,5.4,0.409,0.9,1.6,0.553,0.599,1.1,1.4,0.82,0.4,2.0,2.4,1.2,0.7,0.1,0.5,1.4,9.5,,2023,0,1946784.0
193.0,Andrew Nembhard,23.0,IND,SG,75.0,63.0,27.6,3.8,8.6,0.441,1.2,3.5,0.35,2.6,5.1,0.504,0.512,0.7,0.8,0.79,0.5,2.2,2.7,4.5,0.9,0.2,1.7,2.4,9.5,,2023,0,2379403.0
194.0,Jalen McDaniels,25.0,2TM,SF,80.0,24.0,23.9,3.5,7.7,0.455,1.0,2.9,0.332,2.6,4.8,0.53,0.518,1.5,1.7,0.841,0.8,3.5,4.3,1.6,1.0,0.4,1.2,2.6,9.4,,2023,0,2047077.0
196.0,Chris Boucher,30.0,TOR,PF,76.0,0.0,20.0,3.4,7.0,0.493,0.8,2.5,0.328,2.6,4.5,0.585,0.552,1.7,2.2,0.762,2.1,3.5,5.5,0.4,0.6,0.8,0.5,1.9,9.4,,2023,0,13455054.0
199.0,Gabe Vincent,26.0,MIA,PG,68.0,34.0,25.9,3.4,8.3,0.402,1.7,5.1,0.334,1.6,3.2,0.512,0.505,1.0,1.1,0.872,0.4,1.7,2.1,2.5,0.9,0.1,1.4,2.3,9.4,,2023,0,1925140.0
200.0,Luke Kennard,26.0,2TM,SG,59.0,14.0,22.3,3.2,6.5,0.492,2.3,4.6,0.494,0.9,1.9,0.487,0.666,0.6,0.7,0.949,0.3,2.4,2.7,1.5,0.5,0.1,0.8,1.4,9.3,,2023,0,14574141.0
202.0,Tari Eason,21.0,HOU,PF,82.0,5.0,21.5,3.6,8.0,0.448,0.7,2.1,0.343,2.9,6.0,0.486,0.493,1.3,1.8,0.752,2.4,3.7,6.0,1.1,1.2,0.6,1.2,2.3,9.3,,2023,0,3561677.0
204.0,Deni Avdija,22.0,WAS,SF,76.0,40.0,26.6,3.3,7.6,0.437,0.9,3.1,0.297,2.4,4.6,0.53,0.497,1.6,2.2,0.739,1.0,5.4,6.4,2.8,0.9,0.4,1.6,2.8,9.2,,2023,0,5212545.0
206.0,Walker Kessler,21.0,UTA,C,74.0,40.0,23.0,4.0,5.6,0.72,0.0,0.0,0.333,4.0,5.6,0.723,0.721,1.1,2.1,0.516,3.1,5.3,8.4,0.9,0.4,2.3,0.8,2.3,9.2,ROY-3,2023,0,2858960.0
207.0,Bol Bol,23.0,ORL,PF,70.0,33.0,21.5,3.7,6.8,0.546,0.4,1.6,0.265,3.3,5.2,0.633,0.577,1.2,1.5,0.759,1.0,4.8,5.8,1.0,0.4,1.2,1.6,1.3,9.1,,2023,0,2332633.0
208.0,Jalen Duren,19.0,DET,C,67.0,31.0,24.9,3.9,5.9,0.648,0.0,0.0,0.0,3.9,5.9,0.652,0.648,1.4,2.3,0.611,3.4,5.5,8.9,1.1,0.7,0.9,1.4,2.7,9.1,,2023,0,4372924.0
209.0,Josh Green,22.0,DAL,SG,60.0,21.0,25.7,3.4,6.4,0.537,1.1,2.8,0.402,2.3,3.6,0.643,0.626,1.1,1.6,0.723,0.9,2.1,3.0,1.7,0.7,0.1,1.2,2.6,9.1,,2023,0,3285196.0
210.0,Naji Marshall,25.0,NOP,SF,77.0,21.0,23.3,3.2,7.4,0.433,0.9,2.8,0.303,2.4,4.6,0.513,0.49,1.8,2.3,0.789,0.6,3.0,3.6,2.5,0.7,0.2,1.3,1.5,9.1,,2023,0,1890091.0
212.0,Jae'Sean Tate,27.0,HOU,SF,31.0,7.0,21.8,3.5,7.4,0.48,0.4,1.5,0.283,3.1,5.9,0.53,0.509,1.6,2.2,0.725,1.3,2.5,3.8,2.7,0.7,0.2,1.5,3.4,9.1,,2023,0,7491164.0
213.0,Santi Aldama,22.0,MEM,PF,77.0,20.0,21.8,3.2,6.8,0.47,1.2,3.5,0.353,2.0,3.4,0.591,0.56,1.4,1.9,0.75,1.1,3.7,4.8,1.3,0.6,0.6,0.8,1.9,9.0,,2023,0,
214.0,Jose Alvarado,24.0,NOP,PG,61.0,10.0,21.5,3.3,8.0,0.411,1.4,4.0,0.336,1.9,4.0,0.488,0.496,1.1,1.3,0.813,0.5,1.9,2.3,3.0,1.1,0.2,1.3,2.0,9.0,,2023,0,1657779.0
216.0,Mark Williams,21.0,CHO,C,43.0,17.0,19.3,3.7,5.8,0.637,0.0,0.0,,3.7,5.8,0.637,0.637,1.6,2.3,0.691,2.2,4.9,7.1,0.4,0.7,1.0,0.9,2.2,9.0,,2023,0,3946434.0
217.0,AJ Griffin,19.0,ATL,SF,72.0,12.0,19.5,3.4,7.4,0.465,1.4,3.6,0.39,2.0,3.8,0.536,0.56,0.6,0.7,0.894,0.5,1.6,2.1,1.0,0.6,0.2,0.6,1.2,8.9,,2023,0,3749348.0
218.0,Jaden Hardy,20.0,DAL,SG,48.0,5.0,14.8,3.0,6.9,0.438,1.3,3.3,0.404,1.7,3.7,0.469,0.533,1.4,1.6,0.823,0.2,1.6,1.9,1.4,0.4,0.1,1.0,1.3,8.8,,2023,0,1079140.0
223.0,Jordan Nwora,24.0,2TM,SF,62.0,14.0,19.2,3.1,7.2,0.436,1.4,3.4,0.408,1.7,3.8,0.462,0.533,1.1,1.4,0.791,0.8,2.9,3.7,1.4,0.4,0.2,1.1,1.2,8.7,,2023,0,2968806.0
224.0,T.J. McConnell,30.0,IND,PG,75.0,6.0,20.3,3.8,6.9,0.543,0.3,0.8,0.441,3.4,6.2,0.556,0.568,0.8,0.9,0.853,0.6,2.5,3.1,5.3,1.1,0.1,1.9,1.4,8.7,,2023,0,
225.0,Cedi Osman,27.0,CLE,SF,77.0,2.0,20.1,3.1,6.9,0.451,1.5,4.1,0.372,1.6,2.8,0.564,0.56,1.0,1.4,0.694,0.3,2.0,2.3,1.5,0.5,0.1,0.7,1.6,8.7,,2023,0,7873792.0
226.0,Landry Shamet,25.0,PHO,SG,40.0,9.0,20.2,2.8,7.5,0.377,1.9,5.0,0.377,1.0,2.5,0.376,0.502,1.1,1.3,0.882,0.3,1.4,1.7,2.3,0.7,0.1,0.9,1.5,8.7,,2023,0,10072736.0
227.0,Steven Adams,29.0,MEM,C,42.0,42.0,27.0,3.7,6.3,0.597,0.0,0.0,0.0,3.7,6.2,0.599,0.597,1.1,3.1,0.364,5.1,6.5,11.5,2.3,0.9,1.1,1.9,2.3,8.6,,2023,0,19007601.0
228.0,Ayo Dosunmu,23.0,CHI,SG,80.0,51.0,26.2,3.5,7.1,0.493,0.7,2.4,0.312,2.8,4.8,0.583,0.545,0.8,1.0,0.805,0.6,2.2,2.8,2.6,0.8,0.3,1.2,2.3,8.6,,2023,0,1657779.0
229.0,Draymond Green,32.0,GSW,PF,73.0,73.0,31.5,3.4,6.5,0.527,0.5,1.8,0.305,2.9,4.7,0.612,0.57,1.1,1.5,0.713,0.9,6.3,7.2,6.8,1.0,0.8,2.8,3.1,8.5,"DPOY-4,DEF2",2023,0,27362288.0
231.0,Dorian Finney-Smith,29.0,2TM,PF,66.0,66.0,30.4,3.0,7.6,0.391,1.7,5.1,0.337,1.2,2.5,0.503,0.505,0.7,0.9,0.763,1.7,3.1,4.8,1.5,0.8,0.5,0.9,2.2,8.3,,2023,0,13719965.0
232.0,Terrence Ross,31.0,2TM,SG,63.0,9.0,21.1,3.2,7.4,0.43,1.5,4.1,0.368,1.7,3.3,0.507,0.532,0.4,0.5,0.794,0.3,2.1,2.4,1.5,0.6,0.2,0.7,1.5,8.3,,2023,0,12193311.0
234.0,Kevin Love,34.0,2TM,PF,62.0,20.0,20.0,2.7,6.8,0.389,1.6,4.8,0.334,1.1,2.1,0.516,0.506,1.3,1.5,0.879,1.0,5.5,6.4,1.9,0.3,0.2,1.1,1.6,8.2,,2023,0,32399186.0
235.0,Damion Lee,30.0,PHO,SG,74.0,5.0,20.4,2.7,6.1,0.442,1.5,3.3,0.445,1.2,2.8,0.439,0.564,1.3,1.4,0.904,0.5,2.5,3.0,1.3,0.4,0.1,1.1,1.6,8.2,,2023,0,2261889.0
241.0,Kemba Walker,32.0,DAL,PG,9.0,1.0,16.0,2.7,6.3,0.421,0.8,3.1,0.25,1.9,3.2,0.586,0.482,1.9,2.3,0.81,0.3,1.4,1.8,2.1,0.2,0.2,0.4,1.2,8.0,,2023,0,39528872.0
242.0,Kenrich Williams,28.0,OKC,PF,53.0,10.0,22.8,3.4,6.5,0.517,0.9,2.5,0.373,2.4,4.0,0.608,0.59,0.3,0.7,0.436,1.8,3.1,4.9,2.0,0.8,0.3,0.6,2.1,8.0,,2023,0,2120576.0
243.0,Robert Williams,25.0,BOS,C,35.0,20.0,23.5,3.6,4.9,0.747,0.0,0.0,0.0,3.6,4.8,0.751,0.747,0.7,1.2,0.61,3.0,5.4,8.3,1.4,0.6,1.4,1.0,1.9,8.0,,2023,0,11360230.0
244.0,Gabe York,29.0,IND,SG,3.0,0.0,18.7,2.7,7.0,0.381,2.0,6.0,0.333,0.7,1.0,0.667,0.524,0.7,0.7,1.0,0.0,2.0,2.0,1.7,0.7,0.0,0.0,1.7,8.0,,2023,0,34110.0
245.0,Jarred Vanderbilt,23.0,2TM,PF,78.0,65.0,24.1,3.2,5.8,0.548,0.4,1.2,0.322,2.8,4.6,0.604,0.58,1.2,1.8,0.691,2.2,5.3,7.5,2.4,1.1,0.3,1.2,2.4,7.9,,2023,0,4637699.0
247.0,Chris Duarte,25.0,IND,SF,46.0,12.0,19.5,2.7,7.2,0.369,1.2,3.8,0.316,1.5,3.5,0.428,0.452,1.3,1.6,0.847,0.4,2.1,2.5,1.4,0.5,0.2,0.9,1.4,7.9,,2023,0,4174311.0
248.0,Duane Washington Jr.,22.0,PHO,SG,31.0,3.0,12.7,3.0,8.3,0.367,1.3,3.6,0.36,1.7,4.7,0.372,0.445,0.5,0.8,0.667,0.1,1.1,1.2,2.0,0.2,0.1,1.1,0.7,7.9,,2023,0,
251.0,Pat Connaughton,30.0,MIL,SF,61.0,33.0,23.7,2.7,6.9,0.392,1.8,5.3,0.339,0.9,1.6,0.566,0.521,0.4,0.7,0.659,0.8,3.8,4.6,1.3,0.6,0.2,0.5,1.1,7.6,,2023,0,6073746.0
252.0,Joe Harris,31.0,BRK,SF,74.0,33.0,20.6,2.7,5.9,0.457,1.9,4.5,0.426,0.8,1.4,0.551,0.618,0.2,0.4,0.643,0.3,1.9,2.2,1.4,0.5,0.2,0.6,1.9,7.6,,2023,0,19766797.0
254.0,T.J. Warren,29.0,2TM,PF,42.0,0.0,16.4,3.1,6.4,0.489,0.5,1.6,0.328,2.6,4.8,0.542,0.53,0.7,0.8,0.8,0.6,2.3,2.9,1.0,0.5,0.3,0.5,1.5,7.5,,2023,0,
255.0,Devonte' Graham,27.0,2TM,PG,73.0,8.0,18.3,2.2,5.9,0.374,1.6,4.6,0.352,0.6,1.3,0.452,0.512,1.3,1.8,0.748,0.3,1.4,1.7,2.7,0.6,0.2,0.7,1.1,7.4,,2023,0,
257.0,Mitchell Robinson,24.0,NYK,C,59.0,58.0,27.0,3.2,4.7,0.671,0.0,0.0,,3.2,4.7,0.671,0.671,1.0,2.1,0.484,4.5,4.9,9.4,0.9,0.9,1.8,0.7,2.7,7.4,,2023,0,18073090.0
258.0,Obi Toppin,24.0,NYK,PF,67.0,5.0,15.7,2.8,6.3,0.446,1.3,3.7,0.344,1.5,2.6,0.593,0.548,0.6,0.7,0.809,0.4,2.4,2.8,1.0,0.3,0.2,0.6,1.0,7.4,,2023,0,5670717.0
259.0,Trendon Watford,22.0,POR,PF,62.0,12.0,19.1,2.9,5.2,0.56,0.4,1.0,0.391,2.5,4.2,0.602,0.599,1.2,1.6,0.72,0.7,3.2,3.8,2.1,0.5,0.2,1.1,1.9,7.4,,2023,0,1657779.0
261.0,Jay Huff,24.0,WAS,C,7.0,0.0,13.6,2.1,3.6,0.6,0.9,1.7,0.5,1.3,1.9,0.692,0.72,2.1,2.3,0.938,0.9,2.1,3.0,1.4,0.4,0.6,0.7,2.1,7.3,,2023,0,124038.0
263.0,Reggie Bullock,31.0,DAL,SF,78.0,55.0,30.3,2.5,6.0,0.409,1.9,5.1,0.38,0.5,0.9,0.562,0.569,0.3,0.5,0.703,0.4,3.2,3.6,1.4,0.7,0.2,0.5,2.1,7.2,,2023,0,10616451.0
264.0,Isaiah Jackson,21.0,IND,C,63.0,12.0,16.5,2.8,5.0,0.563,0.0,0.2,0.143,2.8,4.8,0.582,0.566,1.5,2.3,0.651,1.8,2.7,4.5,0.8,0.5,1.5,0.8,2.4,7.2,,2023,0,2728926.0
265.0,Kendrick Nunn,27.0,2TM,SG,70.0,2.0,13.8,2.7,6.4,0.424,1.1,3.2,0.354,1.6,3.2,0.493,0.512,0.5,0.6,0.854,0.2,1.3,1.6,1.3,0.4,0.1,0.9,0.9,7.1,,2023,0,5566512.0
267.0,Edmond Sumner,27.0,BRK,SG,53.0,12.0,13.9,2.3,5.1,0.461,0.6,1.6,0.356,1.8,3.4,0.511,0.519,1.9,2.0,0.917,0.2,1.2,1.5,1.3,0.6,0.2,0.9,1.6,7.1,,2023,0,2086832.0
268.0,Lindell Wigginton,24.0,MIL,PG,7.0,1.0,12.4,2.6,5.3,0.486,0.9,2.6,0.333,1.7,2.7,0.632,0.568,1.1,1.3,0.889,0.0,1.0,1.0,2.0,0.0,0.3,1.7,1.0,7.1,,2023,0,105432.0
269.0,Eugene Omoruyi,25.0,2TM,SF,40.0,6.0,16.1,2.5,5.7,0.443,0.6,2.2,0.281,1.9,3.5,0.547,0.498,1.3,1.9,0.68,1.1,1.7,2.8,0.7,0.7,0.1,0.9,2.3,7.0,,2023,0,1074197.0
270.0,Chance Comanche,26.0,POR,C,1.0,0.0,21.0,3.0,5.0,0.6,0.0,0.0,,3.0,5.0,0.6,0.6,1.0,4.0,0.25,2.0,1.0,3.0,0.0,0.0,1.0,0.0,0.0,7.0,,2023,0,
271.0,Kevon Looney,26.0,GSW,C,82.0,70.0,23.9,3.0,4.7,0.63,0.0,0.0,0.0,3.0,4.7,0.632,0.63,1.1,1.9,0.606,3.3,5.9,9.3,2.5,0.6,0.6,0.5,2.7,7.0,,2023,0,8482304.0
272.0,Joshua Primo,20.0,SAS,SG,4.0,0.0,23.3,2.3,6.5,0.346,0.8,3.0,0.25,1.5,3.5,0.429,0.404,1.8,2.3,0.778,0.5,2.8,3.3,4.5,0.3,0.5,2.8,2.0,7.0,,2023,0,
275.0,Svi Mykhailiuk,25.0,2TM,SF,32.0,8.0,14.6,2.4,5.4,0.445,1.3,3.1,0.424,1.1,2.3,0.473,0.566,0.8,1.2,0.667,0.5,1.2,1.7,1.7,0.5,0.1,0.8,0.7,6.9,,2023,0,
277.0,Willy Hernangomez,28.0,NOP,C,38.0,2.0,12.1,2.3,4.4,0.527,0.1,0.3,0.273,2.3,4.2,0.544,0.536,2.1,2.7,0.779,1.5,3.2,4.7,0.9,0.4,0.3,1.0,1.7,6.9,,2023,0,2590899.0
278.0,Joe Ingles,35.0,MIL,SF,46.0,0.0,22.7,2.3,5.4,0.435,1.8,4.4,0.409,0.5,1.0,0.556,0.603,0.4,0.5,0.857,0.3,2.5,2.8,3.3,0.7,0.1,1.2,1.6,6.9,,2023,0,6869606.0
279.0,Ty Jerome,25.0,GSW,SG,45.0,2.0,18.1,2.6,5.4,0.488,0.8,2.0,0.389,1.8,3.4,0.546,0.56,0.8,0.9,0.927,0.2,1.6,1.7,3.0,0.5,0.1,0.7,1.4,6.9,,2023,0,5014046.0
283.0,Will Barton,32.0,2TM,SG,56.0,2.0,17.7,2.5,6.5,0.379,1.2,3.2,0.367,1.3,3.3,0.391,0.47,0.7,0.8,0.787,0.3,2.2,2.4,2.0,0.5,0.2,0.9,1.0,6.8,,2023,0,15967631.0
285.0,Jeremiah Robinson-Earl,22.0,OKC,PF,43.0,20.0,18.9,2.6,5.8,0.444,0.9,2.6,0.333,1.7,3.2,0.533,0.518,0.8,1.0,0.833,1.7,2.5,4.2,1.0,0.6,0.3,0.4,1.7,6.8,,2023,0,2120576.0
286.0,Aaron Wiggins,24.0,OKC,SG,70.0,14.0,18.5,2.7,5.2,0.512,0.7,1.7,0.393,2.0,3.4,0.573,0.579,0.8,1.0,0.831,1.0,2.0,3.0,1.1,0.6,0.2,0.8,1.6,6.8,,2023,0,1657779.0
289.0,Anthony Lamb,25.0,GSW,SF,62.0,4.0,19.3,2.4,5.1,0.471,1.2,3.2,0.367,1.2,1.9,0.652,0.588,0.7,1.0,0.767,0.9,2.6,3.5,1.5,0.5,0.3,0.9,2.2,6.7,,2023,0,736770.0
290.0,Isaiah Livers,24.0,DET,PF,52.0,22.0,23.1,2.3,5.5,0.417,1.4,3.9,0.365,0.9,1.6,0.541,0.545,0.6,0.8,0.821,0.5,2.2,2.8,0.8,0.5,0.5,0.6,2.0,6.7,,2023,0,1657779.0
292.0,Dwight Powell,31.0,DAL,C,76.0,64.0,19.2,2.6,3.5,0.732,0.0,0.1,0.0,2.6,3.5,0.746,0.732,1.5,2.2,0.667,2.0,2.2,4.1,0.9,0.6,0.3,0.9,2.8,6.7,,2023,0,11748123.0
294.0,Kevin Knox,23.0,2TM,SF,63.0,5.0,15.1,2.4,5.3,0.458,1.0,3.0,0.349,1.4,2.3,0.596,0.556,0.7,1.0,0.767,0.5,2.3,2.8,0.5,0.4,0.2,0.8,1.5,6.6,,2023,0,3180864.0
295.0,Mo Bamba,24.0,2TM,C,49.0,7.0,15.7,2.4,4.9,0.485,1.0,2.5,0.387,1.4,2.4,0.59,0.585,0.8,1.3,0.661,1.2,3.4,4.6,0.9,0.3,0.9,0.6,2.1,6.6,,2023,0,10920966.0
298.0,Jock Landale,27.0,PHO,C,69.0,4.0,14.2,2.6,4.9,0.528,0.3,1.2,0.25,2.3,3.7,0.621,0.559,1.1,1.5,0.752,1.7,2.3,4.1,1.0,0.2,0.4,0.9,1.8,6.6,,2023,0,1657779.0
299.0,Nassir Little,22.0,POR,SF,54.0,4.0,18.1,2.5,5.6,0.442,1.1,2.9,0.367,1.4,2.7,0.524,0.538,0.6,0.9,0.717,0.5,2.1,2.6,0.9,0.4,0.4,0.7,1.2,6.6,,2023,0,4423042.0
300.0,Brandon Boston Jr.,21.0,LAC,SF,22.0,1.0,11.3,2.3,5.5,0.418,0.5,1.3,0.414,1.8,4.2,0.419,0.467,1.3,1.7,0.763,0.3,1.0,1.4,0.9,0.4,0.0,0.5,1.0,6.5,,2023,0,
301.0,Luka Garza,24.0,MIN,C,28.0,0.0,8.7,2.3,4.1,0.543,0.5,1.4,0.359,1.8,2.8,0.636,0.603,1.5,1.9,0.788,1.2,1.1,2.3,0.6,0.1,0.1,0.5,1.5,6.5,,2023,0,539571.0
302.0,Jay Scrubb,22.0,ORL,SG,2.0,0.0,15.0,2.5,3.5,0.714,1.0,1.0,1.0,1.5,2.5,0.6,0.857,0.5,1.0,0.5,0.0,3.0,3.0,0.5,1.0,0.0,1.5,1.0,6.5,,2023,0,52716.0
303.0,Cody Zeller,30.0,MIA,C,15.0,2.0,14.5,2.5,3.9,0.627,0.0,0.1,0.0,2.5,3.8,0.649,0.627,1.6,2.3,0.686,1.7,2.6,4.3,0.7,0.2,0.3,0.9,2.2,6.5,,2023,0,788771.0
304.0,Dario Saric,28.0,2TM,C,57.0,12.0,14.1,2.2,4.9,0.458,0.8,2.0,0.391,1.4,2.8,0.506,0.54,1.1,1.3,0.829,0.9,2.7,3.6,1.3,0.4,0.1,1.0,1.7,6.4,,2023,0,9797061.0
305.0,R.J. Hampton,21.0,2TM,SG,47.0,3.0,16.0,2.2,5.0,0.43,0.9,2.5,0.353,1.3,2.6,0.504,0.517,1.2,1.6,0.75,0.4,1.5,1.9,1.1,0.6,0.2,0.9,1.1,6.4,,2023,0,
306.0,JaMychal Green,32.0,GSW,PF,57.0,1.0,14.0,2.4,4.4,0.54,0.7,1.9,0.378,1.6,2.5,0.667,0.623,0.9,1.2,0.776,1.3,2.3,3.6,0.9,0.4,0.4,0.9,1.8,6.4,,2023,0,8694360.0
307.0,Sam Hauser,25.0,BOS,SF,80.0,8.0,16.1,2.3,5.0,0.455,1.8,4.2,0.418,0.5,0.8,0.656,0.631,0.2,0.2,0.706,0.4,2.1,2.6,0.9,0.4,0.3,0.4,1.2,6.4,,2023,0,1736715.0
308.0,Isaac Okoro,22.0,CLE,SF,76.0,46.0,21.7,2.3,4.7,0.494,0.8,2.3,0.363,1.5,2.4,0.617,0.582,1.0,1.4,0.757,0.7,1.8,2.5,1.1,0.7,0.4,0.6,2.1,6.4,,2023,0,7465360.0
309.0,Duncan Robinson,28.0,MIA,SF,42.0,1.0,16.5,2.1,5.6,0.371,1.5,4.6,0.328,0.6,1.1,0.556,0.504,0.7,0.8,0.906,0.2,1.5,1.6,1.1,0.3,0.0,0.7,1.8,6.4,,2023,0,17920987.0
310.0,Goran Dragic,36.0,2TM,PG,58.0,0.0,15.0,2.4,5.8,0.421,0.9,2.5,0.359,1.5,3.3,0.468,0.499,0.5,0.8,0.689,0.3,1.1,1.4,2.6,0.2,0.1,1.1,1.1,6.3,,2023,0,3736201.0
312.0,Patrick Beverley,34.0,2TM,PG,67.0,67.0,27.1,2.1,5.4,0.4,1.2,3.6,0.335,1.0,1.8,0.529,0.511,0.7,1.0,0.723,0.7,3.0,3.7,2.9,0.9,0.6,0.9,2.8,6.2,,2023,0,14633685.0
313.0,Nickeil Alexander-Walker,24.0,2TM,SG,59.0,3.0,15.0,2.2,5.0,0.444,1.0,2.7,0.384,1.2,2.3,0.515,0.547,0.7,1.0,0.667,0.3,1.5,1.7,1.8,0.5,0.4,0.9,1.5,6.2,,2023,0,5311653.0
315.0,Quenton Jackson,24.0,WAS,PG,9.0,0.0,15.0,2.1,4.7,0.452,0.1,1.3,0.083,2.0,3.3,0.6,0.464,1.9,2.4,0.773,0.2,0.7,0.9,1.7,0.4,0.1,0.4,1.1,6.2,,2023,0,232870.0
317.0,Sandro Mamukelashvili,23.0,2TM,C,43.0,7.0,15.3,2.3,5.3,0.422,0.7,2.3,0.303,1.6,3.0,0.511,0.487,0.9,1.3,0.684,1.6,2.7,4.3,1.4,0.3,0.3,0.8,1.2,6.1,,2023,0,1183400.0
318.0,Mike Muscala,31.0,2TM,C,63.0,9.0,15.0,2.1,4.6,0.449,1.3,3.3,0.391,0.8,1.3,0.588,0.587,0.6,0.8,0.769,0.6,2.6,3.2,0.8,0.2,0.4,0.4,1.6,6.1,,2023,0,3711008.0
320.0,Oshae Brissett,24.0,IND,PF,65.0,2.0,16.7,1.9,4.9,0.386,0.7,2.4,0.31,1.2,2.5,0.457,0.461,1.6,2.2,0.717,1.0,2.4,3.4,0.7,0.5,0.2,0.5,1.2,6.1,,2023,0,1958074.0
322.0,Saben Lee,23.0,2TM,PG,25.0,1.0,14.9,2.0,4.8,0.405,0.4,1.2,0.367,1.5,3.6,0.418,0.45,1.7,2.3,0.737,0.5,1.3,1.8,2.7,0.8,0.0,1.0,1.3,6.0,,2023,0,2403289.0
325.0,Maxi Kleber,31.0,DAL,PF,37.0,5.0,25.1,2.1,4.6,0.456,1.1,3.0,0.348,1.0,1.5,0.667,0.571,0.7,1.0,0.711,0.8,2.8,3.6,1.4,0.3,0.8,0.7,2.3,5.9,,2023,0,9542592.0
326.0,Jaylin Williams,20.0,OKC,C,49.0,36.0,18.7,2.1,4.8,0.436,0.9,2.3,0.407,1.1,2.5,0.463,0.534,0.8,1.1,0.704,0.9,4.0,4.9,1.6,0.6,0.2,0.8,2.3,5.9,,2023,0,2120576.0
327.0,Josh Christopher,21.0,HOU,SG,64.0,2.0,12.3,2.4,5.1,0.465,0.3,1.4,0.236,2.1,3.8,0.55,0.497,0.7,0.9,0.75,0.3,0.8,1.1,1.1,0.5,0.2,0.9,0.9,5.8,,2023,0,2515172.0
328.0,Johnny Davis,20.0,WAS,SG,28.0,5.0,15.1,2.4,6.1,0.386,0.6,2.5,0.243,1.8,3.6,0.485,0.436,0.5,1.0,0.519,0.4,2.0,2.3,1.0,0.4,0.3,0.6,1.7,5.8,,2023,0,5100324.0
329.0,Stanley Johnson,26.0,SAS,SF,30.0,0.0,15.6,2.2,4.1,0.533,0.6,1.3,0.45,1.6,2.7,0.573,0.607,0.9,1.3,0.667,0.7,2.4,3.2,2.2,0.5,0.2,1.1,1.6,5.8,,2023,0,4264651.0
330.0,Charles Bassey,22.0,SAS,C,35.0,2.0,14.5,2.5,3.9,0.644,0.1,0.2,0.375,2.4,3.6,0.661,0.656,0.6,1.1,0.595,2.1,3.4,5.5,1.4,0.5,0.9,1.2,2.1,5.7,,2023,0,2835996.0
331.0,Rodney McGruder,31.0,DET,SG,32.0,12.0,16.4,1.9,4.8,0.408,1.3,3.0,0.423,0.7,1.7,0.382,0.543,0.6,0.7,0.818,0.6,1.7,2.3,0.9,0.5,0.0,0.3,1.2,5.7,,2023,0,2436950.0
332.0,Ziaire Williams,21.0,MEM,SF,37.0,4.0,15.2,2.3,5.3,0.429,0.7,2.6,0.258,1.6,2.7,0.596,0.492,0.5,0.6,0.773,0.4,1.7,2.1,0.9,0.4,0.2,1.0,1.6,5.7,,2023,0,4868503.0
333.0,James Bouknight,22.0,CHO,SG,34.0,0.0,15.1,2.0,5.7,0.358,1.0,3.2,0.303,1.1,2.5,0.429,0.443,0.6,0.9,0.667,0.2,1.9,2.1,1.2,0.4,0.1,0.9,1.4,5.6,,2023,0,4625230.0
334.0,Alex Caruso,28.0,CHI,PG,67.0,36.0,23.5,1.9,4.3,0.455,0.8,2.3,0.364,1.1,2.0,0.556,0.551,0.9,1.1,0.808,0.6,2.3,2.9,2.9,1.5,0.7,1.1,2.4,5.6,"DPOY-11,DEF1",2023,0,9574400.0
336.0,Jalen Johnson,21.0,ATL,SF,70.0,6.0,14.9,2.3,4.6,0.491,0.4,1.5,0.288,1.8,3.1,0.587,0.537,0.7,1.1,0.628,0.7,3.3,4.0,1.2,0.5,0.5,0.6,1.6,5.6,,2023,0,2961002.0
338.0,Payton Pritchard,25.0,BOS,PG,48.0,3.0,13.4,2.1,5.1,0.412,1.2,3.2,0.364,0.9,1.9,0.495,0.527,0.3,0.3,0.75,0.5,1.3,1.8,1.3,0.3,0.0,0.8,0.8,5.6,,2023,0,2374196.0
341.0,Danny Green,35.0,2TM,SG,11.0,0.0,12.5,2.0,4.5,0.449,1.5,3.4,0.432,0.5,1.1,0.5,0.612,0.1,0.1,1.0,0.3,1.0,1.3,0.5,0.5,0.3,0.9,1.5,5.5,,2023,0,12416532.0
342.0,Jarrell Brantley,26.0,UTA,PF,4.0,0.0,9.8,2.0,3.5,0.571,1.0,2.3,0.444,1.0,1.3,0.8,0.714,0.5,0.5,1.0,0.3,1.3,1.5,0.8,0.0,0.5,0.5,0.8,5.5,,2023,0,111883.0
344.0,Nikola Jovic,19.0,MIA,PF,15.0,8.0,13.6,1.9,4.6,0.406,0.5,2.3,0.229,1.3,2.3,0.588,0.464,1.2,1.3,0.947,0.6,1.5,2.1,0.7,0.5,0.1,0.7,1.3,5.5,,2023,0,2374960.0
346.0,Jamal Cain,23.0,MIA,PF,18.0,0.0,13.3,2.1,3.7,0.561,0.4,1.1,0.35,1.7,2.6,0.652,0.614,0.9,1.2,0.773,0.8,2.1,2.9,0.7,0.6,0.1,0.3,1.2,5.4,,2023,0,539571.0
347.0,Bryce McGowens,20.0,CHO,SG,46.0,7.0,17.1,1.7,4.4,0.396,0.6,1.7,0.325,1.2,2.7,0.443,0.46,1.3,1.7,0.75,0.4,1.6,2.0,1.2,0.3,0.1,0.9,1.0,5.3,,2023,0,1549139.0
349.0,Dewayne Dedmon,33.0,2TM,C,38.0,1.0,11.2,2.0,4.0,0.51,0.3,1.0,0.308,1.7,2.9,0.58,0.55,0.9,1.3,0.673,0.9,2.6,3.5,0.7,0.2,0.5,0.7,2.0,5.2,,2023,0,8783094.0
350.0,Darius Bazley,22.0,2TM,C,43.0,1.0,14.3,1.9,4.3,0.454,0.5,1.2,0.377,1.5,3.0,0.485,0.508,0.9,1.6,0.543,0.8,2.4,3.2,0.9,0.5,0.8,0.6,1.0,5.2,,2023,0,4521733.0
351.0,Rudy Gay,36.0,UTA,PF,56.0,0.0,14.6,1.9,5.1,0.38,0.6,2.3,0.254,1.4,2.8,0.484,0.437,0.8,0.9,0.857,0.6,2.3,2.9,1.0,0.3,0.3,0.7,1.2,5.2,,2023,0,6557351.0
353.0,Zeke Nnaji,22.0,DEN,PF,53.0,5.0,13.7,2.1,3.7,0.561,0.3,1.2,0.262,1.8,2.5,0.71,0.605,0.8,1.2,0.645,1.2,1.4,2.6,0.3,0.3,0.4,0.6,2.0,5.2,,2023,0,2775621.0
354.0,Ricky Rubio,32.0,CLE,PG,33.0,2.0,17.2,1.8,5.4,0.343,0.6,2.5,0.256,1.2,2.9,0.417,0.402,0.8,1.1,0.8,0.3,1.8,2.1,3.5,0.8,0.2,0.9,1.5,5.2,,2023,0,6206564.0
356.0,MarJon Beauchamp,22.0,MIL,SF,52.0,11.0,13.5,1.8,4.7,0.395,0.9,2.7,0.331,0.9,1.9,0.485,0.492,0.5,0.7,0.73,0.7,1.5,2.2,0.7,0.4,0.1,0.9,1.4,5.1,,2023,0,2635027.0
358.0,John Konchar,26.0,MEM,SF,72.0,23.0,20.8,1.9,4.4,0.431,0.8,2.5,0.339,1.1,2.0,0.545,0.525,0.4,0.5,0.778,0.9,3.4,4.3,1.4,1.1,0.3,0.5,1.6,5.1,,2023,0,2438662.0
359.0,George Hill,36.0,2TM,SG,46.0,1.0,18.1,1.7,3.6,0.47,0.7,2.1,0.358,1.0,1.5,0.62,0.572,0.9,1.2,0.764,0.3,1.5,1.8,2.4,0.6,0.1,0.7,1.2,5.0,,2023,0,4241152.0
360.0,Vlatko Cancar,25.0,DEN,PF,60.0,9.0,14.8,1.8,3.8,0.476,0.7,1.9,0.374,1.1,1.9,0.58,0.57,0.6,0.7,0.927,0.4,1.7,2.1,1.3,0.4,0.2,0.6,1.4,5.0,,2023,0,2369064.0
362.0,Jaxson Hayes,22.0,NOP,C,47.0,2.0,13.0,1.8,3.3,0.551,0.1,0.6,0.103,1.8,2.7,0.654,0.561,1.2,1.8,0.699,0.8,2.0,2.8,0.7,0.4,0.4,0.7,1.4,5.0,,2023,0,7213152.0
363.0,Jonathan Isaac,25.0,ORL,PF,11.0,0.0,11.3,2.0,4.8,0.415,0.5,1.4,0.4,1.5,3.5,0.421,0.472,0.5,0.8,0.556,1.4,2.6,4.0,0.5,1.3,0.4,0.4,0.5,5.0,,2023,0,18449011.0
364.0,Derrick Jones Jr.,25.0,CHI,PF,64.0,0.0,14.0,1.8,3.6,0.5,0.4,1.3,0.338,1.4,2.3,0.587,0.559,1.0,1.3,0.738,0.9,1.5,2.4,0.5,0.5,0.6,0.4,1.3,5.0,,2023,0,
365.0,Kenneth Lofton Jr.,20.0,MEM,PF,24.0,1.0,7.3,2.0,3.9,0.527,0.3,0.7,0.353,1.8,3.2,0.566,0.559,0.7,1.1,0.593,0.8,1.3,2.1,0.8,0.2,0.1,0.5,1.2,5.0,,2023,0,
367.0,Sam Merrill,26.0,CLE,SG,5.0,0.0,11.8,1.8,4.4,0.409,1.0,3.6,0.278,0.8,0.8,1.0,0.523,0.4,0.4,1.0,0.0,1.8,1.8,1.0,0.8,0.0,0.0,0.6,5.0,,2023,0,1172171.0
368.0,Blake Wesley,19.0,SAS,SG,37.0,1.0,18.1,1.9,5.8,0.321,0.5,1.4,0.385,1.3,4.4,0.301,0.367,0.7,1.2,0.591,0.3,1.9,2.2,2.6,0.7,0.1,1.8,1.8,5.0,,2023,0,2529295.0
369.0,Ousmane Dieng,19.0,OKC,PF,39.0,1.0,14.6,1.9,4.6,0.42,0.7,2.5,0.265,1.3,2.1,0.602,0.492,0.4,0.6,0.652,0.5,2.2,2.7,1.2,0.4,0.2,0.7,1.1,4.9,,2023,0,4845346.0
372.0,Danuel House Jr.,29.0,PHI,SF,56.0,5.0,14.4,1.7,3.5,0.472,0.7,2.0,0.336,1.0,1.6,0.644,0.566,0.8,1.1,0.75,0.2,1.5,1.7,0.8,0.3,0.2,0.5,1.2,4.8,,2023,0,
373.0,Johnny Juzang,21.0,UTA,SG,18.0,0.0,12.9,1.9,5.8,0.337,0.8,3.5,0.238,1.1,2.3,0.488,0.409,0.1,0.2,0.5,0.4,1.7,2.2,0.4,0.2,0.2,0.2,0.7,4.8,,2023,0,539571.0
374.0,Meyers Leonard,30.0,MIL,C,9.0,2.0,12.7,1.6,3.2,0.483,0.8,2.0,0.389,0.8,1.2,0.636,0.603,0.9,1.0,0.889,1.3,2.4,3.8,0.1,0.2,0.0,0.7,1.8,4.8,,2023,0,756576.0
375.0,Garrison Mathews,26.0,2TM,SG,54.0,0.0,12.7,1.4,3.7,0.363,1.2,3.3,0.35,0.2,0.4,0.476,0.52,0.9,1.0,0.906,0.2,1.1,1.4,0.5,0.4,0.1,0.4,1.1,4.8,,2023,0,2120576.0
376.0,Moses Moody,20.0,GSW,SG,63.0,3.0,13.0,1.7,3.6,0.476,0.8,2.1,0.363,0.9,1.5,0.641,0.584,0.6,0.8,0.698,0.4,1.2,1.7,0.8,0.3,0.1,0.5,0.9,4.8,,2023,0,3965646.0
377.0,Christian Braun,21.0,DEN,SG,76.0,6.0,15.5,1.9,3.8,0.495,0.4,1.3,0.354,1.4,2.5,0.565,0.554,0.5,0.8,0.625,0.6,1.8,2.4,0.8,0.5,0.2,0.5,1.3,4.7,,2023,0,2977924.0
380.0,Day'Ron Sharpe,21.0,BRK,C,48.0,3.0,11.5,1.9,3.6,0.544,0.1,0.2,0.545,1.8,3.3,0.544,0.561,0.7,1.1,0.636,2.1,2.1,4.2,0.8,0.3,0.7,0.9,1.9,4.7,,2023,0,2236656.0
381.0,Dean Wade,26.0,CLE,PF,44.0,13.0,20.3,1.7,4.0,0.412,1.0,2.9,0.354,0.6,1.1,0.56,0.54,0.3,0.5,0.652,0.5,3.0,3.4,0.8,0.6,0.5,0.4,2.0,4.7,,2023,0,2047077.0
382.0,TyTy Washington Jr.,21.0,HOU,PG,31.0,2.0,14.0,1.9,5.2,0.363,0.6,2.6,0.238,1.3,2.6,0.488,0.422,0.3,0.6,0.556,0.1,1.4,1.5,1.5,0.5,0.1,0.5,0.9,4.7,,2023,0,
383.0,Gary Payton II,30.0,2TM,SG,22.0,1.0,16.7,1.9,3.1,0.594,0.6,1.2,0.5,1.3,2.0,0.651,0.688,0.3,0.3,0.857,1.1,2.0,3.1,1.4,1.0,0.2,0.7,2.0,4.6,,2023,0,8800390.0
386.0,Malachi Flynn,24.0,TOR,PG,53.0,2.0,13.0,1.6,4.6,0.36,0.9,2.5,0.353,0.8,2.1,0.367,0.457,0.5,0.6,0.758,0.3,1.2,1.4,1.3,0.4,0.1,0.5,1.2,4.6,,2023,0,2275081.0
387.0,Kira Lewis Jr.,21.0,NOP,PG,25.0,0.0,9.4,1.6,3.5,0.455,0.6,1.4,0.441,1.0,2.2,0.463,0.54,0.8,0.9,0.864,0.2,1.1,1.3,0.9,0.4,0.1,0.4,1.0,4.6,,2023,0,
388.0,Justin Holiday,33.0,2TM,SF,46.0,2.0,15.3,1.7,4.4,0.377,1.0,3.1,0.322,0.7,1.3,0.508,0.49,0.1,0.2,0.625,0.1,1.1,1.2,0.9,0.4,0.4,0.5,1.5,4.5,,2023,0,6348977.0
389.0,Goga Bitadze,23.0,2TM,C,38.0,1.0,12.0,1.8,3.3,0.552,0.2,0.7,0.231,1.7,2.6,0.636,0.576,0.6,1.1,0.548,1.6,2.0,3.6,1.0,0.4,0.7,0.6,1.7,4.4,,2023,0,5701719.0
390.0,Jarrett Culver,23.0,ATL,SF,10.0,1.0,13.7,1.7,4.3,0.395,0.1,1.2,0.083,1.6,3.1,0.516,0.407,0.9,1.3,0.692,1.0,2.8,3.8,0.6,0.6,0.2,0.7,1.4,4.4,,2023,0,275987.0
391.0,A.J. Green,23.0,MIL,SG,35.0,1.0,9.9,1.5,3.6,0.424,1.3,3.0,0.419,0.3,0.6,0.45,0.6,0.1,0.1,1.0,0.2,1.1,1.3,0.6,0.2,0.0,0.3,0.9,4.4,,2023,0,
392.0,Haywood Highsmith,26.0,MIA,PF,54.0,11.0,17.9,1.7,4.0,0.431,0.7,2.0,0.339,1.0,2.0,0.523,0.516,0.2,0.5,0.464,1.1,2.4,3.5,0.8,0.7,0.3,0.8,1.5,4.4,,2023,0,1858301.0
395.0,Omer Yurtseven,24.0,MIA,C,9.0,0.0,9.2,1.8,3.0,0.593,0.3,0.8,0.429,1.4,2.2,0.65,0.648,0.6,0.7,0.833,0.9,1.7,2.6,0.2,0.2,0.2,0.4,1.8,4.4,,2023,0,1858301.0
396.0,Moses Brown,23.0,2TM,C,36.0,1.0,8.2,1.7,2.7,0.635,0.0,0.0,,1.7,2.7,0.635,0.635,0.9,2.0,0.458,1.6,2.3,3.9,0.1,0.1,0.4,0.4,1.1,4.3,,2023,0,873720.0
398.0,Michael Carter-Williams,31.0,ORL,PG,4.0,0.0,11.0,1.5,3.5,0.429,0.3,0.8,0.333,1.3,2.8,0.455,0.464,1.0,1.8,0.571,0.3,1.0,1.3,1.8,0.3,0.3,1.0,1.3,4.3,,2023,0,692186.0
399.0,Justin Minaya,23.0,POR,SF,4.0,0.0,22.3,1.8,5.8,0.304,0.8,3.0,0.25,1.0,2.8,0.364,0.37,0.0,0.3,0.0,0.8,3.0,3.8,1.0,0.5,1.3,1.0,2.3,4.3,,2023,0,37211.0
401.0,Paul Reed,23.0,PHI,C,69.0,2.0,10.9,1.8,3.0,0.593,0.0,0.1,0.167,1.8,2.9,0.606,0.596,0.6,0.7,0.745,1.6,2.2,3.8,0.4,0.7,0.7,0.7,1.8,4.2,,2023,0,1890091.0
402.0,Admiral Schofield,25.0,ORL,PF,37.0,0.0,12.2,1.5,3.3,0.451,0.6,2.0,0.324,0.8,1.3,0.646,0.549,0.6,0.6,0.913,0.6,1.1,1.7,0.8,0.2,0.1,0.4,1.6,4.2,,2023,0,930869.0
404.0,McKinley Wright IV,24.0,DAL,PG,27.0,1.0,12.4,1.7,3.6,0.469,0.3,1.0,0.321,1.4,2.6,0.529,0.515,0.5,0.7,0.684,0.3,1.4,1.7,2.1,0.3,0.2,0.7,0.9,4.2,,2023,0,
405.0,Matisse Thybulle,25.0,2TM,SF,71.0,28.0,16.9,1.5,3.6,0.435,0.8,2.1,0.365,0.8,1.5,0.533,0.542,0.3,0.4,0.679,0.6,1.4,2.0,0.7,1.2,0.5,0.3,1.6,4.1,,2023,0,4643558.0
407.0,Kevon Harris,25.0,ORL,SG,34.0,0.0,13.4,1.4,3.1,0.439,0.5,1.3,0.372,0.9,1.9,0.484,0.514,0.9,1.2,0.756,0.8,1.2,2.1,0.5,0.5,0.1,0.6,1.6,4.1,,2023,0,539571.0
409.0,Isaiah Roby,24.0,SAS,PF,42.0,2.0,11.3,1.6,3.7,0.432,0.4,1.4,0.3,1.2,2.3,0.516,0.49,0.5,1.0,0.488,0.5,2.0,2.5,0.9,0.4,0.2,0.7,1.3,4.1,,2023,0,2471192.0
410.0,Daishen Nix,20.0,HOU,PG,57.0,7.0,16.0,1.4,4.2,0.342,0.7,2.5,0.286,0.7,1.7,0.423,0.426,0.4,0.6,0.667,0.3,1.4,1.7,2.3,0.5,0.1,1.5,1.0,4.0,,2023,0,1657779.0
411.0,Olivier Sarr,23.0,OKC,C,9.0,1.0,12.7,1.7,3.3,0.5,0.1,0.9,0.125,1.6,2.4,0.636,0.517,0.6,0.8,0.714,1.3,2.1,3.4,0.4,0.1,0.6,0.4,1.9,4.0,,2023,0,272887.0
412.0,Bruno Fernando,24.0,2TM,C,39.0,4.0,10.4,1.5,2.9,0.527,0.0,0.1,0.0,1.5,2.8,0.546,0.527,0.9,1.3,0.7,1.4,2.1,3.5,0.8,0.2,0.9,0.6,1.9,3.9,,2023,0,2881217.0
414.0,Dominick Barlow,19.0,SAS,PF,28.0,0.0,14.6,1.6,3.1,0.535,0.0,0.1,0.0,1.6,2.9,0.561,0.535,0.6,0.9,0.72,1.6,2.0,3.6,0.9,0.4,0.7,0.5,2.0,3.9,,2023,0,539571.0
416.0,Udonis Haslem,42.0,MIA,C,7.0,1.0,10.1,1.4,4.1,0.345,0.4,1.3,0.333,1.0,2.9,0.35,0.397,0.6,0.7,0.8,0.6,1.0,1.6,0.0,0.1,0.3,0.1,1.6,3.9,,2023,0,3081038.0
418.0,Jabari Walker,20.0,POR,SF,56.0,0.0,11.1,1.5,3.5,0.419,0.3,1.0,0.286,1.2,2.5,0.472,0.46,0.6,0.8,0.756,0.9,1.5,2.3,0.6,0.2,0.2,0.5,1.2,3.9,,2023,0,1079140.0
419.0,Markieff Morris,33.0,2TM,PF,35.0,2.0,10.1,1.3,3.3,0.409,0.8,2.0,0.394,0.5,1.3,0.432,0.53,0.3,0.3,1.0,0.4,1.7,2.0,0.9,0.3,0.1,0.5,1.4,3.8,,2023,0,3081038.0
420.0,Xavier Cooks,27.0,WAS,PF,10.0,1.0,12.6,1.7,2.8,0.607,0.0,0.1,0.0,1.7,2.7,0.63,0.607,0.4,1.0,0.4,1.6,2.2,3.8,0.6,0.6,0.4,0.8,1.3,3.8,,2023,0,148847.0
421.0,Dyson Daniels,19.0,NOP,PG,59.0,11.0,17.7,1.5,3.5,0.418,0.5,1.5,0.314,1.0,2.1,0.492,0.483,0.4,0.7,0.65,0.6,2.6,3.2,2.3,0.7,0.2,1.0,1.7,3.8,,2023,0,5840702.0
422.0,Darius Days,23.0,HOU,SF,4.0,0.0,6.3,1.3,3.0,0.417,0.8,2.5,0.3,0.5,0.5,1.0,0.542,0.5,0.5,1.0,0.3,1.3,1.5,0.3,0.0,0.3,0.0,0.5,3.8,,2023,0,539571.0
423.0,Caleb Houstan,20.0,ORL,SF,51.0,4.0,15.9,1.3,3.6,0.363,0.9,2.7,0.338,0.4,0.9,0.435,0.489,0.3,0.4,0.833,0.7,1.3,1.9,0.6,0.2,0.1,0.4,1.2,3.8,,2023,0,2120576.0
424.0,Furkan Korkmaz,25.0,PHI,SG,37.0,0.0,9.5,1.3,3.0,0.432,0.5,1.2,0.391,0.8,1.8,0.462,0.514,0.7,1.0,0.722,0.2,1.0,1.1,0.6,0.3,0.1,0.6,0.5,3.8,,2023,0,5301440.0
427.0,A.J. Lawson,22.0,2TM,SG,15.0,0.0,7.2,1.5,2.9,0.5,0.7,1.7,0.4,0.8,1.3,0.632,0.614,0.1,0.5,0.25,0.4,1.0,1.4,0.1,0.1,0.0,0.2,0.7,3.7,,2023,0,
428.0,David Duke Jr.,23.0,BRK,SG,23.0,0.0,9.9,1.6,3.4,0.462,0.0,0.5,0.083,1.5,2.9,0.53,0.468,0.5,0.7,0.706,0.5,0.8,1.3,0.9,0.4,0.0,0.8,1.3,3.7,,2023,0,
429.0,Nathan Knight,25.0,MIN,C,38.0,0.0,7.7,1.2,2.1,0.568,0.2,0.6,0.364,1.0,1.6,0.644,0.617,1.0,1.5,0.684,0.6,0.9,1.5,0.3,0.3,0.2,0.6,1.1,3.7,,2023,0,1946784.0
432.0,Matt Ryan,25.0,2TM,SF,34.0,0.0,9.1,1.2,3.2,0.37,0.9,2.5,0.381,0.2,0.7,0.333,0.519,0.3,0.4,0.833,0.1,0.6,0.8,0.5,0.1,0.0,0.2,0.8,3.6,,2023,0,854694.0
434.0,Damian Jones,27.0,2TM,C,41.0,1.0,11.6,1.3,2.1,0.64,0.2,0.4,0.588,1.1,1.7,0.652,0.698,0.5,0.7,0.759,1.0,2.0,3.0,0.4,0.2,0.5,0.6,1.3,3.5,,2023,0,2436950.0
435.0,Udoka Azubuike,23.0,UTA,C,36.0,4.0,10.0,1.6,2.0,0.819,0.0,0.0,,1.6,2.0,0.819,0.819,0.2,0.6,0.35,0.9,2.4,3.3,0.3,0.2,0.4,0.5,0.9,3.5,,2023,0,2305999.0
436.0,Miles McBride,22.0,NYK,PG,64.0,2.0,11.9,1.2,3.4,0.358,0.6,2.1,0.299,0.6,1.3,0.457,0.451,0.4,0.7,0.667,0.2,0.6,0.8,1.1,0.6,0.1,0.4,0.9,3.5,,2023,0,1657779.0
438.0,Amir Coffey,25.0,LAC,SF,50.0,9.0,12.5,1.1,2.9,0.386,0.2,0.8,0.275,0.9,2.1,0.429,0.424,1.0,1.3,0.778,0.3,0.7,1.1,1.1,0.1,0.1,0.4,1.0,3.4,,2023,0,3599743.0
441.0,Wesley Matthews,36.0,MIL,SF,52.0,0.0,15.8,1.1,3.1,0.363,0.8,2.4,0.315,0.4,0.7,0.528,0.484,0.5,0.5,0.857,0.7,1.5,2.2,0.7,0.4,0.3,0.3,1.4,3.4,,2023,0,3081038.0
442.0,Micah Potter,24.0,UTA,PF,7.0,0.0,7.4,1.4,2.1,0.667,0.6,1.0,0.571,0.9,1.1,0.75,0.8,0.0,0.0,,0.4,1.9,2.3,0.6,0.1,0.0,0.3,0.7,3.4,,2023,0,539571.0
444.0,Anthony Gill,30.0,WAS,PF,59.0,8.0,10.6,1.2,2.2,0.538,0.1,0.5,0.138,1.1,1.7,0.65,0.553,0.8,1.1,0.731,0.6,1.1,1.7,0.6,0.1,0.2,0.3,1.2,3.3,,2023,0,1946784.0
445.0,Boban Marjanovic,34.0,HOU,C,31.0,0.0,5.5,1.3,1.9,0.683,0.0,0.0,0.0,1.3,1.9,0.695,0.683,0.6,0.9,0.741,0.6,1.3,1.9,0.3,0.2,0.1,0.5,0.3,3.3,,2023,0,4348747.0
446.0,Raul Neto,30.0,CLE,PG,48.0,1.0,10.5,1.2,2.3,0.518,0.3,0.9,0.286,0.9,1.4,0.662,0.573,0.6,0.7,0.912,0.2,0.8,1.0,1.6,0.4,0.1,0.5,1.0,3.3,,2023,0,2612008.0
447.0,Peyton Watson,20.0,DEN,SG,23.0,2.0,8.1,1.3,2.6,0.492,0.3,0.6,0.429,1.0,2.0,0.511,0.542,0.5,0.9,0.55,0.3,1.3,1.6,0.5,0.1,0.5,0.3,0.6,3.3,,2023,0,2326229.0
450.0,Jordan Hall,21.0,SAS,SF,9.0,0.0,9.2,1.0,3.1,0.321,0.3,1.7,0.2,0.7,1.4,0.462,0.375,0.8,1.0,0.778,0.3,1.0,1.3,1.2,0.1,0.0,0.8,0.7,3.1,,2023,0,204663.0
452.0,Christian Koloko,22.0,TOR,C,58.0,19.0,13.8,1.2,2.6,0.48,0.0,0.2,0.083,1.2,2.4,0.514,0.483,0.6,1.0,0.627,1.4,1.5,2.9,0.5,0.4,1.0,0.3,2.2,3.1,,2023,0,1590432.0
453.0,Josh Minott,20.0,MIN,SF,15.0,0.0,6.4,1.2,2.4,0.5,0.1,0.4,0.333,1.1,2.0,0.533,0.528,0.5,0.5,1.0,0.3,1.3,1.7,0.3,0.3,0.4,0.2,0.7,3.1,,2023,0,1079140.0
454.0,Jamaree Bouyea,23.0,2TM,PG,5.0,0.0,14.2,1.2,2.8,0.429,0.4,1.2,0.333,0.8,1.6,0.5,0.5,0.2,0.4,0.5,0.2,1.0,1.2,0.8,0.8,0.4,0.8,1.2,3.0,,2023,0,124038.0
455.0,Juan Toscano-Anderson,29.0,2TM,SF,52.0,9.0,13.5,1.2,2.8,0.448,0.2,0.8,0.186,1.1,1.9,0.56,0.476,0.4,0.5,0.792,0.5,1.8,2.4,1.3,0.3,0.2,0.7,1.5,3.0,,2023,0,2261889.0
456.0,Tyler Dorsey,26.0,DAL,SF,3.0,0.0,2.7,1.3,1.7,0.8,0.3,0.7,0.5,1.0,1.0,1.0,0.9,0.0,0.0,,0.3,0.3,0.7,0.0,0.0,0.0,0.0,0.0,3.0,,2023,0,213968.0
457.0,Usman Garuba,20.0,HOU,C,75.0,1.0,12.9,1.1,2.4,0.486,0.3,0.8,0.407,0.8,1.6,0.525,0.554,0.4,0.6,0.617,1.6,2.5,4.1,0.9,0.6,0.4,0.6,1.8,3.0,,2023,0,2620141.0
460.0,Robin Lopez,34.0,CLE,C,37.0,2.0,8.1,1.3,2.0,0.64,0.1,0.1,0.5,1.2,1.9,0.648,0.653,0.4,0.5,0.778,0.6,0.8,1.4,0.5,0.1,0.2,0.7,1.2,3.0,,2023,0,3081038.0
461.0,Trevelin Queen,25.0,IND,SG,7.0,0.0,10.0,1.0,4.1,0.241,0.3,2.1,0.133,0.7,2.0,0.357,0.276,0.7,0.7,1.0,1.1,1.3,2.4,0.9,0.3,0.7,1.0,0.6,3.0,,2023,0,889466.0
462.0,Terry Taylor,23.0,2TM,PF,31.0,2.0,8.5,1.3,2.4,0.52,0.2,0.6,0.263,1.1,1.8,0.607,0.553,0.2,0.4,0.545,0.9,0.6,1.5,0.3,0.1,0.2,0.3,0.8,2.9,,2023,0,1806626.0
463.0,Dru Smith,25.0,2TM,SG,15.0,1.0,10.5,1.2,3.0,0.4,0.3,1.3,0.263,0.9,1.7,0.5,0.456,0.2,0.2,1.0,0.1,1.5,1.6,1.5,0.7,0.3,0.2,1.5,2.9,,2023,0,396925.0
466.0,Frank Ntilikina,24.0,DAL,SG,47.0,5.0,12.9,1.0,2.8,0.364,0.4,1.4,0.254,0.7,1.4,0.477,0.428,0.5,0.7,0.667,0.1,1.2,1.3,1.2,0.3,0.1,0.6,1.4,2.9,,2023,0,2159083.0
467.0,Jason Preston,23.0,LAC,PG,14.0,0.0,8.9,1.3,2.9,0.439,0.4,1.3,0.278,0.9,1.6,0.565,0.5,0.0,0.1,0.0,0.1,1.4,1.6,1.9,0.1,0.0,0.7,0.5,2.9,,2023,0,1657779.0
468.0,Kessler Edwards,22.0,2TM,SF,36.0,4.0,10.7,1.0,2.6,0.387,0.5,1.5,0.309,0.5,1.1,0.5,0.478,0.3,0.4,0.733,0.6,1.1,1.7,0.6,0.4,0.2,0.4,1.1,2.8,,2023,0,1736715.0
470.0,Moussa Diabate,21.0,LAC,C,22.0,1.0,8.9,1.1,2.1,0.511,0.0,0.1,0.5,1.0,2.0,0.511,0.521,0.5,0.7,0.625,1.4,0.9,2.3,0.2,0.3,0.4,0.4,0.7,2.7,,2023,0,539571.0
472.0,Isaiah Mobley,23.0,CLE,PF,12.0,0.0,7.0,1.0,2.3,0.429,0.3,0.7,0.375,0.8,1.7,0.45,0.482,0.3,0.3,1.0,0.3,1.3,1.7,0.3,0.3,0.3,0.1,0.7,2.6,,2023,0,539571.0
474.0,Frank Kaminsky,29.0,2TM,C,36.0,0.0,6.5,0.9,1.8,0.492,0.4,0.9,0.394,0.5,0.8,0.6,0.595,0.4,0.4,0.875,0.2,1.3,1.4,0.9,0.2,0.1,0.3,0.6,2.5,,2023,0,2612008.0
477.0,John Butler,20.0,POR,C,19.0,1.0,11.6,0.9,2.8,0.321,0.4,1.8,0.229,0.5,0.9,0.5,0.396,0.2,0.2,0.75,0.2,0.7,0.9,0.6,0.4,0.5,0.1,1.2,2.4,,2023,0,533368.0
478.0,Jeff Dowtin,25.0,TOR,PG,25.0,0.0,10.4,1.0,2.3,0.439,0.2,0.6,0.313,0.8,1.6,0.488,0.482,0.2,0.4,0.667,0.2,0.7,0.9,1.2,0.4,0.1,0.2,0.5,2.4,,2023,0,539571.0
479.0,Theo Pinson,27.0,DAL,SG,40.0,1.0,8.1,0.8,2.2,0.356,0.6,1.6,0.355,0.2,0.6,0.36,0.483,0.3,0.3,0.846,0.3,1.3,1.6,1.2,0.2,0.0,0.3,0.9,2.4,,2023,0,2086832.0
480.0,Neemias Queta,23.0,SAC,C,5.0,0.0,5.8,1.2,1.8,0.667,0.0,0.0,,1.2,1.8,0.667,0.667,0.0,0.4,0.0,1.0,1.2,2.2,0.2,0.0,0.4,0.2,1.4,2.4,,2023,0,539571.0
481.0,Trent Forrest,24.0,ATL,SG,23.0,3.0,12.0,1.1,2.6,0.417,0.0,0.1,0.0,1.1,2.5,0.431,0.417,0.1,0.1,0.667,0.2,1.4,1.6,1.7,0.3,0.1,0.7,0.7,2.3,,2023,0,539571.0
482.0,Scotty Pippen Jr.,22.0,LAL,PG,6.0,0.0,5.3,0.7,2.0,0.333,0.2,0.5,0.333,0.5,1.5,0.333,0.375,0.8,1.5,0.556,0.3,0.3,0.7,0.3,0.3,0.2,0.3,0.5,2.3,,2023,0,
483.0,Justin Champagnie,21.0,2TM,SF,5.0,0.0,6.8,1.0,3.0,0.333,0.2,1.0,0.2,0.8,2.0,0.4,0.367,0.0,0.0,,0.6,1.0,1.6,0.8,0.2,0.0,0.0,0.4,2.2,,2023,0,904680.0
485.0,Kennedy Chandler,20.0,MEM,PG,36.0,0.0,7.8,1.0,2.3,0.422,0.1,0.4,0.133,0.9,1.9,0.485,0.434,0.2,0.4,0.462,0.3,0.8,1.1,1.6,0.3,0.1,0.5,0.4,2.2,,2023,0,1272345.0
486.0,Ron Harper Jr.,22.0,TOR,PF,9.0,0.0,5.3,0.9,1.8,0.5,0.3,1.0,0.333,0.6,0.8,0.714,0.594,0.1,0.1,1.0,0.3,0.4,0.8,0.4,0.0,0.1,0.0,0.3,2.2,,2023,0,
487.0,Dalen Terry,20.0,CHI,SG,38.0,0.0,5.6,0.8,1.9,0.444,0.2,0.7,0.259,0.7,1.2,0.556,0.493,0.4,0.6,0.667,0.3,0.7,1.0,0.6,0.3,0.1,0.2,0.6,2.2,,2023,0,3383803.0
488.0,Nerlens Noel,28.0,2TM,C,17.0,4.0,11.5,0.8,2.1,0.361,0.1,0.1,0.5,0.7,2.0,0.353,0.375,0.5,0.7,0.667,0.6,2.1,2.7,0.6,0.9,0.6,0.8,1.9,2.1,,2023,0,9957237.0
489.0,Davon Reed,27.0,2TM,SG,43.0,1.0,8.0,0.7,2.0,0.333,0.4,1.1,0.37,0.3,0.9,0.289,0.435,0.4,0.6,0.667,0.2,1.1,1.4,0.5,0.3,0.1,0.5,0.9,2.1,,2023,0,2016808.0
490.0,Andre Iguodala,39.0,GSW,PF,8.0,0.0,14.1,0.9,1.9,0.467,0.1,1.1,0.111,0.8,0.8,1.0,0.5,0.3,0.4,0.667,0.4,1.8,2.1,2.4,0.5,0.4,1.1,1.4,2.1,,2023,0,3081038.0
492.0,Garrett Temple,36.0,NOP,SG,25.0,0.0,6.5,0.7,1.8,0.4,0.4,1.0,0.423,0.3,0.8,0.368,0.522,0.1,0.2,0.75,0.2,0.5,0.7,0.5,0.4,0.1,0.2,0.6,2.0,,2023,0,5466314.0
493.0,Stanley Umude,23.0,DET,SG,1.0,0.0,2.0,0.0,1.0,0.0,0.0,1.0,0.0,0.0,0.0,,0.0,2.0,2.0,1.0,0.0,0.0,0.0,0.0,1.0,1.0,0.0,0.0,2.0,,2023,0,62019.0
494.0,Donovan Williams,21.0,ATL,SG,2.0,0.0,2.0,1.0,2.5,0.4,0.0,1.0,0.0,1.0,1.5,0.667,0.4,0.0,0.0,,0.0,1.0,1.0,0.0,0.0,0.0,0.0,0.0,2.0,,2023,0,254280.0
495.0,Vince Williams Jr.,22.0,MEM,SG,15.0,1.0,7.0,0.8,2.7,0.3,0.3,1.9,0.143,0.5,0.8,0.667,0.35,0.1,0.1,1.0,0.3,0.7,1.0,0.3,0.4,0.1,0.3,0.8,2.0,,2023,0,
497.0,Greg Brown III,21.0,POR,PF,16.0,0.0,5.8,0.7,1.8,0.393,0.1,0.4,0.143,0.6,1.3,0.476,0.411,0.3,0.8,0.417,0.1,1.1,1.2,0.2,0.3,0.3,0.4,0.8,1.8,,2023,0,
498.0,Trevor Hudgins,23.0,HOU,PG,5.0,0.0,5.6,0.4,1.8,0.222,0.4,1.6,0.25,0.0,0.2,0.0,0.333,0.6,0.6,1.0,0.0,0.0,0.0,0.6,0.0,0.0,0.2,0.2,1.8,,2023,0,539571.0
499.0,Alize Johnson,26.0,SAS,PF,4.0,0.0,7.5,0.8,1.5,0.5,0.0,0.5,0.0,0.8,1.0,0.75,0.5,0.3,0.5,0.5,0.5,2.0,2.5,0.3,0.3,0.0,1.0,0.8,1.8,,2023,0,203885.0
500.0,Xavier Moon,28.0,LAC,SG,4.0,0.0,5.0,0.8,2.3,0.333,0.3,0.8,0.333,0.5,1.5,0.333,0.389,0.0,0.0,,0.0,0.8,0.8,1.3,0.0,0.0,0.3,0.5,1.8,,2023,0,124038.0
502.0,Dylan Windler,26.0,CLE,SF,3.0,0.0,3.3,0.7,1.0,0.667,0.3,0.7,0.5,0.3,0.3,1.0,0.833,0.0,0.0,,0.0,0.0,0.0,0.3,0.3,0.0,0.3,0.0,1.7,,2023,0,4280676.0
503.0,Buddy Boeheim,23.0,DET,SF,10.0,0.0,9.0,0.5,2.7,0.185,0.4,2.5,0.16,0.1,0.2,0.5,0.259,0.2,0.2,1.0,0.2,0.4,0.6,0.4,0.2,0.0,0.0,0.6,1.6,,2023,0,539571.0
505.0,JD Davison,20.0,BOS,SG,12.0,0.0,5.5,0.7,1.6,0.421,0.2,0.6,0.286,0.5,1.0,0.5,0.474,0.1,0.2,0.5,0.2,0.6,0.8,0.9,0.2,0.2,0.3,0.4,1.6,,2023,0,539571.0
506.0,Kendall Brown,19.0,IND,SG,6.0,0.0,6.7,0.7,1.2,0.571,0.0,0.2,0.0,0.7,1.0,0.667,0.571,0.2,0.3,0.5,0.3,0.7,1.0,0.5,0.7,0.0,0.3,1.5,1.5,,2023,0,539571.0
507.0,Matthew Dellavedova,32.0,SAC,PG,32.0,0.0,6.7,0.5,1.6,0.34,0.3,0.8,0.333,0.3,0.7,0.348,0.43,0.1,0.2,0.571,0.0,0.4,0.4,1.3,0.2,0.0,0.3,0.6,1.5,,2023,0,2787069.0
508.0,Keon Ellis,23.0,SAC,SG,16.0,0.0,4.4,0.4,1.0,0.438,0.4,0.8,0.5,0.1,0.3,0.25,0.625,0.3,0.4,0.571,0.3,0.3,0.5,0.4,0.3,0.1,0.1,0.6,1.5,,2023,0,539571.0
510.0,Jordan Schakel,24.0,WAS,SF,2.0,0.0,3.0,0.5,1.0,0.5,0.5,0.5,1.0,0.0,0.5,0.0,0.75,0.0,0.0,,0.0,0.0,0.0,0.5,0.5,0.0,0.0,0.5,1.5,,2023,0,102332.0
511.0,Isaiah Todd,21.0,WAS,PF,6.0,1.0,10.2,0.5,3.2,0.158,0.2,1.7,0.1,0.3,1.5,0.222,0.184,0.3,0.3,1.0,0.3,1.7,2.0,0.7,0.2,0.0,0.3,0.7,1.5,,2023,0,1669953.0
512.0,Thanasis Antetokounmpo,30.0,MIL,PF,37.0,0.0,5.6,0.5,1.2,0.435,0.0,0.2,0.0,0.5,1.0,0.526,0.435,0.3,0.6,0.5,0.4,0.8,1.2,0.4,0.1,0.1,0.3,0.6,1.4,,2023,0,1991984.0
513.0,PJ Dozier,26.0,SAC,SF,16.0,0.0,4.9,0.6,2.1,0.303,0.1,1.0,0.125,0.5,1.1,0.471,0.333,0.0,0.0,,0.1,0.8,0.9,0.6,0.4,0.1,0.3,0.4,1.4,,2023,0,831959.0
515.0,Ryan Arcidiacono,28.0,2TM,PG,20.0,4.0,8.6,0.5,1.9,0.243,0.4,1.2,0.348,0.1,0.7,0.071,0.351,0.0,0.0,,0.0,0.8,0.8,1.2,0.3,0.0,0.4,0.9,1.3,,2023,0,1946784.0
516.0,Facundo Campazzo,31.0,DAL,PG,8.0,0.0,6.5,0.4,1.6,0.231,0.4,1.4,0.273,0.0,0.3,0.0,0.346,0.1,0.3,0.5,0.0,0.3,0.3,1.1,0.8,0.0,0.4,0.4,1.3,,2023,0,492290.0
518.0,Tyrese Martin,23.0,ATL,SG,16.0,0.0,4.1,0.6,1.4,0.391,0.1,0.4,0.143,0.5,1.0,0.5,0.413,0.1,0.1,1.0,0.3,0.4,0.8,0.1,0.1,0.0,0.1,0.1,1.3,,2023,0,1079140.0
519.0,KZ Okpala,23.0,SAC,PF,35.0,3.0,7.1,0.5,1.1,0.421,0.2,0.6,0.333,0.3,0.5,0.529,0.513,0.2,0.2,0.875,0.2,0.8,1.0,0.4,0.2,0.2,0.2,1.1,1.3,,2023,0,2016808.0
521.0,Vit Krejci,22.0,ATL,PG,29.0,0.0,5.7,0.5,1.3,0.405,0.2,0.7,0.238,0.3,0.6,0.625,0.473,0.0,0.1,0.5,0.2,0.7,0.9,0.6,0.2,0.0,0.2,0.6,1.2,,2023,0,1657779.0
522.0,Jack White,25.0,DEN,SF,17.0,0.0,3.9,0.5,1.1,0.421,0.2,0.5,0.333,0.3,0.6,0.5,0.5,0.1,0.2,0.667,0.4,0.6,1.0,0.2,0.2,0.1,0.1,0.5,1.2,,2023,0,539571.0
525.0,Trevor Keels,19.0,NYK,SG,3.0,0.0,2.7,0.3,1.3,0.25,0.3,1.3,0.25,0.0,0.0,,0.375,0.0,0.0,,0.0,0.7,0.7,0.0,0.0,0.0,0.0,0.0,1.0,,2023,0,551974.0
526.0,Chima Moneke,27.0,SAC,SF,2.0,0.0,4.0,0.5,1.0,0.5,0.0,0.0,,0.5,1.0,0.5,0.5,0.0,1.0,0.0,1.0,0.0,1.0,0.5,0.0,0.0,1.0,1.0,1.0,,2023,0,530144.0
527.0,Kobi Simmons,25.0,CHO,SG,5.0,0.0,5.6,0.2,1.2,0.167,0.2,1.0,0.2,0.0,0.2,0.0,0.25,0.4,0.4,1.0,0.2,0.6,0.8,1.0,0.0,0.4,0.2,0.0,1.0,,2023,0,34772.0
528.0,Joe Wieskamp,23.0,TOR,SF,9.0,0.0,5.6,0.3,1.6,0.214,0.3,1.3,0.25,0.0,0.2,0.0,0.321,0.0,0.0,,0.0,0.4,0.4,0.3,0.0,0.0,0.1,0.3,1.0,,2023,0,3084654.0
530.0,Marko Simonovic,23.0,CHI,C,7.0,0.0,2.9,0.3,1.0,0.286,0.1,0.6,0.25,0.1,0.4,0.333,0.357,0.1,0.3,0.5,0.1,0.1,0.3,0.0,0.0,0.0,0.0,0.7,0.9,,2023,0,1657779.0
531.0,Dereon Seabron,22.0,NOP,SG,5.0,0.0,2.4,0.4,1.0,0.4,0.0,0.0,,0.4,1.0,0.4,0.4,0.0,0.0,,0.2,0.0,0.2,0.0,0.0,0.0,0.0,0.2,0.8,,2023,0,542672.0
533.0,Devon Dotson,23.0,WAS,PG,6.0,0.0,8.8,0.2,1.7,0.1,0.2,0.7,0.25,0.0,1.0,0.0,0.15,0.0,0.0,,1.0,0.7,1.7,1.3,0.8,0.0,0.5,1.5,0.5,,2023,0,179856.0
534.0,Leandro Bolmaro,22.0,UTA,SF,14.0,0.0,4.9,0.2,1.4,0.15,0.0,0.3,0.0,0.2,1.1,0.188,0.15,0.0,0.0,,0.3,0.2,0.5,0.5,0.2,0.1,0.5,0.7,0.4,,2023,0,1812350.0
535.0,Sterling Brown,27.0,LAL,SF,4.0,0.0,6.0,0.0,1.0,0.0,0.0,0.5,0.0,0.0,0.5,0.0,0.0,0.0,0.0,,0.8,1.3,2.0,0.5,0.8,0.0,0.0,1.0,0.0,,2023,0,3310857.0
536.0,Deonte Burton,29.0,SAC,PF,2.0,0.0,3.0,0.0,1.0,0.0,0.0,0.5,0.0,0.0,0.5,0.0,0.0,0.0,0.0,,0.0,0.0,0.0,0.0,0.0,0.0,0.0,0.0,0.0,,2023,0,111883.0
537.0,Michael Foster Jr.,20.0,PHI,PF,1.0,0.0,1.0,0.0,0.0,,0.0,0.0,,0.0,0.0,,,0.0,0.0,,0.0,0.0,0.0,0.0,0.0,0.0,0.0,0.0,0.0,,2023,0,
538.0,Frank Jackson,24.0,UTA,PG,1.0,0.0,5.0,0.0,3.0,0.0,0.0,1.0,0.0,0.0,2.0,0.0,0.0,0.0,0.0,,1.0,1.0,2.0,1.0,0.0,0.0,0.0,0.0,0.0,,2023,0,119933.0
539.0,Alondes Williams,23.0,BRK,SG,1.0,0.0,5.0,0.0,0.0,,0.0,0.0,,0.0,0.0,,,0.0,0.0,,0.0,1.0,1.0,0.0,0.0,0.0,2.0,1.0,0.0,,2023,0,269786.0
33.0,Jaren Jackson Jr.,24.0,MEM,C,66.0,66.0,32.2,7.8,17.6,0.444,1.8,5.5,0.32,6.0,12.1,0.501,0.494,5.1,6.3,0.808,1.3,4.2,5.5,2.3,1.2,1.6,2.4,3.6,22.5,,2024,1,
34.0,Dejounte Murray,27.0,ATL,SG,78.0,78.0,35.7,8.6,18.8,0.459,2.6,7.1,0.363,6.0,11.7,0.518,0.528,2.7,3.4,0.794,0.8,4.5,5.3,6.4,1.4,0.3,2.6,1.8,22.5,,2024,1,18755210.0
35.0,Cam Thomas,22.0,BRK,SG,66.0,51.0,31.4,8.0,18.0,0.442,2.2,6.0,0.364,5.8,12.0,0.481,0.503,4.3,5.1,0.856,0.4,2.8,3.2,2.9,0.7,0.2,1.9,2.1,22.5,,2024,1,2306724.0
37.0,Karl-Anthony Towns,28.0,MIN,PF,62.0,62.0,32.7,7.7,15.3,0.504,2.2,5.3,0.416,5.5,10.1,0.55,0.575,4.1,4.7,0.873,1.5,6.8,8.3,3.0,0.7,0.7,2.9,3.3,21.8,AS,2024,1,37086384.0
38.0,Pascal Siakam,29.0,2TM,PF,80.0,80.0,33.2,8.5,15.9,0.536,1.1,3.1,0.346,7.5,12.8,0.581,0.569,3.6,5.0,0.732,1.7,5.3,7.1,4.3,0.8,0.3,1.8,2.4,21.7,,2024,1,39019371.0
39.0,Victor Wembanyama,20.0,SAS,C,71.0,71.0,29.7,7.8,16.7,0.465,1.8,5.5,0.325,6.0,11.2,0.534,0.519,4.1,5.2,0.796,2.3,8.4,10.6,3.9,1.2,3.6,3.7,2.2,21.4,"ROY-1,DPOY-2,DEF1",2024,1,12521972.0
40.0,Jamal Murray,26.0,DEN,PG,59.0,59.0,31.5,8.0,16.7,0.481,2.5,5.8,0.425,5.6,10.9,0.51,0.554,2.7,3.1,0.853,0.7,3.4,4.1,6.5,1.0,0.7,2.1,1.8,21.2,,2024,1,34838724.0
41.0,Alperen Sengun,21.0,HOU,C,63.0,63.0,32.5,8.4,15.6,0.537,0.5,1.8,0.297,7.8,13.8,0.567,0.553,3.9,5.6,0.693,2.9,6.4,9.3,5.0,1.2,0.7,2.6,3.3,21.1,,2024,1,3641356.0
42.0,Miles Bridges,25.0,CHO,SF,69.0,67.0,37.4,8.1,17.5,0.462,2.3,6.5,0.349,5.8,11.0,0.529,0.527,2.5,3.1,0.825,1.0,6.3,7.3,3.3,0.9,0.5,2.0,1.7,21.0,,2024,1,8156673.0
43.0,Jerami Grant,29.0,POR,PF,54.0,54.0,33.9,7.1,15.7,0.451,2.1,5.1,0.402,5.0,10.6,0.474,0.516,4.7,5.8,0.817,0.7,2.9,3.5,2.8,0.8,0.6,2.1,2.2,21.0,,2024,1,28405902.0
45.0,Tyler Herro,24.0,MIA,SG,42.0,40.0,33.5,7.7,17.5,0.441,3.1,7.9,0.396,4.6,9.6,0.478,0.531,2.3,2.6,0.856,0.5,4.8,5.3,4.5,0.7,0.1,2.2,1.5,20.8,,2024,1,27802277.0
46.0,Brandon Ingram,26.0,NOP,SF,64.0,64.0,32.9,7.8,15.9,0.492,1.3,3.8,0.355,6.5,12.1,0.534,0.534,3.8,4.8,0.801,0.7,4.4,5.1,5.7,0.8,0.6,2.5,2.3,20.8,,2024,1,34838724.0
47.0,RJ Barrett,23.0,2TM,SG,58.0,58.0,31.7,7.5,15.2,0.495,1.6,4.3,0.36,6.0,10.9,0.549,0.547,3.6,5.0,0.715,0.9,4.5,5.4,3.3,0.5,0.4,2.2,2.2,20.2,,2024,1,24593615.0
50.0,CJ McCollum,32.0,NOP,PG,66.0,66.0,32.7,7.3,16.0,0.459,3.6,8.4,0.429,3.7,7.5,0.492,0.572,1.7,2.1,0.827,0.6,3.7,4.3,4.6,0.9,0.6,1.7,1.9,20.0,,2024,1,36866302.0
51.0,Scottie Barnes,22.0,TOR,SG,60.0,60.0,34.9,7.5,15.7,0.475,1.7,4.9,0.341,5.8,10.8,0.536,0.528,3.3,4.2,0.781,2.4,5.9,8.2,6.1,1.3,1.5,2.8,2.0,19.9,AS,2024,0,8246649.0
52.0,Terry Rozier,29.0,2TM,SG,61.0,60.0,33.4,7.2,16.4,0.443,2.4,6.7,0.363,4.8,9.6,0.498,0.518,2.8,3.2,0.869,0.6,3.5,4.0,5.6,1.0,0.3,1.7,1.7,19.8,,2024,0,23894740.0
53.0,Franz Wagner,22.0,ORL,SF,72.0,72.0,32.5,7.3,15.2,0.482,1.3,4.6,0.281,6.0,10.6,0.57,0.525,3.8,4.4,0.85,1.0,4.3,5.3,3.7,1.1,0.4,1.9,2.3,19.7,,2024,0,5672405.0
55.0,Jalen Green,21.0,HOU,SG,82.0,82.0,31.7,6.9,16.2,0.423,2.5,7.4,0.332,4.4,8.9,0.498,0.498,3.5,4.3,0.804,0.5,4.7,5.2,3.5,0.8,0.3,2.3,1.4,19.6,,2024,0,10185395.0
56.0,Zach LaVine,28.0,CHI,SG,25.0,23.0,34.9,6.8,15.0,0.452,2.4,6.8,0.349,4.4,8.3,0.536,0.531,3.5,4.1,0.854,0.3,4.8,5.2,3.9,0.8,0.3,2.1,2.3,19.5,,2024,0,41254687.0
57.0,Devin Vassell,23.0,SAS,SG,68.0,62.0,33.1,7.3,15.5,0.472,2.4,6.6,0.372,4.9,9.0,0.544,0.55,2.4,3.0,0.801,0.4,3.4,3.8,4.1,1.1,0.3,1.6,1.1,19.5,,2024,0,6062851.0
59.0,Bam Adebayo,26.0,MIA,C,71.0,71.0,34.0,7.5,14.3,0.521,0.2,0.6,0.357,7.3,13.7,0.528,0.529,4.1,5.5,0.755,2.2,8.1,10.4,3.9,1.1,0.9,2.3,2.2,19.3,"DPOY-3,AS,DEF1",2024,0,33568737.0
60.0,Coby White,23.0,CHI,PG,79.0,78.0,36.5,6.8,15.3,0.447,2.6,7.0,0.376,4.2,8.3,0.508,0.534,2.8,3.3,0.838,0.6,4.0,4.5,5.1,0.7,0.2,2.1,2.4,19.1,,2024,0,11441266.0
61.0,Jalen Williams,22.0,OKC,PF,71.0,71.0,31.3,7.5,14.0,0.54,1.5,3.4,0.427,6.1,10.6,0.576,0.592,2.5,3.1,0.814,0.5,3.5,4.0,4.5,1.1,0.6,1.7,2.5,19.1,CPOY-12,2024,0,4694136.0
62.0,Collin Sexton,25.0,UTA,SG,78.0,51.0,26.6,6.5,13.3,0.487,1.6,4.2,0.394,4.8,9.1,0.53,0.549,4.1,4.7,0.859,0.9,1.7,2.6,4.9,0.8,0.2,2.1,2.0,18.7,,2024,0,18045737.0
63.0,Bradley Beal,30.0,PHO,SG,53.0,53.0,33.3,7.1,13.9,0.513,1.9,4.4,0.43,5.2,9.4,0.552,0.582,2.1,2.5,0.813,1.0,3.4,4.4,5.0,1.0,0.5,2.5,2.4,18.2,,2024,0,48130468.0
64.0,Darius Garland,24.0,CLE,PG,57.0,57.0,33.4,6.6,14.8,0.446,2.3,6.2,0.371,4.3,8.5,0.501,0.524,2.6,3.1,0.834,0.5,2.1,2.7,6.5,1.3,0.1,3.1,1.7,18.0,,2024,0,35015681.0
66.0,Nikola Vucevic,33.0,CHI,C,76.0,74.0,34.3,7.7,15.9,0.484,1.2,4.1,0.294,6.5,11.8,0.55,0.522,1.4,1.7,0.822,2.8,7.8,10.5,3.3,0.7,0.8,1.6,2.5,18.0,,2024,0,19068777.0
67.0,Klay Thompson,33.0,GSW,SF,77.0,63.0,29.7,6.4,14.7,0.432,3.5,9.0,0.387,2.9,5.7,0.503,0.551,1.6,1.8,0.927,0.5,2.8,3.3,2.3,0.6,0.5,1.5,1.6,17.9,,2024,0,44503661.0
68.0,Jordan Poole,24.0,WAS,SG,78.0,66.0,30.1,6.3,15.2,0.413,2.4,7.2,0.326,3.9,8.0,0.492,0.491,2.5,2.8,0.877,0.4,2.3,2.7,4.4,1.1,0.3,2.4,3.1,17.4,,2024,0,28786021.0
69.0,Fred VanVleet,29.0,HOU,PG,73.0,73.0,36.8,5.8,13.9,0.416,3.1,8.0,0.387,2.7,5.9,0.454,0.527,2.7,3.1,0.86,0.5,3.4,3.8,8.1,1.4,0.8,1.7,2.5,17.4,,2024,0,42018817.0
70.0,Brandon Miller,21.0,CHO,SF,74.0,68.0,32.2,6.4,14.6,0.44,2.5,6.7,0.373,3.9,8.0,0.495,0.524,1.9,2.3,0.827,0.8,3.4,4.3,2.4,0.9,0.6,1.8,2.5,17.3,ROY-3,2024,0,11203662.0
71.0,Tobias Harris,31.0,PHI,PF,70.0,70.0,33.8,6.6,13.6,0.487,1.3,3.7,0.353,5.3,9.9,0.537,0.535,2.7,3.0,0.878,1.1,5.3,6.5,3.1,1.0,0.7,1.3,1.6,17.2,,2024,0,40437022.0
73.0,Myles Turner,27.0,IND,C,77.0,77.0,27.0,6.2,11.8,0.524,1.5,4.2,0.358,4.7,7.6,0.615,0.587,3.2,4.1,0.773,1.5,5.5,6.9,1.3,0.5,1.9,1.4,3.0,17.1,,2024,0,21598250.0
74.0,Immanuel Quickley,24.0,2TM,SG,68.0,38.0,29.2,5.7,13.1,0.434,2.5,6.4,0.395,3.2,6.8,0.471,0.53,3.1,3.6,0.853,0.3,3.6,3.8,4.9,0.7,0.1,1.5,1.8,17.0,,2024,0,4295501.0
76.0,Deandre Ayton,25.0,POR,C,55.0,55.0,32.4,7.8,13.6,0.57,0.0,0.2,0.1,7.7,13.4,0.576,0.571,1.2,1.4,0.823,3.2,7.9,11.1,1.6,1.0,0.8,1.8,2.0,16.7,,2024,0,33423936.0
77.0,Michael Porter Jr.,25.0,DEN,SF,81.0,81.0,31.7,6.4,13.3,0.484,2.7,6.8,0.397,3.7,6.5,0.575,0.586,1.1,1.4,0.836,1.3,5.7,7.0,1.5,0.5,0.7,1.1,1.8,16.7,,2024,0,
78.0,James Harden,34.0,LAC,PG,72.0,72.0,34.3,4.9,11.4,0.428,2.6,6.8,0.381,2.3,4.6,0.497,0.541,4.2,4.8,0.878,0.5,4.7,5.1,8.5,1.1,0.8,2.6,1.8,16.6,,2024,0,36740807.0
80.0,Chet Holmgren,21.0,OKC,C,82.0,82.0,29.4,6.2,11.6,0.53,1.6,4.3,0.37,4.6,7.4,0.623,0.598,2.7,3.4,0.793,1.6,6.3,7.9,2.4,0.6,2.3,1.6,2.4,16.5,ROY-2,2024,0,10694609.0
81.0,Jonathan Kuminga,21.0,GSW,PF,74.0,46.0,26.3,6.2,11.6,0.529,0.7,2.2,0.321,5.4,9.4,0.578,0.56,3.0,4.0,0.746,1.2,3.6,4.8,2.2,0.7,0.5,1.6,2.3,16.1,,2024,0,6191505.0
82.0,Jalen Johnson,22.0,ATL,SF,56.0,52.0,33.7,6.4,12.5,0.511,1.3,3.6,0.355,5.1,9.0,0.574,0.562,1.9,2.6,0.728,1.3,7.4,8.7,3.6,1.2,0.8,1.8,2.4,16.0,,2024,0,3012284.0
83.0,Austin Reaves,25.0,LAL,SG,82.0,57.0,32.1,5.6,11.5,0.486,1.9,5.1,0.367,3.7,6.3,0.583,0.568,2.8,3.3,0.853,0.7,3.6,4.3,5.5,0.8,0.3,2.1,1.9,15.9,,2024,0,12372167.0
84.0,Shaedon Sharpe,20.0,POR,SG,32.0,25.0,33.1,5.5,13.6,0.406,1.9,5.6,0.333,3.6,7.9,0.457,0.475,3.1,3.7,0.824,1.3,3.7,5.0,2.9,0.9,0.4,2.3,2.8,15.9,,2024,0,6501408.0
85.0,Malcolm Brogdon,31.0,POR,PG,39.0,25.0,28.7,5.6,12.7,0.44,2.1,5.1,0.412,3.5,7.6,0.458,0.522,2.4,3.0,0.819,0.7,3.1,3.8,5.5,0.7,0.2,1.5,1.5,15.7,,2024,0,23168564.0
86.0,Keldon Johnson,24.0,SAS,SF,69.0,27.0,29.5,5.7,12.5,0.454,1.8,5.3,0.346,3.8,7.2,0.533,0.527,2.5,3.2,0.792,1.4,4.1,5.5,2.8,0.7,0.3,1.4,2.2,15.7,,2024,0,20594279.0
87.0,Evan Mobley,22.0,CLE,PF,50.0,50.0,30.6,6.4,11.0,0.58,0.4,1.2,0.373,6.0,9.9,0.604,0.6,2.5,3.4,0.719,2.2,7.1,9.4,3.2,0.9,1.4,1.8,2.7,15.7,,2024,0,9146578.0
90.0,Jaden Ivey,21.0,DET,SG,77.0,61.0,28.8,5.4,12.6,0.429,1.6,4.8,0.336,3.8,7.8,0.485,0.492,2.9,3.9,0.749,1.1,2.3,3.4,3.8,0.7,0.5,2.5,2.6,15.4,,2024,0,7840736.0
91.0,Malik Monk,25.0,SAC,SG,72.0,0.0,26.0,5.5,12.4,0.443,2.1,5.9,0.35,3.4,6.5,0.528,0.526,2.4,2.8,0.829,0.4,2.6,2.9,5.1,0.6,0.5,2.1,2.2,15.4,"CPOY-12,6MOY-2",2024,0,10241360.0
92.0,Kelly Oubre Jr.,28.0,PHI,SF,68.0,52.0,30.2,5.7,12.9,0.441,1.5,4.8,0.311,4.2,8.1,0.517,0.498,2.6,3.4,0.75,1.4,3.6,5.0,1.5,1.1,0.7,1.3,2.9,15.4,,2024,0,
93.0,Bojan Bogdanovic,34.0,2TM,PF,57.0,27.0,25.9,5.4,11.9,0.454,2.3,5.9,0.398,3.1,6.1,0.507,0.551,2.1,2.6,0.785,0.4,2.3,2.7,1.7,0.5,0.1,1.8,1.7,15.2,6MOY-9,2024,0,20594279.0
94.0,Keegan Murray,23.0,SAC,SF,77.0,77.0,33.6,5.8,12.7,0.454,2.4,6.6,0.358,3.4,6.0,0.56,0.548,1.3,1.6,0.831,1.4,4.1,5.5,1.7,1.0,0.8,0.8,2.7,15.2,,2024,0,8658864.0
96.0,John Collins,26.0,UTA,PF,68.0,66.0,28.0,5.8,11.0,0.532,1.3,3.4,0.371,4.6,7.6,0.605,0.59,2.2,2.7,0.795,2.3,6.1,8.5,1.1,0.6,0.9,1.4,2.8,15.1,,2024,0,26092952.0
98.0,Trey Murphy III,23.0,NOP,SF,57.0,23.0,29.6,4.8,10.9,0.443,3.0,7.8,0.38,1.9,3.1,0.602,0.579,2.2,2.6,0.815,0.7,4.2,4.9,2.2,0.9,0.5,0.6,1.2,14.8,,2024,0,
99.0,OG Anunoby,26.0,2TM,SF,50.0,50.0,34.0,5.6,11.5,0.489,2.0,5.3,0.382,3.6,6.2,0.581,0.577,1.3,1.8,0.753,0.9,3.2,4.2,2.1,1.4,0.7,1.6,2.4,14.7,,2024,0,19196810.0
100.0,Deni Avdija,23.0,WAS,SF,75.0,75.0,30.1,5.4,10.7,0.506,1.2,3.1,0.374,4.2,7.6,0.56,0.56,2.7,3.6,0.74,1.1,6.1,7.2,3.8,0.8,0.5,2.1,2.5,14.7,,2024,0,6449292.0
101.0,GG Jackson II,19.0,MEM,PF,48.0,18.0,25.7,5.0,11.7,0.428,2.1,6.0,0.357,2.9,5.8,0.502,0.519,2.4,3.2,0.752,1.1,3.0,4.1,1.2,0.6,0.5,1.4,1.3,14.6,,2024,0,
102.0,Bennedict Mathurin,21.0,IND,SF,59.0,19.0,26.1,5.0,11.2,0.446,1.4,3.6,0.374,3.7,7.6,0.481,0.507,3.1,3.8,0.821,1.0,2.9,4.0,2.0,0.6,0.2,1.6,2.0,14.5,,2024,0,7121584.0
104.0,Tim Hardaway Jr.,31.0,DAL,SF,79.0,12.0,26.8,5.0,12.4,0.402,2.7,7.6,0.353,2.3,4.8,0.478,0.51,1.8,2.1,0.852,0.3,2.9,3.2,1.8,0.5,0.1,0.9,1.3,14.4,6MOY-9,2024,0,
105.0,Dennis Schroder,30.0,2TM,PG,80.0,58.0,31.1,5.0,11.6,0.435,1.7,4.6,0.375,3.3,7.0,0.474,0.509,2.2,2.7,0.836,0.5,2.5,3.0,6.1,0.8,0.2,1.9,2.1,14.0,,2024,0,
106.0,Rudy Gobert,31.0,MIN,C,76.0,76.0,34.1,5.3,8.1,0.661,0.0,0.0,0.0,5.3,8.0,0.664,0.661,3.3,5.1,0.638,3.8,9.2,12.9,1.3,0.7,2.1,1.6,3.1,14.0,"DPOY-1,DEF1",2024,0,42218272.0
107.0,Scoot Henderson,19.0,POR,PG,62.0,32.0,28.5,5.0,12.9,0.385,1.4,4.3,0.325,3.5,8.5,0.416,0.44,2.7,3.3,0.819,0.9,2.3,3.1,5.4,0.8,0.2,3.4,3.1,14.0,,2024,0,10061236.0
111.0,Jalen Duren,20.0,DET,C,61.0,60.0,29.1,5.7,9.2,0.619,0.0,0.1,0.0,5.7,9.2,0.623,0.619,2.3,3.0,0.79,3.1,8.5,11.6,2.4,0.5,0.8,2.1,3.1,13.8,,2024,0,4459361.0
112.0,Bobby Portis,28.0,MIL,PF,82.0,4.0,24.5,5.7,11.2,0.508,1.2,3.0,0.407,4.5,8.2,0.545,0.562,1.2,1.5,0.79,1.7,5.7,7.4,1.3,0.8,0.4,1.1,2.3,13.8,6MOY-3,2024,0,12058792.0
114.0,Jabari Smith Jr.,20.0,HOU,PF,76.0,76.0,31.9,5.0,11.0,0.454,1.8,5.0,0.363,3.2,6.0,0.53,0.537,2.0,2.4,0.811,1.8,6.3,8.1,1.6,0.7,0.8,1.2,2.6,13.7,,2024,0,
117.0,Grayson Allen,28.0,PHO,SG,75.0,74.0,33.5,4.5,9.1,0.499,2.7,5.9,0.461,1.8,3.2,0.57,0.649,1.7,2.0,0.878,0.6,3.3,3.9,3.0,0.9,0.6,1.3,2.1,13.5,,2024,0,9190197.0
118.0,Naz Reid,24.0,MIN,PF,81.0,14.0,24.2,5.0,10.5,0.477,2.1,5.0,0.414,2.9,5.5,0.535,0.576,1.3,1.8,0.736,0.9,4.3,5.2,1.3,0.8,0.9,1.4,2.1,13.5,6MOY-1,2024,0,13335207.0
120.0,Corey Kispert,24.0,WAS,SF,80.0,22.0,25.8,4.8,9.9,0.486,2.3,6.0,0.383,2.5,3.9,0.643,0.602,1.4,2.0,0.726,0.4,2.4,2.8,2.0,0.5,0.2,1.2,1.8,13.4,,2024,0,3832636.0
122.0,Keyonte George,20.0,UTA,PG,75.0,44.0,27.0,4.3,10.9,0.391,2.0,5.9,0.334,2.3,5.0,0.459,0.482,2.5,3.0,0.848,0.2,2.6,2.8,4.4,0.5,0.1,2.5,1.2,13.0,,2024,0,4005356.0
123.0,P.J. Washington,25.0,2TM,PF,73.0,45.0,30.4,4.8,11.1,0.436,1.8,5.7,0.32,3.0,5.5,0.558,0.518,1.4,2.0,0.683,1.2,4.5,5.6,1.9,1.0,0.8,1.3,2.3,12.9,,2024,0,
124.0,Scotty Pippen Jr.,23.0,MEM,PG,21.0,16.0,25.1,4.8,9.7,0.493,1.4,3.4,0.417,3.3,6.2,0.534,0.567,2.0,2.6,0.745,1.0,2.1,3.2,4.7,1.7,0.5,2.7,2.9,12.9,,2024,0,
125.0,Duncan Robinson,29.0,MIA,SF,68.0,36.0,28.0,4.5,9.9,0.45,2.8,7.0,0.395,1.7,3.0,0.579,0.589,1.2,1.3,0.889,0.2,2.3,2.5,2.8,0.7,0.2,1.4,2.4,12.9,,2024,0,18693427.0
126.0,Dillon Brooks,28.0,HOU,SF,72.0,72.0,30.9,4.6,10.7,0.428,1.8,5.1,0.359,2.7,5.5,0.492,0.515,1.7,2.0,0.844,0.7,2.7,3.4,1.7,0.9,0.1,1.2,3.3,12.7,,2024,0,23300028.0
127.0,Mark Williams,22.0,CHO,C,19.0,19.0,26.7,5.2,7.9,0.649,0.0,0.0,,5.2,7.9,0.649,0.649,2.4,3.4,0.719,4.0,5.7,9.7,1.2,0.8,1.1,0.9,2.6,12.7,,2024,0,4024286.0
128.0,Jalen Suggs,22.0,ORL,SG,75.0,75.0,27.0,4.5,9.5,0.471,2.0,5.1,0.397,2.4,4.4,0.556,0.578,1.6,2.1,0.756,0.6,2.4,3.1,2.7,1.4,0.6,1.8,2.7,12.6,"DPOY-10,DEF2",2024,0,7467568.0
129.0,Jrue Holiday,33.0,BOS,PG,69.0,69.0,32.8,4.8,10.0,0.48,2.0,4.7,0.429,2.8,5.3,0.526,0.581,0.9,1.0,0.833,1.2,4.2,5.4,4.8,0.9,0.8,1.8,1.6,12.5,"DPOY-6,DEF2",2024,0,38738196.0
130.0,Brook Lopez,35.0,MIL,C,79.0,79.0,30.5,4.6,9.6,0.485,1.9,5.1,0.366,2.8,4.4,0.621,0.583,1.4,1.7,0.821,1.5,3.7,5.2,1.6,0.5,2.4,1.0,2.4,12.5,,2024,0,25742849.0
131.0,Josh Giddey,21.0,OKC,SG,80.0,80.0,25.1,5.0,10.6,0.475,1.0,3.0,0.337,4.0,7.6,0.53,0.523,1.3,1.6,0.806,1.4,5.0,6.4,4.8,0.6,0.6,2.1,1.4,12.3,,2024,0,6782767.0
132.0,Cam Whitmore,19.0,HOU,SF,47.0,2.0,18.7,4.5,9.9,0.454,1.7,4.7,0.359,2.8,5.3,0.538,0.539,1.6,2.4,0.679,0.9,2.9,3.8,0.7,0.6,0.4,1.0,1.4,12.3,,2024,0,
133.0,Harrison Barnes,31.0,SAC,PF,82.0,82.0,29.0,4.2,8.9,0.474,1.8,4.7,0.387,2.4,4.2,0.571,0.576,1.9,2.4,0.801,0.8,2.2,3.0,1.2,0.7,0.1,0.7,1.2,12.2,,2024,0,17505137.0
134.0,Ayo Dosunmu,24.0,CHI,SG,76.0,37.0,29.1,4.7,9.5,0.501,1.6,3.9,0.403,3.2,5.6,0.568,0.583,1.1,1.4,0.81,0.7,2.1,2.8,3.2,0.9,0.5,1.4,2.2,12.2,,2024,0,6674072.0
136.0,Aaron Nesmith,24.0,IND,SF,72.0,47.0,27.7,4.4,8.8,0.496,1.9,4.6,0.419,2.4,4.2,0.581,0.606,1.5,1.9,0.781,0.9,2.9,3.8,1.5,0.9,0.7,0.9,3.3,12.2,,2024,0,5801673.0
137.0,Max Strus,27.0,CLE,SF,70.0,70.0,32.0,4.3,10.4,0.418,2.4,6.8,0.351,1.9,3.6,0.546,0.533,1.1,1.4,0.794,0.9,3.9,4.8,4.0,0.9,0.4,1.6,2.4,12.2,,2024,0,14918170.0
139.0,Buddy Hield,31.0,2TM,SF,84.0,42.0,25.7,4.4,10.1,0.436,2.6,6.8,0.386,1.8,3.4,0.539,0.565,0.6,0.7,0.881,0.7,2.5,3.2,2.8,0.8,0.5,1.2,2.0,12.1,,2024,0,19895988.0
140.0,Tyus Jones,27.0,WAS,PG,66.0,66.0,29.3,4.9,10.1,0.489,1.6,3.9,0.414,3.3,6.2,0.537,0.569,0.5,0.6,0.8,0.3,2.4,2.7,7.3,1.1,0.3,1.0,0.7,12.0,,2024,0,14415995.0
141.0,Jaime Jaquez Jr.,22.0,MIA,SF,75.0,20.0,28.2,4.5,9.3,0.489,0.9,2.7,0.322,3.7,6.6,0.558,0.536,1.9,2.3,0.811,1.1,2.7,3.8,2.6,1.0,0.3,1.5,2.2,11.9,"ROY-4,6MOY-9",2024,0,
142.0,Nic Claxton,24.0,BRK,C,71.0,71.0,29.8,5.2,8.2,0.629,0.0,0.1,0.2,5.1,8.1,0.633,0.63,1.5,2.8,0.551,2.7,7.2,9.9,2.1,0.6,2.1,1.3,2.5,11.8,,2024,0,
143.0,Marvin Bagley III,24.0,2TM,C,50.0,25.0,21.1,4.8,8.2,0.586,0.2,0.5,0.391,4.6,7.7,0.597,0.597,1.9,2.5,0.762,2.6,3.6,6.2,1.1,0.4,0.7,1.2,1.6,11.7,,2024,0,
144.0,Ivica Zubac,26.0,LAC,C,68.0,68.0,26.4,5.0,7.6,0.649,0.0,0.0,,5.0,7.6,0.649,0.649,1.8,2.4,0.723,2.9,6.3,9.2,1.4,0.3,1.2,1.2,2.6,11.7,,2024,0,11258205.0
145.0,Cole Anthony,23.0,ORL,PG,81.0,0.0,22.4,4.1,9.4,0.435,1.1,3.4,0.338,3.0,6.0,0.49,0.496,2.2,2.7,0.826,0.8,3.0,3.8,2.9,0.8,0.5,1.6,2.2,11.6,,2024,0,5704379.0
146.0,Jeremy Sochan,20.0,SAS,PF,74.0,73.0,29.6,4.6,10.5,0.438,0.9,3.1,0.308,3.6,7.4,0.492,0.483,1.5,1.9,0.771,1.9,4.6,6.4,3.4,0.8,0.5,1.9,2.3,11.6,,2024,0,5474947.0
147.0,Clint Capela,29.0,ATL,C,73.0,73.0,25.8,4.8,8.5,0.571,0.0,0.0,0.0,4.8,8.5,0.572,0.571,1.8,2.8,0.631,4.6,6.0,10.6,1.2,0.6,1.5,1.0,2.2,11.5,,2024,0,21228583.0
150.0,Brandon Clarke,27.0,MEM,PF,6.0,1.0,22.3,5.5,9.8,0.559,0.2,1.0,0.167,5.3,8.8,0.604,0.568,0.2,1.2,0.143,2.2,3.2,5.3,1.5,0.8,1.0,0.5,1.3,11.3,,2024,0,12871424.0
152.0,De'Anthony Melton,25.0,PHI,SG,38.0,33.0,26.9,3.7,9.5,0.386,2.0,5.6,0.36,1.6,3.8,0.425,0.493,1.7,2.1,0.835,0.7,3.0,3.7,3.0,1.6,0.4,1.0,2.2,11.1,,2024,0,8237711.0
155.0,Daniel Gafford,25.0,2TM,PF,74.0,66.0,24.5,4.7,6.5,0.725,0.0,0.0,,4.7,6.5,0.725,0.725,1.6,2.4,0.674,2.6,5.0,7.6,1.6,0.9,2.1,1.0,3.1,11.0,,2024,0,12770512.0
158.0,Herbert Jones,25.0,NOP,SF,76.0,76.0,30.5,3.9,7.7,0.498,1.5,3.6,0.418,2.4,4.1,0.568,0.595,1.8,2.1,0.867,1.0,2.6,3.6,2.6,1.4,0.8,1.2,2.9,11.0,"DPOY-5,DEF1",2024,0,
160.0,Luguentz Dort,24.0,OKC,SF,79.0,79.0,28.4,3.6,8.3,0.438,2.0,5.0,0.394,1.7,3.3,0.506,0.557,1.6,2.0,0.826,0.9,2.7,3.6,1.4,0.9,0.6,0.9,2.9,10.9,,2024,0,15731741.0
162.0,Isaiah Stewart,22.0,DET,PF,46.0,45.0,30.9,4.0,8.3,0.487,1.5,3.8,0.383,2.6,4.5,0.575,0.575,1.4,1.8,0.753,1.6,5.0,6.6,1.6,0.4,0.8,1.4,2.2,10.9,,2024,0,5423207.0
163.0,Moritz Wagner,26.0,ORL,C,80.0,1.0,17.7,4.2,6.9,0.601,0.5,1.4,0.33,3.7,5.5,0.673,0.636,2.1,2.6,0.814,1.5,2.9,4.3,1.2,0.5,0.3,1.2,2.0,10.9,,2024,0,8237711.0
164.0,Bruce Brown,27.0,2TM,SG,67.0,44.0,27.9,4.1,8.7,0.478,0.8,2.4,0.323,3.4,6.2,0.538,0.523,1.7,2.1,0.824,0.8,3.4,4.2,2.9,0.9,0.3,1.3,2.2,10.8,,2024,0,22653707.0
166.0,Santi Aldama,23.0,MEM,PF,61.0,35.0,26.5,4.0,9.3,0.435,1.7,5.0,0.349,2.3,4.3,0.534,0.528,0.9,1.4,0.621,1.2,4.6,5.8,2.3,0.7,0.9,1.1,1.5,10.7,,2024,0,
167.0,Simone Fontecchio,28.0,2TM,SF,66.0,43.0,24.9,3.8,8.3,0.46,2.0,5.1,0.401,1.8,3.2,0.551,0.582,0.8,1.0,0.818,1.0,2.8,3.7,1.5,0.7,0.3,1.0,1.7,10.5,,2024,0,3135347.0
168.0,Spencer Dinwiddie,30.0,2TM,PG,76.0,52.0,28.3,3.3,8.4,0.392,1.6,4.8,0.337,1.7,3.6,0.467,0.489,2.2,2.8,0.805,0.4,2.3,2.7,4.7,0.7,0.3,1.2,1.8,10.5,,2024,0,21018311.0
169.0,Jaden McDaniels,23.0,MIN,SF,72.0,71.0,29.2,4.3,8.7,0.489,1.2,3.5,0.337,3.1,5.2,0.592,0.557,0.8,1.1,0.722,0.8,2.3,3.1,1.4,0.9,0.6,1.2,3.0,10.5,DEF2,2024,0,4017325.0
170.0,Alec Burks,32.0,2TM,SG,66.0,1.0,18.4,3.2,8.6,0.369,1.9,5.0,0.376,1.3,3.6,0.36,0.478,2.2,2.5,0.868,0.4,1.9,2.3,1.3,0.4,0.2,0.7,1.1,10.4,,2024,0,10801287.0
171.0,Dalano Banton,24.0,2TM,PG,54.0,9.0,19.4,3.7,9.3,0.404,1.1,3.7,0.296,2.6,5.6,0.475,0.463,1.7,2.2,0.783,0.8,2.5,3.3,2.4,0.6,0.4,1.4,1.2,10.3,,2024,0,2079719.0
172.0,Grant Williams,25.0,2TM,PF,76.0,43.0,28.0,3.6,8.0,0.456,1.7,4.4,0.375,2.0,3.5,0.558,0.56,1.4,1.8,0.757,1.1,3.1,4.2,2.3,0.6,0.5,1.4,3.0,10.3,,2024,0,12773601.0
173.0,Obi Toppin,25.0,IND,PF,82.0,28.0,21.1,4.0,7.1,0.573,1.2,3.1,0.403,2.8,4.0,0.706,0.661,0.9,1.2,0.77,1.0,2.9,3.9,1.6,0.6,0.5,0.8,1.7,10.3,,2024,0,7005156.0
176.0,T.J. McConnell,31.0,IND,PG,71.0,4.0,18.2,4.6,8.4,0.556,0.3,0.6,0.409,4.4,7.7,0.568,0.572,0.7,0.9,0.79,0.5,2.2,2.7,5.5,1.0,0.1,1.5,1.1,10.2,6MOY-7,2024,0,
177.0,Onyeka Okongwu,23.0,ATL,C,55.0,8.0,25.5,4.1,6.6,0.611,0.4,1.3,0.333,3.6,5.4,0.676,0.642,1.7,2.1,0.793,2.6,4.2,6.8,1.3,0.5,1.1,0.8,2.9,10.2,,2024,0,8350015.0
178.0,Kentavious Caldwell-Pope,30.0,DEN,SG,76.0,76.0,31.6,3.6,7.7,0.46,1.6,4.1,0.406,1.9,3.7,0.52,0.566,1.3,1.5,0.894,0.4,2.0,2.4,2.4,1.3,0.6,1.0,2.0,10.1,,2024,0,15141880.0
179.0,Alex Caruso,29.0,CHI,SG,71.0,57.0,28.7,3.6,7.6,0.468,1.9,4.7,0.408,1.6,2.9,0.563,0.593,1.0,1.4,0.76,0.9,3.0,3.8,3.5,1.7,1.0,1.4,2.5,10.1,"DPOY-10,DEF2",2024,0,9741094.0
180.0,Talen Horton-Tucker,23.0,UTA,PG,51.0,11.0,19.8,3.6,9.1,0.396,1.2,3.6,0.33,2.4,5.5,0.438,0.46,1.7,2.1,0.807,0.4,2.0,2.4,3.5,0.9,0.4,1.3,1.8,10.1,,2024,0,11347447.0
183.0,Patrick Williams,22.0,CHI,PF,43.0,30.0,27.3,3.7,8.3,0.443,1.4,3.4,0.399,2.3,4.9,0.474,0.525,1.2,1.5,0.788,1.1,2.8,3.9,1.5,0.9,0.8,1.3,2.0,10.0,,2024,0,10128144.0
184.0,Vince Williams Jr.,23.0,MEM,SG,52.0,33.0,27.6,3.3,7.3,0.446,1.5,4.0,0.378,1.7,3.3,0.529,0.55,2.0,2.5,0.8,1.1,4.4,5.6,3.4,0.9,0.7,1.8,2.6,10.0,,2024,0,
187.0,Gordon Hayward,33.0,2TM,SF,51.0,28.0,24.4,3.7,7.9,0.464,0.7,1.8,0.411,2.9,6.1,0.479,0.51,1.7,2.4,0.742,0.7,2.8,3.5,3.1,0.8,0.3,1.3,1.3,9.8,,2024,0,34309448.0
188.0,Kelly Olynyk,32.0,2TM,C,78.0,27.0,22.6,3.5,6.4,0.555,0.8,2.0,0.387,2.8,4.4,0.632,0.616,1.9,2.3,0.833,1.4,3.9,5.3,4.4,0.9,0.4,1.9,2.9,9.8,,2024,0,12557487.0
189.0,Tari Eason,22.0,HOU,PF,22.0,0.0,21.8,4.0,8.6,0.466,0.8,2.3,0.36,3.2,6.3,0.504,0.513,1.0,1.5,0.636,2.1,4.9,7.0,1.2,1.4,0.9,0.9,2.3,9.8,,2024,0,3631965.0
191.0,Lonnie Walker IV,25.0,BRK,SG,58.0,0.0,17.4,3.6,8.5,0.423,1.8,4.7,0.384,1.8,3.8,0.471,0.528,0.8,1.0,0.763,0.2,2.0,2.2,1.3,0.6,0.3,0.9,1.2,9.7,,2024,0,
192.0,Payton Pritchard,26.0,BOS,PG,82.0,5.0,22.3,3.6,7.7,0.468,1.8,4.7,0.385,1.8,3.1,0.593,0.583,0.6,0.7,0.821,0.9,2.4,3.2,3.4,0.5,0.1,0.7,1.3,9.6,,2024,0,4157240.0
193.0,Amen Thompson,21.0,HOU,SF,62.0,23.0,22.4,3.9,7.2,0.536,0.1,0.9,0.138,3.7,6.3,0.595,0.545,1.7,2.5,0.684,2.4,4.2,6.6,2.6,1.3,0.6,1.5,2.3,9.5,,2024,0,9071042.0
196.0,Isaac Okoro,23.0,CLE,SF,69.0,42.0,27.3,3.4,7.0,0.49,1.2,3.1,0.391,2.2,3.8,0.57,0.577,1.3,2.0,0.679,1.0,2.0,3.0,1.9,0.8,0.5,0.8,2.0,9.4,,2024,0,9185866.0
197.0,Tre Mann,22.0,2TM,PG,41.0,28.0,24.1,3.5,7.7,0.459,1.1,3.1,0.373,2.4,4.6,0.516,0.533,1.1,1.4,0.763,0.5,3.1,3.6,4.0,1.2,0.1,1.6,1.2,9.3,,2024,0,3286229.0
198.0,Malaki Branham,20.0,SAS,PG,75.0,29.0,21.3,3.6,8.4,0.432,1.2,3.6,0.347,2.4,4.8,0.494,0.506,0.7,0.8,0.873,0.4,1.6,2.0,2.1,0.4,0.1,1.2,1.3,9.2,,2024,0,3163157.0
199.0,Andrew Nembhard,24.0,IND,PG,68.0,47.0,25.0,3.8,7.7,0.498,0.9,2.5,0.357,2.9,5.2,0.567,0.557,0.7,0.8,0.804,0.5,1.5,2.1,4.1,0.9,0.1,1.5,2.1,9.2,,2024,0,2195252.0
200.0,Chris Paul,38.0,GSW,PG,58.0,18.0,26.4,3.6,8.1,0.441,1.3,3.6,0.371,2.2,4.4,0.498,0.525,0.7,0.9,0.827,0.3,3.6,3.9,6.8,1.2,0.1,1.3,1.9,9.2,,2024,0,31715190.0
201.0,Brandin Podziemski,20.0,GSW,SG,74.0,28.0,26.6,3.7,8.1,0.454,1.2,3.2,0.385,2.4,4.9,0.499,0.529,0.7,1.1,0.633,1.6,4.2,5.8,3.7,0.8,0.2,1.2,1.6,9.2,ROY-5,2024,0,3452017.0
202.0,Duop Reath,27.0,POR,C,68.0,20.0,17.9,3.4,7.3,0.461,1.3,3.6,0.359,2.1,3.7,0.559,0.549,1.0,1.4,0.742,1.4,2.3,3.7,1.0,0.5,0.6,0.8,2.4,9.1,,2024,0,2009198.0
203.0,Sam Hauser,26.0,BOS,SF,79.0,13.0,22.0,3.2,7.1,0.446,2.5,5.9,0.424,0.7,1.2,0.559,0.623,0.2,0.2,0.895,0.6,2.9,3.5,1.0,0.5,0.3,0.4,1.3,9.0,,2024,0,1985181.0
205.0,Jabari Walker,21.0,POR,SF,72.0,23.0,23.6,3.3,7.1,0.46,0.6,1.9,0.295,2.7,5.1,0.522,0.5,1.8,2.4,0.754,2.1,5.0,7.1,1.0,0.6,0.3,0.9,2.4,8.9,,2024,0,1770967.0
206.0,Dereck Lively II,19.0,DAL,C,55.0,42.0,23.5,4.0,5.4,0.747,0.0,0.0,0.0,4.0,5.3,0.752,0.747,0.7,1.5,0.506,2.5,4.4,6.9,1.1,0.7,1.4,0.9,2.6,8.8,ROY-6,2024,0,
209.0,Ausar Thompson,21.0,DET,SF,63.0,38.0,25.1,3.7,7.6,0.483,0.3,1.8,0.186,3.3,5.8,0.575,0.505,1.1,1.9,0.597,2.0,4.3,6.4,1.9,1.1,0.9,1.3,2.8,8.8,,2024,0,8214460.0
210.0,Draymond Green,33.0,GSW,PF,55.0,52.0,27.1,3.4,6.8,0.497,0.9,2.3,0.395,2.4,4.4,0.551,0.566,1.0,1.3,0.73,1.4,5.9,7.2,6.0,1.0,0.9,2.5,3.0,8.6,,2024,0,22984687.0
211.0,Al Horford,37.0,BOS,C,65.0,33.0,26.8,3.3,6.4,0.511,1.7,4.0,0.419,1.6,2.5,0.658,0.64,0.4,0.5,0.867,1.3,5.1,6.4,2.6,0.6,1.0,0.7,1.4,8.6,,2024,0,10297139.0
212.0,Derrick Jones Jr.,26.0,DAL,SF,76.0,66.0,23.5,3.1,6.5,0.483,1.1,3.1,0.343,2.1,3.4,0.613,0.566,1.3,1.8,0.713,1.1,2.2,3.3,1.0,0.7,0.7,0.9,1.6,8.6,,2024,0,
213.0,Gradey Dick,20.0,TOR,SG,60.0,17.0,21.1,3.2,7.4,0.425,1.5,4.0,0.365,1.7,3.4,0.495,0.524,0.7,0.9,0.863,0.5,1.8,2.2,1.1,0.6,0.0,0.8,1.5,8.5,,2024,0,4671511.0
215.0,Tristan Vukcevic,20.0,WAS,C,10.0,4.0,15.3,2.9,6.7,0.433,1.0,3.6,0.278,1.9,3.1,0.613,0.507,1.7,2.2,0.773,0.6,3.0,3.6,1.3,0.5,0.7,1.0,2.8,8.5,,2024,0,2496945.0
216.0,Bilal Coulibaly,19.0,WAS,SF,63.0,15.0,27.2,3.0,6.9,0.435,1.0,2.9,0.346,2.0,3.9,0.502,0.509,1.5,2.1,0.702,0.9,3.2,4.1,1.7,0.9,0.8,1.4,2.2,8.4,,2024,0,6810791.0
218.0,Miles McBride,23.0,NYK,PG,68.0,14.0,19.5,3.0,6.7,0.452,1.6,3.9,0.41,1.4,2.8,0.511,0.572,0.6,0.7,0.86,0.5,1.0,1.5,1.7,0.7,0.1,0.4,1.6,8.3,,2024,0,1890653.0
219.0,Marcus Sasser,23.0,DET,PG,71.0,11.0,19.0,3.1,7.2,0.428,1.3,3.4,0.375,1.8,3.8,0.474,0.516,0.8,0.9,0.879,0.2,1.6,1.8,3.3,0.6,0.2,1.3,1.5,8.3,,2024,0,2701998.0
220.0,Josh Green,23.0,DAL,SG,57.0,33.0,26.4,3.1,6.6,0.479,1.3,3.3,0.385,1.9,3.3,0.572,0.575,0.7,1.0,0.684,0.7,2.5,3.2,2.3,0.8,0.2,1.1,1.9,8.2,,2024,0,4906936.0
221.0,Isaiah Joe,24.0,OKC,SG,78.0,1.0,18.5,2.8,6.2,0.458,1.9,4.5,0.416,1.0,1.7,0.568,0.609,0.6,0.7,0.865,0.4,1.9,2.3,1.3,0.6,0.3,0.6,1.1,8.2,,2024,0,2056583.0
222.0,Ziaire Williams,22.0,MEM,SF,51.0,15.0,20.4,2.9,7.4,0.397,1.1,3.7,0.307,1.8,3.7,0.487,0.474,1.2,1.5,0.827,0.7,2.8,3.5,1.5,0.7,0.2,1.3,1.7,8.2,,2024,0,4953130.0
223.0,Kyle Lowry,37.0,2TM,PG,60.0,55.0,28.2,2.7,6.3,0.432,1.6,4.2,0.392,1.1,2.1,0.512,0.562,1.1,1.3,0.84,0.6,2.7,3.2,4.2,1.0,0.4,1.4,2.4,8.1,,2024,0,30564525.0
224.0,Walker Kessler,22.0,UTA,C,64.0,22.0,23.3,3.6,5.5,0.654,0.1,0.3,0.211,3.5,5.2,0.68,0.66,0.9,1.5,0.602,2.6,4.9,7.5,0.9,0.5,2.4,1.0,2.1,8.1,,2024,0,2915285.0
225.0,Moses Moody,21.0,GSW,SG,66.0,9.0,17.5,2.9,6.4,0.462,1.1,3.0,0.36,1.8,3.3,0.555,0.548,1.1,1.4,0.785,1.0,2.0,3.0,0.9,0.6,0.4,0.7,1.4,8.1,,2024,0,4034913.0
227.0,Sam Merrill,27.0,CLE,SG,61.0,1.0,17.5,2.6,6.4,0.402,2.3,5.8,0.404,0.2,0.6,0.385,0.584,0.4,0.5,0.929,0.4,1.6,2.0,1.8,0.3,0.1,0.3,1.2,8.0,,2024,0,2056583.0
230.0,Trayce Jackson-Davis,23.0,GSW,PF,68.0,16.0,16.6,3.4,4.9,0.702,0.0,0.0,0.0,3.4,4.9,0.704,0.702,1.1,1.9,0.561,2.0,3.0,5.0,1.2,0.4,1.1,0.7,1.6,7.9,,2024,0,1152829.0
232.0,Markelle Fultz,25.0,ORL,PG,43.0,18.0,21.2,3.6,7.6,0.472,0.1,0.4,0.222,3.5,7.2,0.487,0.479,0.5,0.8,0.697,1.3,1.9,3.2,2.8,1.0,0.3,1.2,1.5,7.8,,2024,0,17505137.0
234.0,Jordan Hawkins,21.0,NOP,SG,67.0,10.0,17.3,2.6,6.8,0.382,1.6,4.4,0.366,1.0,2.4,0.411,0.501,1.0,1.2,0.838,0.4,1.8,2.2,1.0,0.3,0.1,0.6,1.1,7.8,,2024,0,4438269.0
235.0,Royce O'Neale,30.0,2TM,SF,79.0,14.0,24.7,2.7,6.8,0.397,2.0,5.3,0.37,0.7,1.5,0.496,0.542,0.3,0.4,0.686,0.8,4.0,4.8,2.8,0.7,0.6,0.9,2.2,7.7,,2024,0,9782282.0
236.0,RaiQuan Gray,24.0,SAS,PF,3.0,0.0,13.0,3.3,5.7,0.588,1.0,2.3,0.429,2.3,3.3,0.7,0.676,0.0,0.0,,0.7,1.7,2.3,2.0,0.3,0.3,0.3,0.0,7.7,,2024,0,145760.0
237.0,Nikola Jovic,20.0,MIA,PF,46.0,38.0,19.5,2.8,6.1,0.452,1.4,3.5,0.399,1.3,2.6,0.525,0.568,0.7,1.0,0.702,0.5,3.6,4.2,2.0,0.5,0.3,0.9,1.8,7.7,,2024,0,2421887.0
238.0,Precious Achiuwa,24.0,2TM,PF,74.0,18.0,21.9,3.2,6.3,0.501,0.4,1.3,0.268,2.8,5.0,0.562,0.529,0.9,1.5,0.616,2.6,4.0,6.6,1.3,0.6,0.9,1.1,1.9,7.6,,2024,0,4509659.0
239.0,Toumani Camara,23.0,POR,PF,70.0,49.0,24.8,2.8,6.3,0.45,0.8,2.5,0.337,2.0,3.8,0.523,0.516,1.1,1.4,0.758,2.0,2.9,4.9,1.2,0.9,0.5,1.2,2.5,7.5,,2024,0,1152829.0
241.0,Brice Sensabaugh,20.0,UTA,SF,32.0,11.0,18.3,2.7,6.8,0.39,1.1,3.6,0.296,1.6,3.2,0.495,0.468,1.2,1.3,0.902,0.5,2.7,3.2,1.7,0.4,0.2,1.5,1.3,7.5,,2024,0,2521357.0
242.0,Cameron Payne,29.0,2TM,PG,78.0,10.0,16.7,2.7,6.2,0.432,1.3,3.4,0.39,1.3,2.7,0.486,0.541,0.7,0.9,0.866,0.3,1.2,1.5,2.6,0.5,0.1,0.8,1.6,7.4,,2024,0,9670523.0
243.0,Christian Braun,22.0,DEN,SG,82.0,4.0,20.2,2.7,5.9,0.46,0.8,2.0,0.384,1.9,3.9,0.498,0.525,1.1,1.6,0.694,1.0,2.8,3.7,1.6,0.5,0.4,0.7,1.7,7.3,,2024,0,3036750.0
244.0,Jaden Hardy,21.0,DAL,SG,73.0,7.0,13.5,2.7,6.6,0.407,1.1,3.1,0.362,1.6,3.5,0.447,0.492,0.8,1.0,0.776,0.3,1.5,1.8,1.5,0.3,0.1,0.8,1.1,7.3,,2024,0,1770967.0
245.0,Taylor Hendricks,20.0,UTA,PF,40.0,23.0,21.4,2.7,6.0,0.45,1.3,3.5,0.379,1.4,2.5,0.55,0.56,0.6,0.7,0.793,1.2,3.5,4.6,0.8,0.7,0.8,0.7,1.9,7.3,,2024,0,5735375.0
246.0,Paul Reed,24.0,PHI,C,82.0,24.0,19.4,3.2,5.9,0.54,0.3,0.7,0.368,2.9,5.2,0.563,0.561,0.7,1.0,0.718,2.4,3.6,6.0,1.3,0.8,1.0,0.8,2.4,7.3,,2024,0,7952480.0
247.0,Lamar Stevens,26.0,2TM,PF,38.0,3.0,14.7,2.8,6.3,0.45,0.4,1.2,0.304,2.5,5.1,0.485,0.479,1.1,1.4,0.778,0.9,2.4,3.3,0.7,0.6,0.6,0.6,1.2,7.2,,2024,0,2566411.0
248.0,Johnny Juzang,22.0,UTA,SG,20.0,5.0,18.6,2.6,5.5,0.464,1.6,3.9,0.416,1.0,1.7,0.576,0.609,0.5,0.7,0.714,0.4,1.5,1.8,1.2,0.2,0.1,0.7,1.5,7.2,,2024,0,576415.0
251.0,Jose Alvarado,25.0,NOP,PG,56.0,0.0,18.4,2.5,6.2,0.412,1.4,3.7,0.377,1.1,2.5,0.464,0.525,0.6,0.9,0.673,0.4,1.8,2.3,2.1,1.1,0.3,0.7,1.6,7.1,6MOY-6,2024,0,1890653.0
252.0,Naji Marshall,26.0,NOP,SF,66.0,1.0,19.0,2.6,5.6,0.463,0.9,2.3,0.387,1.7,3.3,0.516,0.542,1.0,1.3,0.791,0.8,2.8,3.6,1.9,0.7,0.2,1.0,1.4,7.1,,2024,0,1988049.0
253.0,Landry Shamet,26.0,WAS,SG,46.0,5.0,15.8,2.6,6.0,0.431,1.2,3.4,0.338,1.4,2.5,0.556,0.527,0.8,1.0,0.826,0.3,1.0,1.3,1.2,0.5,0.2,0.7,1.7,7.1,,2024,0,10554568.0
255.0,Vasilije Micic,30.0,2TM,PG,60.0,21.0,19.6,2.7,6.2,0.43,0.7,2.6,0.279,1.9,3.6,0.537,0.488,1.0,1.3,0.813,0.2,1.2,1.5,4.4,0.5,0.1,1.7,1.1,7.0,,2024,0,7952480.0
256.0,Jordan Nwora,25.0,2TM,SF,52.0,1.0,13.7,2.7,5.8,0.462,0.8,2.5,0.336,1.8,3.2,0.56,0.535,0.8,1.0,0.83,0.5,2.3,2.9,1.2,0.5,0.3,1.0,0.9,7.0,,2024,0,3089141.0
257.0,Quentin Grimes,23.0,2TM,SG,51.0,18.0,20.1,2.4,6.4,0.372,1.6,4.7,0.338,0.8,1.7,0.466,0.495,0.7,0.9,0.756,0.3,1.7,2.0,1.3,0.7,0.1,0.5,1.5,7.0,,2024,0,2456609.0
258.0,Javon Freeman-Liberty,24.0,TOR,PG,22.0,6.0,18.3,2.5,5.6,0.444,0.5,1.9,0.238,2.0,3.7,0.549,0.484,1.5,1.6,0.917,0.7,2.5,3.2,1.8,0.5,0.2,1.1,1.3,7.0,,2024,0,874560.0
259.0,Evan Fournier,31.0,2TM,SG,32.0,0.0,18.1,2.5,6.9,0.357,1.0,4.1,0.254,1.4,2.8,0.505,0.432,0.9,1.1,0.806,0.2,1.7,1.8,1.5,0.9,0.2,0.7,1.5,6.9,,2024,0,19417463.0
261.0,Killian Hayes,22.0,DET,PG,42.0,31.0,24.0,2.8,6.7,0.413,0.5,1.8,0.297,2.3,5.0,0.455,0.452,0.8,1.2,0.66,0.3,2.6,2.8,4.9,0.9,0.5,1.2,1.8,6.9,,2024,0,7634253.0
263.0,Maozinha Pereira,23.0,MEM,SF,7.0,1.0,17.4,2.6,5.0,0.514,0.7,1.9,0.385,1.9,3.1,0.591,0.586,1.0,1.4,0.7,1.6,3.7,5.3,0.3,0.9,0.6,0.7,1.4,6.9,,2024,0,132508.0
264.0,Trendon Watford,23.0,BRK,PF,63.0,2.0,13.6,2.6,4.9,0.527,0.4,1.1,0.397,2.2,3.9,0.564,0.571,1.2,1.5,0.794,0.8,2.3,3.1,1.3,0.4,0.3,1.0,1.7,6.9,,2024,0,2079719.0
265.0,Aaron Wiggins,25.0,OKC,SG,78.0,4.0,15.7,2.7,4.8,0.562,0.8,1.6,0.492,1.9,3.2,0.598,0.645,0.7,0.9,0.789,0.8,1.6,2.4,1.1,0.7,0.2,0.7,1.2,6.9,,2024,0,1890653.0
266.0,Christian Wood,28.0,LAL,PF,50.0,1.0,17.4,2.5,5.3,0.466,0.7,2.3,0.307,1.8,3.0,0.587,0.532,1.3,1.9,0.702,0.8,4.3,5.1,1.0,0.3,0.7,1.0,1.4,6.9,,2024,0,2790369.0
267.0,Trey Jemison,24.0,2TM,C,25.0,14.0,22.9,3.0,5.4,0.551,0.0,0.0,,3.0,5.4,0.551,0.551,0.8,1.0,0.84,2.6,2.8,5.4,1.1,0.5,1.1,1.4,2.8,6.8,,2024,0,351149.0
269.0,Jonathan Isaac,26.0,ORL,PF,58.0,2.0,15.8,2.5,4.9,0.51,0.7,1.9,0.375,1.8,3.0,0.598,0.584,1.0,1.4,0.72,1.3,3.2,4.5,0.5,0.7,1.2,0.5,1.1,6.8,6MOY-9,2024,0,17917023.0
270.0,Cedi Osman,28.0,SAS,SF,72.0,3.0,17.6,2.6,5.3,0.479,1.2,3.1,0.389,1.4,2.3,0.601,0.591,0.5,0.7,0.673,0.3,2.2,2.5,1.7,0.5,0.2,0.7,1.5,6.8,,2024,0,6918485.0
271.0,Day'Ron Sharpe,22.0,BRK,C,61.0,1.0,15.1,2.8,4.8,0.571,0.1,0.2,0.267,2.7,4.6,0.588,0.578,1.2,2.0,0.61,2.6,3.7,6.4,1.4,0.4,0.7,1.1,2.1,6.8,,2024,0,2275709.0
272.0,Cason Wallace,20.0,OKC,SG,82.0,13.0,20.6,2.6,5.4,0.491,1.2,2.9,0.419,1.5,2.5,0.572,0.602,0.4,0.5,0.784,0.6,1.6,2.3,1.5,0.9,0.5,0.5,1.6,6.8,,2024,0,5448579.0
273.0,Robert Williams,26.0,POR,C,6.0,0.0,19.8,2.8,4.3,0.654,0.0,0.0,,2.8,4.3,0.654,0.654,1.2,1.5,0.778,1.8,4.5,6.3,0.8,1.2,1.2,1.2,2.8,6.8,,2024,0,11915262.0
274.0,Davis Bertans,31.0,2TM,PF,43.0,1.0,15.7,2.1,5.4,0.393,1.8,4.7,0.38,0.4,0.8,0.471,0.556,0.7,0.8,0.909,0.2,1.2,1.4,0.8,0.6,0.3,0.4,1.3,6.7,,2024,0,17505137.0
275.0,Jahmi'us Ramsey,22.0,TOR,SG,7.0,1.0,17.3,2.6,5.9,0.439,0.9,3.1,0.273,1.7,2.7,0.632,0.512,0.7,0.9,0.833,0.6,2.6,3.1,1.1,1.0,0.0,1.0,1.4,6.7,,2024,0,239048.0
276.0,Peyton Watson,21.0,DEN,SF,80.0,4.0,18.6,2.6,5.6,0.465,0.6,1.9,0.296,2.0,3.7,0.553,0.516,0.9,1.3,0.67,0.7,2.5,3.2,1.1,0.5,1.1,0.7,1.8,6.7,,2024,0,2371966.0
277.0,Amir Coffey,26.0,LAC,SF,70.0,13.0,20.9,2.4,5.0,0.472,1.0,2.6,0.38,1.4,2.4,0.571,0.571,0.9,1.0,0.859,0.4,1.7,2.1,1.1,0.6,0.2,0.5,1.5,6.6,,2024,0,3775618.0
280.0,Chimezie Metu,26.0,2TM,C,51.0,12.0,16.8,2.4,4.8,0.504,0.5,1.8,0.298,1.9,2.9,0.633,0.561,1.1,1.3,0.906,0.8,3.0,3.8,0.9,0.8,0.3,1.0,1.4,6.5,,2024,0,2777404.0
281.0,Jordan Goodwin,25.0,2TM,PG,57.0,12.0,18.5,2.5,6.7,0.369,0.7,2.5,0.298,1.7,4.2,0.411,0.424,0.8,1.0,0.746,1.5,2.9,4.4,2.7,0.8,0.3,1.0,1.3,6.5,,2024,0,2273654.0
282.0,David Roddy,22.0,2TM,PF,65.0,13.0,18.1,2.5,6.3,0.403,0.7,2.5,0.293,1.8,3.8,0.478,0.462,0.7,1.0,0.691,0.8,2.4,3.2,1.2,0.4,0.2,0.9,1.1,6.5,,2024,0,2799009.0
283.0,David Duke Jr.,24.0,SAS,SG,4.0,0.0,12.8,2.5,4.5,0.556,0.8,1.5,0.5,1.8,3.0,0.583,0.639,0.8,0.8,1.0,0.5,2.0,2.5,1.3,0.5,0.0,0.8,1.0,6.5,,2024,0,
285.0,Isaiah Jackson,22.0,IND,C,59.0,3.0,13.1,2.6,3.9,0.665,0.0,0.1,0.0,2.6,3.9,0.677,0.665,1.2,1.7,0.716,1.6,2.4,4.0,0.8,0.6,1.0,0.7,2.3,6.5,,2024,0,2776397.0
286.0,Marcus Morris,34.0,2TM,PF,49.0,7.0,16.7,2.4,5.4,0.439,1.0,2.4,0.403,1.4,3.0,0.469,0.53,0.7,0.9,0.818,0.5,2.3,2.7,0.7,0.3,0.3,0.6,1.5,6.4,,2024,0,18135610.0
288.0,Chris Boucher,31.0,TOR,PF,50.0,0.0,14.1,2.2,4.3,0.507,0.6,1.9,0.33,1.6,2.5,0.642,0.578,1.4,1.8,0.772,1.2,2.9,4.1,0.5,0.3,0.5,0.6,1.4,6.4,,2024,0,12099139.0
291.0,Daniel Theis,31.0,2TM,C,60.0,3.0,16.9,2.6,4.9,0.532,0.4,1.2,0.366,2.2,3.7,0.586,0.577,0.6,0.8,0.76,1.4,2.7,4.1,1.0,0.4,0.9,0.7,2.1,6.3,,2024,0,9379032.0
292.0,Jaylen Nowell,24.0,2TM,SG,13.0,1.0,16.5,2.6,6.0,0.436,0.5,2.2,0.207,2.2,3.8,0.571,0.474,0.5,0.7,0.778,0.5,1.4,1.8,1.5,0.3,0.2,0.5,1.2,6.2,,2024,0,409990.0
293.0,Patrick Beverley,35.0,2TM,PG,73.0,13.0,20.0,2.2,5.2,0.417,0.8,2.5,0.337,1.3,2.7,0.49,0.497,1.0,1.2,0.822,0.7,2.6,3.3,2.9,0.6,0.4,0.9,1.8,6.2,,2024,0,3291427.0
296.0,Haywood Highsmith,27.0,MIA,PF,66.0,26.0,20.7,2.3,5.0,0.465,1.2,2.9,0.396,1.2,2.1,0.562,0.581,0.3,0.5,0.639,1.0,2.2,3.2,1.1,0.8,0.5,0.5,1.8,6.1,,2024,0,1958657.0
297.0,Vit Krejci,23.0,ATL,PG,22.0,14.0,24.6,2.3,4.7,0.49,1.3,3.1,0.412,1.0,1.6,0.639,0.625,0.2,0.3,0.833,0.5,1.9,2.4,2.3,0.6,0.3,0.9,2.2,6.1,,2024,0,380964.0
298.0,Kris Murray,23.0,POR,SF,62.0,29.0,21.7,2.3,5.9,0.396,0.8,3.0,0.268,1.5,3.0,0.525,0.463,0.6,0.9,0.661,1.4,2.2,3.6,1.3,0.9,0.3,0.9,1.5,6.1,,2024,0,2932114.0
300.0,Zavier Simpson,26.0,MEM,PG,7.0,0.0,23.0,2.4,7.7,0.315,0.7,2.4,0.294,1.7,5.3,0.324,0.361,0.4,0.6,0.75,0.6,2.3,2.9,3.6,1.0,0.4,1.4,1.6,6.0,,2024,0,213253.0
301.0,Tosan Evbuomwan,22.0,2TM,SF,17.0,8.0,21.6,2.1,4.2,0.507,0.7,1.9,0.375,1.4,2.3,0.615,0.592,1.0,1.5,0.68,1.1,2.5,3.5,0.9,0.4,0.3,0.5,1.4,5.9,,2024,0,304770.0
303.0,Nick Smith Jr.,19.0,CHO,SG,51.0,0.0,14.3,2.2,5.7,0.391,1.2,2.9,0.432,1.0,2.8,0.35,0.5,0.3,0.3,0.867,0.4,1.1,1.4,1.2,0.2,0.1,0.8,1.1,5.9,,2024,0,
304.0,Ochai Agbaji,23.0,2TM,SG,78.0,28.0,21.0,2.3,5.6,0.411,0.8,2.7,0.294,1.5,2.8,0.523,0.483,0.5,0.7,0.661,0.9,1.8,2.8,1.1,0.6,0.6,0.8,1.5,5.8,,2024,0,4236449.0
305.0,Noah Clowney,19.0,BRK,PF,23.0,4.0,16.1,2.2,4.0,0.538,0.5,1.4,0.364,1.7,2.6,0.633,0.602,0.9,1.3,0.7,1.1,2.4,3.5,0.8,0.3,0.7,0.7,1.1,5.8,,2024,0,3181260.0
306.0,Dyson Daniels,20.0,NOP,PG,61.0,16.0,22.3,2.3,5.1,0.447,0.7,2.2,0.311,1.6,2.9,0.551,0.514,0.6,0.9,0.642,1.0,2.9,3.9,2.7,1.4,0.4,1.0,1.7,5.8,,2024,0,5955989.0
307.0,Danilo Gallinari,35.0,3TM,SF,49.0,0.0,12.9,1.7,3.9,0.437,0.6,1.9,0.323,1.1,2.0,0.546,0.516,1.7,2.0,0.857,0.4,1.8,2.2,1.1,0.3,0.1,0.5,1.0,5.7,,2024,0,8083317.0
307.0,Danilo Gallinari,35.0,WAS,PF,26.0,0.0,14.8,2.2,5.0,0.435,0.8,2.5,0.313,1.4,2.6,0.552,0.511,1.8,2.2,0.839,0.5,2.5,2.9,1.2,0.2,0.1,0.5,1.0,7.0,,2024,0,8083317.0
307.0,Danilo Gallinari,35.0,DET,SF,6.0,0.0,15.0,2.0,3.7,0.545,1.2,2.0,0.583,0.8,1.7,0.5,0.705,3.5,4.0,0.875,0.3,2.0,2.3,2.0,0.3,0.3,0.2,1.5,8.7,,2024,0,8083317.0
307.0,Danilo Gallinari,35.0,MIL,SF,17.0,0.0,9.1,0.8,2.2,0.378,0.2,1.0,0.176,0.6,1.2,0.55,0.419,0.9,1.1,0.889,0.4,0.7,1.1,0.7,0.4,0.1,0.6,0.9,2.8,,2024,0,8083317.0
311.0,Pat Connaughton,31.0,MIL,SF,76.0,3.0,22.1,2.0,4.6,0.435,1.1,3.1,0.345,0.9,1.4,0.633,0.553,0.6,0.8,0.759,0.7,2.5,3.1,2.1,0.5,0.3,0.6,1.3,5.6,,2024,0,9703889.0
312.0,Craig Porter Jr.,23.0,CLE,PG,51.0,6.0,12.7,2.3,4.5,0.509,0.2,0.7,0.353,2.0,3.8,0.536,0.535,0.8,1.1,0.732,0.4,1.7,2.1,2.3,0.4,0.3,0.9,0.8,5.6,,2024,0,
313.0,Mitchell Robinson,25.0,NYK,C,31.0,21.0,24.8,2.4,4.1,0.575,0.0,0.0,,2.4,4.1,0.575,0.575,0.9,2.1,0.409,4.6,3.9,8.5,0.6,1.2,1.1,0.8,1.8,5.6,,2024,0,16147787.0
314.0,Malachi Flynn,25.0,3TM,PG,69.0,0.0,12.7,2.0,4.7,0.418,0.8,2.4,0.331,1.2,2.3,0.513,0.505,0.8,1.0,0.732,0.3,1.3,1.7,1.9,0.6,0.1,0.9,1.0,5.5,,2024,0,3988106.0
314.0,Malachi Flynn,25.0,TOR,PG,31.0,0.0,15.3,1.8,4.4,0.409,0.9,2.6,0.35,0.9,1.8,0.491,0.511,0.5,0.7,0.773,0.4,1.7,2.1,2.4,0.6,0.2,1.1,1.4,5.1,,2024,0,3988106.0
314.0,Malachi Flynn,25.0,NYK,PG,14.0,0.0,4.3,0.6,1.6,0.391,0.3,0.9,0.308,0.4,0.7,0.5,0.478,0.6,0.8,0.818,0.0,0.4,0.4,0.4,0.1,0.0,0.2,0.2,2.2,,2024,0,3988106.0
314.0,Malachi Flynn,25.0,DET,PG,24.0,0.0,14.3,3.0,6.9,0.43,1.0,3.2,0.316,2.0,3.7,0.528,0.503,1.1,1.6,0.684,0.3,1.5,1.8,2.1,0.8,0.1,1.1,0.9,8.0,,2024,0,3988106.0
315.0,Doug McDermott,32.0,2TM,SF,64.0,0.0,14.1,1.9,4.4,0.433,1.5,3.6,0.41,0.5,0.9,0.527,0.599,0.2,0.3,0.579,0.2,0.8,0.9,1.1,0.3,0.0,0.4,1.0,5.5,,2024,0,14415995.0
316.0,Dexter Dennis,24.0,DAL,SG,4.0,0.0,7.5,2.5,4.8,0.526,0.3,2.0,0.125,2.3,2.8,0.818,0.553,0.3,0.8,0.333,0.3,2.0,2.3,1.0,0.0,0.3,0.8,0.3,5.5,,2024,0,218640.0
318.0,Neemias Queta,24.0,BOS,C,28.0,0.0,11.9,2.4,3.7,0.644,0.0,0.0,,2.4,3.7,0.644,0.644,0.7,1.0,0.714,1.9,2.5,4.4,0.7,0.5,0.8,0.5,1.8,5.5,,2024,0,917510.0
319.0,Ricky Council IV,22.0,PHI,SG,32.0,0.0,9.0,1.7,3.5,0.482,0.4,1.0,0.375,1.3,2.5,0.525,0.536,1.7,2.2,0.746,0.4,1.0,1.4,0.5,0.3,0.0,0.2,0.5,5.4,,2024,0,
320.0,Kris Dunn,29.0,UTA,PG,66.0,32.0,18.9,2.2,4.7,0.47,0.6,1.7,0.369,1.6,3.1,0.525,0.535,0.3,0.5,0.688,0.8,2.1,2.9,3.8,1.0,0.4,1.2,2.0,5.4,,2024,0,2663338.0
321.0,Keon Ellis,24.0,SAC,SG,57.0,21.0,17.2,1.9,4.1,0.461,1.2,2.9,0.417,0.6,1.1,0.578,0.612,0.5,0.6,0.743,0.6,1.6,2.2,1.5,0.9,0.5,0.6,2.0,5.4,,2024,0,703737.0
325.0,Sasha Vezenkov,28.0,SAC,PF,42.0,0.0,12.2,2.0,4.5,0.44,1.1,2.9,0.375,0.9,1.7,0.549,0.558,0.3,0.4,0.8,0.7,1.6,2.3,0.5,0.5,0.2,0.3,1.0,5.4,,2024,0,6529894.0
326.0,Dean Wade,27.0,CLE,PF,54.0,32.0,20.5,1.8,4.3,0.414,1.5,3.7,0.391,0.3,0.6,0.567,0.584,0.4,0.5,0.769,0.7,3.4,4.0,0.8,0.7,0.5,0.4,1.7,5.4,,2024,0,5879540.0
327.0,Darius Bazley,23.0,2TM,PF,9.0,0.0,16.9,2.0,3.3,0.6,0.2,0.9,0.25,1.8,2.4,0.727,0.633,1.1,1.3,0.833,0.9,2.2,3.1,0.8,0.7,0.8,0.9,0.3,5.3,,2024,0,642978.0
328.0,Xavier Tillman Sr.,25.0,2TM,PF,54.0,15.0,18.0,2.2,5.2,0.434,0.4,1.5,0.247,1.9,3.7,0.51,0.47,0.4,0.9,0.44,1.3,2.6,3.9,1.4,0.9,0.8,0.6,1.4,5.3,,2024,0,
329.0,Nicolas Batum,35.0,2TM,PF,60.0,38.0,25.5,1.9,4.3,0.453,1.2,3.1,0.395,0.7,1.2,0.606,0.596,0.3,0.4,0.714,1.2,3.0,4.1,2.1,0.8,0.6,0.7,1.8,5.3,,2024,0,12058792.0
333.0,Stanley Umude,24.0,DET,SG,24.0,2.0,12.8,1.5,3.5,0.44,1.0,2.2,0.453,0.5,1.3,0.419,0.583,1.2,1.3,0.906,0.3,1.8,2.1,0.5,0.3,0.3,0.6,1.7,5.3,,2024,0,1130875.0
334.0,Aleksej Pokusevski,22.0,2TM,PF,28.0,0.0,14.5,1.8,4.3,0.405,0.6,2.0,0.327,1.1,2.4,0.47,0.479,1.1,1.5,0.732,0.6,2.6,3.2,1.3,0.5,0.5,0.7,0.8,5.2,,2024,0,5740458.0
335.0,Bol Bol,24.0,PHO,PF,43.0,0.0,10.9,2.2,3.5,0.616,0.5,1.2,0.423,1.7,2.3,0.717,0.689,0.3,0.4,0.789,0.7,2.4,3.2,0.4,0.2,0.6,0.4,1.0,5.2,,2024,0,2229330.0
336.0,Brandon Boston Jr.,22.0,LAC,SF,32.0,0.0,10.8,2.0,5.0,0.404,0.4,1.6,0.269,1.6,3.4,0.468,0.447,0.7,1.0,0.697,0.6,1.0,1.6,0.4,0.3,0.3,0.8,1.3,5.2,,2024,0,
338.0,Seth Curry,33.0,2TM,SG,44.0,4.0,14.0,1.8,4.6,0.392,0.9,2.5,0.352,1.0,2.2,0.438,0.485,0.6,0.7,0.903,0.4,1.1,1.5,1.0,0.5,0.1,0.5,0.9,5.1,,2024,0,4118855.0
340.0,Bryce McGowens,21.0,CHO,SG,59.0,14.0,14.9,1.7,3.9,0.439,0.6,1.7,0.333,1.1,2.2,0.523,0.513,1.1,1.4,0.776,0.3,1.4,1.7,0.9,0.4,0.2,0.5,1.3,5.1,,2024,0,1770967.0
341.0,Richaun Holmes,30.0,2TM,C,40.0,10.0,13.9,2.1,3.7,0.558,0.0,0.1,0.333,2.0,3.6,0.563,0.561,0.9,1.2,0.723,1.8,2.8,4.6,0.6,0.3,0.5,0.6,1.9,5.0,,2024,0,12403955.0
342.0,Monte Morris,28.0,2TM,PG,33.0,0.0,14.4,1.9,4.6,0.405,0.8,2.1,0.386,1.1,2.5,0.422,0.493,0.4,0.6,0.684,0.2,1.5,1.7,2.1,0.6,0.3,0.2,0.4,5.0,,2024,0,10092150.0
346.0,Isaiah Livers,25.0,DET,PF,23.0,6.0,20.4,1.7,5.0,0.345,1.0,3.3,0.286,0.8,1.7,0.462,0.44,0.5,0.8,0.667,0.7,1.4,2.1,1.1,0.6,0.2,0.7,1.9,5.0,,2024,0,1890653.0
347.0,Kobi Simmons,26.0,TOR,PG,4.0,0.0,16.8,2.3,5.3,0.429,0.5,2.0,0.25,1.8,3.3,0.538,0.476,0.0,0.0,,0.3,1.5,1.8,3.0,1.5,0.5,0.3,1.3,5.0,,2024,0,123823.0
349.0,Jalen Wilson,23.0,BRK,PF,43.0,3.0,15.4,1.8,4.2,0.425,0.6,1.7,0.324,1.2,2.4,0.495,0.492,0.9,1.1,0.826,1.1,2.0,3.0,1.0,0.3,0.1,0.4,1.1,5.0,,2024,0,875256.0
350.0,Jock Landale,28.0,HOU,C,56.0,3.0,13.6,1.9,3.7,0.515,0.2,0.7,0.25,1.7,3.0,0.578,0.539,0.9,1.2,0.8,1.6,1.5,3.1,1.2,0.4,0.6,0.6,1.3,4.9,,2024,0,8237711.0
353.0,Kobe Bufkin,20.0,ATL,SG,17.0,0.0,11.5,2.0,5.4,0.37,0.5,2.4,0.225,1.5,3.1,0.481,0.418,0.2,0.5,0.5,0.4,1.6,1.9,1.6,0.4,0.3,0.6,1.2,4.8,,2024,0,4215900.0
354.0,DeJon Jarreau,26.0,MEM,SG,9.0,0.0,16.7,1.9,5.6,0.34,0.4,1.4,0.308,1.4,4.1,0.351,0.38,0.6,1.2,0.455,0.9,4.0,4.9,2.9,0.7,0.2,1.0,1.6,4.8,,2024,0,213253.0
356.0,Kenrich Williams,29.0,OKC,PF,69.0,1.0,14.9,1.9,4.1,0.468,0.8,2.0,0.397,1.1,2.0,0.54,0.568,0.1,0.2,0.5,0.9,2.1,3.0,1.3,0.6,0.1,0.5,1.5,4.7,,2024,0,6358483.0
357.0,Kenneth Lofton Jr.,21.0,3TM,PF,21.0,0.0,9.5,1.7,3.7,0.462,0.3,1.1,0.292,1.4,2.6,0.537,0.506,0.8,1.2,0.654,0.6,1.2,1.8,1.6,0.3,0.2,0.7,1.1,4.6,,2024,0,
357.0,Kenneth Lofton Jr.,21.0,MEM,PF,15.0,0.0,6.6,0.9,2.5,0.378,0.2,0.7,0.3,0.7,1.8,0.407,0.419,0.5,1.0,0.533,0.1,0.9,1.0,0.9,0.2,0.2,0.4,1.0,2.6,,2024,0,
357.0,Kenneth Lofton Jr.,21.0,PHI,PF,2.0,0.0,4.5,0.5,3.0,0.167,0.0,1.0,0.0,0.5,2.0,0.25,0.167,0.0,0.0,,0.0,1.5,1.5,0.0,0.0,0.0,1.0,0.0,1.0,,2024,0,
357.0,Kenneth Lofton Jr.,21.0,UTA,PF,4.0,0.0,22.8,5.3,8.8,0.6,1.0,3.0,0.333,4.3,5.8,0.739,0.657,2.3,2.8,0.818,2.5,2.5,5.0,4.8,0.8,0.5,1.5,2.3,13.8,,2024,0,
358.0,Anthony Black,20.0,ORL,PG,69.0,33.0,16.9,1.7,3.6,0.466,0.5,1.4,0.394,1.1,2.2,0.51,0.54,0.7,1.2,0.613,0.5,1.5,2.0,1.3,0.5,0.3,0.8,1.6,4.6,,2024,0,7460771.0
360.0,Omer Yurtseven,25.0,UTA,C,48.0,12.0,11.4,2.1,3.8,0.538,0.1,0.5,0.208,2.0,3.3,0.588,0.552,0.4,0.6,0.679,1.5,2.8,4.3,0.6,0.2,0.4,0.8,1.1,4.6,,2024,0,2883199.0
362.0,Delon Wright,31.0,2TM,PG,47.0,1.0,15.8,1.6,4.0,0.394,0.5,1.4,0.368,1.0,2.6,0.408,0.46,0.8,1.0,0.822,0.4,1.4,1.8,2.5,1.1,0.2,0.3,0.7,4.5,,2024,0,8438631.0
363.0,A.J. Green,24.0,MIL,SG,56.0,0.0,11.0,1.5,3.5,0.423,1.2,3.0,0.408,0.3,0.5,0.519,0.599,0.3,0.3,0.895,0.2,1.0,1.1,0.5,0.2,0.1,0.2,0.9,4.5,,2024,0,
364.0,Kevon Looney,27.0,GSW,C,74.0,36.0,16.1,1.9,3.1,0.597,0.0,0.0,0.0,1.9,3.1,0.599,0.597,0.8,1.1,0.675,1.9,3.7,5.7,1.8,0.4,0.4,0.7,2.1,4.5,,2024,0,7722854.0
365.0,Taze Moore,25.0,POR,SG,4.0,0.0,10.0,2.0,4.8,0.421,0.3,1.8,0.143,1.8,3.0,0.583,0.447,0.3,0.5,0.5,1.0,1.0,2.0,1.3,0.5,0.0,0.8,1.0,4.5,,2024,0,72787.0
366.0,Julian Strawther,21.0,DEN,SF,50.0,0.0,10.9,1.6,4.4,0.369,0.8,2.8,0.297,0.8,1.7,0.488,0.462,0.4,0.6,0.71,0.1,1.1,1.2,0.9,0.3,0.1,0.5,1.1,4.5,,2024,0,2503279.0
367.0,Bismack Biyombo,31.0,2TM,C,40.0,27.0,19.8,1.9,3.3,0.565,0.0,0.0,,1.9,3.3,0.565,0.565,0.7,1.4,0.481,1.6,3.7,5.2,1.3,0.3,0.9,1.1,2.2,4.4,,2024,0,6378124.0
368.0,Robert Covington,33.0,2TM,PF,29.0,6.0,16.8,1.5,3.4,0.439,0.7,1.9,0.339,0.8,1.4,0.571,0.536,0.8,0.9,0.846,1.1,2.3,3.3,0.8,1.3,0.6,0.4,1.9,4.4,,2024,0,12039732.0
371.0,Dominick Barlow,20.0,SAS,PF,33.0,1.0,12.7,1.7,3.4,0.496,0.1,0.3,0.333,1.6,3.2,0.51,0.509,0.9,1.3,0.69,1.4,2.1,3.4,1.1,0.4,0.4,0.3,1.4,4.4,,2024,0,1045573.0
372.0,MarJon Beauchamp,23.0,MIL,SF,48.0,1.0,12.7,1.7,3.5,0.488,0.6,1.6,0.4,1.1,1.9,0.56,0.578,0.4,0.6,0.679,0.5,1.6,2.1,0.6,0.3,0.1,0.6,1.1,4.4,,2024,0,2686935.0
373.0,Joe Ingles,36.0,ORL,SF,68.0,0.0,17.2,1.5,3.3,0.436,1.0,2.4,0.435,0.4,1.0,0.439,0.59,0.4,0.5,0.824,0.3,1.8,2.1,3.0,0.6,0.1,1.0,1.3,4.4,,2024,0,11326853.0
374.0,Maxi Kleber,32.0,DAL,C,43.0,7.0,20.3,1.5,3.4,0.432,0.7,2.1,0.348,0.7,1.3,0.574,0.541,0.8,1.1,0.702,0.7,2.6,3.3,1.6,0.4,0.7,0.7,1.8,4.4,,2024,0,11326853.0
375.0,Jontay Porter,24.0,TOR,PF,26.0,5.0,13.8,1.5,4.0,0.385,0.8,2.3,0.333,0.8,1.7,0.455,0.481,0.6,0.7,0.833,1.0,2.2,3.2,2.3,0.8,0.8,0.8,1.3,4.4,,2024,0,424030.0
377.0,Ben Sheppard,22.0,IND,SG,57.0,1.0,14.3,1.6,4.0,0.393,0.9,2.7,0.314,0.7,1.3,0.562,0.5,0.4,0.5,0.885,0.3,1.3,1.6,0.9,0.6,0.0,0.3,1.5,4.4,,2024,0,2612561.0
378.0,Blake Wesley,20.0,SAS,SG,61.0,3.0,14.4,1.7,3.5,0.474,0.2,0.9,0.218,1.5,2.6,0.563,0.502,0.9,1.3,0.667,0.3,1.2,1.5,2.7,0.5,0.1,0.9,1.5,4.4,,2024,0,2579062.0
379.0,Jeff Dowtin,26.0,PHI,PG,12.0,0.0,11.8,1.7,3.0,0.556,0.8,1.6,0.474,0.9,1.4,0.647,0.681,0.3,0.3,0.75,0.3,1.4,1.7,2.3,0.6,0.1,0.4,0.1,4.3,,2024,0,277237.0
380.0,Jaxson Hayes,23.0,LAL,C,70.0,5.0,12.5,1.8,2.5,0.72,0.0,0.1,0.0,1.8,2.4,0.754,0.72,0.7,1.2,0.622,1.0,2.0,3.0,0.5,0.5,0.4,0.6,1.8,4.3,,2024,0,2229330.0
381.0,Caleb Houstan,21.0,ORL,SF,59.0,13.0,13.8,1.4,3.5,0.388,1.2,3.3,0.373,0.1,0.2,0.615,0.563,0.4,0.4,0.808,0.5,0.9,1.4,0.5,0.3,0.1,0.3,1.0,4.3,,2024,0,2059427.0
382.0,John Konchar,27.0,MEM,SF,55.0,23.0,21.3,1.6,3.8,0.423,0.7,2.2,0.317,0.9,1.6,0.568,0.514,0.4,0.5,0.84,1.3,3.4,4.7,2.0,0.9,0.9,0.8,1.4,4.3,,2024,0,2471313.0
384.0,Thaddeus Young,35.0,2TM,PF,33.0,6.0,13.3,2.0,3.3,0.602,0.0,0.2,0.143,1.9,3.1,0.634,0.606,0.2,0.5,0.4,1.4,1.7,3.1,1.7,0.7,0.2,0.5,1.5,4.2,,2024,0,9278104.0
385.0,Jacob Gilyard,25.0,2TM,PG,41.0,14.0,17.0,1.5,3.7,0.4,1.2,3.1,0.405,0.2,0.6,0.375,0.57,0.0,0.0,1.0,0.2,0.9,1.1,3.3,0.8,0.1,0.7,1.0,4.2,,2024,0,722175.0
387.0,Troy Brown Jr.,24.0,2TM,SF,59.0,15.0,14.0,1.4,3.8,0.372,0.8,2.4,0.333,0.6,1.4,0.435,0.476,0.5,0.6,0.865,0.4,2.0,2.4,1.0,0.4,0.1,0.5,0.7,4.2,,2024,0,
389.0,Ashton Hagans,24.0,POR,PG,19.0,1.0,16.6,1.5,3.7,0.408,0.4,1.3,0.32,1.1,2.4,0.457,0.465,0.7,0.9,0.824,0.7,1.6,2.4,2.8,0.6,0.5,1.6,2.1,4.2,,2024,0,278888.0
390.0,Danuel House Jr.,30.0,PHI,SF,34.0,4.0,15.0,1.4,3.1,0.448,0.4,1.5,0.3,0.9,1.6,0.582,0.519,1.0,1.4,0.761,0.5,1.2,1.7,0.8,0.4,0.1,0.6,1.3,4.2,,2024,0,
391.0,Skylar Mays,26.0,2TM,SG,38.0,5.0,11.4,1.7,4.2,0.396,0.4,1.4,0.296,1.2,2.8,0.448,0.447,0.3,0.4,0.765,0.3,0.9,1.1,2.2,0.6,0.1,0.5,0.7,4.1,,2024,0,1199904.0
393.0,Luka Samanic,24.0,UTA,PF,43.0,7.0,9.4,1.4,3.7,0.38,0.3,1.5,0.203,1.1,2.2,0.5,0.421,1.0,1.3,0.786,0.5,1.9,2.4,0.4,0.1,0.2,0.7,0.7,4.1,,2024,0,2127991.0
394.0,Jae'Sean Tate,28.0,HOU,SF,65.0,9.0,15.9,1.7,3.5,0.472,0.4,1.2,0.299,1.3,2.3,0.559,0.522,0.4,0.6,0.667,0.9,2.1,3.0,1.0,0.6,0.2,0.6,2.1,4.1,,2024,0,7207997.0
395.0,Patty Mills,35.0,2TM,PG,32.0,5.0,13.0,1.4,4.1,0.351,0.8,2.7,0.276,0.7,1.4,0.5,0.443,0.3,0.3,1.0,0.3,0.8,1.1,1.1,0.6,0.0,0.5,1.0,4.0,,2024,0,
396.0,Izaiah Brockington,24.0,NOP,PG,1.0,0.0,3.0,2.0,5.0,0.4,0.0,1.0,0.0,2.0,4.0,0.5,0.4,0.0,0.0,,1.0,1.0,2.0,0.0,0.0,0.0,0.0,0.0,4.0,,2024,0,66254.0
397.0,Ousmane Dieng,20.0,OKC,PF,33.0,0.0,11.1,1.5,3.5,0.422,0.6,2.1,0.3,0.8,1.4,0.609,0.513,0.4,0.5,0.875,0.3,1.2,1.5,1.1,0.2,0.2,0.6,0.7,4.0,,2024,0,4941020.0
398.0,Luka Garza,25.0,MIN,C,25.0,0.0,4.9,1.4,3.0,0.48,0.4,1.3,0.281,1.1,1.7,0.628,0.54,0.7,1.0,0.72,0.8,0.5,1.2,0.2,0.2,0.0,0.2,1.0,4.0,,2024,0,707892.0
399.0,Mouhamed Gueye,21.0,ATL,PF,6.0,0.0,12.2,1.3,3.8,0.348,0.5,1.5,0.333,0.8,2.3,0.357,0.413,0.8,1.0,0.833,1.7,2.0,3.7,0.7,0.8,0.7,0.2,2.2,4.0,,2024,0,1152829.0
401.0,Matthew Hurt,23.0,MEM,PF,8.0,0.0,14.1,1.5,4.3,0.353,0.6,2.5,0.25,0.9,1.8,0.5,0.426,0.4,0.4,1.0,1.1,0.9,2.0,0.5,0.4,0.4,0.3,1.0,4.0,,2024,0,132509.0
404.0,Rayan Rupert,19.0,POR,SG,39.0,12.0,16.2,1.4,4.1,0.335,0.7,2.0,0.359,0.7,2.1,0.313,0.422,0.5,0.6,0.76,0.6,1.7,2.4,1.6,0.3,0.1,0.8,1.4,4.0,,2024,0,1152829.0
405.0,Adama Sanogo,21.0,CHI,PF,9.0,0.0,7.3,1.6,3.0,0.519,0.0,0.0,,1.6,3.0,0.519,0.519,0.9,1.3,0.667,2.1,1.9,4.0,0.0,0.1,0.0,0.6,0.6,4.0,,2024,0,576415.0
406.0,Jaylin Williams,21.0,OKC,C,69.0,1.0,13.0,1.4,3.3,0.417,0.8,2.1,0.368,0.6,1.2,0.5,0.533,0.5,0.6,0.805,0.5,2.9,3.4,1.6,0.4,0.4,0.5,1.4,4.0,,2024,0,2059427.0
407.0,Jules Bernard,24.0,WAS,SG,19.0,0.0,7.8,1.5,3.4,0.453,0.6,1.5,0.379,0.9,1.8,0.514,0.539,0.3,0.5,0.556,0.5,0.8,1.4,0.8,0.2,0.1,0.4,0.7,3.9,,2024,0,427342.0
408.0,Chris Duarte,26.0,SAC,SF,59.0,11.0,12.2,1.4,3.6,0.381,0.7,2.2,0.346,0.6,1.4,0.434,0.486,0.4,0.6,0.788,0.4,1.4,1.8,0.7,0.5,0.1,0.4,1.4,3.9,,2024,0,4246952.0
411.0,Anthony Gill,31.0,WAS,PF,50.0,3.0,9.3,1.5,3.2,0.469,0.2,0.8,0.244,1.3,2.4,0.546,0.5,0.6,0.7,0.806,0.7,1.1,1.9,0.7,0.3,0.2,0.5,1.0,3.8,,2024,0,2056583.0
412.0,KJ Martin,23.0,2TM,SF,60.0,2.0,12.4,1.6,3.0,0.536,0.1,0.5,0.286,1.5,2.6,0.582,0.558,0.4,0.7,0.537,0.7,1.5,2.2,0.9,0.4,0.2,0.5,1.7,3.7,,2024,0,1988049.0
413.0,Keita Bates-Diop,28.0,2TM,SF,53.0,8.0,12.5,1.4,3.1,0.434,0.4,1.3,0.304,1.0,1.8,0.526,0.497,0.6,0.8,0.762,0.6,1.5,2.1,0.7,0.5,0.4,0.3,0.7,3.7,,2024,0,2416341.0
414.0,Oshae Brissett,25.0,BOS,SF,55.0,1.0,11.5,1.2,2.8,0.444,0.3,1.0,0.273,1.0,1.8,0.541,0.493,0.9,1.5,0.602,1.1,1.8,2.9,0.8,0.3,0.1,0.4,1.0,3.7,,2024,0,2229330.0
415.0,Jamal Cain,24.0,MIA,PF,26.0,1.0,10.0,1.3,3.0,0.43,0.4,1.2,0.355,0.9,1.8,0.479,0.5,0.7,0.9,0.783,0.6,0.8,1.4,0.4,0.4,0.2,0.3,0.8,3.7,,2024,0,576415.0
416.0,Drew Peterson,24.0,BOS,PF,3.0,0.0,7.7,1.3,2.0,0.667,1.0,1.7,0.6,0.3,0.3,1.0,0.917,0.0,0.0,,0.0,0.3,0.3,0.3,0.7,0.0,0.3,0.3,3.7,,2024,0,407466.0
418.0,James Bouknight,23.0,CHO,SG,14.0,0.0,5.8,1.3,2.9,0.439,0.9,2.1,0.433,0.4,0.8,0.455,0.598,0.1,0.1,0.5,0.1,0.6,0.6,0.4,0.1,0.1,0.1,0.2,3.6,,2024,0,4705875.0
419.0,Collin Gillespie,24.0,DEN,PG,24.0,0.0,9.4,1.3,2.9,0.464,0.6,1.6,0.395,0.7,1.3,0.548,0.572,0.3,0.5,0.667,0.0,0.8,0.9,1.1,0.5,0.0,0.6,1.0,3.6,,2024,0,576415.0
420.0,Gui Santos,21.0,GSW,PF,23.0,0.0,8.3,1.2,2.4,0.509,0.4,1.2,0.37,0.8,1.2,0.643,0.6,0.7,0.7,0.941,0.7,1.4,2.1,0.6,0.2,0.1,0.3,1.0,3.6,,2024,0,1060073.0
421.0,Jarace Walker,20.0,IND,PF,33.0,0.0,10.3,1.4,3.3,0.409,0.7,1.7,0.4,0.7,1.7,0.418,0.509,0.2,0.3,0.889,0.4,1.5,1.9,1.2,0.5,0.3,0.5,0.9,3.6,,2024,0,6239510.0
423.0,Theo Maledon,22.0,2TM,PG,17.0,1.0,12.5,1.2,4.1,0.286,0.3,1.8,0.167,0.9,2.4,0.375,0.321,0.8,0.9,0.933,0.2,1.2,1.4,1.6,0.4,0.0,1.1,1.2,3.5,,2024,0,576415.0
424.0,Onuralp Bitim,24.0,CHI,SG,23.0,1.0,11.7,1.4,3.7,0.381,0.5,1.9,0.273,0.9,1.7,0.5,0.452,0.2,0.2,0.8,0.3,1.1,1.4,0.6,0.1,0.1,0.4,1.0,3.5,,2024,0,514856.0
426.0,Marques Bolden,25.0,2TM,C,11.0,2.0,11.0,1.5,2.3,0.68,0.0,0.1,0.0,1.5,2.2,0.708,0.68,0.3,0.4,0.75,0.9,2.2,3.1,0.4,0.3,0.6,0.3,0.9,3.4,,2024,0,517051.0
427.0,Ryan Rollins,21.0,2TM,PG,13.0,0.0,6.0,1.1,2.1,0.519,0.2,0.3,0.75,0.8,1.8,0.478,0.574,1.0,1.3,0.765,0.2,0.8,1.0,1.1,0.8,0.2,0.6,0.6,3.4,,2024,0,1949854.0
428.0,Yuta Watanabe,29.0,2TM,SF,34.0,0.0,13.6,1.2,3.4,0.353,0.7,2.5,0.294,0.5,0.9,0.516,0.461,0.3,0.5,0.588,0.3,1.3,1.6,0.4,0.4,0.2,0.6,1.1,3.4,,2024,0,2416341.0
429.0,Buddy Boeheim,24.0,DET,SF,10.0,0.0,8.4,0.9,2.9,0.31,0.8,2.5,0.32,0.1,0.4,0.25,0.448,0.8,1.0,0.8,0.3,0.7,1.0,0.3,0.0,0.1,0.0,0.5,3.4,,2024,0,172261.0
432.0,Nassir Little,23.0,PHO,SF,45.0,2.0,10.2,1.3,2.8,0.46,0.5,1.6,0.3,0.8,1.2,0.667,0.544,0.4,0.4,0.85,0.3,1.4,1.7,0.5,0.2,0.2,0.3,0.9,3.4,,2024,0,6435712.0
434.0,Jaden Springer,21.0,2TM,SG,49.0,2.0,10.3,1.2,3.0,0.399,0.2,1.0,0.208,1.0,2.0,0.49,0.432,0.7,0.9,0.833,0.7,0.9,1.6,0.9,0.7,0.3,0.7,1.3,3.3,,2024,0,2292390.0
435.0,Charles Bassey,23.0,SAS,C,19.0,0.0,10.8,1.5,2.1,0.725,0.0,0.1,0.0,1.5,2.1,0.744,0.725,0.3,0.3,0.833,1.2,2.8,4.0,1.1,0.4,0.9,0.8,1.6,3.3,,2024,0,2677256.0
436.0,Micah Potter,25.0,UTA,PF,16.0,0.0,11.6,1.2,2.5,0.475,0.6,1.3,0.429,0.6,1.2,0.526,0.588,0.4,0.5,0.75,0.6,2.1,2.7,0.4,0.3,0.4,0.3,0.9,3.3,,2024,0,576415.0
437.0,Dwight Powell,32.0,DAL,C,63.0,9.0,13.3,1.1,1.7,0.679,0.0,0.0,0.333,1.1,1.6,0.689,0.684,1.0,1.4,0.708,1.5,1.9,3.4,1.3,0.4,0.3,0.5,1.8,3.3,,2024,0,4118855.0
438.0,Terquavion Smith,21.0,PHI,PG,16.0,0.0,5.3,1.1,2.9,0.391,0.8,2.2,0.371,0.3,0.7,0.455,0.533,0.2,0.3,0.6,0.0,0.3,0.3,0.8,0.5,0.0,0.4,0.5,3.3,,2024,0,576415.0
439.0,Garrett Temple,37.0,TOR,SG,27.0,2.0,10.7,1.1,2.9,0.372,0.4,1.5,0.3,0.6,1.4,0.447,0.449,0.7,0.8,0.818,0.7,1.0,1.7,1.0,0.4,0.1,0.5,1.0,3.3,,2024,0,3291427.0
440.0,Tristan Thompson,32.0,CLE,C,49.0,0.0,11.2,1.5,2.4,0.608,0.0,0.0,0.0,1.5,2.4,0.613,0.608,0.3,1.1,0.288,1.5,2.1,3.6,1.0,0.2,0.3,0.6,1.2,3.3,,2024,0,3291427.0
441.0,Oscar Tshiebwe,24.0,IND,PF,8.0,0.0,5.3,1.3,2.5,0.5,0.0,0.0,,1.3,2.5,0.5,0.5,0.8,1.0,0.75,1.0,1.0,2.0,0.3,0.3,0.1,0.0,0.4,3.3,,2024,0,576415.0
442.0,Kira Lewis Jr.,22.0,3TM,PG,28.0,0.0,9.5,1.2,3.3,0.37,0.1,1.2,0.121,1.1,2.1,0.508,0.391,0.6,0.7,0.85,0.3,0.6,0.9,1.3,0.3,0.1,0.5,0.5,3.2,,2024,0,
442.0,Kira Lewis Jr.,22.0,NOP,PG,15.0,0.0,9.6,1.1,3.5,0.308,0.1,1.3,0.1,0.9,2.1,0.438,0.327,0.7,0.7,0.909,0.3,0.7,0.9,1.2,0.3,0.1,0.5,0.5,2.9,,2024,0,
442.0,Kira Lewis Jr.,22.0,TOR,PG,1.0,0.0,2.0,0.0,0.0,,0.0,0.0,,0.0,0.0,,,0.0,0.0,,0.0,0.0,0.0,0.0,0.0,0.0,0.0,1.0,0.0,,2024,0,
442.0,Kira Lewis Jr.,22.0,UTA,PG,12.0,0.0,9.9,1.5,3.3,0.45,0.2,1.1,0.154,1.3,2.3,0.593,0.475,0.6,0.8,0.778,0.4,0.6,1.0,1.6,0.3,0.1,0.5,0.3,3.8,,2024,0,
444.0,Boban Marjanovic,35.0,HOU,C,14.0,0.0,5.1,1.3,2.4,0.529,0.0,0.1,0.0,1.3,2.3,0.563,0.529,0.6,1.0,0.643,0.5,1.8,2.3,0.4,0.1,0.1,0.4,0.4,3.2,,2024,0,2977383.0
445.0,Zeke Nnaji,23.0,DEN,PF,58.0,0.0,9.9,1.2,2.6,0.463,0.1,0.4,0.261,1.1,2.2,0.5,0.483,0.7,1.1,0.677,1.1,1.1,2.2,0.6,0.3,0.7,0.5,1.4,3.2,,2024,0,4434237.0
448.0,Brandon Williams,24.0,DAL,PG,17.0,0.0,6.6,1.2,3.2,0.37,0.2,0.9,0.2,1.0,2.3,0.436,0.398,0.6,1.0,0.647,0.2,0.5,0.8,1.0,0.1,0.1,0.4,0.2,3.2,,2024,0,361087.0
449.0,Wesley Matthews,37.0,ATL,SG,36.0,3.0,11.5,0.9,2.7,0.351,0.7,1.9,0.348,0.3,0.8,0.357,0.474,0.5,0.7,0.75,0.3,1.2,1.5,0.6,0.4,0.3,0.2,1.2,3.1,,2024,0,3291427.0
450.0,Dalen Terry,21.0,CHI,SG,59.0,2.0,11.5,1.2,2.7,0.439,0.3,1.3,0.23,0.9,1.4,0.627,0.494,0.4,0.7,0.581,0.5,1.4,1.9,1.4,0.5,0.3,0.5,1.4,3.1,,2024,0,3450324.0
451.0,Gabe Vincent,27.0,LAL,PG,11.0,0.0,19.8,1.4,4.5,0.306,0.3,2.5,0.107,1.1,1.9,0.571,0.337,0.1,0.2,0.5,0.4,0.5,0.8,1.9,0.8,0.0,0.5,1.7,3.1,,2024,0,10811996.0
453.0,Johnny Davis,21.0,WAS,SG,50.0,6.0,12.3,1.2,3.1,0.403,0.3,0.8,0.35,1.0,2.3,0.421,0.448,0.3,0.5,0.583,0.4,1.1,1.4,0.6,0.4,0.2,0.3,1.1,3.0,,2024,0,5200879.0
455.0,Olivier-Maxence Prosper,21.0,DAL,PF,40.0,1.0,8.4,1.0,2.6,0.385,0.3,1.1,0.289,0.7,1.5,0.458,0.447,0.7,1.0,0.683,0.6,1.4,2.0,0.6,0.2,0.1,0.2,0.5,3.0,,2024,0,2814949.0
456.0,Trevelin Queen,26.0,ORL,SG,14.0,0.0,11.8,1.0,2.7,0.368,0.2,1.2,0.176,0.8,1.5,0.524,0.408,0.6,0.9,0.75,0.2,1.2,1.4,1.3,0.5,0.4,0.5,1.1,2.9,,2024,0,576415.0
457.0,Jeremiah Robinson-Earl,23.0,NOP,PF,39.0,1.0,8.6,1.2,2.4,0.474,0.3,1.0,0.333,0.8,1.4,0.571,0.542,0.3,0.4,0.75,0.6,1.4,1.9,0.5,0.3,0.1,0.4,0.6,2.9,,2024,0,2624578.0
458.0,Jeenathan Williams,24.0,HOU,SG,22.0,0.0,5.9,1.2,2.3,0.54,0.1,0.2,0.4,1.1,2.0,0.556,0.56,0.3,0.6,0.538,0.5,0.5,1.0,0.3,0.2,0.0,0.2,0.5,2.9,,2024,0,
459.0,D.J. Carton,23.0,TOR,SG,4.0,0.0,9.0,0.8,2.0,0.375,0.3,1.0,0.25,0.5,1.0,0.5,0.438,1.0,1.3,0.8,0.5,0.5,1.0,0.8,0.3,0.0,0.3,0.8,2.8,,2024,0,
460.0,Henri Drell,23.0,CHI,SF,4.0,0.0,7.5,1.0,2.5,0.4,0.5,1.5,0.333,0.5,1.0,0.5,0.5,0.3,0.5,0.5,0.3,0.8,1.0,1.0,0.5,0.3,0.5,1.5,2.8,,2024,0,400840.0
462.0,Emoni Bates,20.0,CLE,SF,15.0,0.0,8.9,1.0,3.3,0.306,0.7,2.2,0.303,0.3,1.1,0.313,0.408,0.1,0.3,0.25,0.1,0.9,0.9,0.7,0.1,0.1,0.5,0.3,2.7,,2024,0,576415.0
463.0,Leaky Black,24.0,CHO,SF,26.0,3.0,10.9,1.0,2.0,0.481,0.3,0.8,0.45,0.6,1.2,0.5,0.567,0.4,0.6,0.667,0.3,1.5,1.8,0.9,0.3,0.4,0.2,0.7,2.7,,2024,0,576415.0
465.0,Malik Williams,25.0,TOR,C,7.0,2.0,15.3,1.3,4.9,0.265,0.1,0.7,0.2,1.1,4.1,0.276,0.279,0.0,0.3,0.0,2.1,3.3,5.4,0.3,0.4,0.6,0.4,2.1,2.7,,2024,0,79506.0
466.0,Timmy Allen,24.0,MEM,SF,5.0,0.0,25.0,1.2,4.6,0.261,0.0,1.4,0.0,1.2,3.2,0.375,0.261,0.2,0.4,0.5,0.8,2.6,3.4,1.0,0.8,0.0,0.4,3.6,2.6,,2024,0,66254.0
467.0,Moussa Diabate,22.0,LAC,C,11.0,0.0,5.8,0.9,1.7,0.526,0.0,0.0,,0.9,1.7,0.526,0.526,0.8,1.3,0.643,1.4,0.8,2.2,0.4,0.5,0.1,0.2,0.4,2.6,,2024,0,576415.0
469.0,Alex Fudge,20.0,2TM,SF,6.0,0.0,6.7,1.0,2.5,0.4,0.2,0.8,0.2,0.8,1.7,0.5,0.433,0.3,0.3,1.0,0.7,0.2,0.8,0.0,0.5,0.0,0.3,0.3,2.5,,2024,0,387588.0
470.0,Dylan Windler,27.0,3TM,SF,17.0,0.0,6.4,0.9,1.8,0.5,0.8,1.6,0.481,0.1,0.2,0.667,0.717,0.0,0.0,,0.2,0.8,0.9,0.6,0.1,0.0,0.1,0.4,2.5,,2024,0,1149455.0
470.0,Dylan Windler,27.0,NYK,SF,3.0,0.0,2.3,0.3,0.7,0.5,0.3,0.7,0.5,0.0,0.0,,0.75,0.0,0.0,,0.0,0.3,0.3,0.3,0.0,0.0,0.0,0.3,1.0,,2024,0,1149455.0
470.0,Dylan Windler,27.0,LAL,SF,8.0,0.0,3.5,0.5,1.1,0.444,0.5,1.0,0.5,0.0,0.1,0.0,0.667,0.0,0.0,,0.0,0.4,0.4,0.8,0.0,0.0,0.0,0.3,1.5,,2024,0,1149455.0
470.0,Dylan Windler,27.0,ATL,SF,6.0,0.0,12.2,1.7,3.2,0.526,1.3,2.8,0.471,0.3,0.3,1.0,0.737,0.0,0.0,,0.5,1.5,2.0,0.5,0.3,0.0,0.3,0.5,4.7,,2024,0,1149455.0
471.0,Greg Brown III,22.0,DAL,PF,6.0,0.0,6.7,0.8,1.8,0.455,0.2,0.5,0.333,0.7,1.3,0.5,0.5,0.7,1.5,0.444,0.5,1.0,1.5,0.7,0.0,0.7,0.7,0.8,2.5,,2024,0,
472.0,Furkan Korkmaz,26.0,PHI,SG,35.0,0.0,8.6,0.9,2.2,0.395,0.4,1.1,0.35,0.5,1.0,0.444,0.487,0.4,0.6,0.7,0.1,0.7,0.9,0.7,0.4,0.1,0.3,0.5,2.5,,2024,0,5529945.0
475.0,Harry Giles,25.0,2TM,C,23.0,0.0,4.3,1.0,2.2,0.46,0.1,0.6,0.214,0.9,1.6,0.556,0.49,0.3,0.6,0.538,0.5,0.8,1.3,0.3,0.1,0.1,0.3,0.7,2.4,,2024,0,2375090.0
476.0,AJ Griffin,20.0,ATL,SF,20.0,0.0,8.6,0.9,3.1,0.29,0.5,2.0,0.256,0.4,1.2,0.348,0.371,0.1,0.1,1.0,0.1,0.8,0.9,0.3,0.1,0.1,0.4,0.3,2.4,,2024,0,3823245.0
477.0,Mouhamadou Gueye,25.0,TOR,PF,11.0,0.0,10.9,1.0,3.5,0.289,0.0,0.3,0.0,1.0,3.2,0.314,0.289,0.4,0.8,0.444,1.1,1.0,2.1,0.5,0.3,1.6,1.1,1.4,2.4,,2024,0,205389.0
478.0,Joe Harris,32.0,DET,SG,16.0,0.0,10.6,0.9,2.4,0.359,0.6,1.9,0.333,0.3,0.6,0.444,0.487,0.1,0.1,0.5,0.2,0.6,0.8,0.6,0.2,0.1,0.3,1.2,2.4,,2024,0,20520727.0
480.0,Xavier Moon,29.0,LAC,SG,14.0,1.0,8.5,1.1,3.3,0.326,0.1,1.2,0.118,0.9,2.1,0.448,0.348,0.1,0.1,0.5,0.6,0.7,1.3,1.5,0.2,0.2,0.4,0.6,2.4,,2024,0,503535.0
481.0,Jamaree Bouyea,24.0,2TM,PG,9.0,0.0,10.6,1.1,3.1,0.357,0.1,1.0,0.111,1.0,2.1,0.474,0.375,0.0,0.0,,0.3,1.8,2.1,1.2,0.1,0.0,1.0,1.1,2.3,,2024,0,175876.0
482.0,Amari Bailey,19.0,CHO,PG,10.0,0.0,6.5,0.8,2.4,0.333,0.1,0.8,0.125,0.7,1.6,0.438,0.354,0.6,0.7,0.857,0.6,0.3,0.9,0.7,0.3,0.0,0.4,0.2,2.3,,2024,0,576415.0
483.0,Isaiah Mobley,24.0,CLE,PF,10.0,0.0,7.2,1.0,2.4,0.417,0.3,1.0,0.3,0.7,1.4,0.5,0.479,0.0,0.1,0.0,0.3,0.7,1.0,0.6,0.2,0.0,0.2,0.6,2.3,,2024,0,576415.0
485.0,Olivier Sarr,24.0,OKC,C,15.0,0.0,6.5,0.7,1.3,0.579,0.1,0.4,0.333,0.6,0.9,0.692,0.632,0.7,1.0,0.667,0.7,1.7,2.4,0.1,0.0,0.5,0.2,1.2,2.3,,2024,0,576415.0
486.0,Dereon Seabron,23.0,NOP,SG,6.0,0.0,9.2,0.7,2.2,0.308,0.2,0.3,0.5,0.5,1.8,0.273,0.346,0.8,1.0,0.833,0.2,1.0,1.2,0.8,0.3,0.2,0.0,0.7,2.3,,2024,0,576415.0
488.0,Udoka Azubuike,24.0,PHO,C,16.0,0.0,7.1,1.0,1.4,0.696,0.0,0.0,,1.0,1.4,0.696,0.696,0.2,0.8,0.231,0.7,1.3,2.0,0.2,0.1,0.4,0.3,1.1,2.2,,2024,0,576415.0
489.0,Reggie Bullock,32.0,HOU,SF,44.0,0.0,9.5,0.8,1.9,0.415,0.6,1.5,0.403,0.2,0.3,0.467,0.579,0.0,0.0,1.0,0.1,1.5,1.7,0.3,0.3,0.1,0.2,0.7,2.2,,2024,0,14632779.0
490.0,Trent Forrest,25.0,ATL,SG,38.0,0.0,10.9,0.9,2.4,0.378,0.1,0.3,0.2,0.8,2.1,0.4,0.389,0.3,0.4,0.765,0.3,1.1,1.3,2.4,0.3,0.1,0.5,0.7,2.2,,2024,0,1146002.0
491.0,Nate Hinton,24.0,HOU,SG,15.0,0.0,5.0,0.7,1.7,0.423,0.5,0.9,0.5,0.3,0.8,0.333,0.558,0.3,0.3,0.8,0.5,1.0,1.5,0.7,0.2,0.1,0.2,0.7,2.2,,2024,0,576415.0
492.0,Andre Jackson Jr.,22.0,MIL,SG,57.0,8.0,10.0,0.9,1.8,0.5,0.3,0.8,0.37,0.6,0.9,0.611,0.585,0.1,0.2,0.727,0.8,1.2,2.0,0.9,0.3,0.1,0.5,1.6,2.2,,2024,0,
493.0,Julian Phillips,20.0,CHI,SF,40.0,0.0,8.1,0.8,1.9,0.416,0.3,1.0,0.316,0.5,1.0,0.513,0.494,0.3,0.5,0.684,0.3,0.6,0.9,0.3,0.2,0.2,0.3,1.0,2.2,,2024,0,1647542.0
494.0,Ish Wainright,29.0,2TM,SF,11.0,0.0,5.6,0.6,2.2,0.292,0.6,1.8,0.35,0.0,0.4,0.0,0.438,0.2,0.2,1.0,0.3,1.0,1.3,0.1,0.4,0.1,0.2,0.7,2.1,,2024,0,
496.0,Mamadi Diakite,27.0,2TM,PF,6.0,0.0,4.0,0.7,1.0,0.667,0.0,0.2,0.0,0.7,0.8,0.8,0.667,0.7,1.0,0.667,0.2,0.5,0.7,0.3,0.2,0.2,0.2,0.3,2.0,,2024,0,731687.0
497.0,Kobe Brown,24.0,LAC,PF,44.0,0.0,9.0,0.8,2.0,0.411,0.3,1.1,0.292,0.5,1.0,0.548,0.489,0.0,0.0,0.5,0.5,1.0,1.4,0.6,0.3,0.1,0.2,1.1,2.0,,2024,0,2485066.0
498.0,JD Davison,21.0,BOS,SG,8.0,0.0,4.9,0.6,1.5,0.417,0.4,0.9,0.429,0.3,0.6,0.4,0.542,0.4,0.5,0.75,0.3,1.0,1.3,1.3,0.1,0.1,0.3,0.5,2.0,,2024,0,576415.0
499.0,Jordan Ford,25.0,SAC,PG,6.0,0.0,3.7,0.7,1.2,0.571,0.3,0.5,0.667,0.3,0.7,0.5,0.714,0.3,0.3,1.0,0.0,0.3,0.3,0.3,0.0,0.0,0.2,0.0,2.0,,2024,0,576415.0
500.0,Kevon Harris,26.0,ORL,SG,2.0,0.0,3.0,1.0,1.5,0.667,0.0,0.0,,1.0,1.5,0.667,0.667,0.0,0.0,,0.0,1.0,1.0,0.5,0.0,0.0,0.5,1.5,2.0,,2024,0,576415.0
501.0,D'Moi Hodge,25.0,LAL,SG,7.0,0.0,5.9,0.7,2.1,0.333,0.4,1.7,0.25,0.3,0.4,0.667,0.433,0.1,0.3,0.5,0.0,0.0,0.0,0.7,0.1,0.1,0.1,0.6,2.0,,2024,0,248454.0
502.0,Ty Jerome,26.0,CLE,SG,2.0,0.0,7.5,1.0,2.0,0.5,0.0,0.5,0.0,1.0,1.5,0.667,0.5,0.0,0.0,,0.5,0.0,0.5,1.5,0.0,0.0,0.5,1.0,2.0,,2024,0,2511498.0
503.0,Markquis Nowell,24.0,TOR,SG,1.0,0.0,4.0,0.0,1.0,0.0,0.0,0.0,,0.0,1.0,0.0,0.0,2.0,2.0,1.0,2.0,0.0,2.0,2.0,1.0,0.0,0.0,0.0,2.0,,2024,0,576415.0
505.0,Lindell Wigginton,25.0,MIL,PG,3.0,0.0,2.7,0.7,1.7,0.4,0.0,0.7,0.0,0.7,1.0,0.667,0.4,0.7,0.7,1.0,0.0,0.0,0.0,0.0,0.0,0.0,0.3,0.3,2.0,,2024,0,251767.0
506.0,Isaiah Wong,23.0,IND,SG,1.0,0.0,4.0,1.0,3.0,0.333,0.0,1.0,0.0,1.0,2.0,0.5,0.333,0.0,0.0,,0.0,0.0,0.0,0.0,0.0,0.0,0.0,0.0,2.0,,2024,0,576415.0
507.0,Justin Minaya,24.0,POR,SF,34.0,1.0,11.2,0.6,2.2,0.297,0.4,1.4,0.245,0.3,0.7,0.4,0.378,0.1,0.3,0.556,0.9,0.8,1.6,0.6,0.3,0.3,0.3,1.0,1.8,,2024,0,576415.0
508.0,Daishen Nix,21.0,MIN,PG,15.0,0.0,3.3,0.6,1.6,0.375,0.4,1.1,0.353,0.2,0.5,0.429,0.5,0.2,0.4,0.5,0.1,0.1,0.2,0.4,0.3,0.0,0.3,0.1,1.8,,2024,0,576415.0
509.0,Cody Zeller,31.0,NOP,C,43.0,0.0,7.4,0.6,1.4,0.419,0.0,0.1,0.333,0.6,1.4,0.424,0.427,0.5,0.9,0.605,1.1,1.5,2.6,0.9,0.2,0.1,0.4,1.0,1.8,,2024,0,3291427.0
510.0,Taj Gibson,38.0,2TM,PF,20.0,1.0,10.2,0.8,1.9,0.405,0.1,0.5,0.2,0.7,1.4,0.481,0.432,0.1,0.1,1.0,0.6,1.3,1.9,0.6,0.2,0.4,0.3,1.6,1.7,,2024,0,4918224.0
511.0,P.J. Tucker,38.0,2TM,PF,31.0,10.0,15.7,0.6,1.6,0.36,0.4,1.1,0.371,0.2,0.5,0.333,0.49,0.1,0.1,1.0,0.9,1.8,2.7,0.5,0.5,0.2,0.3,1.7,1.7,,2024,0,
513.0,Leonard Miller,20.0,MIN,SF,17.0,0.0,3.1,0.8,1.2,0.65,0.1,0.3,0.4,0.6,0.9,0.733,0.7,0.1,0.1,0.5,0.3,0.9,1.2,0.5,0.1,0.1,0.1,0.3,1.7,,2024,0,1853485.0
514.0,Jason Preston,24.0,UTA,PG,7.0,0.0,10.1,0.9,2.7,0.316,0.0,0.4,0.0,0.9,2.3,0.375,0.316,0.0,0.0,,0.9,1.6,2.4,2.3,0.3,0.1,0.3,0.4,1.7,,2024,0,324648.0
515.0,Jordan Walsh,19.0,BOS,SF,9.0,1.0,9.2,0.7,1.7,0.4,0.2,1.0,0.222,0.4,0.7,0.667,0.467,0.1,0.2,0.5,0.6,1.7,2.2,0.6,0.6,0.1,0.3,1.2,1.7,,2024,0,1152829.0
517.0,Jett Howard,20.0,ORL,SF,18.0,0.0,3.7,0.6,1.7,0.333,0.4,1.4,0.28,0.2,0.3,0.6,0.45,0.1,0.2,0.5,0.1,0.3,0.4,0.3,0.1,0.1,0.2,0.2,1.6,,2024,0,5176190.0
518.0,Seth Lundy,23.0,ATL,SF,9.0,0.0,5.8,0.4,1.9,0.235,0.3,1.4,0.231,0.1,0.4,0.25,0.324,0.3,0.4,0.75,0.1,0.7,0.8,0.0,0.0,0.0,0.1,0.7,1.6,,2024,0,576415.0
519.0,Jordan Miller,24.0,LAC,SF,8.0,0.0,3.5,0.6,1.1,0.556,0.1,0.3,0.5,0.5,0.9,0.571,0.611,0.3,0.3,1.0,0.4,0.3,0.6,0.0,0.0,0.0,0.1,0.3,1.6,,2024,0,576415.0
520.0,Josh Minott,21.0,MIN,SF,32.0,0.0,2.8,0.5,1.1,0.472,0.1,0.3,0.4,0.4,0.8,0.5,0.528,0.4,0.4,0.857,0.1,0.4,0.5,0.3,0.2,0.2,0.1,0.3,1.6,,2024,0,1770967.0
521.0,Jalen Pickett,24.0,DEN,SG,27.0,0.0,4.5,0.6,1.3,0.429,0.3,0.9,0.36,0.2,0.4,0.6,0.557,0.1,0.1,0.75,0.0,0.5,0.5,0.8,0.1,0.0,0.3,0.5,1.6,,2024,0,1758898.0
522.0,Ibou Badji,21.0,POR,C,22.0,1.0,10.3,0.6,1.0,0.636,0.0,0.0,,0.6,1.0,0.636,0.636,0.3,0.5,0.5,0.9,1.4,2.3,0.6,0.1,0.9,0.7,2.1,1.5,,2024,0,480346.0
523.0,Colin Castleton,23.0,LAL,C,16.0,0.0,3.7,0.6,1.0,0.563,0.0,0.0,,0.6,1.0,0.563,0.563,0.4,0.4,1.0,0.4,0.4,0.8,0.2,0.1,0.0,0.2,0.7,1.5,,2024,0,576415.0
524.0,Adam Flagler,24.0,OKC,SG,2.0,0.0,7.0,0.5,3.5,0.143,0.5,3.0,0.167,0.0,0.5,0.0,0.214,0.0,0.0,,0.0,0.0,0.0,2.0,0.0,0.0,0.0,0.0,1.5,,2024,0,212015.0
525.0,Dariq Whitehead,19.0,BRK,SF,2.0,0.0,12.0,0.5,2.5,0.2,0.0,1.5,0.0,0.5,1.0,0.5,0.2,0.5,1.0,0.5,0.0,2.0,2.0,1.5,0.0,0.5,0.0,0.0,1.5,,2024,0,3054172.0
527.0,Jack White,26.0,MEM,SF,4.0,0.0,16.0,0.5,4.0,0.125,0.5,2.5,0.2,0.0,1.5,0.0,0.188,0.0,0.0,,1.0,2.0,3.0,0.3,1.0,0.3,0.5,0.8,1.5,,2024,0,724454.0
528.0,Kendall Brown,20.0,IND,SG,15.0,0.0,4.2,0.5,1.0,0.533,0.0,0.1,0.0,0.5,0.9,0.615,0.533,0.3,0.5,0.625,0.2,0.1,0.3,0.3,0.0,0.0,0.1,0.6,1.4,,2024,0,1132685.0
531.0,Jermaine Samuels,25.0,HOU,SF,14.0,0.0,4.3,0.6,1.0,0.643,0.0,0.1,0.0,0.6,0.9,0.75,0.643,0.1,0.1,1.0,0.2,0.7,0.9,0.2,0.1,0.1,0.0,0.4,1.4,,2024,0,576415.0
534.0,Nathan Mensah,25.0,CHO,C,25.0,0.0,12.3,0.5,1.1,0.429,0.0,0.0,,0.5,1.1,0.429,0.429,0.4,0.5,0.75,1.2,1.4,2.6,0.4,0.2,0.6,0.6,2.6,1.3,,2024,0,407466.0
535.0,Isaiah Thomas,34.0,PHO,PG,6.0,0.0,3.2,0.5,1.7,0.3,0.3,0.7,0.5,0.2,1.0,0.167,0.4,0.0,0.0,,0.0,0.0,0.0,0.5,0.0,0.0,0.0,0.0,1.3,,2024,0,491822.0
536.0,TyTy Washington Jr.,22.0,MIL,PG,11.0,0.0,5.1,0.5,1.8,0.3,0.2,0.5,0.333,0.4,1.3,0.286,0.35,0.0,0.0,,0.1,0.4,0.5,0.5,0.3,0.0,0.2,0.1,1.3,,2024,0,
537.0,Jay Huff,25.0,DEN,C,20.0,0.0,2.5,0.5,0.8,0.6,0.2,0.5,0.333,0.3,0.3,1.0,0.7,0.1,0.1,1.0,0.1,0.5,0.6,0.1,0.1,0.2,0.1,0.5,1.2,,2024,0,576415.0
538.0,Keyontae Johnson,23.0,OKC,SF,9.0,0.0,7.3,0.6,1.8,0.313,0.1,0.3,0.333,0.4,1.4,0.308,0.344,0.0,0.0,,0.4,0.7,1.1,0.4,0.1,0.0,0.4,0.6,1.2,,2024,0,576415.0
539.0,Chris Livingston,20.0,MIL,SF,21.0,0.0,4.3,0.5,1.0,0.5,0.0,0.2,0.2,0.5,0.8,0.588,0.523,0.1,0.2,0.75,0.1,0.9,1.0,0.2,0.1,0.0,0.2,0.7,1.2,,2024,0,1152829.0
541.0,Robin Lopez,35.0,MIL,C,16.0,2.0,4.1,0.4,1.2,0.368,0.1,0.5,0.25,0.3,0.7,0.455,0.421,0.1,0.1,1.0,0.2,0.1,0.3,0.3,0.1,0.2,0.1,0.4,1.1,,2024,0,3291427.0
542.0,Admiral Schofield,26.0,ORL,PF,23.0,0.0,3.7,0.4,1.1,0.385,0.3,0.7,0.375,0.2,0.4,0.4,0.5,0.0,0.1,0.0,0.1,0.6,0.7,0.3,0.0,0.0,0.2,0.4,1.1,,2024,0,576415.0
543.0,Hunter Tyson,23.0,DEN,PF,18.0,0.0,2.7,0.4,1.1,0.4,0.2,0.8,0.286,0.2,0.3,0.667,0.5,0.0,0.0,,0.1,0.4,0.5,0.1,0.1,0.0,0.1,0.6,1.1,,2024,0,1152829.0
544.0,Filip Petrusev,23.0,2TM,C,3.0,0.0,3.3,0.3,0.7,0.5,0.0,0.0,,0.3,0.7,0.5,0.5,0.3,0.7,0.5,0.0,0.3,0.3,0.0,0.0,0.0,0.0,0.3,1.0,,2024,0,576415.0
546.0,Frank Ntilikina,25.0,CHO,PG,5.0,0.0,8.6,0.2,1.8,0.111,0.2,1.6,0.125,0.0,0.2,0.0,0.167,0.4,0.4,1.0,0.2,1.0,1.2,0.8,0.0,0.0,0.2,0.8,1.0,,2024,0,2603356.0
547.0,Joshua Primo,21.0,LAC,SG,2.0,0.0,5.0,0.5,1.5,0.333,0.0,0.5,0.0,0.5,1.0,0.5,0.333,0.0,0.0,,0.5,0.0,0.5,0.0,0.0,0.5,2.0,0.0,1.0,,2024,0,
548.0,Thanasis Antetokounmpo,31.0,MIL,PF,34.0,0.0,4.6,0.5,0.9,0.533,0.0,0.0,0.0,0.5,0.9,0.552,0.533,0.0,0.1,0.0,0.2,0.2,0.4,0.5,0.2,0.1,0.4,0.7,0.9,,2024,0,2416341.0
553.0,Quenton Jackson,25.0,IND,PG,3.0,0.0,3.7,0.0,0.3,0.0,0.0,0.0,,0.0,0.3,0.0,0.0,0.7,0.7,1.0,0.0,1.3,1.3,0.7,0.3,0.0,0.0,0.3,0.7,,2024,0,139134.0
555.0,Jalen Slawson,24.0,SAC,SF,12.0,0.0,3.1,0.3,0.5,0.667,0.0,0.2,0.0,0.3,0.3,1.0,0.667,0.0,0.0,,0.1,0.5,0.6,0.2,0.1,0.1,0.2,0.7,0.7,,2024,0,576415.0
556.0,Pat Spencer,27.0,GSW,PG,6.0,0.0,4.3,0.3,0.7,0.5,0.0,0.3,0.0,0.3,0.3,1.0,0.5,0.0,0.0,,0.3,0.3,0.7,0.8,0.0,0.0,0.2,0.2,0.7,,2024,0,175574.0
557.0,Alondes Williams,24.0,MIA,SG,7.0,0.0,2.3,0.3,1.1,0.25,0.0,0.6,0.0,0.3,0.6,0.5,0.25,0.1,0.1,1.0,0.0,0.1,0.1,0.0,0.0,0.1,0.3,0.3,0.7,,2024,0,218640.0
559.0,Usman Garuba,21.0,GSW,PF,6.0,0.0,3.0,0.2,1.0,0.167,0.0,0.2,0.0,0.2,0.8,0.2,0.167,0.2,0.3,0.5,0.5,0.7,1.2,0.2,0.2,0.5,0.3,0.3,0.5,,2024,0,3253679.0
560.0,E.J. Liddell,23.0,NOP,PF,8.0,0.0,2.9,0.1,0.8,0.167,0.0,0.6,0.0,0.1,0.1,1.0,0.167,0.3,0.3,1.0,0.0,0.6,0.6,0.1,0.3,0.3,0.3,0.3,0.5,,2024,0,
564.0,Malcolm Cazalon,22.0,DET,SG,1.0,0.0,3.0,0.0,0.0,,0.0,0.0,,0.0,0.0,,,0.0,0.0,,0.0,0.0,0.0,0.0,0.0,0.0,0.0,0.0,0.0,,2024,0,576415.0
565.0,Jalen Crutcher,24.0,NOP,PG,1.0,0.0,3.0,0.0,1.0,0.0,0.0,0.0,,0.0,1.0,0.0,0.0,0.0,0.0,,0.0,0.0,0.0,0.0,0.0,0.0,0.0,0.0,0.0,,2024,0,66254.0
566.0,Andrew Funk,24.0,CHI,SG,5.0,0.0,2.6,0.0,0.8,0.0,0.0,0.6,0.0,0.0,0.2,0.0,0.0,0.0,0.0,,0.0,0.0,0.0,0.0,0.2,0.2,0.0,0.0,0.0,,2024,0,165636.0
567.0,Kaiser Gates,27.0,NOP,SF,1.0,0.0,7.0,0.0,4.0,0.0,0.0,2.0,0.0,0.0,2.0,0.0,0.0,0.0,0.0,,0.0,1.0,1.0,0.0,0.0,0.0,0.0,0.0,0.0,,2024,0,36440.0
569.0,Ron Harper Jr.,23.0,TOR,PF,1.0,0.0,4.0,0.0,0.0,,0.0,0.0,,0.0,0.0,,,0.0,0.0,,0.0,0.0,0.0,1.0,0.0,0.0,0.0,2.0,0.0,,2024,0,
571.0,Dmytro Skapintsev,25.0,NYK,C,2.0,0.0,1.0,0.0,0.5,0.0,0.0,0.0,,0.0,0.5,0.0,0.0,0.0,0.0,,0.0,0.0,0.0,0.0,0.0,0.0,0.0,0.0,0.0,,2024,0,
