Year,Player,Team,Salary
2020,Stephen Curry,"$40,231,758",49346703.0
2020,Russell Westbrook,"$38,506,482",47230546.0
2020,Chris Paul,"$38,506,482",47230546.0
2020,James Harden,"$38,199,000",46853401.0
2020,John Wall,"$38,199,000",46853401.0
2020,LeBron James,"$37,436,858",45918587.0
2020,Kevin Durant,"$37,199,000",45626840.0
2020,Blake Griffin,"$34,449,964",42254980.0
2020,Kyle Lowry,"$33,296,296",40839936.0
2020,Paul George,"$33,005,556",40483325.0
2020,Kemba Walker,"$32,742,000",40160058.0
2020,Klay Thompson,"$32,742,000",40160058.0
2020,Kawhi Leonard,"$32,742,000",40160058.0
2020,Jimmy Butler,"$32,742,000",40160058.0
2020,Tobias Harris,"$32,742,000",40160058.0
2020,Gordon Hayward,"$32,700,690",40109389.0
2020,Mike Conley,"$32,511,623",39877487.0
2020,Kyrie Irving,"$31,742,000",38933497.0
2020,Khris Middleton,"$30,603,448",37536994.0
2020,Paul Millsap,"$30,350,000",37226124.0
2020,Damian Lillard,"$29,802,321",36554362.0
2020,Kevin Love,"$28,942,830",35500144.0
2020,Nikola Vucevic,"$28,000,000",34343706.0
2020,Al Horford,"$28,000,000",34343706.0
2020,DeMar DeRozan,"$27,739,975",34024769.0
2020,CJ McCollum,"$27,556,959",33800289.0
2020,Nikola Jokic,"$27,504,630",33736104.0
2020,Andrew Wiggins,"$27,504,630",33736104.0
2020,Joel Embiid,"$27,504,630",33736104.0
2020,Kristaps Porzingis,"$27,285,000",33466715.0
2020,Karl-Anthony Towns,"$27,285,000",33466715.0
2020,D'Angelo Russell,"$27,285,000",33466715.0
2020,Devin Booker,"$27,285,000",33466715.0
2020,Otto Porter,"$27,250,576",33424492.0
2020,Anthony Davis,"$27,093,019",33231238.0
2020,Andre Drummond,"$27,093,018",33231237.0
2020,Hassan Whiteside,"$27,093,018",33231237.0
2020,Bradley Beal,"$27,093,018",33231237.0
2020,Jrue Holiday,"$26,131,111",32051400.0
2020,LaMarcus Aldridge,"$26,000,000",31890584.0
2020,Giannis Antetokounmpo,"$25,842,697",31697642.0
2020,Steven Adams,"$25,842,697",31697642.0
2020,Marc Gasol,"$25,595,700",31394685.0
2020,Nicolas Batum,"$25,565,217",31357296.0
2020,Rudy Gobert,"$25,258,427",30981000.0
2020,Chandler Parsons,"$25,102,512",30789760.0
2020,Harrison Barnes,"$24,147,727",29618658.0
2020,Serge Ibaka,"$23,271,604",28544040.0
2020,Danilo Gallinari,"$22,615,559",27739361.0
2020,Victor Oladipo,"$21,000,000",25757779.0
2020,Tim Hardaway Jr,"$20,025,127",24562038.0
2020,Malcolm Brogdon,"$20,000,000",24531218.0
2020,Terry Rozier,"$19,894,737",24402107.0
2020,Aaron Gordon,"$19,863,636",24363960.0
2020,Zach LaVine,"$19,500,000",23917938.0
2020,Kent Bazemore,"$19,269,663",23635416.0
2020,Goran Dragic,"$19,217,900",23571925.0
2020,Jeff Teague,"$19,000,000",23304657.0
2020,Evan Turner,"$18,606,556",22822074.0
2020,Tristan Thompson,"$18,539,130",22739372.0
2020,Draymond Green,"$18,539,130",22739372.0
2020,Gary Harris,"$18,189,286",22310267.0
2020,Myles Turner,"$18,000,000",22078097.0
2020,Julius Randle,"$18,000,000",22078097.0
2020,Derrick Favors,"$17,650,000",21648800.0
2020,Andre Iguodala,"$17,185,185",21078676.0
2020,Evan Fournier,"$17,150,000",21035520.0
2020,Bismack Biyombo,"$17,000,000",20851536.0
2020,Bojan Bogdanovic,"$17,000,000",20851536.0
2020,Clint Capela,"$16,896,552",20724650.0
2020,Gorgui Dieng,"$16,229,213",19906118.0
2020,Ricky Rubio,"$16,200,000",19870287.0
2020,Jonas Valanciunas,"$16,000,000",19624975.0
2020,Brandon Knight,"$15,643,750",19188012.0
2020,Eric Bledsoe,"$15,625,000",19165014.0
2020,Kelly Oubre,"$15,625,000",19165014.0
2020,Dennis Schroeder,"$15,500,000",19011694.0
2020,Ian Mahinmi,"$15,450,051",18950429.0
2020,James Johnson,"$15,349,400",18826974.0
2020,Marcus Morris,"$15,000,000",18398414.0
2020,Bobby Portis,"$15,000,000",18398414.0
2020,Danny Green,"$14,634,147",17949673.0
2020,Rudy Gay,"$14,500,000",17785133.0
2020,Cody Zeller,"$14,471,910",17750679.0
2020,Eric Gordon,"$14,057,730",17242662.0
2020,Mason Plumlee,"$14,041,096",17222259.0
2020,JJ Redick,"$13,486,300",16541768.0
2020,Jordan Clarkson,"$13,437,500",16481912.0
2020,Dewayne Dedmon,"$13,333,334",16354146.0
2020,Solomon Hill,"$13,290,395",16301479.0
2020,Justise Winslow,"$13,000,000",15945292.0
2020,Thaddeus Young,"$12,900,000",15822636.0
2020,Will Barton,"$12,776,786",15671506.0
2020,Courtney Lee,"$12,759,670",15650512.0
2020,Larry Nance Jr,"$12,727,273",15610775.0
2020,Patrick Mills,"$12,678,571",15551040.0
2020,Kelly Olynyk,"$12,667,885",15537932.0
2020,Marcus Smart,"$12,553,571",15397719.0
2020,Terrence Ross,"$12,500,000",15332011.0
2020,Patrick Beverley,"$12,345,680",15142728.0
2020,Trevor Ariza,"$12,200,000",14964043.0
2020,Brook Lopez,"$12,093,024",14832830.0
2020,Jusuf Nurkic,"$12,000,000",14718731.0
2020,Cory Joseph,"$12,000,000",14718731.0
2020,Joe Ingles,"$11,454,546",14049698.0
2020,Tony Snell,"$11,392,857",13974033.0
2020,Robert Covington,"$11,301,219",13861633.0
2020,Meyers Leonard,"$11,286,515",13843598.0
2020,TJ Warren,"$11,060,000",13565764.0
2020,Moe Harkless,"$11,011,234",13505949.0
2020,Andre Roberson,"$10,740,740",13174172.0
2020,Spencer Dinwiddie,"$10,605,600",13008414.0
2020,Jeremy Lamb,"$10,500,000",12878889.0
2020,Dwight Powell,"$10,259,375",12583748.0
2020,George Hill,"$10,133,907",12429854.0
2020,Josh Richardson,"$10,116,576",12408597.0
2020,Norman Powell,"$10,116,576",12408597.0
2020,Tyus Jones,"$10,116,000",12407890.0
2020,Tomas Satoransky,"$10,000,000",12265609.0
2020,DeAndre Jordan,"$9,881,598",12120382.0
2020,Zion Williamson,"$9,757,440",11968094.0
2020,Markelle Fultz,"$9,745,200",11953081.0
2020,John Henson,"$9,732,396",11937376.0
2020,Matthew Dellavedova,"$9,607,500",11784184.0
2020,Dante Exum,"$9,600,000",11774985.0
2020,Deandre Ayton,"$9,562,920",11729504.0
2020,Delon Wright,"$9,473,684",11620050.0
2020,Jerami Grant,"$9,346,153",11463626.0
2020,Fred VanVleet,"$9,346,153",11463626.0
2020,Al-Farouq Aminu,"$9,258,000",11355501.0
2020,Kyle Anderson,"$9,073,050",11128648.0
2020,Taj Gibson,"$9,000,000",11039048.0
2020,Ja Morant,"$8,730,240",10708171.0
2020,Lonzo Ball,"$8,719,320",10694777.0
2020,E'Twaun Moore,"$8,664,928",10628062.0
2020,Marvin Bagley,"$8,556,120",10494602.0
2020,Bogdan Bogdanovic,"$8,529,386",10461811.0
2020,PJ Tucker,"$8,349,039",10240605.0
2020,Cristiano Felicio,"$8,156,500",10004444.0
2020,Kentavious Caldwell-Pope,"$8,139,282",9983325.0
2020,Ben Simmons,"$8,113,929",9952228.0
2020,Maxi Kleber,"$8,000,000",9812487.0
2020,Louis Williams,"$8,000,000",9812487.0
2020,Elfrid Payton,"$8,000,000",9812487.0
2020,Wayne Ellington,"$8,000,000",9812487.0
2020,Thomas Bryant,"$8,000,000",9812487.0
2020,RJ Barrett,"$7,839,960",9616188.0
2020,Jayson Tatum,"$7,830,000",9603972.0
2020,Jae Crowder,"$7,815,533",9586227.0
2020,Luka Doncic,"$7,683,360",9424109.0
2020,Joe Harris,"$7,666,667",9403634.0
2020,Seth Curry,"$7,461,380",9151837.0
2020,DeMarre Carroll,"$7,339,258",9002046.0
2020,Langston Galloway,"$7,333,333",8994779.0
2020,Doug McDermott,"$7,333,333",8994779.0
2020,Derrick Rose,"$7,317,074",8974837.0
2020,Brandon Ingram,"$7,265,485",8911560.0
2020,Darius Miller,"$7,250,000",8892566.0
2020,DJ Augustin,"$7,250,000",8892566.0
2020,De'Andre Hunter,"$7,068,360",8669774.0
2020,Josh Jackson,"$7,059,480",8658882.0
2020,Ersan Ilyasova,"$7,000,000",8585926.0
2020,Davis Bertans,"$7,000,000",8585926.0
2020,Jaren Jackson Jr,"$6,927,480",8496976.0
2020,Nemanja Bjelica,"$6,825,000",8371278.0
2020,Jaylen Brown,"$6,534,829",8015366.0
2020,Jabari Parker,"$6,500,000",7972646.0
2020,Ivica Zubac,"$6,481,482",7949932.0
2020,Darius Garland,"$6,400,920",7851118.0
2020,De'Aaron Fox,"$6,392,760",7841109.0
2020,Trae Young,"$6,273,000",7694216.0
2020,Montrezl Harrell,"$6,000,000",7359365.0
2020,Ishmael Smith,"$6,000,000",7359365.0
2020,Marco Belinelli,"$5,846,154",7170664.0
2020,Jarrett Culver,"$5,813,640",7130783.0
2020,Jonathan Isaac,"$5,806,440",7121952.0
2020,Rodney Hood,"$5,718,000",7013475.0
2020,Mo Bamba,"$5,697,600",6988453.0
2020,Trey Lyles,"$5,500,000",6746085.0
2020,Aron Baynes,"$5,453,280",6688780.0
2020,Kris Dunn,"$5,348,007",6559656.0
2020,Coby White,"$5,307,120",6509506.0
2020,Lauri Markkanen,"$5,300,400",6501263.0
2020,Wendell Carter,"$5,201,400",6379834.0
2020,Daniel Theis,"$5,000,000",6132804.0
2020,Luol Deng,"$5,000,000",6132804.0
2020,Jaxson Hayes,"$4,862,040",5963588.0
2020,Buddy Hield,"$4,861,207",5962566.0
2020,Frank Ntilikina,"$4,855,800",5955934.0
2020,Rodney McGruder,"$4,807,693",5896928.0
2020,Enes Kanter,"$4,767,000",5847016.0
2020,Garrett Temple,"$4,767,000",5847016.0
2020,Justin Holiday,"$4,767,000",5847016.0
2020,JaMychal Green,"$4,767,000",5847016.0
2020,Avery Bradley,"$4,767,000",5847016.0
2020,Robin Lopez,"$4,767,000",5847016.0
2020,Mike Scott,"$4,767,000",5847016.0
2020,Frank Kaminsky,"$4,767,000",5847016.0
2020,Richaun Holmes,"$4,767,000",5847016.0
2020,Ed Davis,"$4,767,000",5847016.0
2020,Collin Sexton,"$4,764,960",5844513.0
2020,Rui Hachimura,"$4,469,160",5481697.0
2020,Kevon Looney,"$4,464,286",5475718.0
2020,Dennis Smith,"$4,463,640",5474926.0
2020,Jamal Murray,"$4,444,746",5451751.0
2020,Kevin Knox,"$4,380,120",5372484.0
2020,Cam Reddish,"$4,245,720",5207634.0
2020,Zach Collins,"$4,240,200",5200863.0
2020,Mikal Bridges,"$4,161,000",5103720.0
2020,Alex Len,"$4,160,000",5102493.0
2020,Nicolo Melli,"$4,102,564",5032044.0
2020,Cameron Johnson,"$4,033,440",4947259.0
2020,Malik Monk,"$4,028,400",4941078.0
2020,Dorian Finney-Smith,"$4,000,000",4906243.0
2020,JaVale McGee,"$4,000,000",4906243.0
2020,Reggie Bullock,"$4,000,000",4906243.0
2020,Patrick McCaw,"$4,000,000",4906243.0
2020,Shai Gilgeous-Alexander,"$3,952,920",4848497.0
2020,PJ Washington,"$3,831,840",4699985.0
2020,Luke Kennard,"$3,827,160",4694244.0
2020,Miles Bridges,"$3,755,400",4606226.0
2020,Jakob Poeltl,"$3,754,885",4605595.0
2020,Tyler Herro,"$3,640,200",4464927.0
2020,Donovan Mitchell,"$3,635,760",4459481.0
2020,Stanley Johnson,"$3,623,000",4443830.0
2020,Jake Layman,"$3,581,986",4393524.0
2020,Thon Maker,"$3,569,643",4378384.0
2020,Jerome Robinson,"$3,567,720",4376026.0
2020,Danuel House,"$3,540,000",4342025.0
2020,Domantas Sabonis,"$3,529,554",4329213.0
2020,Boban Marjanovic,"$3,500,000",4292963.0
2020,TJ McConnell,"$3,500,000",4292963.0
2020,DeMarcus Cousins,"$3,500,000",4292963.0
2020,Taurean Prince,"$3,481,985",4270866.0
2020,Dario Saric,"$3,481,985",4270866.0
2020,Romeo Langford,"$3,458,400",4241938.0
2020,Bam Adebayo,"$3,454,080",4236639.0
2020,Michael Porter,"$3,389,400",4157305.0
2020,Denzel Valentine,"$3,377,568",4142792.0
2020,Juan Hernangomez,"$3,321,029",4073444.0
2020,Sekou Doumbouya,"$3,285,120",4029399.0
2020,Justin Jackson,"$3,280,920",4024248.0
2020,Troy Brown,"$3,219,480",3948888.0
2020,Yogi Ferrell,"$3,150,000",3863666.0
2020,Zhaire Smith,"$3,058,800",3751804.0
2020,Ryan Arcidiacono,"$3,000,000",3679682.0
2020,Quinn Cook,"$3,000,000",3679682.0
2020,Khem Birch,"$3,000,000",3679682.0
2020,Nickeil Alexander-Walker,"$2,964,840",3636556.0
2020,DJ Wilson,"$2,961,120",3631994.0
2020,Cedi Osman,"$2,907,143",3565788.0
2020,Donte DiVincenzo,"$2,905,800",3564140.0
2020,Bryn Forbes,"$2,875,000",3526362.0
2020,Goga Bitadze,"$2,816,760",3454927.0
2020,TJ Leaf,"$2,813,280",3450659.0
2020,Lonnie Walker,"$2,764,200",3390459.0
2020,Alex Caruso,"$2,750,000",3373042.0
2020,Malik Beasley,"$2,731,713",3350612.0
2020,Luka Samanic,"$2,689,920",3299350.0
2020,John Collins,"$2,686,560",3295229.0
2020,Kevin Huerter,"$2,636,280",3233558.0
2020,Caris LeVert,"$2,625,717",3220601.0
2020,Marko Guduric,"$2,625,000",3219722.0
2020,DeAndre Bembry,"$2,603,981",3193941.0
2020,Matisse Thybulle,"$2,582,160",3167176.0
2020,Harry Giles,"$2,578,800",3163055.0
2020,Vince Carter,"$2,564,753",3145825.0
2020,Wilson Chandler,"$2,564,753",3145825.0
2020,Jose Juan Barea,"$2,564,753",3145825.0
2020,Thabo Sefolosha,"$2,564,753",3145825.0
2020,Tyson Chandler,"$2,564,753",3145825.0
2020,Dwight Howard,"$2,564,753",3145825.0
2020,Rajon Rondo,"$2,564,753",3145825.0
2020,Jared Dudley,"$2,564,753",3145825.0
2020,Udonis Haslem,"$2,564,753",3145825.0
2020,Kyle Korver,"$2,564,753",3145825.0
2020,Wesley Matthews,"$2,564,753",3145825.0
2020,Josh Okogie,"$2,530,680",3104033.0
2020,Vincent Poirier,"$2,505,793",3073507.0
2020,Rondae Hollis-Jefferson,"$2,500,000",3066402.0
2020,Brandon Clarke,"$2,478,840",3040448.0
2020,Terrance Ferguson,"$2,475,840",3036768.0
2020,Grayson Allen,"$2,429,400",2979807.0
2020,Alfonzo McKinnie,"$2,391,985",2933915.0
2020,Grant Williams,"$2,379,840",2919018.0
2020,Jarrett Allen,"$2,376,840",2915339.0
2020,Pascal Siakam,"$2,351,838",2884672.0
2020,Skal Labissiere,"$2,338,846",2868737.0
2020,Chandler Hutchison,"$2,332,320",2860732.0
2020,Patrick Patterson,"$2,331,593",2859840.0
2020,Dejounte Murray,"$2,321,735",2847749.0
2020,Alec Burks,"$2,320,044",2845675.0
2020,Damian Jones,"$2,305,057",2827292.0
2020,Darius Bazley,"$2,284,800",2802446.0
2020,Ante Zizic,"$2,281,800",2798766.0
2020,OG Anunoby,"$2,281,800",2798766.0
2020,Markieff Morris,"$2,259,887",2771889.0
2020,Luke Kornet,"$2,250,000",2759762.0
2020,Aaron Holiday,"$2,239,200",2746515.0
2020,Ty Jerome,"$2,193,480",2690436.0
2020,Willie Cauley-Stein,"$2,177,483",2670815.0
2020,Kyle O'Quinn,"$2,174,318",2666933.0
2020,Austin Rivers,"$2,174,310",2666923.0
2020,Carmelo Anthony,"$2,159,029",2648180.0
2020,Anfernee Simons,"$2,149,560",2636566.0
2020,Nassir Little,"$2,105,520",2582548.0
2020,Moritz Wagner,"$2,063,520",2531033.0
2020,Dylan Windler,"$2,035,800",2497032.0
2020,Caleb Swanigan,"$2,033,160",2493794.0
2020,Ben McLemore,"$2,028,594",2488194.0
2020,Mike Muscala,"$2,028,594",2488194.0
2020,Michael Carter-Williams,"$2,028,594",2488194.0
2020,Noah Vonleh,"$2,000,000",2453121.0
2020,Torrey Craig,"$2,000,000",2453121.0
2020,Edmond Sumner,"$2,000,000",2453121.0
2020,Landry Shamet,"$1,995,120",2447136.0
2020,Mfiondu Kabengele,"$1,977,000",2424910.0
2020,Kyle Kuzma,"$1,974,600",2421967.0
2020,Jordan Poole,"$1,964,760",2409897.0
2020,Tony Bradley,"$1,962,360",2406954.0
2020,Keldon Johnson,"$1,950,600",2392529.0
2020,Derrick White,"$1,948,080",2389438.0
2020,Robert Williams,"$1,937,520",2376486.0
2020,Josh Hart,"$1,934,160",2372365.0
2020,Jacob Evans,"$1,925,880",2362209.0
2020,Dzanan Musa,"$1,911,600",2344693.0
2020,Omari Spellman,"$1,897,800",2327767.0
2020,Nerlens Noel,"$1,882,867",2309451.0
2020,James Ennis,"$1,882,867",2309451.0
2020,Glenn Robinson III,"$1,882,867",2309451.0
2020,Bruno Caboclo,"$1,845,301",2263374.0
2020,Shabazz Napier,"$1,845,301",2263374.0
2020,JR Smith,"$1,746,470",2142151.0
2020,JaKarr Sampson,"$1,737,145",2130714.0
2020,Raul Neto,"$1,737,145",2130714.0
2020,Mario Hezonja,"$1,737,145",2130714.0
2020,Emmanuel Mudiay,"$1,737,145",2130714.0
2020,Pat Connaughton,"$1,723,050",2113425.0
2020,Jahlil Okafor,"$1,702,486",2088202.0
2020,Rodions Kurucs,"$1,699,236",2084216.0
2020,Cheick Diallo,"$1,678,854",2059216.0
2020,Willy Hernangomez,"$1,676,735",2056617.0
2020,Treveon Graham,"$1,645,357",2018130.0
2020,Christian Wood,"$1,645,357",2018130.0
2020,Derrick Jones,"$1,645,357",2018130.0
2020,Georges Niang,"$1,645,357",2018130.0
2020,Shaquille Harrison,"$1,620,564",1987720.0
2020,Furkan Korkmaz,"$1,620,564",1987720.0
2020,Semi Ojeleye,"$1,618,520",1985213.0
2020,Dwayne Bacon,"$1,618,520",1985213.0
2020,Dillon Brooks,"$1,618,520",1985213.0
2020,Sterling Brown,"$1,618,520",1985213.0
2020,Frank Jackson,"$1,618,520",1985213.0
2020,Damyean Dotson,"$1,618,520",1985213.0
2020,Abdel Nader,"$1,618,520",1985213.0
2020,Wesley Iwundu,"$1,618,520",1985213.0
2020,Royce O'Neale,"$1,618,520",1985213.0
2020,Monte Morris,"$1,588,231",1948062.0
2020,Malcolm Miller,"$1,588,231",1948062.0
2020,Chris Boucher,"$1,588,231",1948062.0
2020,Mitchell Robinson,"$1,559,712",1913081.0
2020,Isaiah Roby,"$1,500,000",1839841.0
2020,Nigel Williams-Goss,"$1,500,000",1839841.0
2020,Brad Wanamaker,"$1,445,697",1773235.0
2020,Thanasis Antetokounmpo,"$1,445,697",1773235.0
2020,Theo Pinson,"$1,445,697",1773235.0
2020,Shake Milton,"$1,445,697",1773235.0
2020,Wenyen Gabriel,"$1,445,697",1773235.0
2020,Devonte Graham,"$1,416,852",1737855.0
2020,Jalen Brunson,"$1,416,852",1737855.0
2020,Keita Bates-Diop,"$1,416,852",1737855.0
2020,Sviatoslav Mykhailiuk,"$1,416,852",1737855.0
2020,Khyri Thomas,"$1,416,852",1737855.0
2020,Bruce Brown,"$1,416,852",1737855.0
2020,Alize Johnson,"$1,416,852",1737855.0
2020,De'Anthony Melton,"$1,416,852",1737855.0
2020,Kendrick Nunn,"$1,416,852",1737855.0
2020,Duncan Robinson,"$1,416,852",1737855.0
2020,Jarred Vanderbilt,"$1,416,852",1737855.0
2020,Kenrich Williams,"$1,416,852",1737855.0
2020,Hamidou Diallo,"$1,416,852",1737855.0
2020,Deonte Burton,"$1,416,852",1737855.0
2020,Melvin Frazier,"$1,416,852",1737855.0
2020,Ryan Broekhoff,"$1,416,852",1737855.0
2020,Jevon Carter,"$1,416,852",1737855.0
2020,Elie Okobo,"$1,416,852",1737855.0
2020,Gary Trent Jr,"$1,416,852",1737855.0
2020,Chimezie Metu,"$1,416,852",1737855.0
2020,Isaac Bonga,"$1,416,852",1737855.0
2020,Bruno Fernando,"$1,400,000",1717185.0
2020,Jaylen Nowell,"$1,400,000",1717185.0
2020,Kevin Porter,"$1,290,960",1583441.0
2020,Jordan McRae,"$1,254,933",1539251.0
2020,Carsen Edwards,"$1,228,026",1506248.0
2020,Cody Martin,"$1,173,310",1439136.0
2020,Gary Payton II,"$1,052,909",1291457.0
2020,Terance Mann,"$1,000,000",1226560.0
2020,Admiral Schofield,"$1,000,000",1226560.0
2020,David Nwaba,"$903,111",1107720.0
2020,Javonte Green,"$898,310",1101831.0
2020,Nicolas Claxton,"$898,310",1101831.0
2020,Jalen McDaniels,"$898,310",1101831.0
2020,Caleb Martin,"$898,310",1101831.0
2020,Daniel Gafford,"$898,310",1101831.0
2020,Vlatko Cancar,"$898,310",1101831.0
2020,Alen Smailagic,"$898,310",1101831.0
2020,Eric Paschall,"$898,310",1101831.0
2020,Talen Horton-Tucker,"$898,310",1101831.0
2020,KZ Okpala,"$898,310",1101831.0
2020,Naz Reid,"$898,310",1101831.0
2020,Ignas Brazdeikis,"$898,310",1101831.0
2020,Jalen Lecque,"$898,310",1101831.0
2020,DaQuan Jeffries,"$898,310",1101831.0
2020,Justin James,"$898,310",1101831.0
2020,Matt Thomas,"$898,310",1101831.0
2020,Terence Davis,"$898,310",1101831.0
2020,Dewan Hernandez,"$898,310",1101831.0
2020,Miye Oni,"$898,310",1101831.0
2020,Damion Lee,"$842,327",1033165.0
2020,Jeff Green,"$840,427",1030834.0
2020,Timothe Luwawu,"$837,583",1027346.0
2020,Juwan Morgan,"$746,054",915080.0
2020,Gary Clark,"$718,765",881609.0
2020,Marvin Williams,"$604,278",741183.0
2020,Michael Kidd-Gilchrist,"$595,122",729953.0
2020,Rayjon Tucker,"$578,573",709655.0
2020,Chris Clemons,"$563,346",690978.0
2020,Brandon Goodwin,"$522,738",641170.0
2020,Reggie Jackson,"$512,721",628883.0
2020,Justin Patton,"$483,115",592569.0
2020,Anzejs Pasecniks,"$482,144",591379.0
2020,Chris Silva,"$466,918",572703.0
2020,Troy Daniels,"$458,439",562303.0
2020,Anthony Tolliver,"$434,704",533190.0
2020,Joakim Noah,"$381,360",467761.0
2020,Dion Waiters,"$375,385",460432.0
2020,Dean Wade,"$375,000",459960.0
2020,Juan Toscano-Anderson,"$350,189",429528.0
2020,Ky Bowman,"$350,189",429528.0
2020,Norvel Pelle,"$350,189",429528.0
2020,Jamal Crawford,"$289,803",355461.0
2020,Jordan Bell,"$250,000",306640.0
2020,Tyler Zeller,"$245,686",301348.0
2020,Trey Burke,"$229,220",281152.0
2020,Jontay Porter,"$197,933",242776.0
2020,Cameron Payne,"$196,288",240759.0
2020,Jerian Grant,"$196,288",240759.0
2020,Dragan Bender,"$189,700",232678.0
2020,Mychal Mulder,"$187,782",230326.0
2020,Tyler Johnson,"$183,115",224601.0
2020,PJ Dozier,"$183,115",224601.0
2020,Sindarius Thornwell,"$183,115",224601.0
2020,Corey Brewer,"$183,115",224601.0
2020,Joe Chealey,"$163,356",200366.0
2020,Jaylen Adams,"$163,356",200366.0
2020,Johnathan Williams,"$161,245",197776.0
2020,Luguentz Dort,"$155,647",190910.0
2020,Oshae Brissett,"$129,568",158923.0
2020,JP Macura,"$106,181",130237.0
2020,Donta Hall,"$101,504",124500.0
2020,Sheldon Mac,"$91,557",112300.0
2020,Chasson Randle,"$91,557",112300.0
2020,Jonah Bolden,"$89,846",110201.0
2020,Derrick Walton,"$81,678",100183.0
2020,Charlie Brown,"$79,568",97595.0
2020,Tacko Fall,"$79,568",97595.0
2020,Tremont Waters,"$79,568",97595.0
2020,Jeremiah Martin,"$79,568",97595.0
2020,Chris Chiozza,"$79,568",97595.0
2020,Raymond Spalding,"$79,568",97595.0
2020,Kobi Simmons,"$79,568",97595.0
2020,Max Strus,"$79,568",97595.0
2020,Adam Mokoka,"$79,568",97595.0
2020,Matt Mooney,"$79,568",97595.0
2020,Josh Reaves,"$79,568",97595.0
2020,Antonius Cleveland,"$79,568",97595.0
2020,Tyler Cook,"$79,568",97595.0
2020,Bol Bol,"$79,568",97595.0
2020,Jordan Bone,"$79,568",97595.0
2020,Louis King,"$79,568",97595.0
2020,Michael Frazier,"$79,568",97595.0
2020,William Howard,"$79,568",97595.0
2020,Naz Long,"$79,568",97595.0
2020,Brian Bowen,"$79,568",97595.0
2020,Johnathan Motley,"$79,568",97595.0
2020,Amir Coffey,"$79,568",97595.0
2020,Devontae Cacok,"$79,568",97595.0
2020,Kostas Antetokounmpo,"$79,568",97595.0
2020,John Konchar,"$79,568",97595.0
2020,Yuta Watanabe,"$79,568",97595.0
2020,Kyle Alexander,"$79,568",97595.0
2020,Gabe Vincent,"$79,568",97595.0
2020,Cam Reynolds,"$79,568",97595.0
2020,Frank Mason,"$79,568",97595.0
2020,Kelan Martin,"$79,568",97595.0
2020,Jordan McLaughlin,"$79,568",97595.0
2020,Zylan Cheatham,"$79,568",97595.0
2020,Josh Gray,"$79,568",97595.0
2020,Kenny Wooten,"$79,568",97595.0
2020,Jared Harper,"$79,568",97595.0
2020,Kevin Hervey,"$79,568",97595.0
2020,Vic Law,"$79,568",97595.0
2020,BJ Johnson,"$79,568",97595.0
2020,Marial Shayok,"$79,568",97595.0
2020,Tariq Owens,"$79,568",97595.0
2020,Moses Brown,"$79,568",97595.0
2020,Jaylen Hoard,"$79,568",97595.0
2020,Kyle Guy,"$79,568",97595.0
2020,Drew Eubanks,"$79,568",97595.0
2020,Quinndary Weatherspoon,"$79,568",97595.0
2020,Paul Watson,"$79,568",97595.0
2020,Jarrell Brantley,"$79,568",97595.0
2020,Justin Wright-Foreman,"$79,568",97595.0
2020,Garrison Mathews,"$79,568",97595.0
2020,Malik Newman,"$65,978",80926.0
2021,Stephen Curry,"$43,006,362",52411485.0
2021,Chris Paul,"$41,358,814",50403633.0
2021,Russell Westbrook,"$41,358,814",50403633.0
2021,James Harden,"$41,254,920",50277018.0
2021,John Wall,"$41,254,920",50277018.0
2021,Kevin Durant,"$40,108,950",48880434.0
2021,LeBron James,"$39,219,566",47796549.0
2021,Paul George,"$35,450,412",43203114.0
2021,Klay Thompson,"$35,361,360",43094587.0
2021,Mike Conley,"$34,502,132",42047453.0
2021,Kemba Walker,"$34,379,100",41897515.0
2021,Kawhi Leonard,"$34,379,100",41897515.0
2021,Jimmy Butler,"$34,379,100",41897515.0
2021,Tobias Harris,"$34,358,850",41872836.0
2021,Blake Griffin,"$33,900,241",41313933.0
2021,Kyrie Irving,"$33,722,850",41097748.0
2021,Khris Middleton,"$33,051,724",40279853.0
2021,Anthony Davis,"$32,742,000",39902395.0
2021,Damian Lillard,"$31,626,953",38543497.0
2021,Kevin Love,"$31,258,256",38094169.0
2021,Ben Simmons,"$30,559,200",37242235.0
2021,Pascal Siakam,"$30,559,200",37242235.0
2021,Kyle Lowry,"$30,500,000",37170089.0
2021,Steven Adams,"$29,592,695",36064364.0
2021,Nikola Jokic,"$29,542,010",36002595.0
2021,Andrew Wiggins,"$29,542,010",36002595.0
2021,Joel Embiid,"$29,542,010",36002595.0
2021,Kristaps Porzingis,"$29,467,800",35912155.0
2021,Karl-Anthony Towns,"$29,467,800",35912155.0
2021,Devin Booker,"$29,467,800",35912155.0
2021,CJ McCollum,"$29,354,152",35773654.0
2021,Andre Drummond,"$28,751,774",35039540.0
2021,Bradley Beal,"$28,751,774",35039541.0
2021,D'Angelo Russell,"$28,649,250",34914596.0
2021,Gordon Hayward,"$28,500,000",34732706.0
2021,Otto Porter,"$28,489,239",34719592.0
2021,DeMar DeRozan,"$27,739,975",33806470.0
2021,Giannis Antetokounmpo,"$27,528,088",33548245.0
2021,Rudy Gobert,"$27,525,281",33544824.0
2021,Al Horford,"$27,500,000",33514014.0
2021,Jamal Murray,"$27,285,000",33251996.0
2021,Brandon Ingram,"$27,285,000",33251996.0
2021,Jrue Holiday,"$27,026,011",32936368.0
2021,Nikola Vucevic,"$26,000,000",31685977.0
2021,Jaylen Brown,"$25,035,118",30510084.0
2021,Buddy Hield,"$24,931,817",30384192.0
2021,Draymond Green,"$22,246,956",27112175.0
2021,Harrison Barnes,"$22,215,909",27074338.0
2021,Fred VanVleet,"$21,250,000",25897193.0
2021,Victor Oladipo,"$21,000,000",25592520.0
2021,Malcolm Brogdon,"$20,700,000",25226913.0
2021,Julius Randle,"$19,845,000",24184931.0
2021,Domantas Sabonis,"$19,800,000",24130090.0
2021,Gary Harris,"$19,610,714",23899409.0
2021,Danilo Gallinari,"$19,500,000",23764483.0
2021,Zach LaVine,"$19,500,000",23764483.0
2021,Jerami Grant,"$19,050,000",23216072.0
2021,Tim Hardaway Jr,"$18,975,000",23124670.0
2021,Terry Rozier,"$18,900,000",23033268.0
2021,Aaron Gordon,"$18,136,364",22102631.0
2021,Clint Capela,"$18,000,000",21936446.0
2021,Bogdan Bogdanovic,"$18,000,000",21936446.0
2021,Myles Turner,"$18,000,000",21936446.0
2021,Goran Dragic,"$18,000,000",21936446.0
2021,Bojan Bogdanovic,"$17,850,000",21753642.0
2021,LaMarcus Aldridge,"$17,628,340",21483506.0
2021,Gorgui Dieng,"$17,587,688",21433964.0
2021,Evan Fournier,"$17,150,000",20900558.0
2021,Ricky Rubio,"$17,000,000",20717754.0
2021,Eric Bledsoe,"$16,875,000",20565418.0
2021,Eric Gordon,"$16,869,267",20558431.0
2021,Caris LeVert,"$16,203,704",19747315.0
2021,Joe Harris,"$16,071,429",19586113.0
2021,James Johnson,"$16,047,100",19556463.0
2021,Dennis Schroeder,"$15,500,000",18889717.0
2021,Cody Zeller,"$15,415,730",18787018.0
2021,Danny Green,"$15,365,853",18726233.0
2021,Jonas Valanciunas,"$15,000,000",18280371.0
2021,Andre Iguodala,"$15,000,000",18280371.0
2021,Davis Bertans,"$15,000,000",18280371.0
2021,Marcus Morris,"$14,883,721",18138663.0
2021,Rudy Gay,"$14,500,000",17671026.0
2021,Kelly Oubre,"$14,375,000",17518689.0
2021,Dejounte Murray,"$14,286,000",17410226.0
2021,Will Barton,"$13,723,214",16724363.0
2021,Thaddeus Young,"$13,545,000",16507175.0
2021,Patrick Mills,"$13,535,714",16495858.0
2021,Terrence Ross,"$13,500,000",16452334.0
2021,Malik Beasley,"$13,425,895",16362023.0
2021,Patrick Beverley,"$13,333,333",16249218.0
2021,Christian Wood,"$13,015,874",15862334.0
2021,JJ Redick,"$13,013,700",15859684.0
2021,Justise Winslow,"$13,000,000",15842988.0
2021,Marcus Smart,"$12,946,428",15777701.0
2021,Jusuf Nurkic,"$12,888,889",15707578.0
2021,Kelly Olynyk,"$12,819,650",15623197.0
2021,Trevor Ariza,"$12,800,000",15599250.0
2021,Brook Lopez,"$12,697,675",15474547.0
2021,Dion Waiters,"$12,650,000",15416446.0
2021,Cory Joseph,"$12,600,000",15355512.0
2021,Markelle Fultz,"$12,288,697",14976129.0
2021,Taurean Prince,"$12,250,000",14928970.0
2021,Tony Snell,"$12,178,571",14841920.0
2021,Robert Covington,"$12,138,345",14792897.0
2021,Kentavious Caldwell-Pope,"$12,073,020",14713286.0
2021,TJ Warren,"$12,000,000",14624297.0
2021,Larry Nance Jr,"$11,709,091",14269769.0
2021,Nicolas Batum,"$11,608,231",14146851.0
2021,Jordan Clarkson,"$11,500,000",14014951.0
2021,Spencer Dinwiddie,"$11,454,048",13958950.0
2021,Dillon Brooks,"$11,400,000",13893082.0
2021,Dwight Powell,"$11,080,125",13503253.0
2021,Lonzo Ball,"$11,003,782",13410215.0
2021,Josh Richardson,"$10,865,952",13242242.0
2021,Norman Powell,"$10,865,952",13242242.0
2021,Jeremy Lamb,"$10,500,000",12796260.0
2021,DeAndre Jordan,"$10,375,678",12644750.0
2021,Joe Ingles,"$10,363,637",12630075.0
2021,Zion Williamson,"$10,245,480",12486078.0
2021,Paul Millsap,"$10,100,000",12308783.0
2021,Rodney Hood,"$10,047,450",12244741.0
2021,Deandre Ayton,"$10,018,200",12209094.0
2021,Tomas Satoransky,"$10,000,000",12186914.0
2021,Jayson Tatum,"$9,897,120",12061535.0
2021,Anthony Edwards,"$9,757,440",11891308.0
2021,Al-Farouq Aminu,"$9,720,900",11846777.0
2021,Dante Exum,"$9,600,000",11699437.0
2021,George Hill,"$9,590,602",11687984.0
2021,De'Anthony Melton,"$9,571,712",11664963.0
2021,Kyle Anderson,"$9,505,100",11583784.0
2021,Meyers Leonard,"$9,400,000",11455699.0
2021,Tristan Thompson,"$9,258,000",11282645.0
2021,Serge Ibaka,"$9,258,000",11282645.0
2021,Montrezl Harrell,"$9,258,000",11282645.0
2021,Jae Crowder,"$9,258,000",11282645.0
2021,Derrick Jones,"$9,258,000",11282645.0
2021,Derrick Favors,"$9,258,000",11282645.0
2021,Dario Saric,"$9,250,000",11272895.0
2021,Ja Morant,"$9,166,800",11171500.0
2021,Delon Wright,"$9,000,000",10968223.0
2021,Marvin Bagley,"$8,963,640",10923911.0
2021,Cedi Osman,"$8,840,580",10773939.0
2021,Tyus Jones,"$8,817,143",10745376.0
2021,James Wiseman,"$8,730,240",10639468.0
2021,Royce O'Neale,"$8,500,000",10358877.0
2021,Maxi Kleber,"$8,475,000",10328410.0
2021,Thomas Bryant,"$8,333,333",10155761.0
2021,RJ Barrett,"$8,231,760",10031975.0
2021,Jakob Poeltl,"$8,101,852",9873657.0
2021,De'Aaron Fox,"$8,099,627",9870946.0
2021,Luka Doncic,"$8,049,360",9809686.0
2021,Louis Williams,"$8,000,000",9749531.0
2021,Mason Plumlee,"$8,000,000",9749531.0
2021,PJ Tucker,"$7,969,537",9712406.0
2021,LaMelo Ball,"$7,839,960",9554492.0
2021,Seth Curry,"$7,834,449",9547776.0
2021,Derrick Rose,"$7,682,926",9363116.0
2021,Cristiano Felicio,"$7,529,020",9175552.0
2021,Rajon Rondo,"$7,500,000",9140185.0
2021,De'Andre Hunter,"$7,422,000",9045127.0
2021,Jonathan Isaac,"$7,362,565",8972695.0
2021,Doug McDermott,"$7,333,333",8937070.0
2021,Robin Lopez,"$7,300,000",8896447.0
2021,Jaren Jackson Jr,"$7,257,360",8844482.0
2021,JaMychal Green,"$7,199,760",8774285.0
2021,Nemanja Bjelica,"$7,150,000",8713643.0
2021,Patrick Williams,"$7,068,360",8614149.0
2021,Ivica Zubac,"$7,000,000",8530840.0
2021,Darius Miller,"$7,000,000",8530840.0
2021,Aron Baynes,"$7,000,000",8530840.0
2021,Jabari Parker,"$6,930,729",8446419.0
2021,Lauri Markkanen,"$6,731,508",8203631.0
2021,Darius Garland,"$6,720,720",8190484.0
2021,DJ Augustin,"$6,666,667",8124610.0
2021,Trae Young,"$6,571,800",8008996.0
2021,Chris Boucher,"$6,500,000",7921494.0
2021,Juan Hernangomez,"$6,493,000",7912963.0
2021,Joakim Noah,"$6,431,666",7838216.0
2021,Isaac Okoro,"$6,400,920",7800746.0
2021,Frank Ntilikina,"$6,176,578",7527342.0
2021,DeMarre Carroll,"$6,119,676",7457996.0
2021,Jarrett Culver,"$6,104,280",7439233.0
2021,Alec Burks,"$6,000,000",7312148.0
2021,Ishmael Smith,"$6,000,000",7312148.0
2021,Mo Bamba,"$5,969,040",7274418.0
2021,Onyeka Okongwu,"$5,813,640",7085033.0
2021,Justin Holiday,"$5,720,400",6971402.0
2021,Dennis Smith,"$5,686,677",6930304.0
2021,Avery Bradley,"$5,635,000",6867326.0
2021,Timofey Mozgov,"$5,573,333",6792173.0
2021,Coby White,"$5,572,680",6791377.0
2021,Trey Lyles,"$5,500,000",6702802.0
2021,Wendell Carter,"$5,448,840",6640454.0
2021,Zach Collins,"$5,406,255",6588556.0
2021,Malik Monk,"$5,345,687",6514743.0
2021,Killian Hayes,"$5,307,120",6467741.0
2021,Luke Kennard,"$5,273,826",6427166.0
2021,Ryan Anderson,"$5,214,583",6354967.0
2021,Donovan Mitchell,"$5,195,501",6331712.0
2021,Rodney McGruder,"$5,192,307",6327820.0
2021,Bam Adebayo,"$5,115,492",6234206.0
2021,Justin Jackson,"$5,109,637",6227070.0
2021,Jaxson Hayes,"$5,105,160",6221614.0
2021,Ed Davis,"$5,005,350",6099977.0
2021,Mike Scott,"$5,005,350",6099977.0
2021,Enes Kanter,"$5,005,350",6099977.0
2021,Richaun Holmes,"$5,005,350",6099977.0
2021,Daniel Theis,"$5,000,000",6093457.0
2021,Luol Deng,"$5,000,000",6093457.0
2021,Nerlens Noel,"$5,000,000",6093457.0
2021,Collin Sexton,"$4,991,880",6083561.0
2021,Pat Connaughton,"$4,938,273",6018231.0
2021,Obi Toppin,"$4,862,040",5925326.0
2021,Kevon Looney,"$4,821,429",5875834.0
2021,Kris Dunn,"$4,767,000",5809502.0
2021,Garrett Temple,"$4,767,000",5809502.0
2021,Josh Jackson,"$4,767,000",5809502.0
2021,Elfrid Payton,"$4,767,000",5809502.0
2021,Rui Hachimura,"$4,692,840",5719123.0
2021,Denzel Valentine,"$4,642,800",5658140.0
2021,Kevin Knox,"$4,588,680",5592185.0
2021,DJ Wilson,"$4,548,280",5542949.0
2021,Deni Avdija,"$4,469,160",5446527.0
2021,Cam Reddish,"$4,458,000",5432926.0
2021,TJ Leaf,"$4,431,423",5400536.0
2021,Mikal Bridges,"$4,359,000",5312276.0
2021,Jalen Smith,"$4,245,720",5174222.0
2021,Cameron Johnson,"$4,235,160",5161353.0
2021,JaVale McGee,"$4,200,000",5118504.0
2021,Reggie Bullock,"$4,200,000",5118504.0
2021,Shai Gilgeous-Alexander,"$4,141,320",5046991.0
2021,John Collins,"$4,137,302",5042094.0
2021,Willie Cauley-Stein,"$4,100,000",4996634.0
2021,Devin Vassell,"$4,033,440",4915518.0
2021,PJ Washington,"$4,023,600",4903526.0
2021,Dorian Finney-Smith,"$4,000,000",4874765.0
2021,Patrick McCaw,"$4,000,000",4874765.0
2021,Alex Len,"$3,970,648",4838994.0
2021,Terrance Ferguson,"$3,944,013",4806534.0
2021,Miles Bridges,"$3,934,320",4794722.0
2021,Austin Rivers,"$3,929,049",4788298.0
2021,Jevon Carter,"$3,925,000",4783363.0
2021,Jarrett Allen,"$3,909,902",4764964.0
2021,Nicolo Melli,"$3,897,436",4749771.0
2021,OG Anunoby,"$3,872,215",4719035.0
2021,Gabriel Deck,"$3,870,370",4716786.0
2021,Tyrese Haliburton,"$3,831,840",4669830.0
2021,Tyler Herro,"$3,822,240",4658131.0
2021,Patrick Patterson,"$3,814,771",4649028.0
2021,Stanley Johnson,"$3,804,150",4636085.0
2021,Jake Layman,"$3,761,085",4583602.0
2021,Jerome Robinson,"$3,737,520",4554883.0
2021,Danuel House,"$3,717,000",4529876.0
2021,Kira Lewis,"$3,640,200",4436280.0
2021,Romeo Langford,"$3,631,200",4425312.0
2021,Wesley Matthews,"$3,623,000",4415319.0
2021,Bobby Portis,"$3,623,000",4415319.0
2021,Moe Harkless,"$3,623,000",4415319.0
2021,Wayne Ellington,"$3,564,753",4344333.0
2021,Kyle Kuzma,"$3,562,178",4341195.0
2021,Michael Porter,"$3,550,800",4327329.0
2021,Tony Bradley,"$3,542,060",4316678.0
2021,Derrick White,"$3,516,284",4285265.0
2021,Bismack Biyombo,"$3,500,000",4265420.0
2021,Boban Marjanovic,"$3,500,000",4265420.0
2021,TJ McConnell,"$3,500,000",4265420.0
2021,Luca Vildoza,"$3,500,000",4265420.0
2021,Josh Hart,"$3,491,159",4254645.0
2021,Aaron Nesmith,"$3,458,400",4214722.0
2021,Sekou Doumbouya,"$3,449,400",4203754.0
2021,Dewayne Dedmon,"$3,447,478",4201411.0
2021,Troy Brown,"$3,372,840",4110451.0
2021,Jeff Teague,"$3,372,826",4110433.0
2021,Michael Carter-Williams,"$3,300,000",4021681.0
2021,James Ennis,"$3,300,000",4021681.0
2021,Cole Anthony,"$3,285,120",4003547.0
2021,Taj Gibson,"$3,283,684",4001797.0
2021,Facundo Campazzo,"$3,200,000",3899812.0
2021,Jon Leuer,"$3,169,348",3862457.0
2021,Isaiah Stewart,"$3,121,080",3803633.0
2021,Chuma Okeke,"$3,121,080",3803633.0
2021,Nickeil Alexander-Walker,"$3,113,160",3793981.0
2021,DeMarcus Cousins,"$3,051,832",3719241.0
2021,Donte DiVincenzo,"$3,044,160",3709891.0
2021,Khem Birch,"$3,011,499",3670087.0
2021,Ryan Arcidiacono,"$3,000,000",3656074.0
2021,Trey Burke,"$3,000,000",3656074.0
2021,Aleksej Pokusevski,"$2,964,840",3613225.0
2021,Goga Bitadze,"$2,957,520",3604304.0
2021,Lonnie Walker,"$2,895,720",3528989.0
2021,Ben McLemore,"$2,893,630",3526442.0
2021,Andrew Nicholson,"$2,844,429",3466481.0
2021,Luka Samanic,"$2,824,320",3441974.0
2021,Josh Green,"$2,816,760",3432761.0
2021,Kevin Huerter,"$2,761,920",3365928.0
2021,Alex Caruso,"$2,750,000",3351401.0
2021,Marko Guduric,"$2,750,000",3351401.0
2021,Matisse Thybulle,"$2,711,280",3304213.0
2021,Saddiq Bey,"$2,689,920",3278182.0
2021,Josh Okogie,"$2,651,040",3230799.0
2021,Vincent Poirier,"$2,619,207",3192005.0
2021,Brandon Clarke,"$2,602,920",3172156.0
2021,Precious Achiuwa,"$2,582,160",3146856.0
2021,Jeff Green,"$2,564,753",3125642.0
2021,Jose Juan Barea,"$2,564,753",3125642.0
2021,Jared Dudley,"$2,564,753",3125642.0
2021,Marc Gasol,"$2,564,753",3125642.0
2021,Udonis Haslem,"$2,564,753",3125642.0
2021,Dwight Howard,"$2,564,753",3125642.0
2021,Carmelo Anthony,"$2,564,753",3125642.0
2021,Grayson Allen,"$2,545,320",3101959.0
2021,Grant Williams,"$2,498,760",3045217.0
2021,Tyrese Maxey,"$2,478,840",3020941.0
2021,Chandler Hutchison,"$2,443,440",2977799.0
2021,Mfiondu Kabengele,"$2,432,353",2964287.0
2021,Darius Bazley,"$2,399,160",2923835.0
2021,Moritz Wagner,"$2,383,915",2905256.0
2021,Zeke Nnaji,"$2,379,840",2900290.0
2021,Aaron Holiday,"$2,345,640",2858611.0
2021,Bryn Forbes,"$2,337,145",2848258.0
2021,Reggie Jackson,"$2,331,593",2841492.0
2021,Markieff Morris,"$2,331,593",2841492.0
2021,E'Twaun Moore,"$2,331,593",2841492.0
2021,Kent Bazemore,"$2,320,044",2827417.0
2021,Hassan Whiteside,"$2,320,044",2827417.0
2021,Ty Jerome,"$2,303,040",2806695.0
2021,Mike Muscala,"$2,283,034",2782314.0
2021,Anfernee Simons,"$2,252,040",2744541.0
2021,Luke Kornet,"$2,250,000",2742055.0
2021,Brad Wanamaker,"$2,250,000",2742055.0
2021,Monta Ellis,"$2,245,400",2736449.0
2021,Nassir Little,"$2,210,640",2694088.0
2021,RJ Hampton,"$2,193,480",2673175.0
2021,Solomon Hill,"$2,174,318",2649822.0
2021,Matthew Dellavedova,"$2,174,318",2649822.0
2021,Edmond Sumner,"$2,160,000",2632373.0
2021,Anderson Varejao,"$2,141,713",2610087.0
2021,Dylan Windler,"$2,137,440",2604879.0
2021,Immanuel Quickley,"$2,105,520",2565979.0
2021,John Konchar,"$2,100,000",2559252.0
2021,Landry Shamet,"$2,090,040",2547113.0
2021,Jordan Poole,"$2,063,280",2514501.0
2021,Bol Bol,"$2,058,240",2508359.0
2021,Keldon Johnson,"$2,048,040",2495928.0
2021,Payton Pritchard,"$2,035,800",2481012.0
2021,Robert Williams,"$2,029,920",2473846.0
2021,Tyler Johnson,"$2,028,594",2472230.0
2021,Bruno Caboclo,"$2,028,594",2472230.0
2021,Langston Galloway,"$2,028,594",2472230.0
2021,Gary Clark,"$2,018,458",2459876.0
2021,Jacob Evans,"$2,017,320",2458490.0
2021,Spencer Hawes,"$2,007,058",2445984.0
2021,Dzanan Musa,"$2,002,800",2440795.0
2021,Damyean Dotson,"$2,000,000",2437382.0
2021,Theo Maledon,"$2,000,000",2437382.0
2021,Kenrich Williams,"$2,000,000",2437382.0
2021,Omari Spellman,"$1,988,280",2423099.0
2021,Quinn Cook,"$1,981,649",2415018.0
2021,Mario Hezonja,"$1,977,011",2409366.0
2021,Cameron Payne,"$1,977,011",2409366.0
2021,Udoka Azubuike,"$1,977,000",2409352.0
2021,Jaden McDaniels,"$1,964,760",2394436.0
2021,Malachi Flynn,"$1,950,600",2377179.0
2021,Desmond Bane,"$1,936,440",2359922.0
2021,Jontay Porter,"$1,900,000",2315513.0
2021,Jahlil Okafor,"$1,882,867",2294633.0
2021,JaKarr Sampson,"$1,882,867",2294633.0
2021,Raul Neto,"$1,882,867",2294633.0
2021,Larry Sanders,"$1,865,546",2273524.0
2021,Timothe Luwawu,"$1,824,003",2222896.0
2021,David Nwaba,"$1,824,003",2222896.0
2021,Marquese Chriss,"$1,824,003",2222896.0
2021,Georges Niang,"$1,783,557",2173605.0
2021,Rodions Kurucs,"$1,780,152",2169456.0
2021,PJ Dozier,"$1,762,796",2148304.0
2021,Damion Lee,"$1,762,796",2148304.0
2021,Alfonzo McKinnie,"$1,762,796",2148304.0
2021,Furkan Korkmaz,"$1,762,796",2148304.0
2021,Semi Ojeleye,"$1,752,950",2136305.0
2021,Abdel Nader,"$1,752,950",2136305.0
2021,Thon Maker,"$1,737,145",2117043.0
2021,Willy Hernangomez,"$1,737,145",2117043.0
2021,Frank Kaminsky,"$1,737,145",2117043.0
2021,DeAndre Bembry,"$1,737,145",2117043.0
2021,Monte Morris,"$1,723,707",2100666.0
2021,Kevin Porter,"$1,717,981",2093688.0
2021,Brandon Goodwin,"$1,701,593",2073716.0
2021,Thanasis Antetokounmpo,"$1,701,593",2073716.0
2021,Shake Milton,"$1,701,593",2073716.0
2021,Ignas Brazdeikis,"$1,686,315",2055097.0
2021,Sterling Brown,"$1,678,854",2046005.0
2021,Wesley Iwundu,"$1,678,854",2046005.0
2021,Dwayne Bacon,"$1,678,854",2046005.0
2021,Torrey Craig,"$1,678,854",2046005.0
2021,Bruce Brown,"$1,663,861",2027733.0
2021,Devonte Graham,"$1,663,861",2027733.0
2021,Jalen Brunson,"$1,663,861",2027733.0
2021,Hamidou Diallo,"$1,663,861",2027733.0
2021,Duncan Robinson,"$1,663,861",2027733.0
2021,Kendrick Nunn,"$1,663,861",2027733.0
2021,Jarred Vanderbilt,"$1,663,861",2027733.0
2021,Mitchell Robinson,"$1,663,861",2027733.0
2021,Sviatoslav Mykhailiuk,"$1,663,861",2027733.0
2021,Gary Trent Jr,"$1,663,861",2027733.0
2021,Isaac Bonga,"$1,663,861",2027733.0
2021,Isaiah Hartenstein,"$1,620,564",1974967.0
2021,Wenyen Gabriel,"$1,620,564",1974967.0
2021,Josh Gray,"$1,620,564",1974967.0
2021,Harry Giles,"$1,620,564",1974967.0
2021,Drew Eubanks,"$1,620,564",1974967.0
2021,Bruno Fernando,"$1,517,981",1849950.0
2021,Carsen Edwards,"$1,517,981",1849950.0
2021,Nicolas Claxton,"$1,517,981",1849950.0
2021,Cody Martin,"$1,517,981",1849950.0
2021,Caleb Martin,"$1,517,981",1849950.0
2021,Jalen McDaniels,"$1,517,981",1849950.0
2021,Javonte Green,"$1,517,981",1849950.0
2021,Dean Wade,"$1,517,981",1849950.0
2021,Vlatko Cancar,"$1,517,981",1849950.0
2021,Eric Paschall,"$1,517,981",1849950.0
2021,Alen Smailagic,"$1,517,981",1849950.0
2021,Mychal Mulder,"$1,517,981",1849950.0
2021,Chris Clemons,"$1,517,981",1849950.0
2021,Jalen Lecque,"$1,517,981",1849950.0
2021,Terance Mann,"$1,517,981",1849950.0
2021,Talen Horton-Tucker,"$1,517,981",1849950.0
2021,KZ Okpala,"$1,517,981",1849950.0
2021,Naz Reid,"$1,517,981",1849950.0
2021,Jaylen Nowell,"$1,517,981",1849950.0
2021,Admiral Schofield,"$1,517,981",1849950.0
2021,Luguentz Dort,"$1,517,981",1849950.0
2021,Isaiah Roby,"$1,517,981",1849950.0
2021,Justin James,"$1,517,981",1849950.0
2021,Terence Davis,"$1,517,981",1849950.0
2021,Chris Silva,"$1,517,981",1849950.0
2021,Matt Thomas,"$1,517,981",1849950.0
2021,Miye Oni,"$1,517,981",1849950.0
2021,Juwan Morgan,"$1,517,981",1849950.0
2021,Daniel Gafford,"$1,517,981",1849950.0
2021,Robert Woodard,"$1,500,000",1828037.0
2021,Damian Jones,"$1,487,284",1812540.0
2021,JR Smith,"$1,456,667",1775227.0
2021,Jae'Sean Tate,"$1,445,697",1761858.0
2021,DaQuan Jeffries,"$1,445,697",1761858.0
2021,Kelan Martin,"$1,445,697",1761858.0
2021,Zylan Cheatham,"$1,445,697",1761858.0
2021,Paul Watson,"$1,445,697",1761858.0
2021,Vernon Carey,"$1,350,000",1645233.0
2021,Xavier Tillman,"$1,300,000",1584298.0
2021,Tyrell Terry,"$1,289,846",1571924.0
2021,Oshae Brissett,"$1,255,493",1530058.0
2021,Moses Brown,"$1,250,000",1523364.0
2021,Sindarius Thornwell,"$1,235,889",1506167.0
2021,Ersan Ilyasova,"$1,194,542",1455778.0
2021,Glenn Robinson III,"$1,165,322",1420167.0
2021,Zhaire Smith,"$1,068,200",1301806.0
2021,Khyri Thomas,"$1,061,283",1293376.0
2021,Guerschon Yabusele,"$1,039,080",1266317.0
2021,Norvel Pelle,"$1,014,905",1236854.0
2021,Nick Richards,"$1,000,000",1218691.0
2021,Lamar Stevens,"$1,000,000",1218691.0
2021,Jahmi'us Ramsey,"$1,000,000",1218691.0
2021,Kyle Singler,"$999,200",1217716.0
2021,Juan Toscano-Anderson,"$943,963",1150399.0
2021,Shaquille Harrison,"$915,048",1115160.0
2021,Chimezie Metu,"$910,895",1110099.0
2021,Deividas Sirvydis,"$898,310",1094762.0
2021,KJ Martin,"$898,310",1094762.0
2021,Daniel Oturu,"$898,310",1094762.0
2021,Jordan Nwora,"$898,310",1094762.0
2021,Sam Merrill,"$898,310",1094762.0
2021,Isaiah Joe,"$898,310",1094762.0
2021,CJ Elleby,"$898,310",1094762.0
2021,Tre Jones,"$898,310",1094762.0
2021,Elijah Hughes,"$898,310",1094762.0
2021,Anthony Gill,"$898,310",1094762.0
2021,Iman Shumpert,"$803,044",978662.0
2021,Theo Pinson,"$802,182",977612.0
2021,Yuta Watanabe,"$737,996",899389.0
2021,Tremont Waters,"$712,278",868047.0
2021,Frank Jackson,"$699,115",852004.0
2021,Rayjon Tucker,"$693,755",845473.0
2021,Tyler Cook,"$693,141",844724.0
2021,Garrison Mathews,"$688,052",838523.0
2021,Cole Aldrich,"$685,340",835217.0
2021,Shaun Livingston,"$666,666",812460.0
2021,Gabe Vincent,"$660,750",805250.0
2021,Tacko Fall,"$653,924",796931.0
2021,Max Strus,"$647,098",788612.0
2021,Alize Johnson,"$621,587",757522.0
2021,Anthony Tolliver,"$614,838",749297.0
2021,Paul Reed,"$609,128",742339.0
2021,Tim Frazier,"$597,463",728123.0
2021,Jordan Bell,"$592,368",721913.0
2021,Amir Coffey,"$578,842",705429.0
2021,Naji Marshall,"$538,391",656132.0
2021,Kyle Guy,"$537,888",655519.0
2021,Markus Howard,"$535,294",652358.0
2021,Skylar Mays,"$532,218",648609.0
2021,Mamadi Diakite,"$529,341",645103.0
2021,Nathan Knight,"$522,989",637362.0
2021,Jared Harper,"$520,487",634313.0
2021,Saben Lee,"$516,836",629863.0
2021,Jarrell Brantley,"$510,586",622246.0
2021,Jordan McLaughlin,"$503,760",613928.0
2021,Rondae Hollis-Jefferson,"$502,957",612949.0
2021,Reggie Perry,"$489,148",596120.0
2021,Cassius Stanley,"$470,690",573625.0
2021,Trent Forrest,"$470,690",573625.0
2021,Dakari Johnson,"$459,414",559883.0
2021,Chris Chiozza,"$449,115",547332.0
2021,Grant Riller,"$449,115",547332.0
2021,Nate Darling,"$449,115",547332.0
2021,Devon Dotson,"$449,115",547332.0
2021,Adam Mokoka,"$449,115",547332.0
2021,Marques Bolden,"$449,115",547332.0
2021,Tyler Bey,"$449,115",547332.0
2021,Nate Hinton,"$449,115",547332.0
2021,Nico Mannion,"$449,115",547332.0
2021,Jay Scrubb,"$449,115",547332.0
2021,Devontae Cacok,"$449,115",547332.0
2021,Kostas Antetokounmpo,"$449,115",547332.0
2021,Killian Tillie,"$449,115",547332.0
2021,Sean McDermott,"$449,115",547332.0
2021,Jaylen Adams,"$449,115",547332.0
2021,Josh Hall,"$449,115",547332.0
2021,Ty-Shon Alexander,"$449,115",547332.0
2021,Keljin Blevins,"$449,115",547332.0
2021,Keita Bates-Diop,"$449,115",547332.0
2021,Quinndary Weatherspoon,"$449,115",547332.0
2021,Jalen Harris,"$449,115",547332.0
2021,Cassius Winston,"$449,115",547332.0
2021,Yogi Ferrell,"$444,149",541280.0
2021,Noah Vonleh,"$427,725",521264.0
2021,Mason Jones,"$424,544",517387.0
2021,Brodric Thomas,"$412,202",502346.0
2021,Andre Roberson,"$411,639",501660.0
2021,Donta Hall,"$376,276",458563.0
2021,Brian Bowen,"$375,321",457400.0
2021,Anzejs Pasecniks,"$374,297",456152.0
2021,Freddie Gillespie,"$363,015",442403.0
2021,AJ Hammons,"$350,087",426648.0
2021,Karim Mane,"$344,557",419908.0
2021,Will Magnay,"$341,481",416159.0
2021,Greg Whittington,"$332,252",404912.0
2021,Raymond Spalding,"$289,156",352391.0
2021,Chasson Randle,"$279,927",341144.0
2021,Justin Patton,"$267,623",326149.0
2021,Gary Payton II,"$249,864",304507.0
2021,Mike James,"$237,648",289619.0
2021,Charlie Brown,"$217,844",265484.0
2021,Anthony Lamb,"$215,330",262420.0
2021,Justin Robinson,"$198,040",241349.0
2021,Axel Toupane,"$196,872",239926.0
2021,Henry Ellenson,"$168,983",205938.0
2021,Ashton Hagans,"$166,111",202438.0
2021,Isaiah Thomas,"$159,698",194622.0
2021,John Henson,"$158,907",193658.0
2021,Armoni Brooks,"$135,362",164964.0
2021,Jordan Bone,"$135,350",164949.0
2021,Jaylen Hoard,"$129,209",157465.0
2021,Justin Anderson,"$125,000",152336.0
2021,Amida Brimah,"$123,056",149967.0
2021,Didi Louzada,"$123,056",149967.0
2021,Troy Williams,"$122,741",149583.0
2021,James Nunnally,"$107,674",131221.0
2021,Demetrius Jackson,"$92,857",113164.0
2021,Dakota Mathias,"$86,132",104968.0
2021,Malik Fitts,"$61,528",74983.0
2021,Jeremiah Martin,"$58,452",71234.0
2021,Jerian Grant,"$50,000",60934.0
2021,Louis King,"$49,222",59986.0
2021,Cameron Oliver,"$43,070",52489.0
2021,Cam Reynolds,"$33,299",40581.0
2021,Tyler Hall,"$25,000",30467.0
2021,Andrew White,"$25,000",30467.0
2021,Elijah Bryant,"$24,611",29993.0
2021,Caleb Homesley,"$20,000",24373.0
2022,Stephen Curry,"$45,780,966",52938707.0
2022,John Wall,"$44,310,840",51238730.0
2022,James Harden,"$44,310,840",51238730.0
2022,Russell Westbrook,"$44,211,146",51123449.0
2022,Kevin Durant,"$42,018,900",48588451.0
2022,LeBron James,"$41,180,544",47619020.0
2022,Paul George,"$39,344,970",45496459.0
2022,Kawhi Leonard,"$39,344,900",45496378.0
2022,Giannis Antetokounmpo,"$39,344,900",45496378.0
2022,Damian Lillard,"$39,344,900",45496378.0
2022,Klay Thompson,"$37,980,720",43918911.0
2022,Jimmy Butler,"$36,016,200",41647244.0
2022,Tobias Harris,"$35,995,950",41623828.0
2022,Khris Middleton,"$35,500,000",41050337.0
2022,Anthony Davis,"$35,361,360",40890021.0
2022,Rudy Gobert,"$35,344,828",40870904.0
2022,Kyrie Irving,"$35,328,700",40852255.0
2022,Kemba Walker,"$34,967,442",40434514.0
2022,Bradley Beal,"$33,724,200",38996895.0
2022,Ben Simmons,"$33,003,936",38164020.0
2022,Pascal Siakam,"$33,003,936",38164020.0
2022,Blake Griffin,"$32,405,817",37472385.0
2022,Karl-Anthony Towns,"$31,650,600",36599093.0
2022,Devin Booker,"$31,650,600",36599093.0
2022,Kristaps Porzingis,"$31,650,600",36599093.0
2022,Andrew Wiggins,"$31,579,390",36516749.0
2022,Joel Embiid,"$31,579,390",36516749.0
2022,Kevin Love,"$31,258,256",36145407.0
2022,Jrue Holiday,"$31,171,333",36044894.0
2022,Nikola Jokic,"$31,044,906",35898700.0
2022,CJ McCollum,"$30,864,198",35689739.0
2022,Chris Paul,"$30,800,000",35615504.0
2022,D'Angelo Russell,"$30,013,500",34706036.0
2022,Gordon Hayward,"$29,925,000",34603699.0
2022,Jamal Murray,"$29,467,800",34075017.0
2022,Brandon Ingram,"$29,467,800",34075017.0
2022,Jayson Tatum,"$28,103,500",32497412.0
2022,Bam Adebayo,"$28,103,500",32497412.0
2022,De'Aaron Fox,"$28,103,500",32497412.0
2022,Donovan Mitchell,"$28,103,500",32497412.0
2022,Al Horford,"$27,000,000",31221383.0
2022,Kyle Lowry,"$26,984,128",31203029.0
2022,Jaylen Brown,"$26,758,928",30942620.0
2022,DeMar DeRozan,"$26,000,000",30065035.0
2022,Draymond Green,"$24,026,712",27783229.0
2022,Nikola Vucevic,"$24,000,000",27752340.0
2022,Buddy Hield,"$23,073,234",26680677.0
2022,John Collins,"$23,000,000",26595993.0
2022,Malcolm Brogdon,"$21,700,000",25092741.0
2022,Tim Hardaway Jr,"$21,306,816",24638084.0
2022,Mike Conley,"$21,000,000",24283298.0
2022,Gary Harris,"$20,932,143",24204831.0
2022,Danilo Gallinari,"$20,475,000",23676215.0
2022,Harrison Barnes,"$20,284,091",23455458.0
2022,Jerami Grant,"$20,002,500",23129841.0
2022,Jarrett Allen,"$20,000,000",23126950.0
2022,Julius Randle,"$19,800,000",22895681.0
2022,Fred VanVleet,"$19,675,926",22752208.0
2022,Zach LaVine,"$19,500,000",22548776.0
2022,Goran Dragic,"$19,348,907",22374060.0
2022,Spencer Dinwiddie,"$19,314,284",22334024.0
2022,Bojan Bogdanovic,"$18,700,000",21623698.0
2022,Lonzo Ball,"$18,604,651",21513442.0
2022,Domantas Sabonis,"$18,500,000",21392429.0
2022,Eric Gordon,"$18,218,818",21067285.0
2022,Eric Bledsoe,"$18,125,000",20958799.0
2022,Bogdan Bogdanovic,"$18,000,000",20814255.0
2022,Myles Turner,"$18,000,000",20814255.0
2022,Terry Rozier,"$17,905,263",20704706.0
2022,Ricky Rubio,"$17,800,000",20582986.0
2022,Clint Capela,"$17,603,448",20355703.0
2022,Caris LeVert,"$17,500,000",20236081.0
2022,Jonathan Isaac,"$17,400,000",20120447.0
2022,Joe Harris,"$17,357,143",20070889.0
2022,Evan Fournier,"$17,142,857",19823100.0
2022,Steven Adams,"$17,073,171",19742519.0
2022,Markelle Fultz,"$16,500,000",19079734.0
2022,Aaron Gordon,"$16,409,091",18974611.0
2022,Gary Trent Jr,"$16,225,000",18761738.0
2022,OG Anunoby,"$16,071,429",18584157.0
2022,Davis Bertans,"$16,000,000",18501560.0
2022,Lauri Markkanen,"$15,690,909",18144143.0
2022,Derrick White,"$15,678,571",18129876.0
2022,Duncan Robinson,"$15,650,000",18096838.0
2022,Marcus Morris,"$15,627,907",18071291.0
2022,Will Barton,"$15,625,000",18067930.0
2022,Norman Powell,"$15,517,242",17943324.0
2022,Dejounte Murray,"$15,428,880",17841147.0
2022,Malik Beasley,"$14,491,964",16757746.0
2022,Patrick Beverley,"$14,320,987",16560038.0
2022,Thaddeus Young,"$14,190,000",16408571.0
2022,Jonas Valanciunas,"$14,000,000",16188865.0
2022,Marcus Smart,"$13,839,285",16003023.0
2022,Doug McDermott,"$13,750,000",15899778.0
2022,Christian Wood,"$13,666,667",15803416.0
2022,Derrick Rose,"$13,445,120",15547231.0
2022,Luke Kennard,"$13,347,727",15434611.0
2022,Taurean Prince,"$13,334,375",15419171.0
2022,Brook Lopez,"$13,302,325",15382110.0
2022,Kentavious Caldwell-Pope,"$13,038,862",15077455.0
2022,Joe Ingles,"$13,036,364",15074567.0
2022,Kyle Kuzma,"$13,000,000",15032517.0
2022,Robert Covington,"$12,975,471",15004153.0
2022,TJ Warren,"$12,940,000",14963137.0
2022,Deandre Ayton,"$12,632,950",14608080.0
2022,Terrence Ross,"$12,500,000",14454344.0
2022,Jordan Clarkson,"$12,420,000",14361836.0
2022,Dillon Brooks,"$12,200,000",14107439.0
2022,Kelly Olynyk,"$12,195,122",14101799.0
2022,Nicolas Batum,"$12,026,998",13907389.0
2022,Kelly Oubre,"$12,000,000",13876170.0
2022,Jusuf Nurkic,"$12,000,000",13876170.0
2022,Josh Hart,"$12,000,000",13876170.0
2022,Josh Richardson,"$11,615,328",13431355.0
2022,Marvin Bagley,"$11,312,114",13080735.0
2022,DeAndre Jordan,"$11,109,327",12846241.0
2022,Dwight Powell,"$11,080,125",12812475.0
2022,Devonte Graham,"$11,000,000",12719822.0
2022,Zion Williamson,"$10,733,400",12411540.0
2022,Larry Nance Jr,"$10,690,909",12362406.0
2022,Jeremy Lamb,"$10,500,000",12141649.0
2022,Reggie Jackson,"$10,384,500",12008090.0
2022,Richaun Holmes,"$10,384,500",12008090.0
2022,Al-Farouq Aminu,"$10,335,621",11951569.0
2022,Anthony Edwards,"$10,245,480",11847335.0
2022,Luka Doncic,"$10,174,391",11765131.0
2022,Cade Cunningham,"$10,050,120",11621431.0
2022,Danny Green,"$10,000,000",11563475.0
2022,Tomas Satoransky,"$10,000,000",11563475.0
2022,Tristan Thompson,"$9,946,611",11501738.0
2022,Kyle Anderson,"$9,937,150",11490798.0
2022,Montrezl Harrell,"$9,720,900",11240738.0
2022,Derrick Jones,"$9,720,900",11240738.0
2022,Serge Ibaka,"$9,720,900",11240738.0
2022,Derrick Favors,"$9,720,900",11240738.0
2022,Jae Crowder,"$9,720,900",11240738.0
2022,Ja Morant,"$9,603,360",11104821.0
2022,Reggie Bullock,"$9,536,000",11026930.0
2022,Alec Burks,"$9,536,000",11026930.0
2022,Talen Horton-Tucker,"$9,500,000",10985301.0
2022,Mason Plumlee,"$9,248,333",10694287.0
2022,Jaren Jackson Jr,"$9,180,560",10615917.0
2022,James Wiseman,"$9,166,800",10600006.0
2022,Jalen Green,"$8,992,080",10397969.0
2022,De'Anthony Melton,"$8,805,976",10182768.0
2022,Nerlens Noel,"$8,800,000",10175858.0
2022,Royce O'Neale,"$8,800,000",10175858.0
2022,Maxi Kleber,"$8,750,000",10118040.0
2022,Jakob Poeltl,"$8,750,000",10118040.0
2022,Thomas Bryant,"$8,666,667",10021679.0
2022,RJ Barrett,"$8,623,920",9972248.0
2022,Alex Caruso,"$8,600,000",9944588.0
2022,Delon Wright,"$8,526,316",9859384.0
2022,Dario Saric,"$8,510,000",9840517.0
2022,Monte Morris,"$8,449,074",9770065.0
2022,Tyus Jones,"$8,376,286",9685897.0
2022,Trae Young,"$8,326,471",9628294.0
2022,Daniel Theis,"$8,280,351",9574963.0
2022,LaMelo Ball,"$8,231,760",9518775.0
2022,Seth Curry,"$8,207,518",9490743.0
2022,JaMychal Green,"$8,200,000",9482049.0
2022,Cedi Osman,"$8,133,334",9404960.0
2022,Evan Mobley,"$8,075,160",9337691.0
2022,De'Andre Hunter,"$7,775,400",8991064.0
2022,DJ Augustin,"$7,622,467",8814220.0
2022,Mo Bamba,"$7,568,743",8752097.0
2022,Ivica Zubac,"$7,518,518",8694019.0
2022,Rajon Rondo,"$7,500,000",8672605.0
2022,TJ McConnell,"$7,500,000",8672606.0
2022,Patrick Williams,"$7,422,000",8582411.0
2022,Cory Joseph,"$7,310,000",8452900.0
2022,Scottie Barnes,"$7,280,400",8418672.0
2022,Darius Garland,"$7,040,880",8141704.0
2022,Chris Boucher,"$7,020,000",8117559.0
2022,PJ Tucker,"$7,000,000",8094432.0
2022,Zach Collins,"$7,000,000",8094432.0
2022,Wendell Carter,"$6,920,027",8001956.0
2022,Juan Hernangomez,"$6,803,190",7866851.0
2022,Isaac Okoro,"$6,720,720",7771488.0
2022,Jalen Suggs,"$6,592,920",7623706.0
2022,Cameron Payne,"$6,500,000",7516258.0
2022,Joakim Noah,"$6,431,666",7437241.0
2022,Jarrett Culver,"$6,395,160",7395027.0
2022,Khem Birch,"$6,350,000",7342806.0
2022,Collin Sexton,"$6,349,671",7342426.0
2022,Onyeka Okongwu,"$6,104,280",7058669.0
2022,Justin Holiday,"$6,006,420",6945508.0
2022,Josh Giddey,"$5,988,000",6924209.0
2022,Patrick Mills,"$5,890,000",6810886.0
2022,Dennis Schroeder,"$5,890,000",6810886.0
2022,Rudy Gay,"$5,890,000",6810886.0
2022,Kevin Knox,"$5,845,978",6759982.0
2022,Coby White,"$5,837,760",6750479.0
2022,Timofey Mozgov,"$5,573,333",6444709.0
2022,Killian Hayes,"$5,572,680",6443954.0
2022,Mikal Bridges,"$5,557,725",6426661.0
2022,Shai Gilgeous-Alexander,"$5,495,532",6354744.0
2022,Jonathan Kuminga,"$5,466,360",6321011.0
2022,Miles Bridges,"$5,421,493",6269130.0
2022,Jaxson Hayes,"$5,348,280",6184470.0
2022,Pat Connaughton,"$5,333,334",6167187.0
2022,Kris Dunn,"$5,317,430",6148796.0
2022,George Hill,"$5,275,491",6100300.0
2022,Michael Porter,"$5,258,735",6080925.0
2022,Dewayne Dedmon,"$5,256,308",6078118.0
2022,Ryan Anderson,"$5,214,583",6029870.0
2022,Hamidou Diallo,"$5,200,000",6013007.0
2022,Kevon Looney,"$5,178,572",5988228.0
2022,Troy Brown,"$5,170,564",5978968.0
2022,Obi Toppin,"$5,105,160",5903339.0
2022,Franz Wagner,"$5,007,840",5790803.0
2022,Josh Jackson,"$5,005,350",5787924.0
2022,Louis Williams,"$5,000,000",5781737.0
2022,Luol Deng,"$5,000,000",5781737.0
2022,Kendrick Nunn,"$5,000,000",5781737.0
2022,Robin Lopez,"$5,000,000",5781737.0
2022,JaVale McGee,"$5,000,000",5781737.0
2022,Danuel House,"$4,997,424",5778758.0
2022,Rui Hachimura,"$4,916,160",5684789.0
2022,Garrett Temple,"$4,910,000",5677666.0
2022,Taj Gibson,"$4,910,000",5677666.0
2022,Torrey Craig,"$4,878,049",5640719.0
2022,Bruce Brown,"$4,736,102",5476579.0
2022,Deni Avdija,"$4,692,840",5426553.0
2022,Donte DiVincenzo,"$4,675,830",5406884.0
2022,Cam Reddish,"$4,670,160",5400328.0
2022,David Nwaba,"$4,650,000",5377016.0
2022,Furkan Korkmaz,"$4,629,630",5353461.0
2022,Davion Mitchell,"$4,603,200",5322898.0
2022,Bryn Forbes,"$4,500,000",5203563.0
2022,Jeff Green,"$4,500,000",5203563.0
2022,Ishmael Smith,"$4,500,000",5203563.0
2022,Jalen Smith,"$4,458,000",5154997.0
2022,Lonnie Walker,"$4,447,896",5143313.0
2022,Cameron Johnson,"$4,437,000",5130714.0
2022,Ziaire Williams,"$4,373,040",5056754.0
2022,Bobby Portis,"$4,347,600",5027336.0
2022,Moe Harkless,"$4,347,600",5027336.0
2022,Kevin Huerter,"$4,253,357",4918358.0
2022,Devin Vassell,"$4,235,160",4897316.0
2022,Chandler Hutchison,"$4,224,186",4884626.0
2022,Willie Cauley-Stein,"$4,220,083",4879881.0
2022,PJ Washington,"$4,215,120",4874143.0
2022,James Bouknight,"$4,154,400",4803930.0
2022,Jevon Carter,"$4,107,149",4749291.0
2022,Josh Okogie,"$4,087,904",4727037.0
2022,Grayson Allen,"$4,054,695",4688636.0
2022,Jarred Vanderbilt,"$4,050,000",4683207.0
2022,Tyrese Haliburton,"$4,023,600",4652679.0
2022,Tyler Herro,"$4,004,280",4630339.0
2022,Gorgui Dieng,"$4,000,000",4625390.0
2022,Dorian Finney-Smith,"$4,000,000",4625390.0
2022,Terence Davis,"$4,000,000",4625390.0
2022,Aaron Holiday,"$3,980,551",4602900.0
2022,Josh Primo,"$3,946,800",4563872.0
2022,Jake Layman,"$3,940,184",4556222.0
2022,Anfernee Simons,"$3,938,818",4554642.0
2022,Justise Winslow,"$3,902,439",4512575.0
2022,Kira Lewis,"$3,822,240",4419837.0
2022,Romeo Langford,"$3,804,360",4399162.0
2022,Sekou Doumbouya,"$3,799,131",4393114.0
2022,Landry Shamet,"$3,768,342",4357512.0
2022,Chris Duarte,"$3,749,400",4335609.0
2022,Alex Len,"$3,732,000",4315489.0
2022,Robert Williams,"$3,661,976",4234516.0
2022,Aaron Nesmith,"$3,631,200",4198929.0
2022,Moses Moody,"$3,562,200",4119141.0
2022,Boban Marjanovic,"$3,500,000",4047216.0
2022,Mike Muscala,"$3,500,000",4047216.0
2022,Cole Anthony,"$3,449,400",3988705.0
2022,Corey Kispert,"$3,383,640",3912663.0
2022,Luka Samanic,"$3,355,239",3879821.0
2022,Michael Carter-Williams,"$3,300,000",3815946.0
2022,Georges Niang,"$3,300,000",3815946.0
2022,Isaiah Stewart,"$3,277,080",3789443.0
2022,Chuma Okeke,"$3,277,080",3789443.0
2022,Nickeil Alexander-Walker,"$3,261,480",3771404.0
2022,Alperen Sengun,"$3,214,680",3717287.0
2022,Jon Leuer,"$3,169,348",3664867.0
2022,Trey Burke,"$3,150,000",3642494.0
2022,Aleksej Pokusevski,"$3,113,160",3599894.0
2022,Facundo Campazzo,"$3,100,000",3584677.0
2022,Goga Bitadze,"$3,098,400",3582827.0
2022,Trey Murphy,"$3,053,760",3531207.0
2022,Sterling Brown,"$3,000,000",3469042.0
2022,Frank Jackson,"$3,000,000",3469042.0
2022,Josh Green,"$2,957,520",3419920.0
2022,Tre Mann,"$2,901,240",3354841.0
2022,Andrew Nicholson,"$2,844,429",3289148.0
2022,Matisse Thybulle,"$2,840,160",3284212.0
2022,Saddiq Bey,"$2,824,320",3265895.0
2022,Kai Jones,"$2,770,560",3203730.0
2022,Brandon Clarke,"$2,726,880",3153220.0
2022,Precious Achiuwa,"$2,711,280",3135181.0
2022,Marc Gasol,"$2,692,991",3114033.0
2022,Jalen Johnson,"$2,659,680",3075514.0
2022,LaMarcus Aldridge,"$2,641,691",3054712.0
2022,James Johnson,"$2,641,691",3054712.0
2022,Ed Davis,"$2,641,691",3054712.0
2022,Andre Iguodala,"$2,641,691",3054712.0
2022,Enes Kanter,"$2,641,691",3054712.0
2022,Avery Bradley,"$2,641,691",3054712.0
2022,Carmelo Anthony,"$2,641,691",3054712.0
2022,Wayne Ellington,"$2,641,691",3054712.0
2022,Trevor Ariza,"$2,641,691",3054712.0
2022,Dwight Howard,"$2,641,691",3054712.0
2022,Udonis Haslem,"$2,641,691",3054712.0
2022,Markieff Morris,"$2,641,691",3054712.0
2022,E'Twaun Moore,"$2,641,691",3054712.0
2022,Paul Millsap,"$2,641,691",3054712.0
2022,Grant Williams,"$2,617,800",3027086.0
2022,Tyrese Maxey,"$2,602,920",3009880.0
2022,Keon Johnson,"$2,553,240",2952432.0
2022,Darius Bazley,"$2,513,040",2905947.0
2022,Trey Lyles,"$2,500,000",2890868.0
2022,Zeke Nnaji,"$2,498,760",2889434.0
2022,Isaiah Jackson,"$2,451,240",2834485.0
2022,Ty Jerome,"$2,412,840",2790081.0
2022,Andre Drummond,"$2,401,537",2777011.0
2022,Austin Rivers,"$2,401,537",2777011.0
2022,Kent Bazemore,"$2,401,537",2777011.0
2022,Hassan Whiteside,"$2,401,537",2777011.0
2022,Otto Porter,"$2,389,641",2763255.0
2022,Victor Oladipo,"$2,389,641",2763255.0
2022,Tony Snell,"$2,389,641",2763255.0
2022,Solomon Hill,"$2,389,641",2763255.0
2022,Ben McLemore,"$2,389,641",2763255.0
2022,Cody Zeller,"$2,389,641",2763255.0
2022,Usman Garuba,"$2,353,320",2721255.0
2022,Leandro Bolmaro,"$2,353,320",2721255.0
2022,Willy Hernangomez,"$2,327,220",2691075.0
2022,Edmond Sumner,"$2,320,000",2682726.0
2022,Nassir Little,"$2,316,240",2678378.0
2022,RJ Hampton,"$2,303,040",2663114.0
2022,DeAndre Bembry,"$2,271,045",2626116.0
2022,Josh Christopher,"$2,259,240",2612466.0
2022,Monta Ellis,"$2,245,400",2596462.0
2022,Drew Eubanks,"$2,239,820",2590009.0
2022,Rodney Hood,"$2,239,544",2589691.0
2022,Elfrid Payton,"$2,239,544",2589691.0
2022,Dylan Windler,"$2,239,200",2589293.0
2022,Immanuel Quickley,"$2,210,640",2556268.0
2022,John Konchar,"$2,200,000",2543964.0
2022,Quentin Grimes,"$2,168,640",2507701.0
2022,Jordan Poole,"$2,161,440",2499375.0
2022,Bol Bol,"$2,161,152",2499042.0
2022,Keldon Johnson,"$2,145,720",2481198.0
2022,Payton Pritchard,"$2,137,440",2471623.0
2022,Jahlil Okafor,"$2,130,023",2463046.0
2022,Bones Hyland,"$2,096,880",2424722.0
2022,Nemanja Bjelica,"$2,089,448",2416128.0
2022,Frank Kaminsky,"$2,089,448",2416128.0
2022,Raul Neto,"$2,089,448",2416128.0
2022,Udoka Azubuike,"$2,075,880",2400438.0
2022,Jaden McDaniels,"$2,063,280",2385868.0
2022,Malachi Flynn,"$2,048,040",2368246.0
2022,DeMarcus Cousins,"$2,038,942",2357725.0
2022,Cam Thomas,"$2,036,280",2354647.0
2022,Desmond Bane,"$2,033,160",2351039.0
2022,Jaden Springer,"$2,023,680",2340077.0
2022,Day'Ron Sharpe,"$2,009,160",2323287.0
2022,Garrison Mathews,"$2,000,000",2312695.0
2022,Jordan McLaughlin,"$2,000,000",2312695.0
2022,Jeremiah Robinson-Earl,"$2,000,000",2312695.0
2022,Theo Maledon,"$2,000,000",2312695.0
2022,Kenrich Williams,"$2,000,000",2312695.0
2022,Abdel Nader,"$2,000,000",2312695.0
2022,Santiago Aldama,"$1,994,520",2306358.0
2022,Damian Jones,"$1,977,011",2286111.0
2022,Wesley Matthews,"$1,958,495",2264700.0
2022,Timothe Luwawu,"$1,939,350",2242562.0
2022,Rodney McGruder,"$1,939,350",2242562.0
2022,Moses Brown,"$1,933,909",2236270.0
2022,Wesley Iwundu,"$1,926,834",2228089.0
2022,Jose Alvarado,"$1,925,406",2226438.0
2022,Damion Lee,"$1,910,860",2209618.0
2022,PJ Dozier,"$1,910,860",2209618.0
2022,Killian Tillie,"$1,901,625",2198939.0
2022,Tyrell Terry,"$1,869,438",2161719.0
2022,Larry Sanders,"$1,865,546",2157219.0
2022,Carsen Edwards,"$1,859,365",2150071.0
2022,Shake Milton,"$1,846,738",2135470.0
2022,Jalen Brunson,"$1,802,057",2083804.0
2022,Mitchell Robinson,"$1,802,057",2083804.0
2022,Tony Bradley,"$1,789,256",2069001.0
2022,Frank Ntilikina,"$1,789,256",2069001.0
2022,Semi Ojeleye,"$1,789,256",2069001.0
2022,Malik Monk,"$1,789,256",2069001.0
2022,Dennis Smith,"$1,789,256",2069001.0
2022,Didi Louzada,"$1,786,878",2066251.0
2022,Nicolas Claxton,"$1,782,621",2061329.0
2022,Jalen McDaniels,"$1,782,621",2061329.0
2022,Cody Martin,"$1,782,621",2061329.0
2022,Dean Wade,"$1,782,621",2061329.0
2022,Vlatko Cancar,"$1,782,621",2061329.0
2022,Kevin Porter,"$1,782,621",2061329.0
2022,Bruno Fernando,"$1,782,621",2061329.0
2022,Terance Mann,"$1,782,621",2061329.0
2022,Jaylen Nowell,"$1,782,621",2061329.0
2022,Naz Reid,"$1,782,621",2061329.0
2022,KZ Okpala,"$1,782,621",2061329.0
2022,Isaiah Roby,"$1,782,621",2061329.0
2022,Luguentz Dort,"$1,782,621",2061329.0
2022,Eric Paschall,"$1,782,621",2061329.0
2022,Daniel Gafford,"$1,782,621",2061329.0
2022,Chimezie Metu,"$1,762,796",2038404.0
2022,Yuta Watanabe,"$1,762,796",2038404.0
2022,Armoni Brooks,"$1,739,065",2010962.0
2022,Isaiah Hartenstein,"$1,729,217",1999575.0
2022,Thanasis Antetokounmpo,"$1,729,217",1999575.0
2022,Moritz Wagner,"$1,729,217",1999575.0
2022,Keita Bates-Diop,"$1,729,217",1999575.0
2022,Sviatoslav Mykhailiuk,"$1,729,217",1999575.0
2022,Isaac Bonga,"$1,729,217",1999575.0
2022,Juan Toscano-Anderson,"$1,701,593",1967632.0
2022,Oshae Brissett,"$1,701,593",1967632.0
2022,Herb Jones,"$1,700,000",1965790.0
2022,Gabriel Deck,"$1,690,507",1954813.0
2022,Matt Thomas,"$1,669,178",1930149.0
2022,Javonte Green,"$1,669,178",1930149.0
2022,Gary Payton II,"$1,669,178",1930149.0
2022,Max Strus,"$1,669,178",1930149.0
2022,Gabe Vincent,"$1,669,178",1930149.0
2022,Robert Woodard,"$1,619,015",1872143.0
2022,Lance Stephenson,"$1,614,825",1867297.0
2022,Deividas Sirvydis,"$1,603,559",1854271.0
2022,Daniel Oturu,"$1,603,559",1854270.0
2022,Kevin Pangos,"$1,569,178",1814515.0
2022,Bismack Biyombo,"$1,518,213",1755581.0
2022,Nick Richards,"$1,517,981",1755313.0
2022,Lamar Stevens,"$1,517,981",1755313.0
2022,KJ Martin,"$1,517,981",1755313.0
2022,Jae'Sean Tate,"$1,517,981",1755313.0
2022,Sam Merrill,"$1,517,981",1755313.0
2022,Xavier Tillman,"$1,517,981",1755313.0
2022,Jordan Nwora,"$1,517,981",1755313.0
2022,Naji Marshall,"$1,517,981",1755313.0
2022,Paul Reed,"$1,517,981",1755313.0
2022,Isaiah Joe,"$1,517,981",1755313.0
2022,Elijah Hughes,"$1,517,981",1755313.0
2022,CJ Elleby,"$1,517,981",1755313.0
2022,Jahmi'us Ramsey,"$1,517,981",1755313.0
2022,Tre Jones,"$1,517,981",1755313.0
2022,Anthony Gill,"$1,517,981",1755313.0
2022,Vernon Carey,"$1,517,981",1755313.0
2022,Isaiah Todd,"$1,500,000",1734521.0
2022,Saben Lee,"$1,489,065",1721876.0
2022,Omer Yurtseven,"$1,489,065",1721876.0
2022,JR Smith,"$1,456,667",1684413.0
2022,Stanley Johnson,"$1,368,998",1583036.0
2022,Duane Washington Jr,"$1,346,676",1557225.0
2022,Aaron Wiggins,"$1,305,761",1509913.0
2022,Marquese Chriss,"$1,292,900",1495041.0
2022,JT Thor,"$1,250,000",1445434.0
2022,DeMarre Carroll,"$1,242,340",1436576.0
2022,Jabari Parker,"$1,168,286",1350944.0
2022,Alfonzo McKinnie,"$1,090,007",1260426.0
2022,Zhaire Smith,"$1,068,200",1235210.0
2022,Jason Preston,"$1,062,303",1228391.0
2022,Isaiah Livers,"$1,057,260",1222559.0
2022,Denzel Valentine,"$1,005,633",1162860.0
2022,Alize Johnson,"$1,003,740",1160670.0
2022,Kyle Singler,"$999,200",1155422.0
2022,Kelan Martin,"$993,760",1149131.0
2022,Miye Oni,"$946,261",1094206.0
2022,Ayo Dosunmu,"$925,258",1069919.0
2022,Marko Simonovic,"$925,258",1069919.0
2022,Luka Garza,"$925,258",1069919.0
2022,BJ Boston,"$925,258",1069919.0
2022,Austin Reaves,"$925,258",1069919.0
2022,Miles McBride,"$925,258",1069919.0
2022,Vit Krejci,"$925,258",1069919.0
2022,Charles Bassey,"$925,258",1069919.0
2022,Greg Brown,"$925,258",1069919.0
2022,Jock Landale,"$925,258",1069919.0
2022,Dalano Banton,"$925,258",1069919.0
2022,Jared Butler,"$925,258",1069919.0
2022,Daishen Nix,"$923,078",1067398.0
2022,Isaiah Thomas,"$910,926",1053345.0
2022,Terry Taylor,"$895,125",1035075.0
2022,Mamadi Diakite,"$869,078",1004956.0
2022,Caleb Martin,"$844,011",975970.0
2022,Brad Wanamaker,"$814,918",942327.0
2022,Luke Kornet,"$812,364",939374.0
2022,Wayne Selden,"$812,363",939373.0
2022,Gary Clark,"$811,213",938044.0
2022,Ryan Arcidiacono,"$774,727",895853.0
2022,Trendon Watford,"$768,830",889034.0
2022,Patrick Patterson,"$737,067",852305.0
2022,Devontae Cacok,"$726,128",839656.0
2022,Admiral Schofield,"$723,741",836895.0
2022,Ishmail Wainright,"$707,893",818569.0
2022,Shaun Livingston,"$666,666",770897.0
2022,Malik Fitts,"$630,874",729508.0
2022,Sam Hauser,"$619,498",716354.0
2022,Greg Monroe,"$612,805",708612.0
2022,Amir Coffey,"$573,576",663253.0
2022,Joe Wieskamp,"$563,663",651790.0
2022,Keifer Sykes,"$558,345",645640.0
2022,Haywood Highsmith,"$547,701",633332.0
2022,Nik Stauskas,"$534,993",618637.0
2022,Davon Reed,"$532,398",615637.0
2022,Wenyen Gabriel,"$522,015",603628.0
2022,Skylar Mays,"$510,907",590786.0
2022,Georgios Kalaitzakis,"$499,852",578001.0
2022,RJ Nembhard,"$491,876",568779.0
2022,Chris Silva,"$479,650",554641.0
2022,Kessler Edwards,"$463,211",535632.0
2022,Trent Forrest,"$463,211",535632.0
2022,Sharife Cooper,"$462,629",534959.0
2022,Brodric Thomas,"$462,629",534959.0
2022,David Duke,"$462,629",534959.0
2022,Scottie Lewis,"$462,629",534959.0
2022,Arnoldas Kulboka,"$462,629",534959.0
2022,Tyler Cook,"$462,629",534959.0
2022,Markus Howard,"$462,629",534959.0
2022,Jamorko Pickett,"$462,629",534959.0
2022,Sean Chris Smith,"$462,629",534959.0
2022,Chris Chiozza,"$462,629",534959.0
2022,Jay Scrubb,"$462,629",534959.0
2022,Yves Pons,"$462,629",534959.0
2022,Sandro Mamukelashvili,"$462,629",534959.0
2022,McKinley Wright,"$462,629",534959.0
2022,Nathan Knight,"$462,629",534959.0
2022,Jericho Sims,"$462,629",534959.0
2022,Ignas Brazdeikis,"$462,629",534959.0
2022,Keljin Blevins,"$462,629",534959.0
2022,Neemias Queta,"$462,629",534959.0
2022,David Johnson,"$462,629",534959.0
2022,Justin Champagnie,"$462,629",534959.0
2022,Joel Ayayi,"$462,629",534959.0
2022,Cassius Winston,"$462,629",534959.0
2022,Justin Anderson,"$445,828",515532.0
2022,Theo Pinson,"$440,710",509613.0
2022,Charlie Brown,"$431,151",498559.0
2022,Langston Galloway,"$386,127",446496.0
2022,James Ennis,"$386,127",446496.0
2022,Tim Frazier,"$386,127",446496.0
2022,Kyle Guy,"$383,079",442972.0
2022,Sam Dekker,"$350,000",404721.0
2022,Quinndary Weatherspoon,"$346,491",400664.0
2022,Brandon Goodwin,"$343,988",397769.0
2022,Malcolm Hill,"$324,373",375086.0
2022,Louis King,"$316,396",365863.0
2022,Justin Jackson,"$308,493",356724.0
2022,Shaquille Harrison,"$308,493",356724.0
2022,DJ Wilson,"$308,493",356725.0
2022,Jeff Dowtin,"$305,761",353564.0
2022,Trevelin Queen,"$303,102",350491.0
2022,Paul Watson,"$303,102",350491.0
2022,Myles Powell,"$300,443",347416.0
2022,Jontay Porter,"$300,000",346904.0
2022,Mason Jones,"$295,125",341267.0
2022,Eugene Omoruyi,"$281,831",325894.0
2022,Brandon Knight,"$274,672",317616.0
2022,Justin Robinson,"$265,953",307533.0
2022,Ja'Vonte Smart,"$265,878",307447.0
2022,Mychal Mulder,"$257,902",298223.0
2022,Tyler Johnson,"$257,418",297664.0
2022,Cassius Stanley,"$256,734",296873.0
2022,Zylan Cheatham,"$256,734",296871.0
2022,Devon Dotson,"$239,291",276703.0
2022,Marcus Garrett,"$236,632",273628.0
2022,Lindell Wigginton,"$233,973",270554.0
2022,Jay Huff,"$225,997",261331.0
2022,Olivier Sarr,"$223,339",258257.0
2022,Aaron Henry,"$223,338",258256.0
2022,Freddie Gillespie,"$221,156",255732.0
2022,JaQuori McLaughlin,"$220,679",255181.0
2022,Rayjon Tucker,"$220,639",255134.0
2022,Tacko Fall,"$218,021",252108.0
2022,Petr Cornelie,"$218,021",252108.0
2022,Juwan Morgan,"$211,046",244042.0
2022,Damyean Dotson,"$205,662",237816.0
2022,Xavier Moon,"$202,069",233661.0
2022,Tyrone Wallace,"$198,760",229835.0
2022,Norvel Pelle,"$191,860",221856.0
2022,Jaylen Hoard,"$191,860",221856.0
2022,Tremont Waters,"$191,860",221856.0
2022,Reggie Perry,"$188,272",217706.0
2022,Devin Cannady,"$185,578",214592.0
2022,Brandon Williams,"$180,798",209065.0
2022,Moses Wright,"$172,821",199840.0
2022,DeJon Jarreau,"$172,821",199840.0
2022,Dakota Mathias,"$171,156",197915.0
2022,Matt Mooney,"$171,156",197915.0
2022,Daulton Hommes,"$167,504",193692.0
2022,Grant Riller,"$162,186",187543.0
2022,Lindy Waters III,"$159,527",184468.0
2022,CJ Miles,"$151,821",175557.0
2022,Joe Johnson,"$151,821",175557.0
2022,Ersan Ilyasova,"$151,821",175557.0
2022,Darren Collison,"$151,821",175557.0
2022,Anthony Tolliver,"$151,821",175557.0
2022,Chaundee Brown,"$151,552",175246.0
2022,Xavier Sneed,"$146,233",169096.0
2022,Mario Chalmers,"$138,019",159597.0
2022,Anthony Lamb,"$136,095",157372.0
2022,Braxton Key,"$127,622",147574.0
2022,Troy Williams,"$122,741",141931.0
2022,Feron Hunt,"$116,987",135276.0
2022,Mac McClung,"$111,670",129128.0
2022,Matt Ryan,"$111,669",129128.0
2022,Emmanuel Mudiay,"$111,457",128883.0
2022,Carlik Jones,"$106,352",122978.0
2022,Hassani Gravett,"$106,352",122979.0
2022,Paris Bass,"$106,352",122979.0
2022,Jordan Bell,"$102,831",118908.0
2022,Cheick Diallo,"$102,831",118908.0
2022,DJ Stewart,"$101,034",116830.0
2022,Nate Hinton,"$96,213",111255.0
2022,Derrick Walton,"$95,930",110928.0
2022,DaQuan Jeffries,"$95,930",110928.0
2022,Justin James,"$95,930",110928.0
2022,Scotty Hopson,"$95,930",110928.0
2022,BJ Johnson,"$95,930",110928.0
2022,Jaylen Morris,"$95,930",110928.0
2022,Demetrius Jackson,"$92,857",107374.0
2022,Cameron Oliver,"$85,578",98957.0
2022,Chris Clemons,"$85,578",98957.0
2022,Malik Newman,"$85,578",98957.0
2022,George King,"$85,578",98957.0
2022,Jemerrio Jones,"$85,578",98957.0
2022,Emanuel Terry,"$85,578",98957.0
2022,Jared Harper,"$85,081",98383.0
2022,Gabriel Lundberg,"$79,764",92234.0
2022,Anthony Barber,"$53,176",61489.0
2022,Malik Ellison,"$53,176",61489.0
2022,Justin Tillman,"$53,176",61489.0
2022,Tre Scott,"$53,176",61489.0
2022,Trayvon Palmer,"$53,176",61489.0
2022,Micah Potter,"$53,176",61489.0
2022,Jaysean Paige,"$53,176",61489.0
2022,Ahmad Caver,"$53,176",61489.0
2022,Shaq Buchanan,"$53,176",61489.0
2022,Jon Teske,"$53,176",61489.0
2022,Aric Holman,"$53,176",61489.0
2022,Javin DeLaurier,"$53,176",61489.0
2022,Tyler Hall,"$53,176",61489.0
2022,Rob Edwards,"$53,176",61489.0
2022,Aleem Ford,"$53,176",61489.0
2022,MJ Walker,"$53,176",61489.0
2022,Cameron McGriff,"$53,176",61489.0
2022,Jarron Cumberland,"$53,176",61489.0
2022,Ade Murkey,"$53,176",61489.0
2022,Jordan Schakel,"$53,176",61489.0
2022,Jordan Goodwin,"$53,176",61489.0
2022,Craig Sword,"$53,176",61489.0
2022,Jaime Echenique,"$53,176",61489.0
2022,Luca Vildoza,"$42,789",49478.0
2022,Zavier Simpson,"$37,223",43042.0
2022,Mfiondu Kabengele,"$19,186",22185.0
2022,Melvin Frazier,"$13,294",15372.0
2023,Stephen Curry,"$48,070,014",50968059.0
2023,John Wall,"$47,345,760",50200141.0
2023,Russell Westbrook,"$47,080,179",49918548.0
2023,LeBron James,"$44,474,988",47156296.0
2023,Kevin Durant,"$44,119,845",46779742.0
2023,Bradley Beal,"$43,279,250",45888469.0
2023,Kawhi Leonard,"$42,492,492",45054279.0
2023,Paul George,"$42,492,492",45054279.0
2023,Giannis Antetokounmpo,"$42,492,492",45054279.0
2023,Damian Lillard,"$42,492,492",45054279.0
2023,Klay Thompson,"$40,600,080",43047777.0
2023,Kyrie Irving,"$38,917,057",41263288.0
2023,Rudy Gobert,"$38,172,414",40473752.0
2023,Khris Middleton,"$37,984,276",40274272.0
2023,Anthony Davis,"$37,980,720",40270501.0
2023,Jimmy Butler,"$37,653,300",39923342.0
2023,Tobias Harris,"$37,633,050",39901871.0
2023,Kemba Walker,"$37,281,261",39528872.0
2023,Trae Young,"$37,096,500",39332974.0
2023,Zach LaVine,"$37,096,500",39332974.0
2023,Luka Doncic,"$37,096,500",39332974.0
2023,Ben Simmons,"$35,448,672",37585801.0
2023,Pascal Siakam,"$35,448,672",37585801.0
2023,Myles Turner,"$35,096,500",37212398.0
2023,Jrue Holiday,"$34,319,520",36388575.0
2023,Karl-Anthony Towns,"$33,833,400",35873148.0
2023,Devin Booker,"$33,833,400",35873148.0
2023,Kristaps Porzingis,"$33,833,400",35873148.0
2023,Andrew Wiggins,"$33,616,770",35643458.0
2023,Joel Embiid,"$33,616,770",35643458.0
2023,CJ McCollum,"$33,333,333",35342933.0
2023,Nikola Jokic,"$33,047,803",35040189.0
2023,James Harden,"$33,000,000",34989504.0
2023,Jamal Murray,"$31,650,600",33558751.0
2023,Brandon Ingram,"$31,650,600",33558751.0
2023,D'Angelo Russell,"$31,377,750",33269452.0
2023,Donovan Mitchell,"$30,913,750",32777478.0
2023,Michael Porter,"$30,913,750",32777478.0
2023,Shai Gilgeous-Alexander,"$30,913,750",32777478.0
2023,Deandre Ayton,"$30,913,750",32777478.0
2023,Kevin Love,"$30,556,968",32399186.0
2023,Jayson Tatum,"$30,351,780",32181628.0
2023,Bam Adebayo,"$30,351,780",32181628.0
2023,De'Aaron Fox,"$30,351,780",32181628.0
2023,Gordon Hayward,"$30,075,000",31888161.0
2023,Jaylen Brown,"$29,776,785",31571968.0
2023,Jaren Jackson Jr,"$28,946,605",30691738.0
2023,Chris Paul,"$28,400,000",30112179.0
2023,Kyle Lowry,"$28,333,334",30041494.0
2023,Jalen Brunson,"$27,733,332",29405319.0
2023,DeMar DeRozan,"$27,300,000",28945862.0
2023,Al Horford,"$26,500,000",28097632.0
2023,Draymond Green,"$25,806,468",27362288.0
2023,Julius Randle,"$23,760,000",25192443.0
2023,John Collins,"$23,500,000",24916768.0
2023,Mike Conley,"$22,680,000",24047332.0
2023,Malcolm Brogdon,"$22,600,000",23962508.0
2023,Anfernee Simons,"$22,321,429",23667143.0
2023,Nikola Vucevic,"$22,000,000",23326336.0
2023,Terry Rozier,"$21,486,316",22781683.0
2023,Fred VanVleet,"$21,250,000",22531120.0
2023,Buddy Hield,"$21,177,750",22454514.0
2023,Domantas Sabonis,"$21,100,000",22372076.0
2023,Jerami Grant,"$20,955,000",22218335.0
2023,Aaron Gordon,"$20,690,909",21938322.0
2023,Mikal Bridges,"$20,100,000",21311788.0
2023,Jarrett Allen,"$20,000,000",21205760.0
2023,Nicolas Batum,"$19,700,319",20888011.0
2023,Tim Hardaway Jr,"$19,602,273",20784054.0
2023,Eric Gordon,"$19,568,360",20748097.0
2023,Bojan Bogdanovic,"$19,550,000",20728630.0
2023,Lonzo Ball,"$19,534,884",20712603.0
2023,Spencer Dinwiddie,"$19,500,000",20675616.0
2023,Danilo Gallinari,"$19,479,000",20653350.0
2023,Caris LeVert,"$18,796,296",19929487.0
2023,Joe Harris,"$18,642,857",19766797.0
2023,Harrison Barnes,"$18,352,273",19458694.0
2023,Clint Capela,"$18,206,896",19304553.0
2023,Bogdan Bogdanovic,"$18,000,000",19085184.0
2023,Evan Fournier,"$18,000,000",19085184.0
2023,Steven Adams,"$17,926,829",19007601.0
2023,Jonathan Isaac,"$17,400,000",18449011.0
2023,OG Anunoby,"$17,357,143",18403570.0
2023,Gary Trent Jr,"$17,280,000",18321776.0
2023,Marcus Smart,"$17,207,142",18244526.0
2023,Derrick White,"$17,142,857",18176365.0
2023,Dejounte Murray,"$17,071,120",18100303.0
2023,Mitchell Robinson,"$17,045,454",18073090.0
2023,Duncan Robinson,"$16,902,000",17920987.0
2023,Norman Powell,"$16,758,621",17768964.0
2023,Collin Sexton,"$16,700,000",17706809.0
2023,Markelle Fultz,"$16,500,000",17494752.0
2023,Lauri Markkanen,"$16,475,454",17468726.0
2023,Marcus Morris,"$16,372,093",17359133.0
2023,Davis Bertans,"$16,000,000",16964608.0
2023,Jusuf Nurkic,"$15,625,000",16567000.0
2023,Malik Beasley,"$15,558,035",16495997.0
2023,Luguentz Dort,"$15,277,778",16198844.0
2023,Will Barton,"$15,059,712",15967631.0
2023,Tyus Jones,"$15,000,000",15904320.0
2023,Jonas Valanciunas,"$14,700,000",15586233.0
2023,Derrick Rose,"$14,520,730",15396155.0
2023,Kevin Huerter,"$14,508,929",15383643.0
2023,Christian Wood,"$14,317,459",15180630.0
2023,Wendell Carter,"$14,150,000",15003075.0
2023,Kentavious Caldwell-Pope,"$14,004,703",14849018.0
2023,Brook Lopez,"$13,906,976",14745399.0
2023,Patrick Beverley,"$13,801,614",14633685.0
2023,Doug McDermott,"$13,750,000",14578960.0
2023,Luke Kennard,"$13,745,455",14574141.0
2023,Zion Williamson,"$13,534,817",14350804.0
2023,Jordan Clarkson,"$13,340,000",14144242.0
2023,Gary Harris,"$13,000,000",13783744.0
2023,Kyle Kuzma,"$13,000,000",13783744.0
2023,Josh Hart,"$12,960,000",13741332.0
2023,Dorian Finney-Smith,"$12,939,848",13719965.0
2023,Kelly Olynyk,"$12,804,878",13576858.0
2023,Chris Boucher,"$12,690,000",13455054.0
2023,Kelly Oubre,"$12,600,000",13359628.0
2023,Marvin Bagley,"$12,500,000",13253600.0
2023,Robert Covington,"$12,307,692",13049698.0
2023,Josh Richardson,"$12,196,094",12931372.0
2023,Ja Morant,"$12,119,440",12850096.0
2023,Danny Green,"$11,710,528",12416532.0
2023,Devonte Graham,"$11,550,000",12246326.0
2023,Terrence Ross,"$11,500,000",12193311.0
2023,Reggie Jackson,"$11,457,217",12147949.0
2023,Dillon Brooks,"$11,400,000",12087283.0
2023,Richaun Holmes,"$11,215,260",11891405.0
2023,Dwight Powell,"$11,080,125",11748123.0
2023,Paolo Banchero,"$11,055,120",11721611.0
2023,RJ Barrett,"$10,900,634",11557811.0
2023,Bobby Portis,"$10,843,350",11497073.0
2023,DeAndre Jordan,"$10,733,758",11380873.0
2023,Anthony Edwards,"$10,733,400",11380495.0
2023,Robert Williams,"$10,714,287",11360230.0
2023,Cade Cunningham,"$10,552,800",11189007.0
2023,PJ Tucker,"$10,490,000",11122421.0
2023,Derrick Favors,"$10,350,803",10974832.0
2023,Mo Bamba,"$10,300,000",10920966.0
2023,Talen Horton-Tucker,"$10,260,000",10878554.0
2023,Jae Crowder,"$10,183,800",10797761.0
2023,Ivica Zubac,"$10,123,457",10733780.0
2023,Reggie Bullock,"$10,012,800",10616451.0
2023,Alec Burks,"$10,012,800",10616451.0
2023,Chet Holmgren,"$9,891,240",10487563.0
2023,De'Andre Hunter,"$9,835,881",10428866.0
2023,Larry Nance Jr,"$9,672,727",10255876.0
2023,James Wiseman,"$9,603,360",10182327.0
2023,Landry Shamet,"$9,500,000",10072736.0
2023,Malik Monk,"$9,472,219",10043280.0
2023,Jalen Green,"$9,441,840",10011069.0
2023,Jakob Poeltl,"$9,398,148",9964743.0
2023,Nerlens Noel,"$9,391,069",9957237.0
2023,Nicolas Claxton,"$9,350,000",9913692.0
2023,Dario Saric,"$9,240,000",9797061.0
2023,Royce O'Neale,"$9,200,000",9754649.0
2023,Monte Morris,"$9,125,000",9675128.0
2023,Mason Plumlee,"$9,080,417",9627857.0
2023,Alex Caruso,"$9,030,000",9574400.0
2023,Maxi Kleber,"$9,000,000",9542592.0
2023,Grayson Allen,"$8,925,000",9463070.0
2023,Darius Garland,"$8,920,794",9458610.0
2023,Jabari Smith,"$8,882,640",9418156.0
2023,Isaiah Hartenstein,"$8,854,879",9388722.0
2023,Kyle Anderson,"$8,780,488",9309846.0
2023,Victor Oladipo,"$8,750,000",9277520.0
2023,Daniel Theis,"$8,694,369",9218535.0
2023,LaMelo Ball,"$8,623,920",9143838.0
2023,Seth Curry,"$8,496,653",9008899.0
2023,Evan Mobley,"$8,478,720",8989885.0
2023,Gary Payton II,"$8,300,000",8800390.0
2023,Dewayne Dedmon,"$8,283,688",8783094.0
2023,De'Anthony Melton,"$8,250,000",8747376.0
2023,JaMychal Green,"$8,200,000",8694360.0
2023,TJ McConnell,"$8,100,000",8588332.0
2023,Keegan Murray,"$8,008,440",8491252.0
2023,Kevon Looney,"$8,000,000",8482304.0
2023,Thaddeus Young,"$8,000,000",8482304.0
2023,Delon Wright,"$7,804,878",8275418.0
2023,Patrick Williams,"$7,775,400",8244163.0
2023,Scottie Barnes,"$7,644,600",8105477.0
2023,Cedi Osman,"$7,426,088",7873792.0
2023,Coby White,"$7,413,955",7860927.0
2023,Zach Collins,"$7,350,000",7793116.0
2023,Jaden Ivey,"$7,252,200",7689420.0
2023,Taurean Prince,"$7,100,000",7528044.0
2023,Jae'Sean Tate,"$7,065,217",7491164.0
2023,Isaac Okoro,"$7,040,880",7465360.0
2023,Cody Martin,"$7,000,000",7422016.0
2023,Jalen Suggs,"$6,922,320",7339652.0
2023,Jaxson Hayes,"$6,803,012",7213152.0
2023,Khem Birch,"$6,667,500",7069470.0
2023,Bennedict Mathurin,"$6,586,800",6983905.0
2023,Patrick Mills,"$6,479,000",6869606.0
2023,Bruce Brown,"$6,479,000",6869606.0
2023,Lonnie Walker,"$6,479,000",6869606.0
2023,Caleb Martin,"$6,479,000",6869606.0
2023,Joe Ingles,"$6,479,000",6869606.0
2023,Onyeka Okongwu,"$6,395,160",6780711.0
2023,Josh Giddey,"$6,287,400",6666454.0
2023,Rui Hachimura,"$6,263,188",6640783.0
2023,Rudy Gay,"$6,184,500",6557351.0
2023,Jevon Carter,"$6,025,000",6388234.0
2023,Shaedon Sharpe,"$6,012,960",6375469.0
2023,Cameron Payne,"$6,000,000",6361728.0
2023,Otto Porter,"$6,000,000",6361728.0
2023,Justin Holiday,"$5,987,975",6348977.0
2023,Cam Reddish,"$5,954,454",6313436.0
2023,Cameron Johnson,"$5,887,899",6242868.0
2023,Ricky Rubio,"$5,853,659",6206564.0
2023,Killian Hayes,"$5,837,760",6189706.0
2023,PJ Washington,"$5,808,435",6158613.0
2023,Jonathan Kuminga,"$5,739,840",6085883.0
2023,Pat Connaughton,"$5,728,393",6073746.0
2023,Tyler Herro,"$5,722,116",6067090.0
2023,Romeo Langford,"$5,634,257",5973935.0
2023,Dyson Daniels,"$5,508,600",5840702.0
2023,JaVale McGee,"$5,461,219",5790465.0
2023,Goga Bitadze,"$5,377,520",5701719.0
2023,Obi Toppin,"$5,348,280",5670717.0
2023,Franz Wagner,"$5,258,280",5575291.0
2023,Kendrick Nunn,"$5,250,000",5566512.0
2023,Hamidou Diallo,"$5,200,000",5513497.0
2023,Cory Joseph,"$5,155,500",5466314.0
2023,Garrett Temple,"$5,155,500",5466314.0
2023,Torrey Craig,"$5,121,951",5430743.0
2023,Jeremy Sochan,"$5,063,520",5368789.0
2023,David Nwaba,"$5,022,000",5324766.0
2023,Nickeil Alexander-Walker,"$5,009,633",5311653.0
2023,Furkan Korkmaz,"$5,000,000",5301440.0
2023,Deni Avdija,"$4,916,160",5212545.0
2023,Davion Mitchell,"$4,833,600",5125008.0
2023,Johnny Davis,"$4,810,320",5100324.0
2023,Ty Jerome,"$4,728,948",5014046.0
2023,Ishmael Smith,"$4,725,000",5009860.0
2023,Jalen Smith,"$4,670,160",4951714.0
2023,Ziaire Williams,"$4,591,680",4868503.0
2023,Ousmane Dieng,"$4,569,840",4845346.0
2023,Moe Harkless,"$4,564,980",4840193.0
2023,Jeff Green,"$4,500,000",4771296.0
2023,Donte DiVincenzo,"$4,500,000",4771296.0
2023,Devin Vassell,"$4,437,000",4704497.0
2023,Matisse Thybulle,"$4,379,526",4643558.0
2023,Jarred Vanderbilt,"$4,374,000",4637699.0
2023,James Bouknight,"$4,362,240",4625230.0
2023,Brandon Clarke,"$4,343,919",4605805.0
2023,Jalen Williams,"$4,341,480",4603219.0
2023,Grant Williams,"$4,306,281",4565898.0
2023,Darius Bazley,"$4,264,628",4521733.0
2023,Tyrese Haliburton,"$4,215,120",4469241.0
2023,Nassir Little,"$4,171,548",4423042.0
2023,Josh Primo,"$4,144,320",4394172.0
2023,Jalen Duren,"$4,124,280",4372924.0
2023,Gorgui Dieng,"$4,105,236",4352732.0
2023,Danuel House,"$4,105,000",4352482.0
2023,Boban Marjanovic,"$4,101,478",4348747.0
2023,Justise Winslow,"$4,097,561",4344594.0
2023,Dylan Windler,"$4,037,277",4280676.0
2023,Stanley Johnson,"$4,022,164",4264651.0
2023,Kira Lewis,"$4,004,280",4245690.0
2023,George Hill,"$4,000,000",4241152.0
2023,Terence Davis,"$4,000,000",4241152.0
2023,Chris Duarte,"$3,936,960",4174311.0
2023,Alex Len,"$3,918,600",4154844.0
2023,Ochai Agbaji,"$3,918,360",4154590.0
2023,Jordan Poole,"$3,901,399",4136606.0
2023,Keldon Johnson,"$3,873,024",4106520.0
2023,Sviatoslav Mykhailiuk,"$3,846,895",4078816.0
2023,James Johnson,"$3,841,067",4072637.0
2023,Aaron Nesmith,"$3,804,360",4033717.0
2023,Moses Moody,"$3,740,160",3965646.0
2023,Mark Williams,"$3,722,040",3946434.0
2023,Cole Anthony,"$3,613,680",3831541.0
2023,Corey Kispert,"$3,552,840",3767033.0
2023,AJ Griffin,"$3,536,160",3749348.0
2023,Goran Dragic,"$3,523,762",3736201.0
2023,Mike Muscala,"$3,500,000",3711008.0
2023,Georges Niang,"$3,465,000",3673897.0
2023,Isaiah Stewart,"$3,433,320",3640308.0
2023,Chuma Okeke,"$3,433,320",3640308.0
2023,Trey Burke,"$3,423,750",3630161.0
2023,Amir Coffey,"$3,395,062",3599743.0
2023,Alperen Sengun,"$3,375,360",3578853.0
2023,Tari Eason,"$3,359,160",3561677.0
2023,Aleksej Pokusevski,"$3,261,480",3458108.0
2023,Kevin Porter,"$3,217,631",3411615.0
2023,Trey Murphy,"$3,206,520",3399834.0
2023,Simone Fontecchio,"$3,205,128",3398358.0
2023,Derrick Jones,"$3,200,000",3392921.0
2023,Andre Drummond,"$3,200,000",3392921.0
2023,Dalen Terry,"$3,191,400",3383803.0
2023,Sterling Brown,"$3,122,602",3310857.0
2023,Josh Green,"$3,098,400",3285196.0
2023,Jake LaRavia,"$3,047,640",3231376.0
2023,Tre Mann,"$3,046,200",3229849.0
2023,Kevin Knox,"$3,000,000",3180864.0
2023,Saddiq Bey,"$2,959,080",3137477.0
2023,Malaki Branham,"$2,925,600",3101978.0
2023,Joe Wieskamp,"$2,909,261",3084654.0
2023,Kai Jones,"$2,909,040",3084420.0
2023,Blake Griffin,"$2,905,851",3081038.0
2023,Robin Lopez,"$2,905,851",3081038.0
2023,Markieff Morris,"$2,905,851",3081038.0
2023,Andre Iguodala,"$2,905,851",3081038.0
2023,Serge Ibaka,"$2,905,851",3081038.0
2023,Udonis Haslem,"$2,905,851",3081038.0
2023,Wesley Matthews,"$2,905,851",3081038.0
2023,Austin Rivers,"$2,905,851",3081038.0
2023,Bismack Biyombo,"$2,905,851",3081038.0
2023,Taj Gibson,"$2,905,851",3081038.0
2023,RJ Hampton,"$2,898,243",3072971.0
2023,Andrew Nicholson,"$2,844,429",3015913.0
2023,Precious Achiuwa,"$2,840,160",3011387.0
2023,Christian Braun,"$2,808,600",2977924.0
2023,Jordan Nwora,"$2,800,000",2968806.0
2023,Jalen Johnson,"$2,792,640",2961002.0
2023,Tyrese Maxey,"$2,726,880",2891278.0
2023,Bruno Fernando,"$2,717,391",2881217.0
2023,Walker Kessler,"$2,696,400",2858960.0
2023,Keon Johnson,"$2,681,040",2842674.0
2023,Charles Bassey,"$2,674,742",2835996.0
2023,Dennis Schroeder,"$2,641,682",2800943.0
2023,TJ Warren,"$2,628,597",2787069.0
2023,Matthew Dellavedova,"$2,628,597",2787069.0
2023,Trey Lyles,"$2,625,000",2783256.0
2023,Zeke Nnaji,"$2,617,800",2775621.0
2023,David Roddy,"$2,588,640",2744703.0
2023,Isaiah Jackson,"$2,573,760",2728926.0
2023,MarJon Beauchamp,"$2,485,200",2635027.0
2023,Usman Garuba,"$2,471,160",2620141.0
2023,Raul Neto,"$2,463,490",2612008.0
2023,Frank Kaminsky,"$2,463,490",2612008.0
2023,Montrezl Harrell,"$2,463,490",2612008.0
2023,Willy Hernangomez,"$2,443,581",2590899.0
2023,Theo Maledon,"$2,408,891",2554118.0
2023,Blake Wesley,"$2,385,480",2529295.0
2023,Josh Christopher,"$2,372,160",2515172.0
2023,Isaiah Roby,"$2,330,681",2471192.0
2023,Lindy Waters III,"$2,316,876",2456555.0
2023,Immanuel Quickley,"$2,316,240",2455881.0
2023,Wendell Moore,"$2,306,520",2445575.0
2023,John Konchar,"$2,300,000",2438662.0
2023,Rodney McGruder,"$2,298,385",2436950.0
2023,Bryn Forbes,"$2,298,385",2436950.0
2023,Juan Hernangomez,"$2,298,385",2436950.0
2023,Damian Jones,"$2,298,385",2436950.0
2023,Quentin Grimes,"$2,277,000",2414275.0
2023,Saben Lee,"$2,266,640",2403289.0
2023,Andrew Nembhard,"$2,244,111",2379403.0
2023,Nikola Jovic,"$2,239,920",2374960.0
2023,Payton Pritchard,"$2,239,200",2374196.0
2023,Vlatko Cancar,"$2,234,359",2369064.0
2023,Patrick Baldwin,"$2,226,000",2360201.0
2023,TyTy Washington,"$2,210,040",2343278.0
2023,Bones Hyland,"$2,201,520",2334245.0
2023,Bol Bol,"$2,200,000",2332633.0
2023,Peyton Watson,"$2,193,960",2326229.0
2023,Marquese Chriss,"$2,193,920",2326187.0
2023,Udoka Azubuike,"$2,174,880",2305999.0
2023,Jaden McDaniels,"$2,161,440",2291748.0
2023,Jordan McLaughlin,"$2,160,000",2290222.0
2023,Malachi Flynn,"$2,145,720",2275081.0
2023,Cam Thomas,"$2,138,160",2267065.0
2023,Luke Kornet,"$2,133,278",2261889.0
2023,Dennis Smith,"$2,133,278",2261889.0
2023,Damion Lee,"$2,133,278",2261889.0
2023,Juan Toscano-Anderson,"$2,133,278",2261889.0
2023,Desmond Bane,"$2,130,240",2258667.0
2023,Jaden Springer,"$2,125,200",2253324.0
2023,Day'Ron Sharpe,"$2,109,480",2236656.0
2023,Santiago Aldama,"$2,094,120",2220370.0
2023,Tony Bradley,"$2,036,318",2159083.0
2023,Frank Ntilikina,"$2,036,318",2159083.0
2023,Garrison Mathews,"$2,000,000",2120576.0
2023,Kenrich Williams,"$2,000,000",2120576.0
2023,Jaylin Williams,"$2,000,000",2120576.0
2023,Jeremiah Robinson-Earl,"$2,000,000",2120576.0
2023,Caleb Houstan,"$2,000,000",2120576.0
2023,Shake Milton,"$1,997,718",2118156.0
2023,Aaron Holiday,"$1,968,175",2086832.0
2023,Yuta Watanabe,"$1,968,175",2086832.0
2023,Edmond Sumner,"$1,968,175",2086832.0
2023,Theo Pinson,"$1,968,175",2086832.0
2023,Thomas Bryant,"$1,968,175",2086832.0
2023,Troy Brown,"$1,968,175",2086832.0
2023,Josh Okogie,"$1,968,175",2086832.0
2023,Drew Eubanks,"$1,968,175",2086832.0
2023,Dean Wade,"$1,930,681",2047077.0
2023,Terance Mann,"$1,930,681",2047077.0
2023,Jaylen Nowell,"$1,930,681",2047077.0
2023,Naz Reid,"$1,930,681",2047077.0
2023,Jalen McDaniels,"$1,930,681",2047077.0
2023,Daniel Gafford,"$1,930,681",2047077.0
2023,Chimezie Metu,"$1,910,860",2026061.0
2023,Davon Reed,"$1,902,133",2016808.0
2023,KZ Okpala,"$1,902,133",2016808.0
2023,Killian Tillie,"$1,901,625",2016270.0
2023,Vernon Carey,"$1,882,621",1996119.0
2023,Wenyen Gabriel,"$1,878,720",1991984.0
2023,Thanasis Antetokounmpo,"$1,878,720",1991984.0
2023,Moritz Wagner,"$1,878,720",1991984.0
2023,Keita Bates-Diop,"$1,878,720",1991984.0
2023,Oshae Brissett,"$1,846,738",1958074.0
2023,Nathan Knight,"$1,836,090",1946784.0
2023,Justin Jackson,"$1,836,090",1946784.0
2023,Isaiah Joe,"$1,836,090",1946784.0
2023,Ryan Arcidiacono,"$1,836,090",1946784.0
2023,Anthony Gill,"$1,836,090",1946784.0
2023,Javonte Green,"$1,815,677",1925140.0
2023,Gabe Vincent,"$1,815,677",1925140.0
2023,Max Strus,"$1,815,677",1925140.0
2023,Herb Jones,"$1,785,000",1892614.0
2023,Nick Richards,"$1,782,621",1890091.0
2023,Lamar Stevens,"$1,782,621",1890091.0
2023,Tyrell Terry,"$1,782,621",1890091.0
2023,KJ Martin,"$1,782,621",1890091.0
2023,Xavier Tillman,"$1,782,621",1890091.0
2023,Naji Marshall,"$1,782,621",1890091.0
2023,Paul Reed,"$1,782,621",1890091.0
2023,Tre Jones,"$1,782,621",1890091.0
2023,Haywood Highsmith,"$1,752,638",1858301.0
2023,Omer Yurtseven,"$1,752,638",1858301.0
2023,Leandro Bolmaro,"$1,709,300",1812350.0
2023,Terry Taylor,"$1,703,902",1806626.0
2023,Jared Butler,"$1,674,655",1775616.0
2023,Jericho Sims,"$1,639,842",1738704.0
2023,Sam Hauser,"$1,637,966",1736715.0
2023,Kessler Edwards,"$1,637,966",1736715.0
2023,Isaiah Todd,"$1,575,000",1669953.0
2023,Vit Krejci,"$1,563,518",1657779.0
2023,JT Thor,"$1,563,518",1657779.0
2023,Marko Simonovic,"$1,563,518",1657779.0
2023,Ayo Dosunmu,"$1,563,518",1657779.0
2023,Isaiah Livers,"$1,563,518",1657779.0
2023,Daishen Nix,"$1,563,518",1657779.0
2023,Jason Preston,"$1,563,518",1657779.0
2023,BJ Boston,"$1,563,518",1657779.0
2023,Austin Reaves,"$1,563,518",1657779.0
2023,Jose Alvarado,"$1,563,518",1657779.0
2023,Miles McBride,"$1,563,518",1657779.0
2023,Aaron Wiggins,"$1,563,518",1657779.0
2023,Jock Landale,"$1,563,518",1657779.0
2023,Greg Brown,"$1,563,518",1657779.0
2023,Trendon Watford,"$1,563,518",1657779.0
2023,Dalano Banton,"$1,563,518",1657779.0
2023,Kenneth Lofton,"$1,505,966",1596757.0
2023,Christian Koloko,"$1,500,000",1590432.0
2023,Bryce McGowens,"$1,461,055",1549139.0
2023,Eric Bledsoe,"$1,300,000",1378374.0
2023,Jordan Goodwin,"$1,280,206",1357387.0
2023,Kennedy Chandler,"$1,200,000",1272345.0
2023,Noah Vonleh,"$1,160,955",1230946.0
2023,Sandro Mamukelashvili,"$1,116,112",1183400.0
2023,Sam Merrill,"$1,105,522",1172171.0
2023,Zhaire Smith,"$1,068,200",1132599.0
2023,Tyrese Martin,"$1,017,781",1079140.0
2023,Jaden Hardy,"$1,017,781",1079140.0
2023,Ryan Rollins,"$1,017,781",1079140.0
2023,Max Christie,"$1,017,781",1079140.0
2023,Josh Minott,"$1,017,781",1079140.0
2023,Jabari Walker,"$1,017,781",1079140.0
2023,Eugene Omoruyi,"$1,013,119",1074197.0
2023,Kris Dunn,"$1,000,001",1060289.0
2023,Kyle Singler,"$999,200",1059439.0
2023,Ishmail Wainright,"$980,057",1039142.0
2023,Admiral Schofield,"$877,940",930869.0
2023,Justin Champagnie,"$853,241",904680.0
2023,Trevelin Queen,"$838,891",889466.0
2023,Moses Brown,"$824,041",873720.0
2023,Matt Ryan,"$806,097",854694.0
2023,DaQuan Jeffries,"$799,403",847597.0
2023,PJ Dozier,"$784,654",831959.0
2023,Cody Zeller,"$743,922",788771.0
2023,Meyers Leonard,"$713,558",756576.0
2023,Nik Stauskas,"$702,311",744651.0
2023,Anthony Lamb,"$694,878",736770.0
2023,Michael Carter-Williams,"$652,829",692186.0
2023,DJ Augustin,"$633,938",672156.0
2023,Duane Washington Jr,"$628,802",666711.0
2023,Carlik Jones,"$612,162",649068.0
2023,Juwan Morgan,"$576,230",610969.0
2023,Malik Fitts,"$555,217",588689.0
2023,Luka Samanic,"$538,317",570771.0
2023,David Duke,"$531,283",563312.0
2023,Trevor Keels,"$520,589",551974.0
2023,Dereon Seabron,"$511,816",542672.0
2023,Trent Forrest,"$508,891",539571.0
2023,Mfiondu Kabengele,"$508,891",539571.0
2023,JD Davison,"$508,891",539571.0
2023,Malcolm Hill,"$508,891",539571.0
2023,Mamadi Diakite,"$508,891",539571.0
2023,Isaiah Mobley,"$508,891",539571.0
2023,McKinley Wright,"$508,891",539571.0
2023,Jack White,"$508,891",539571.0
2023,Collin Gillespie,"$508,891",539571.0
2023,Buddy Boeheim,"$508,891",539571.0
2023,Darius Days,"$508,891",539571.0
2023,Trevor Hudgins,"$508,891",539571.0
2023,Kendall Brown,"$508,891",539571.0
2023,Moussa Diabate,"$508,891",539571.0
2023,Scottie Pippen Jr,"$508,891",539571.0
2023,Cole Swider,"$508,891",539571.0
2023,Vince Williams Jr,"$508,891",539571.0
2023,Jamal Cain,"$508,891",539571.0
2023,AJ Green,"$508,891",539571.0
2023,Luka Garza,"$508,891",539571.0
2023,EJ Liddell,"$508,891",539571.0
2023,Kevon Harris,"$508,891",539571.0
2023,Keon Ellis,"$508,891",539571.0
2023,Neemias Queta,"$508,891",539571.0
2023,Julian Champagnie,"$508,891",539571.0
2023,Dominick Barlow,"$508,891",539571.0
2023,Jeff Dowtin,"$508,891",539571.0
2023,Ron Harper Jr,"$508,891",539571.0
2023,Micah Potter,"$508,891",539571.0
2023,Johnny Juzang,"$508,891",539571.0
2023,John Butler,"$503,041",533368.0
2023,Chima Moneke,"$500,000",530144.0
2023,Facundo Campazzo,"$464,299",492290.0
2023,Orlando Robinson,"$386,055",409328.0
2023,Dru Smith,"$374,357",396925.0
2023,AJ Lawson,"$371,432",393824.0
2023,Jared Rhoden,"$307,089",325602.0
2023,Louis King,"$307,089",325602.0
2023,Robert Woodard,"$300,000",318086.0
2023,Didi Louzada,"$268,032",284191.0
2023,Jarrett Culver,"$260,295",275987.0
2023,Olivier Sarr,"$257,371",272887.0
2023,Alondes Williams,"$254,446",269786.0
2023,DJ Wilson,"$250,000",265072.0
2023,Donovan Williams,"$239,822",254280.0
2023,Quenton Jackson,"$219,630",232870.0
2023,Chris Silva,"$211,045",223768.0
2023,Tyler Dorsey,"$201,802",213968.0
2023,Braxton Key,"$201,802",213968.0
2023,Jordan Hall,"$193,027",204663.0
2023,Alize Johnson,"$192,293",203885.0
2023,Kostas Antetokounmpo,"$172,555",182957.0
2023,Devon Dotson,"$169,630",179856.0
2023,Mac McClung,"$160,856",170553.0
2023,Willie Cauley-Stein,"$155,738",165127.0
2023,Nate Darling,"$152,082",161250.0
2023,Keaton Wallace,"$140,384",148847.0
2023,Xavier Cooks,"$140,384",148847.0
2023,Shaquille Harrison,"$134,862",142992.0
2023,Feron Hunt,"$131,610",139544.0
2023,Lester Quinones,"$129,405",137206.0
2023,Troy Williams,"$122,741",130140.0
2023,Xavier Moon,"$116,986",124038.0
2023,Jamaree Bouyea,"$116,986",124038.0
2023,Jay Huff,"$116,986",124038.0
2023,Skylar Mays,"$116,574",123602.0
2023,Frank Jackson,"$113,114",119933.0
2023,Michael Foster,"$106,288",112695.0
2023,Deonte Burton,"$105,522",111883.0
2023,Jarrell Brantley,"$105,522",111883.0
2023,Xavier Sneed,"$102,910",109114.0
2023,Justin Lewis,"$102,363",108534.0
2023,Lindell Wigginton,"$99,438",105432.0
2023,Jordan Schakel,"$96,514",102332.0
2023,Demetrius Jackson,"$92,857",98455.0
2023,Stanley Umude,"$58,493",62019.0
2023,Jeenathan Williams,"$52,644",55817.0
2023,DJ Steward,"$50,000",53014.0
2023,Armoni Brooks,"$50,000",53014.0
2023,Jay Scrubb,"$49,719",52716.0
2023,Justin Minaya,"$35,096",37211.0
2023,Kobi Simmons,"$32,795",34772.0
2023,Gabe York,"$32,171",34110.0
2023,Ibou Badji,"$18,226",19324.0
2023,Tristan Thompson,"$16,700",17706.0
2023,RaiQuan Gray,"$5,849",6201.0
2023,Jacob Gilyard,"$5,849",6201.0
2024,Stephen Curry,"$51,915,615",53458234.0
2024,Kevin Durant,"$47,649,433",49065286.0
2024,Nikola Jokic,"$47,607,350",49021953.0
2024,LeBron James,"$47,607,350",49021953.0
2024,Joel Embiid,"$47,607,350",49021953.0
2024,Bradley Beal,"$46,741,590",48130468.0
2024,Paul George,"$45,640,084",46996232.0
2024,Kawhi Leonard,"$45,640,084",46996232.0
2024,Giannis Antetokounmpo,"$45,640,084",46996232.0
2024,Damian Lillard,"$45,640,084",46996232.0
2024,Jimmy Butler,"$45,183,960",46526554.0
2024,Klay Thompson,"$43,219,440",44503661.0
2024,Rudy Gobert,"$41,000,000",42218272.0
2024,Fred VanVleet,"$40,806,300",42018817.0
2024,Anthony Davis,"$40,600,080",41806469.0
2024,Trae Young,"$40,064,220",41254687.0
2024,Zach LaVine,"$40,064,220",41254687.0
2024,Luka Doncic,"$40,064,220",41254687.0
2024,Tobias Harris,"$39,270,150",40437022.0
2024,Kyrie Irving,"$38,037,037",39167268.0
2024,Ben Simmons,"$37,893,408",39019371.0
2024,Pascal Siakam,"$37,893,408",39019371.0
2024,Jrue Holiday,"$37,620,347",38738196.0
2024,Kristaps Porzingis,"$36,016,200",37086384.0
2024,Karl-Anthony Towns,"$36,016,200",37086384.0
2024,Devin Booker,"$36,016,200",37086384.0
2024,CJ McCollum,"$35,802,469",36866302.0
2024,James Harden,"$35,680,595",36740807.0
2024,Darius Garland,"$34,005,250",35015681.0
2024,Ja Morant,"$34,005,250",35015681.0
2024,Zion Williamson,"$34,005,250",35015681.0
2024,Jamal Murray,"$33,833,400",34838724.0
2024,Brandon Ingram,"$33,833,400",34838724.0
2024,Michael Porter,"$33,386,850",34378905.0
2024,Shai Gilgeous-Alexander,"$33,386,850",34378905.0
2024,Gordon Hayward,"$33,319,397",34309448.0
2024,Donovan Mitchell,"$33,162,030",34147405.0
2024,Jayson Tatum,"$32,600,060",33568737.0
2024,Bam Adebayo,"$32,600,060",33568737.0
2024,De'Aaron Fox,"$32,600,060",33568737.0
2024,Deandre Ayton,"$32,459,438",33423936.0
2024,Jaylen Brown,"$31,830,357",32776163.0
2024,Chris Paul,"$30,800,000",31715190.0
2024,Kyle Lowry,"$29,682,540",30564525.0
2024,Khris Middleton,"$29,320,988",30192230.0
2024,Domantas Sabonis,"$29,300,000",30170619.0
2024,DeMar DeRozan,"$28,600,000",29449819.0
2024,Jordan Poole,"$27,955,357",28786021.0
2024,Jerami Grant,"$27,586,207",28405902.0
2024,Jaren Jackson Jr,"$27,102,202",27907516.0
2024,Tyler Herro,"$27,000,000",27802277.0
2024,Julius Randle,"$26,943,840",27744448.0
2024,Jalen Brunson,"$26,346,666",27129530.0
2024,Cameron Johnson,"$25,679,348",26442383.0
2024,Kyle Kuzma,"$25,568,182",26327914.0
2024,John Collins,"$25,340,000",26092952.0
2024,Brook Lopez,"$25,000,000",25742849.0
2024,Mike Conley,"$24,360,000",25083832.0
2024,Andrew Wiggins,"$24,330,357",25053308.0
2024,Anfernee Simons,"$24,107,143",24823461.0
2024,RJ Barrett,"$23,883,929",24593615.0
2024,Jordan Clarkson,"$23,487,629",24185539.0
2024,Terry Rozier,"$23,205,221",23894740.0
2024,Dillon Brooks,"$22,627,671",23300028.0
2024,Malcolm Brogdon,"$22,500,000",23168564.0
2024,Draymond Green,"$22,321,429",22984687.0
2024,Bruce Brown,"$22,000,000",22653707.0
2024,Mikal Bridges,"$21,700,000",22344793.0
2024,Aaron Gordon,"$21,266,182",21898084.0
2024,Myles Turner,"$20,975,000",21598250.0
2024,Clint Capela,"$20,616,000",21228583.0
2024,Lonzo Ball,"$20,465,117",21073216.0
2024,Spencer Dinwiddie,"$20,411,797",21018311.0
2024,De'Andre Hunter,"$20,089,286",20686218.0
2024,Jarrett Allen,"$20,000,000",20594279.0
2024,Bojan Bogdanovic,"$20,000,000",20594279.0
2024,Keldon Johnson,"$20,000,000",20594279.0
2024,Joe Harris,"$19,928,571",20520727.0
2024,Jakob Poeltl,"$19,500,000",20079422.0
2024,Buddy Hield,"$19,321,859",19895988.0
2024,Derrick White,"$18,857,143",19417463.0
2024,Evan Fournier,"$18,857,143",19417463.0
2024,Bogdan Bogdanovic,"$18,700,000",19255651.0
2024,OG Anunoby,"$18,642,857",19196810.0
2024,Marcus Smart,"$18,583,713",19135908.0
2024,Gary Trent Jr,"$18,560,000",19111491.0
2024,Nikola Vucevic,"$18,518,519",19068777.0
2024,Dejounte Murray,"$18,214,000",18755210.0
2024,Duncan Robinson,"$18,154,000",18693427.0
2024,Norman Powell,"$18,000,000",18534851.0
2024,Tim Hardaway Jr,"$17,897,728",18429540.0
2024,Marcus Morris,"$17,612,280",18135610.0
2024,Collin Sexton,"$17,525,000",18045737.0
2024,Jonathan Isaac,"$17,400,000",17917023.0
2024,D'Angelo Russell,"$17,307,693",17821973.0
2024,Lauri Markkanen,"$17,259,999",17772862.0
2024,Davis Bertans,"$17,000,000",17505137.0
2024,Markelle Fultz,"$17,000,000",17505137.0
2024,Harrison Barnes,"$17,000,000",17505137.0
2024,Jusuf Nurkic,"$16,875,000",17376423.0
2024,PJ Washington,"$16,847,826",17348441.0
2024,Kevin Porter,"$15,860,000",16331263.0
2024,Rui Hachimura,"$15,740,741",16208460.0
2024,Mitchell Robinson,"$15,681,818",16147787.0
2024,Kevin Huerter,"$15,669,643",16135250.0
2024,Jonas Valanciunas,"$15,435,000",15893635.0
2024,Caris LeVert,"$15,384,616",15841754.0
2024,Luguentz Dort,"$15,277,778",15731741.0
2024,Luke Kennard,"$14,763,636",15202322.0
2024,Kentavious Caldwell-Pope,"$14,704,938",15141880.0
2024,Max Strus,"$14,487,684",14918170.0
2024,Reggie Bullock,"$14,210,528",14632779.0
2024,Doug McDermott,"$14,000,000",14415995.0
2024,Tyus Jones,"$14,000,000",14415995.0
2024,Dorian Finney-Smith,"$13,932,008",14345983.0
2024,Anthony Edwards,"$13,534,817",13936990.0
2024,Wendell Carter,"$13,050,000",13437767.0
2024,Gary Harris,"$13,000,000",13386281.0
2024,Josh Hart,"$12,960,000",13345093.0
2024,Naz Reid,"$12,950,400",13335207.0
2024,Steven Adams,"$12,600,000",12974396.0
2024,Brandon Clarke,"$12,500,000",12871424.0
2024,Marvin Bagley,"$12,500,000",12871424.0
2024,Dennis Schroeder,"$12,405,000",12773601.0
2024,Grant Williams,"$12,405,000",12773601.0
2024,Daniel Gafford,"$12,402,000",12770512.0
2024,Kelly Olynyk,"$12,195,122",12557487.0
2024,Victor Wembanyama,"$12,160,632",12521972.0
2024,James Wiseman,"$12,119,440",12479556.0
2024,Devonte Graham,"$12,100,000",12459539.0
2024,Richaun Holmes,"$12,046,020",12403955.0
2024,Austin Reaves,"$12,015,150",12372167.0
2024,Herb Jones,"$12,015,150",12372167.0
2024,Chris Boucher,"$11,750,000",12099139.0
2024,Bobby Portis,"$11,710,818",12058792.0
2024,Nicolas Batum,"$11,710,818",12058792.0
2024,Robert Covington,"$11,692,308",12039732.0
2024,Paolo Banchero,"$11,608,080",11953002.0
2024,Robert Williams,"$11,571,429",11915262.0
2024,Coby White,"$11,111,111",11441266.0
2024,Cade Cunningham,"$11,055,360",11383858.0
2024,Talen Horton-Tucker,"$11,020,000",11347447.0
2024,PJ Tucker,"$11,014,500",11341784.0
2024,Maxi Kleber,"$11,000,000",11326853.0
2024,Joe Ingles,"$11,000,000",11326853.0
2024,Ivica Zubac,"$10,933,333",11258205.0
2024,LaMelo Ball,"$10,900,635",11224536.0
2024,Donte DiVincenzo,"$10,900,000",11223882.0
2024,Brandon Miller,"$10,880,364",11203662.0
2024,Terance Mann,"$10,576,923",10891205.0
2024,Gabe Vincent,"$10,500,000",10811996.0
2024,Matisse Thybulle,"$10,500,000",10811996.0
2024,Alec Burks,"$10,489,600",10801287.0
2024,Chet Holmgren,"$10,386,000",10694609.0
2024,Larry Nance Jr,"$10,375,000",10683282.0
2024,Landry Shamet,"$10,250,000",10554568.0
2024,Al Horford,"$10,000,000",10297139.0
2024,Malik Monk,"$9,945,830",10241360.0
2024,Tre Jones,"$9,895,833",10189877.0
2024,Jalen Green,"$9,891,480",10185395.0
2024,Patrick Williams,"$9,835,881",10128144.0
2024,Monte Morris,"$9,800,926",10092150.0
2024,Scoot Henderson,"$9,770,904",10061236.0
2024,Nicolas Claxton,"$9,625,000",9910996.0
2024,Royce O'Neale,"$9,500,000",9782282.0
2024,Alex Caruso,"$9,460,000",9741094.0
2024,Victor Oladipo,"$9,450,000",9730797.0
2024,Pat Connaughton,"$9,423,869",9703889.0
2024,Cameron Payne,"$9,391,467",9670523.0
2024,Jabari Smith,"$9,326,520",9603647.0
2024,Isaiah Hartenstein,"$9,245,121",9519830.0
2024,Kyle Anderson,"$9,219,512",9493460.0
2024,Daniel Theis,"$9,108,387",9379032.0
2024,Thaddeus Young,"$9,010,371",9278104.0
2024,Grayson Allen,"$8,925,000",9190197.0
2024,Isaac Okoro,"$8,920,794",9185866.0
2024,Evan Mobley,"$8,882,640",9146578.0
2024,Amen Thompson,"$8,809,284",9071042.0
2024,Georges Niang,"$8,800,000",9061482.0
2024,Gary Payton II,"$8,715,000",8973957.0
2024,TJ McConnell,"$8,700,000",8958511.0
2024,Keegan Murray,"$8,409,000",8658864.0
2024,Delon Wright,"$8,195,122",8438631.0
2024,Onyeka Okongwu,"$8,109,063",8350015.0
2024,Scottie Barnes,"$8,008,680",8246649.0
2024,Jock Landale,"$8,000,000",8237711.0
2024,Jeff Green,"$8,000,000",8237711.0
2024,Moritz Wagner,"$8,000,000",8237711.0
2024,De'Anthony Melton,"$8,000,000",8237711.0
2024,Trey Lyles,"$8,000,000",8237711.0
2024,Ausar Thompson,"$7,977,420",8214460.0
2024,Miles Bridges,"$7,921,300",8156673.0
2024,Danilo Gallinari,"$7,850,062",8083317.0
2024,Vasilije Micic,"$7,723,000",7952480.0
2024,Paul Reed,"$7,723,000",7952480.0
2024,Zach Collins,"$7,700,000",7928797.0
2024,Jaden Ivey,"$7,614,480",7840736.0
2024,Cody Martin,"$7,560,000",7784637.0
2024,Patrick Mills,"$7,537,766",7761742.0
2024,Kevon Looney,"$7,500,000",7722854.0
2024,Killian Hayes,"$7,413,955",7634253.0
2024,Jalen Suggs,"$7,252,080",7467568.0
2024,Anthony Black,"$7,245,480",7460771.0
2024,Jae'Sean Tate,"$7,000,000",7207997.0
2024,Khem Birch,"$6,985,000",7192552.0
2024,Bennedict Mathurin,"$6,916,080",7121584.0
2024,Obi Toppin,"$6,803,012",7005156.0
2024,Caleb Martin,"$6,802,950",7005092.0
2024,Cedi Osman,"$6,718,842",6918485.0
2024,Bilal Coulibaly,"$6,614,256",6810791.0
2024,Josh Giddey,"$6,587,040",6782767.0
2024,Ayo Dosunmu,"$6,481,482",6674072.0
2024,Rudy Gay,"$6,479,000",6671516.0
2024,Sasha Vezenkov,"$6,341,464",6529894.0
2024,Shaedon Sharpe,"$6,313,800",6501408.0
2024,Otto Porter,"$6,300,000",6487198.0
2024,Deni Avdija,"$6,263,188",6449292.0
2024,Nassir Little,"$6,250,000",6435712.0
2024,Bismack Biyombo,"$6,194,075",6378124.0
2024,Jevon Carter,"$6,190,476",6374419.0
2024,Kenrich Williams,"$6,175,000",6358483.0
2024,Jarace Walker,"$6,059,460",6239510.0
2024,Jonathan Kuminga,"$6,012,840",6191505.0
2024,Devin Vassell,"$5,887,899",6062851.0
2024,Tyrese Haliburton,"$5,808,435",5981026.0
2024,Dyson Daniels,"$5,784,120",5955989.0
2024,Kira Lewis,"$5,722,116",5892142.0
2024,Dean Wade,"$5,709,877",5879540.0
2024,Aaron Nesmith,"$5,634,257",5801673.0
2024,Aleksej Pokusevski,"$5,574,809",5740458.0
2024,Taylor Hendricks,"$5,569,872",5735375.0
2024,Shake Milton,"$5,552,938",5717936.0
2024,JaVale McGee,"$5,544,772",5709529.0
2024,Cole Anthony,"$5,539,771",5704379.0
2024,Franz Wagner,"$5,508,720",5672405.0
2024,Furkan Korkmaz,"$5,370,370",5529945.0
2024,Josh Primo,"$5,341,600",5500319.0
2024,Jeremy Sochan,"$5,316,960",5474947.0
2024,Cason Wallace,"$5,291,352",5448579.0
2024,Isaiah Stewart,"$5,266,713",5423207.0
2024,Chuma Okeke,"$5,266,712",5423206.0
2024,Davion Mitchell,"$5,063,640",5214100.0
2024,Johnny Davis,"$5,050,800",5200879.0
2024,Jalen Smith,"$5,043,773",5193643.0
2024,Jett Howard,"$5,026,824",5176190.0
2024,Reggie Jackson,"$5,000,000",5148569.0
2024,Mason Plumlee,"$5,000,000",5148569.0
2024,Ziaire Williams,"$4,810,200",4953130.0
2024,Ousmane Dieng,"$4,798,440",4941020.0
2024,Taj Gibson,"$4,776,302",4918224.0
2024,Dereck Lively,"$4,775,628",4917530.0
2024,Josh Green,"$4,765,339",4906936.0
2024,Nickeil Alexander-Walker,"$4,687,500",4826784.0
2024,Jarred Vanderbilt,"$4,640,000",4777872.0
2024,James Bouknight,"$4,570,080",4705875.0
2024,Jalen Williams,"$4,558,680",4694136.0
2024,Saddiq Bey,"$4,556,983",4692389.0
2024,Gradey Dick,"$4,536,708",4671511.0
2024,Taurean Prince,"$4,516,000",4650188.0
2024,Jalen McDaniels,"$4,516,000",4650188.0
2024,Precious Achiuwa,"$4,379,526",4509659.0
2024,Tyrese Maxey,"$4,343,920",4472995.0
2024,Jalen Duren,"$4,330,680",4459361.0
2024,Danuel House,"$4,310,250",4438324.0
2024,Jordan Hawkins,"$4,310,196",4438269.0
2024,Mike Muscala,"$4,308,297",4436312.0
2024,Zeke Nnaji,"$4,306,281",4434237.0
2024,Immanuel Quickley,"$4,171,548",4295501.0
2024,Chris Duarte,"$4,124,400",4246952.0
2024,Ochai Agbaji,"$4,114,200",4236449.0
2024,Kobe Bufkin,"$4,094,244",4215900.0
2024,Payton Pritchard,"$4,037,277",4157240.0
2024,Seth Curry,"$4,000,000",4118855.0
2024,Dwight Powell,"$4,000,000",4118855.0
2024,Troy Brown,"$4,000,000",4118855.0
2024,Moses Moody,"$3,918,480",4034913.0
2024,Mark Williams,"$3,908,160",4024286.0
2024,Jaden McDaniels,"$3,901,399",4017325.0
2024,Keyonte George,"$3,889,776",4005356.0
2024,Malachi Flynn,"$3,873,024",3988106.0
2024,Desmond Bane,"$3,845,083",3959335.0
2024,James Johnson,"$3,839,412",3953496.0
2024,Russell Westbrook,"$3,835,738",3949713.0
2024,Kevin Love,"$3,835,738",3949713.0
2024,Ricky Rubio,"$3,722,327",3832932.0
2024,Corey Kispert,"$3,722,040",3832636.0
2024,AJ Griffin,"$3,712,920",3823245.0
2024,Jalen Hood-Schifino,"$3,695,076",3804871.0
2024,Amir Coffey,"$3,666,667",3775618.0
2024,Alperen Sengun,"$3,536,280",3641356.0
2024,Tari Eason,"$3,527,160",3631965.0
2024,Jaime Jaquez,"$3,510,540",3614852.0
2024,Andre Drummond,"$3,360,000",3459838.0
2024,Trey Murphy,"$3,359,280",3459097.0
2024,Brandin Podziemski,"$3,352,404",3452017.0
2024,Dalen Terry,"$3,350,760",3450324.0
2024,Keon Johnson,"$3,342,765",3442091.0
2024,Cameron Whitmore,"$3,218,160",3313784.0
2024,Jake LaRavia,"$3,199,920",3295002.0
2024,Kai Jones,"$3,198,778",3293825.0
2024,Wesley Matthews,"$3,196,448",3291427.0
2024,Ishmael Smith,"$3,196,448",3291427.0
2024,Tristan Thompson,"$3,196,448",3291427.0
2024,Markieff Morris,"$3,196,448",3291427.0
2024,Justin Holiday,"$3,196,448",3291427.0
2024,DeAndre Jordan,"$3,196,448",3291427.0
2024,Cory Joseph,"$3,196,448",3291427.0
2024,Derrick Rose,"$3,196,448",3291427.0
2024,Jae Crowder,"$3,196,448",3291427.0
2024,Patrick Beverley,"$3,196,448",3291427.0
2024,Cody Zeller,"$3,196,448",3291427.0
2024,Eric Gordon,"$3,196,448",3291427.0
2024,Alex Len,"$3,196,448",3291427.0
2024,Robin Lopez,"$3,196,448",3291427.0
2024,Garrett Temple,"$3,196,448",3291427.0
2024,Tre Mann,"$3,191,400",3286229.0
2024,Usman Garuba,"$3,159,790",3253679.0
2024,Noah Clowney,"$3,089,460",3181260.0
2024,Malaki Branham,"$3,071,880",3163157.0
2024,Simone Fontecchio,"$3,044,872",3135347.0
2024,Dante Exum,"$3,000,000",3089141.0
2024,Julian Champagnie,"$3,000,000",3089141.0
2024,Jordan Nwora,"$3,000,000",3089141.0
2024,Dariq Whitehead,"$2,966,040",3054172.0
2024,Christian Braun,"$2,949,120",3036750.0
2024,Jalen Johnson,"$2,925,360",3012284.0
2024,Boban Marjanovic,"$2,891,467",2977383.0
2024,Josh Richardson,"$2,891,467",2977383.0
2024,Kelly Oubre,"$2,891,467",2977383.0
2024,Kris Murray,"$2,847,504",2932114.0
2024,Andrew Nicholson,"$2,844,429",2928948.0
2024,Walker Kessler,"$2,831,160",2915285.0
2024,TyTy Washington,"$2,830,222",2914318.0
2024,Josh Okogie,"$2,815,937",2899609.0
2024,Omer Yurtseven,"$2,800,000",2883199.0
2024,Dewayne Dedmon,"$2,748,674",2830348.0
2024,Olivier-Maxence Prosper,"$2,733,720",2814949.0
2024,Josh Christopher,"$2,732,920",2814125.0
2024,David Roddy,"$2,718,240",2799009.0
2024,Derrick Jones,"$2,709,849",2790369.0
2024,Dario Saric,"$2,709,849",2790369.0
2024,Christian Wood,"$2,709,849",2790369.0
2024,Malik Beasley,"$2,709,849",2790369.0
2024,Chimezie Metu,"$2,697,258",2777404.0
2024,Isaiah Jackson,"$2,696,280",2776397.0
2024,Marcus Sasser,"$2,624,028",2701998.0
2024,MarJon Beauchamp,"$2,609,400",2686935.0
2024,Charles Bassey,"$2,600,000",2677256.0
2024,Damian Jones,"$2,586,665",2663525.0
2024,Kenneth Lofton,"$2,586,618",2663474.0
2024,Kris Dunn,"$2,586,484",2663338.0
2024,Bruno Fernando,"$2,581,522",2658229.0
2024,Jeremiah Robinson-Earl,"$2,548,843",2624578.0
2024,Ben Sheppard,"$2,537,172",2612561.0
2024,Dennis Smith,"$2,528,233",2603356.0
2024,Frank Ntilikina,"$2,528,233",2603356.0
2024,Torrey Craig,"$2,528,233",2603356.0
2024,Ryan Arcidiacono,"$2,528,233",2603356.0
2024,Thomas Bryant,"$2,528,233",2603356.0
2024,Damion Lee,"$2,528,233",2603356.0
2024,Blake Wesley,"$2,504,640",2579062.0
2024,Lamar Stevens,"$2,492,354",2566411.0
2024,Nick Smith,"$2,463,912",2537124.0
2024,Brice Sensabaugh,"$2,448,600",2521357.0
2024,Ty Jerome,"$2,439,025",2511498.0
2024,Julian Strawther,"$2,431,044",2503279.0
2024,Tristan Vukcevic,"$2,424,892",2496945.0
2024,Wendell Moore,"$2,421,720",2493678.0
2024,Jordan McLaughlin,"$2,420,000",2491907.0
2024,Kobe Brown,"$2,413,356",2485066.0
2024,Luke Kornet,"$2,413,304",2485012.0
2024,John Konchar,"$2,400,000",2471313.0
2024,Quentin Grimes,"$2,385,720",2456609.0
2024,Nikola Jovic,"$2,352,000",2421887.0
2024,Sviatoslav Mykhailiuk,"$2,346,614",2416341.0
2024,Lonnie Walker,"$2,346,614",2416341.0
2024,Keita Bates-Diop,"$2,346,614",2416341.0
2024,Aaron Holiday,"$2,346,614",2416341.0
2024,Yuta Watanabe,"$2,346,614",2416341.0
2024,Thanasis Antetokounmpo,"$2,346,614",2416341.0
2024,Mo Bamba,"$2,346,614",2416341.0
2024,Drew Eubanks,"$2,346,614",2416341.0
2024,Patrick Baldwin,"$2,337,720",2407182.0
2024,Harry Giles,"$2,306,554",2375090.0
2024,Bones Hyland,"$2,306,400",2374932.0
2024,Peyton Watson,"$2,303,520",2371966.0
2024,Cam Thomas,"$2,240,160",2306724.0
2024,Vlatko Cancar,"$2,234,359",2300750.0
2024,Vince Williams Jr,"$2,232,308",2298638.0
2024,Jaden Springer,"$2,226,240",2292390.0
2024,Day'Ron Sharpe,"$2,210,040",2275709.0
2024,Jordan Goodwin,"$2,208,045",2273654.0
2024,Santiago Aldama,"$2,194,200",2259398.0
2024,Oshae Brissett,"$2,165,000",2229330.0
2024,Cam Reddish,"$2,165,000",2229330.0
2024,Jaxson Hayes,"$2,165,000",2229330.0
2024,Bol Bol,"$2,165,000",2229330.0
2024,Moses Brown,"$2,165,000",2229330.0
2024,Kevin Knox,"$2,144,320",2208036.0
2024,Andrew Nembhard,"$2,131,905",2195252.0
2024,Goga Bitadze,"$2,066,585",2127991.0
2024,Luka Samanic,"$2,066,585",2127991.0
2024,Matt Ryan,"$2,059,782",2120986.0
2024,Trendon Watford,"$2,019,706",2079719.0
2024,Terry Taylor,"$2,019,706",2079719.0
2024,Montrezl Harrell,"$2,019,706",2079719.0
2024,Dalano Banton,"$2,019,706",2079719.0
2024,Colby Jones,"$2,019,706",2079719.0
2024,Sandro Mamukelashvili,"$2,019,706",2079719.0
2024,Garrison Mathews,"$2,000,000",2059427.0
2024,Jaylin Williams,"$2,000,000",2059427.0
2024,Caleb Houstan,"$2,000,000",2059427.0
2024,Sam Merrill,"$1,997,238",2056583.0
2024,Isaiah Joe,"$1,997,238",2056583.0
2024,Anthony Gill,"$1,997,238",2056583.0
2024,GG Jackson,"$1,991,428",2050601.0
2024,Duop Reath,"$1,951,220",2009198.0
2024,Xavier Tillman,"$1,930,681",1988049.0
2024,Naji Marshall,"$1,930,681",1988049.0
2024,KJ Martin,"$1,930,681",1988049.0
2024,Sam Hauser,"$1,927,896",1985181.0
2024,Jericho Sims,"$1,927,896",1985181.0
2024,Kessler Edwards,"$1,927,896",1985181.0
2024,Haywood Highsmith,"$1,902,137",1958657.0
2024,AJ Green,"$1,901,769",1958278.0
2024,Ryan Rollins,"$1,893,589",1949854.0
2024,JT Thor,"$1,836,096",1890653.0
2024,BJ Boston,"$1,836,096",1890653.0
2024,Isaiah Todd,"$1,836,096",1890653.0
2024,Jose Alvarado,"$1,836,096",1890653.0
2024,Miles McBride,"$1,836,096",1890653.0
2024,Aaron Wiggins,"$1,836,096",1890653.0
2024,Isaiah Livers,"$1,836,096",1890653.0
2024,Jared Butler,"$1,809,782",1863557.0
2024,Orlando Robinson,"$1,801,769",1855306.0
2024,Dru Smith,"$1,801,769",1855306.0
2024,EJ Liddell,"$1,801,769",1855306.0
2024,Leonard Miller,"$1,800,000",1853485.0
2024,Bryce McGowens,"$1,719,864",1770967.0
2024,Jaden Hardy,"$1,719,864",1770967.0
2024,Max Christie,"$1,719,864",1770967.0
2024,Kennedy Chandler,"$1,719,864",1770967.0
2024,Josh Minott,"$1,719,864",1770967.0
2024,Jabari Walker,"$1,719,864",1770967.0
2024,Christian Koloko,"$1,719,864",1770967.0
2024,Xavier Cooks,"$1,719,864",1770967.0
2024,Jalen Pickett,"$1,708,143",1758898.0
2024,Julian Phillips,"$1,600,000",1647542.0
2024,Craig Porter,"$1,500,000",1544570.0
2024,Eugene Omoruyi,"$1,459,782",1503157.0
2024,Ricky Council,"$1,414,135",1456154.0
2024,DaQuan Jeffries,"$1,341,538",1381400.0
2024,Eric Bledsoe,"$1,300,000",1338628.0
2024,Skylar Mays,"$1,165,280",1199904.0
2024,Mouhamed Gueye,"$1,119,563",1152829.0
2024,Jordan Walsh,"$1,119,563",1152829.0
2024,Hunter Tyson,"$1,119,563",1152829.0
2024,Trayce Jackson-Davis,"$1,119,563",1152829.0
2024,Maxwell Lewis,"$1,119,563",1152829.0
2024,Andre Jackson Jr,"$1,119,563",1152829.0
2024,Chris Livingston,"$1,119,563",1152829.0
2024,Rayan Rupert,"$1,119,563",1152829.0
2024,Toumani Camara,"$1,119,563",1152829.0
2024,Sidy Cissoko,"$1,119,563",1152829.0
2024,Dylan Windler,"$1,116,288",1149455.0
2024,Trent Forrest,"$1,112,933",1146002.0
2024,Lester Quinones,"$1,108,597",1141537.0
2024,Kendall Brown,"$1,100,000",1132685.0
2024,Stanley Umude,"$1,098,242",1130875.0
2024,Gui Santos,"$1,029,483",1060073.0
2024,Dominick Barlow,"$1,015,402",1045573.0
2024,AJ Lawson,"$1,000,000",1029713.0
2024,Ishmail Wainright,"$988,269",1017633.0
2024,Neemias Queta,"$891,035",917510.0
2024,Jalen Wilson,"$850,000",875256.0
2024,Javon Freeman-Liberty,"$849,324",874560.0
2024,Lindy Waters III,"$766,095",788858.0
2024,Jacob Toppin,"$759,245",781805.0
2024,Mamadi Diakite,"$710,574",731687.0
2024,Jack White,"$703,550",724454.0
2024,Nik Stauskas,"$702,311",723179.0
2024,Jacob Gilyard,"$701,336",722175.0
2024,Luka Garza,"$687,465",707892.0
2024,Keon Ellis,"$683,430",703737.0
2024,RJ Hampton,"$680,032",700238.0
2024,TJ Warren,"$649,659",668962.0
2024,Darius Bazley,"$624,425",642978.0
2024,Juwan Morgan,"$576,230",593352.0
2024,Seth Lundy,"$559,782",576415.0
2024,JD Davison,"$559,782",576415.0
2024,Amari Bailey,"$559,782",576415.0
2024,Leaky Black,"$559,782",576415.0
2024,Adama Sanogo,"$559,782",576415.0
2024,Isaiah Mobley,"$559,782",576415.0
2024,Emoni Bates,"$559,782",576415.0
2024,Greg Brown,"$559,782",576415.0
2024,Collin Gillespie,"$559,782",576415.0
2024,Braxton Key,"$559,782",576415.0
2024,Jay Huff,"$559,782",576415.0
2024,Jared Rhoden,"$559,782",576415.0
2024,Malcolm Cazalon,"$559,782",576415.0
2024,Jerome Robinson,"$559,782",576415.0
2024,Jermaine Samuels,"$559,782",576415.0
2024,Nate Hinton,"$559,782",576415.0
2024,Nate Williams,"$559,782",576415.0
2024,Isaiah Wong,"$559,782",576415.0
2024,Oscar Tshiebwe,"$559,782",576415.0
2024,Moussa Diabate,"$559,782",576415.0
2024,Jordan Miller,"$559,782",576415.0
2024,Colin Castleton,"$559,782",576415.0
2024,Cole Swider,"$559,782",576415.0
2024,Jamal Cain,"$559,782",576415.0
2024,Jaylen Clark,"$559,782",576415.0
2024,Daishen Nix,"$559,782",576415.0
2024,Dereon Seabron,"$559,782",576415.0
2024,Charlie Brown,"$559,782",576415.0
2024,Keyontae Johnson,"$559,782",576415.0
2024,Olivier Sarr,"$559,782",576415.0
2024,Kevon Harris,"$559,782",576415.0
2024,Trevelin Queen,"$559,782",576415.0
2024,Admiral Schofield,"$559,782",576415.0
2024,Terquavion Smith,"$559,782",576415.0
2024,Saben Lee,"$559,782",576415.0
2024,Udoka Azubuike,"$559,782",576415.0
2024,Theo Maledon,"$559,782",576415.0
2024,Justin Minaya,"$559,782",576415.0
2024,Jalen Slawson,"$559,782",576415.0
2024,Jordan Ford,"$559,782",576415.0
2024,Filip Petrusev,"$559,782",576415.0
2024,Markquis Nowell,"$559,782",576415.0
2024,Johnny Juzang,"$559,782",576415.0
2024,Micah Potter,"$559,782",576415.0
2024,Malik Fitts,"$555,217",571714.0
2024,Marques Bolden,"$502,131",517051.0
2024,Onuralp Bitim,"$500,000",514856.0
2024,Xavier Moon,"$489,005",503535.0
2024,Isaiah Thomas,"$477,630",491822.0
2024,Ibou Badji,"$466,485",480346.0
2024,Juan Toscano-Anderson,"$447,931",461240.0
2024,Duane Washington Jr,"$443,965",457156.0
2024,Jules Bernard,"$415,011",427342.0
2024,Jontay Porter,"$411,794",424030.0
2024,Jaylen Nowell,"$398,160",409990.0
2024,Drew Peterson,"$395,708",407466.0
2024,Nathan Mensah,"$395,708",407466.0
2024,David Duke,"$395,708",407466.0
2024,Henri Drell,"$389,274",400840.0
2024,Alex Fudge,"$376,405",387588.0
2024,Vit Krejci,"$369,971",380964.0
2024,Brandon Williams,"$350,668",361087.0
2024,Trey Jemison,"$341,017",351149.0
2024,Jason Preston,"$315,280",324648.0
2024,Nerlens Noel,"$300,000",308914.0
2024,Tosan Evbuomwan,"$295,977",304770.0
2024,Scottie Pippen Jr,"$289,542",298145.0
2024,Malcolm Hill,"$286,583",295098.0
2024,Ashton Hagans,"$270,841",278888.0
2024,Jeff Dowtin,"$269,237",277237.0
2024,Didi Louzada,"$268,032",275996.0
2024,Javonte Green,"$261,293",269057.0
2024,Justin Champagnie,"$254,412",261971.0
2024,Jaylen Martin,"$249,766",257187.0
2024,Pete Nance,"$244,503",251768.0
2024,Lindell Wigginton,"$244,502",251767.0
2024,Armoni Brooks,"$241,285",248454.0
2024,D'Moi Hodge,"$241,285",248454.0
2024,Jahmi'us Ramsey,"$232,150",239048.0
2024,Charles Bediako,"$215,548",221952.0
2024,Dexter Dennis,"$212,331",218640.0
2024,Alondes Williams,"$212,331",218640.0
2024,Mason Jones,"$212,331",218640.0
2024,DeJon Jarreau,"$207,100",213253.0
2024,Zavier Simpson,"$207,100",213253.0
2024,Adam Flagler,"$205,897",212015.0
2024,DJ Carton,"$205,897",212015.0
2024,Danny Green,"$202,074",208078.0
2024,Mouhamadou Gueye,"$199,463",205389.0
2024,Ja'Vonte Smart,"$196,245",202076.0
2024,Miles Norris,"$193,028",198763.0
2024,Justin Lewis,"$173,725",178887.0
2024,Jamaree Bouyea,"$170,801",175876.0
2024,Pat Spencer,"$170,508",175574.0
2024,Buddy Boeheim,"$167,291",172261.0
2024,Sir'Jabari Rice,"$167,291",172261.0
2024,Justise Winslow,"$166,176",171113.0
2024,Nathan Knight,"$160,857",165636.0
2024,Andrew Funk,"$160,857",165636.0
2024,Ron Harper Jr,"$147,988",152385.0
2024,John Butler,"$147,988",152385.0
2024,Shaquille Harrison,"$145,301",149618.0
2024,Justin Jackson,"$145,301",149618.0
2024,Jaylin Galloway,"$141,554",145760.0
2024,RaiQuan Gray,"$141,554",145760.0
2024,Quenton Jackson,"$135,120",139134.0
2024,DJ Wilson,"$134,863",138870.0
2024,Hamidou Diallo,"$134,863",138870.0
2024,Matthew Hurt,"$128,686",132509.0
2024,Maozinha Pereira,"$128,685",132508.0
2024,Wenyen Gabriel,"$124,425",128122.0
2024,Kobi Simmons,"$120,250",123823.0
2024,Zhaire Smith,"$116,075",119524.0
2024,Sharife Cooper,"$103,550",106626.0
2024,Demetrius Jackson,"$92,857",95616.0
2024,Malik Williams,"$77,212",79506.0
2024,Omari Moore,"$75,000",77228.0
2024,Taze Moore,"$70,687",72787.0
2024,Timmy Allen,"$64,343",66254.0
2024,Jalen Crutcher,"$64,343",66254.0
2024,Izaiah Brockington,"$64,343",66254.0
2024,Taevion Kinsey,"$64,343",66254.0
2024,Edmond Sumner,"$40,459",41661.0
2024,Kaiser Gates,"$35,389",36440.0
