Rk,Player,Age,Team,Pos,G,GS,MP,FG,FGA,FG%,3P,3PA,3P%,2P,2PA,2P%,eFG%,FT,FTA,FT%,ORB,DRB,TRB,AST,STL,BLK,TOV,PF,PTS,Awards,Year,AllStarSelection
17.0,Jayson Tatum,21.0,BOS,PF,66.0,66.0,34.3,8.4,18.6,0.45,2.9,7.1,0.403,5.5,11.5,0.48,0.527,3.8,4.7,0.812,1.0,6.0,7.0,3.0,1.4,0.9,2.3,2.1,23.4,"MVP-12,AS,NBA3",2020,1
18.0,D'Angelo Russell,23.0,2TM,PG,45.0,45.0,32.3,8.0,18.8,0.426,3.5,9.6,0.367,4.5,9.2,0.487,0.519,3.6,4.4,0.809,0.4,3.6,3.9,6.3,1.1,0.3,3.3,1.9,23.1,,2020,1
18.0,D'Angelo Russell,23.0,MIN,PG,12.0,12.0,32.7,7.3,17.6,0.412,3.2,9.2,0.345,4.1,8.4,0.485,0.502,4.0,4.6,0.873,0.3,4.3,4.6,6.6,1.4,0.3,3.8,1.8,21.7,,2020,1
19.0,Joel Embiid,25.0,PHI,C,51.0,51.0,29.5,7.5,15.7,0.477,1.1,3.4,0.331,6.4,12.3,0.517,0.512,6.9,8.5,0.807,2.8,8.9,11.6,3.0,0.9,1.3,3.1,3.4,23.0,AS,2020,1
20.0,Pascal Siakam,25.0,TOR,PF,60.0,60.0,35.2,8.3,18.4,0.453,2.2,6.1,0.359,6.2,12.3,0.499,0.512,4.0,5.1,0.792,1.1,6.3,7.3,3.5,1.0,0.9,2.5,2.8,22.9,"MVP-10,AS,NBA2",2020,1
21.0,Zion Williamson,19.0,NOP,PF,24.0,24.0,27.8,8.8,15.0,0.583,0.3,0.6,0.429,8.5,14.4,0.59,0.592,4.8,7.4,0.64,2.7,3.6,6.3,2.1,0.7,0.4,2.5,1.8,22.5,ROY-3,2020,1
22.0,CJ McCollum,28.0,POR,SG,70.0,70.0,36.5,8.7,19.4,0.451,2.8,7.3,0.379,6.0,12.1,0.494,0.522,2.0,2.6,0.757,0.7,3.6,4.2,4.4,0.8,0.6,1.8,2.6,22.2,,2020,1
23.0,DeMar DeRozan,30.0,SAS,SF,68.0,68.0,34.1,8.2,15.4,0.531,0.1,0.5,0.257,8.1,14.9,0.54,0.535,5.6,6.6,0.845,0.6,4.9,5.5,5.6,1.0,0.3,2.4,2.6,22.1,,2020,1
24.0,Andrew Wiggins,24.0,2TM,SF,54.0,54.0,34.4,8.1,18.1,0.447,2.1,6.2,0.332,6.0,11.9,0.506,0.504,3.5,5.0,0.709,1.2,3.9,5.1,3.7,0.8,1.0,2.4,2.4,21.8,,2020,1
24.0,Andrew Wiggins,24.0,MIN,SF,42.0,42.0,34.6,8.4,18.8,0.444,2.2,6.5,0.331,6.2,12.3,0.505,0.502,3.5,4.9,0.72,1.1,4.1,5.2,3.7,0.7,0.9,2.5,2.4,22.4,,2020,1
24.0,Andrew Wiggins,24.0,GSW,SF,12.0,12.0,33.6,7.2,15.7,0.457,1.7,4.9,0.339,5.5,10.8,0.512,0.511,3.4,5.1,0.672,1.5,3.1,4.6,3.6,1.3,1.4,2.1,2.2,19.4,,2020,0
25.0,John Collins,22.0,ATL,PF,41.0,41.0,33.2,8.6,14.8,0.583,1.4,3.6,0.401,7.2,11.2,0.642,0.632,2.9,3.7,0.8,2.8,7.3,10.1,1.5,0.8,1.6,1.8,3.4,21.6,,2020,1
26.0,Paul George,29.0,LAC,SF,48.0,48.0,29.6,7.1,16.3,0.439,3.3,7.9,0.412,3.9,8.4,0.464,0.539,4.0,4.5,0.876,0.5,5.2,5.7,3.9,1.4,0.4,2.6,2.4,21.5,,2020,1
27.0,De'Aaron Fox,22.0,SAC,PG,51.0,49.0,32.0,7.7,16.0,0.48,1.1,3.6,0.292,6.6,12.4,0.535,0.513,4.7,6.7,0.705,0.7,3.2,3.8,6.8,1.5,0.5,3.1,2.8,21.1,,2020,1
28.0,Khris Middleton,28.0,MIL,SF,62.0,59.0,29.9,7.6,15.3,0.497,2.4,5.7,0.415,5.2,9.6,0.546,0.575,3.4,3.7,0.916,0.7,5.5,6.2,4.3,0.9,0.1,2.2,2.3,20.9,AS,2020,1
29.0,Stephen Curry,31.0,GSW,PG,5.0,5.0,27.8,6.6,16.4,0.402,2.4,9.8,0.245,4.2,6.6,0.636,0.476,5.2,5.2,1.0,0.8,4.4,5.2,6.6,1.0,0.4,3.2,2.2,20.8,,2020,1
30.0,Collin Sexton,21.0,CLE,PG,65.0,65.0,33.0,7.9,16.7,0.472,1.5,3.9,0.38,6.4,12.8,0.501,0.517,3.5,4.1,0.846,0.9,2.2,3.1,3.0,1.0,0.1,2.4,2.2,20.8,,2020,1
31.0,Spencer Dinwiddie,26.0,BRK,PG,64.0,49.0,31.2,6.6,16.0,0.415,1.9,6.3,0.308,4.7,9.7,0.485,0.476,5.4,7.0,0.778,0.5,3.0,3.5,6.8,0.6,0.3,2.7,2.8,20.6,,2020,1
32.0,Kristaps Porziņģis,24.0,DAL,C,57.0,57.0,31.8,7.0,16.4,0.427,2.5,7.1,0.352,4.5,9.3,0.484,0.503,4.0,5.0,0.799,1.8,7.7,9.5,1.8,0.7,2.0,1.6,3.2,20.4,,2020,1
33.0,Kemba Walker,29.0,BOS,PG,56.0,56.0,31.1,6.8,15.9,0.425,3.2,8.4,0.381,3.5,7.4,0.476,0.526,3.7,4.3,0.864,0.6,3.2,3.9,4.8,0.9,0.5,2.1,1.6,20.4,AS,2020,1
34.0,Jaylen Brown,23.0,BOS,SG,57.0,57.0,33.9,7.5,15.6,0.481,2.3,5.9,0.382,5.2,9.6,0.543,0.554,3.1,4.3,0.724,1.1,5.3,6.4,2.1,1.1,0.4,2.2,2.9,20.3,,2020,1
35.0,Bojan Bogdanović,30.0,UTA,SF,63.0,63.0,33.1,6.6,14.8,0.447,3.0,7.3,0.414,3.6,7.6,0.479,0.548,4.0,4.4,0.903,0.6,3.5,4.1,2.1,0.5,0.1,2.5,1.7,20.2,,2020,1
36.0,Jimmy Butler,30.0,MIA,SF,58.0,58.0,33.8,5.9,13.1,0.455,0.5,2.1,0.244,5.4,11.0,0.495,0.474,7.6,9.1,0.834,1.8,4.8,6.7,6.0,1.8,0.6,2.2,1.4,19.9,"MVP-11,AS,NBA3",2020,0
37.0,Nikola Jokić,24.0,DEN,C,73.0,73.0,32.0,7.7,14.7,0.528,1.1,3.5,0.314,6.6,11.2,0.594,0.565,3.4,4.1,0.817,2.3,7.5,9.7,7.0,1.2,0.6,3.1,3.0,19.9,"MVP-9,AS,NBA2",2020,0
38.0,T.J. Warren,26.0,IND,SF,67.0,67.0,32.9,8.0,14.9,0.536,1.4,3.4,0.403,6.6,11.5,0.575,0.581,2.5,3.0,0.819,1.0,3.2,4.2,1.5,1.2,0.5,1.3,2.8,19.8,,2020,0
39.0,Tobias Harris,27.0,PHI,PF,72.0,72.0,34.3,7.7,16.3,0.471,1.8,5.0,0.367,5.9,11.3,0.517,0.527,2.4,3.0,0.806,1.0,5.9,6.9,3.2,0.7,0.6,1.4,2.3,19.6,,2020,0
40.0,Nikola Vučević,29.0,ORL,C,62.0,62.0,32.2,8.0,16.7,0.477,1.6,4.7,0.339,6.4,12.0,0.531,0.525,2.1,2.7,0.784,2.3,8.6,10.9,3.6,0.9,0.8,1.4,2.2,19.6,,2020,0
41.0,Julius Randle,25.0,NYK,PF,64.0,64.0,32.5,7.2,15.7,0.46,1.0,3.6,0.277,6.2,12.1,0.515,0.492,4.0,5.5,0.733,2.4,7.4,9.7,3.1,0.8,0.3,3.0,2.8,19.5,,2020,0
42.0,Kyle Lowry,33.0,TOR,PG,58.0,58.0,36.2,5.8,13.8,0.416,2.8,8.0,0.352,2.9,5.8,0.504,0.518,5.1,5.9,0.857,0.6,4.5,5.0,7.5,1.4,0.4,3.1,3.3,19.4,AS,2020,0
43.0,Buddy Hield,27.0,SAC,SG,72.0,44.0,30.8,6.9,16.1,0.429,3.8,9.6,0.394,3.2,6.6,0.479,0.545,1.6,1.9,0.846,0.8,3.8,4.6,3.0,0.9,0.2,2.3,2.3,19.2,,2020,0
44.0,Jrue Holiday,29.0,NOP,SG,61.0,61.0,34.7,7.5,16.5,0.455,2.0,5.7,0.353,5.5,10.8,0.509,0.516,2.1,3.0,0.709,1.3,3.5,4.8,6.7,1.6,0.8,3.0,2.4,19.1,,2020,0
45.0,Shai Gilgeous-Alexander,21.0,OKC,SG,70.0,70.0,34.7,6.8,14.5,0.471,1.2,3.6,0.347,5.6,10.9,0.512,0.514,4.1,5.1,0.807,0.7,5.2,5.9,3.3,1.1,0.7,1.9,1.7,19.0,,2020,0
46.0,LaMarcus Aldridge,34.0,SAS,C,53.0,53.0,33.1,7.4,15.0,0.493,1.2,3.0,0.389,6.2,12.0,0.519,0.532,3.0,3.6,0.827,1.9,5.5,7.4,2.4,0.7,1.6,1.4,2.4,18.9,,2020,0
47.0,Dennis Schröder,26.0,OKC,PG,65.0,2.0,30.8,7.0,14.8,0.469,1.9,5.0,0.385,5.0,9.8,0.513,0.534,3.0,3.6,0.839,0.3,3.3,3.6,4.0,0.7,0.2,2.6,2.2,18.9,6MOY-2,2020,0
48.0,Danilo Gallinari,31.0,OKC,PF,62.0,62.0,29.6,5.8,13.2,0.438,2.9,7.1,0.405,2.9,6.1,0.476,0.547,4.3,4.8,0.893,0.5,4.6,5.2,1.9,0.7,0.1,1.2,1.2,18.7,,2020,0
49.0,Caris LeVert,25.0,BRK,SG,45.0,31.0,29.6,6.9,16.3,0.425,1.8,4.9,0.364,5.1,11.4,0.451,0.48,3.1,4.4,0.711,1.1,3.1,4.2,4.4,1.2,0.2,2.6,1.8,18.7,,2020,0
50.0,Kelly Oubre Jr.,24.0,PHO,SF,56.0,55.0,34.5,6.7,14.8,0.452,1.9,5.5,0.352,4.7,9.3,0.511,0.517,3.4,4.4,0.78,1.2,5.3,6.4,1.5,1.3,0.7,1.5,3.4,18.7,,2020,0
51.0,Montrezl Harrell,26.0,LAC,C,63.0,2.0,27.8,7.5,12.9,0.58,0.0,0.3,0.0,7.5,12.6,0.593,0.58,3.7,5.6,0.658,2.6,4.5,7.1,1.7,0.6,1.1,1.7,2.3,18.6,6MOY-1,2020,0
52.0,Evan Fournier,27.0,ORL,SF,66.0,66.0,31.5,6.6,14.1,0.467,2.6,6.6,0.399,4.0,7.5,0.527,0.56,2.7,3.3,0.818,0.3,2.3,2.6,3.2,1.1,0.2,1.9,2.4,18.5,,2020,0
53.0,Jamal Murray,22.0,DEN,PG,59.0,59.0,32.3,6.9,15.2,0.456,1.9,5.5,0.346,5.0,9.7,0.519,0.519,2.8,3.1,0.881,0.8,3.2,4.0,4.8,1.1,0.3,2.2,1.7,18.5,,2020,0
54.0,Domantas Sabonis,23.0,IND,PF,62.0,62.0,34.8,7.4,13.7,0.54,0.3,1.1,0.254,7.1,12.6,0.565,0.55,3.5,4.8,0.723,3.0,9.4,12.4,5.0,0.8,0.5,2.7,3.1,18.5,AS,2020,0
55.0,Deandre Ayton,21.0,PHO,C,38.0,32.0,32.5,8.2,14.9,0.546,0.1,0.3,0.231,8.1,14.6,0.553,0.548,1.8,2.3,0.753,3.9,7.6,11.5,1.9,0.7,1.5,2.1,3.1,18.2,,2020,0
56.0,Devonte' Graham,24.0,CHO,PG,63.0,53.0,35.1,5.8,15.3,0.382,3.5,9.3,0.373,2.4,6.0,0.397,0.495,3.0,3.7,0.82,0.7,2.7,3.4,7.5,1.0,0.2,2.9,1.8,18.2,,2020,0
57.0,Lou Williams,33.0,LAC,PG,65.0,8.0,28.7,6.0,14.4,0.418,1.7,4.8,0.352,4.3,9.6,0.451,0.477,4.5,5.2,0.861,0.5,2.6,3.1,5.6,0.7,0.2,2.8,1.2,18.2,6MOY-3,2020,0
58.0,Derrick Rose,31.0,DET,PG,50.0,15.0,26.0,7.4,15.1,0.49,0.9,2.9,0.306,6.5,12.1,0.535,0.52,2.4,2.8,0.871,0.5,1.9,2.4,5.6,0.8,0.3,2.5,1.0,18.1,6MOY-7,2020,0
59.0,Terry Rozier,25.0,CHO,PG,63.0,63.0,34.3,6.3,14.9,0.423,2.7,6.7,0.407,3.6,8.2,0.436,0.514,2.6,3.0,0.874,0.8,3.6,4.4,4.1,1.0,0.2,2.2,2.0,18.0,,2020,0
60.0,Ja Morant,20.0,MEM,PG,67.0,67.0,31.0,6.7,14.0,0.477,0.9,2.7,0.335,5.8,11.3,0.511,0.509,3.6,4.6,0.776,0.8,3.1,3.9,7.3,0.9,0.3,3.3,1.6,17.8,ROY-1,2020,0
61.0,Andre Drummond,26.0,2TM,C,57.0,56.0,33.0,7.3,13.8,0.533,0.1,0.6,0.143,7.2,13.1,0.551,0.536,3.0,5.2,0.575,4.4,10.8,15.2,2.7,1.9,1.6,3.6,3.5,17.7,DPOY-8,2020,0
61.0,Andre Drummond,26.0,DET,C,49.0,48.0,33.8,7.3,13.9,0.53,0.0,0.4,0.048,7.3,13.4,0.546,0.531,3.0,5.2,0.584,4.6,11.2,15.8,2.8,2.0,1.7,3.6,3.6,17.8,,2020,0
61.0,Andre Drummond,26.0,CLE,C,8.0,8.0,28.1,7.3,13.1,0.552,0.5,1.8,0.286,6.8,11.4,0.593,0.571,2.5,4.9,0.513,3.0,8.1,11.1,1.8,1.5,1.4,3.6,3.1,17.5,,2020,0
62.0,Kevin Love,31.0,CLE,PF,56.0,56.0,31.8,5.8,13.0,0.45,2.6,7.0,0.374,3.2,6.0,0.537,0.55,3.3,3.9,0.854,1.0,8.8,9.8,3.2,0.6,0.3,2.5,1.6,17.6,,2020,0
63.0,Jusuf Nurkić,25.0,POR,C,8.0,8.0,31.6,6.8,13.6,0.495,0.3,1.3,0.2,6.5,12.4,0.525,0.505,3.9,4.4,0.886,2.9,7.4,10.3,4.0,1.4,2.0,2.4,4.9,17.6,,2020,0
64.0,Chris Paul,34.0,OKC,PG,70.0,70.0,31.5,6.2,12.7,0.489,1.6,4.3,0.365,4.6,8.3,0.554,0.552,3.6,4.0,0.907,0.4,4.6,5.0,6.7,1.6,0.2,2.3,2.3,17.6,"MVP-7,AS,NBA2",2020,0
65.0,Fred VanVleet,25.0,TOR,SG,54.0,54.0,35.7,5.9,14.3,0.413,2.7,6.9,0.39,3.2,7.4,0.434,0.507,3.1,3.7,0.848,0.3,3.4,3.8,6.6,1.9,0.3,2.2,2.4,17.6,,2020,0
66.0,Gordon Hayward,29.0,BOS,SF,52.0,52.0,33.5,6.7,13.5,0.5,1.6,4.3,0.383,5.1,9.2,0.554,0.561,2.4,2.8,0.855,1.1,5.6,6.7,4.1,0.7,0.4,1.8,1.8,17.5,,2020,0
67.0,Jaren Jackson Jr.,20.0,MEM,C,57.0,57.0,28.5,6.2,13.2,0.469,2.5,6.5,0.394,3.6,6.8,0.54,0.565,2.4,3.3,0.747,1.0,3.6,4.6,1.4,0.7,1.6,1.7,4.1,17.4,,2020,0
68.0,Marcus Morris,30.0,2TM,PF,62.0,62.0,31.2,5.7,13.1,0.438,2.3,5.6,0.408,3.4,7.5,0.461,0.526,2.9,3.5,0.823,1.0,4.1,5.0,1.4,0.8,0.5,1.6,2.9,16.7,,2020,0
68.0,Marcus Morris,30.0,NYK,SF,43.0,43.0,32.3,6.5,14.8,0.442,2.7,6.1,0.439,3.8,8.7,0.444,0.533,3.8,4.6,0.823,1.1,4.3,5.4,1.4,0.8,0.4,1.7,3.0,19.6,,2020,0
68.0,Marcus Morris,30.0,LAC,PF,19.0,19.0,28.9,3.9,9.2,0.425,1.4,4.4,0.31,2.5,4.7,0.533,0.5,0.9,1.2,0.818,0.6,3.5,4.1,1.4,0.7,0.7,1.3,2.7,10.1,,2020,0
69.0,Malcolm Brogdon,27.0,IND,PG,54.0,54.0,30.9,6.0,13.8,0.438,1.4,4.3,0.326,4.6,9.5,0.488,0.489,3.1,3.4,0.892,0.9,4.0,4.9,7.1,0.6,0.2,2.4,1.8,16.5,,2020,0
70.0,Ben Simmons,23.0,PHI,PG,57.0,57.0,35.4,6.6,11.4,0.58,0.0,0.1,0.286,6.5,11.2,0.583,0.581,3.2,5.2,0.621,2.0,5.8,7.8,8.0,2.1,0.6,3.5,3.3,16.4,"DPOY-4,AS,NBA3,DEF1",2020,0
71.0,Dillon Brooks,24.0,MEM,SG,73.0,73.0,28.9,6.0,14.6,0.407,2.0,5.6,0.358,3.9,9.0,0.438,0.476,2.2,2.8,0.808,0.9,2.4,3.3,2.1,0.9,0.4,1.7,3.8,16.2,,2020,0
72.0,Goran Dragić,33.0,MIA,PG,59.0,3.0,28.2,5.4,12.3,0.441,2.1,5.7,0.367,3.3,6.5,0.505,0.526,3.2,4.2,0.776,0.5,2.7,3.2,5.1,0.7,0.2,2.4,2.1,16.2,6MOY-6,2020,0
73.0,Norman Powell,26.0,TOR,SG,52.0,26.0,28.4,5.7,11.5,0.495,2.1,5.3,0.399,3.6,6.3,0.575,0.586,2.5,2.9,0.843,0.5,3.2,3.7,1.8,1.2,0.4,1.5,2.1,16.0,,2020,0
74.0,Bam Adebayo,22.0,MIA,PF,72.0,72.0,33.6,6.1,11.0,0.557,0.0,0.2,0.143,6.1,10.8,0.564,0.558,3.7,5.3,0.691,2.4,7.8,10.2,5.1,1.1,1.3,2.8,2.5,15.9,"DPOY-5,AS,DEF2",2020,0
75.0,Tim Hardaway Jr.,27.0,DAL,SG,71.0,58.0,29.5,5.4,12.5,0.434,2.9,7.2,0.398,2.5,5.2,0.485,0.55,2.1,2.6,0.819,0.4,2.9,3.3,1.9,0.6,0.1,1.0,1.8,15.8,,2020,0
76.0,Luke Kennard,23.0,DET,SG,28.0,25.0,32.9,5.4,12.2,0.442,2.6,6.5,0.399,2.8,5.7,0.491,0.548,2.4,2.7,0.893,0.3,3.2,3.5,4.1,0.4,0.2,1.5,2.3,15.8,,2020,0
77.0,Blake Griffin,30.0,DET,PF,18.0,18.0,28.4,4.9,13.9,0.352,1.5,6.2,0.243,3.4,7.7,0.439,0.406,4.2,5.4,0.776,0.9,3.7,4.7,3.3,0.4,0.4,2.2,1.5,15.5,,2020,0
78.0,Hassan Whiteside,30.0,POR,C,67.0,61.0,30.0,6.5,10.5,0.621,0.1,0.1,0.571,6.4,10.4,0.622,0.624,2.4,3.6,0.686,3.9,9.7,13.5,1.2,0.4,2.9,1.8,2.9,15.5,DPOY-11,2020,0
79.0,Carmelo Anthony,35.0,POR,PF,58.0,58.0,32.8,5.8,13.5,0.43,1.5,3.9,0.385,4.3,9.6,0.448,0.485,2.3,2.8,0.845,1.2,5.1,6.3,1.5,0.8,0.5,1.7,2.9,15.4,,2020,0
80.0,Dāvis Bertāns,27.0,WAS,PF,54.0,4.0,29.3,4.9,11.3,0.434,3.7,8.7,0.424,1.2,2.6,0.471,0.598,1.9,2.3,0.852,0.6,3.9,4.5,1.7,0.7,0.6,1.1,2.6,15.4,6MOY-8,2020,0
81.0,Serge Ibaka,30.0,TOR,C,55.0,27.0,27.0,6.2,12.2,0.512,1.3,3.3,0.385,5.0,8.9,0.559,0.564,1.6,2.3,0.718,2.1,6.1,8.2,1.4,0.5,0.8,2.0,2.8,15.4,,2020,0
82.0,Kendrick Nunn,24.0,MIA,PG,67.0,67.0,29.3,6.0,13.6,0.439,2.0,5.8,0.35,3.9,7.8,0.505,0.514,1.3,1.5,0.85,0.3,2.4,2.7,3.3,0.8,0.2,1.7,2.3,15.3,ROY-2,2020,0
83.0,JJ Redick,35.0,NOP,SG,60.0,36.0,26.4,4.8,10.5,0.453,3.0,6.6,0.453,1.8,3.9,0.453,0.596,2.8,3.1,0.892,0.2,2.4,2.5,2.0,0.3,0.2,1.3,1.6,15.3,,2020,0
84.0,Jordan Clarkson,27.0,2TM,SG,71.0,2.0,24.0,5.5,12.2,0.454,2.1,5.8,0.368,3.4,6.4,0.533,0.542,1.9,2.3,0.836,0.7,1.9,2.6,1.9,0.6,0.2,1.4,1.5,15.2,,2020,0
84.0,Jordan Clarkson,27.0,CLE,SG,29.0,0.0,23.0,5.0,11.2,0.442,2.0,5.5,0.371,2.9,5.8,0.509,0.532,2.6,3.0,0.884,0.7,1.7,2.4,2.4,0.6,0.3,1.3,1.1,14.6,,2020,0
84.0,Jordan Clarkson,27.0,UTA,SG,42.0,2.0,24.7,6.0,12.9,0.462,2.2,6.0,0.366,3.7,6.8,0.547,0.548,1.5,1.9,0.785,0.7,2.1,2.8,1.6,0.7,0.2,1.4,1.8,15.6,,2020,0
85.0,Will Barton,29.0,DEN,SF,58.0,58.0,33.0,5.7,12.7,0.45,1.9,5.0,0.375,3.9,7.8,0.498,0.523,1.8,2.3,0.767,1.3,5.0,6.3,3.7,1.1,0.5,1.5,2.1,15.1,,2020,0
86.0,Bogdan Bogdanović,27.0,SAC,SG,61.0,28.0,29.0,5.5,12.6,0.44,2.7,7.2,0.372,2.8,5.3,0.532,0.547,1.4,1.9,0.741,0.4,3.0,3.4,3.4,1.0,0.2,1.7,2.2,15.1,,2020,0
87.0,Rudy Gobert,27.0,UTA,C,68.0,68.0,34.3,5.7,8.2,0.693,0.0,0.0,,5.7,8.2,0.693,0.693,3.7,5.9,0.63,3.4,10.1,13.5,1.5,0.8,2.0,1.9,3.2,15.1,"DPOY-3,AS,NBA3,DEF1",2020,0
88.0,Alec Burks,28.0,2TM,SF,66.0,19.0,26.6,4.9,11.6,0.418,1.8,4.6,0.385,3.1,7.1,0.439,0.493,3.6,4.0,0.887,0.7,3.5,4.3,2.9,0.9,0.3,1.4,1.9,15.0,,2020,0
88.0,Alec Burks,28.0,GSW,SF,48.0,18.0,29.0,5.1,12.5,0.406,1.8,4.7,0.375,3.3,7.9,0.424,0.476,4.2,4.7,0.897,0.8,3.9,4.7,3.1,1.0,0.4,1.6,2.2,16.1,,2020,0
88.0,Alec Burks,28.0,PHI,SG,18.0,1.0,20.2,4.3,9.3,0.461,1.8,4.3,0.416,2.5,5.0,0.5,0.557,1.9,2.3,0.829,0.6,2.5,3.1,2.1,0.7,0.0,0.8,1.2,12.2,,2020,0
89.0,Eric Bledsoe,30.0,MIL,PG,61.0,61.0,27.0,5.5,11.5,0.475,1.2,3.5,0.344,4.3,8.0,0.533,0.528,2.8,3.5,0.79,0.7,3.9,4.6,5.4,0.9,0.4,2.4,2.1,14.9,DEF2,2020,0
90.0,Jonas Valančiūnas,27.0,MEM,C,70.0,70.0,26.4,6.2,10.6,0.585,0.5,1.3,0.352,5.7,9.3,0.617,0.606,2.1,2.9,0.74,3.0,8.2,11.3,1.9,0.4,1.1,1.8,2.6,14.9,,2020,0
91.0,Lauri Markkanen,22.0,CHI,PF,50.0,50.0,29.8,5.0,11.8,0.425,2.2,6.3,0.344,2.8,5.5,0.518,0.517,2.5,3.1,0.824,1.2,5.1,6.3,1.5,0.8,0.5,1.6,1.9,14.7,,2020,0
92.0,Terrence Ross,28.0,ORL,SG,69.0,0.0,27.4,4.9,12.3,0.403,2.6,7.3,0.351,2.4,5.0,0.48,0.508,2.3,2.7,0.853,0.2,3.0,3.2,1.2,1.1,0.3,1.0,1.6,14.7,,2020,0
93.0,Harrison Barnes,27.0,SAC,PF,72.0,72.0,34.5,5.1,11.0,0.46,1.4,3.7,0.381,3.7,7.3,0.501,0.525,3.0,3.7,0.801,1.1,3.9,4.9,2.2,0.6,0.2,1.2,1.3,14.5,,2020,0
94.0,Joe Harris,28.0,BRK,SF,69.0,69.0,30.8,5.5,11.4,0.486,2.5,5.9,0.424,3.0,5.5,0.553,0.596,0.9,1.3,0.719,0.9,3.4,4.3,2.1,0.6,0.2,1.5,2.3,14.5,,2020,0
95.0,Victor Oladipo,27.0,IND,SG,19.0,16.0,27.8,5.1,12.9,0.394,1.7,5.5,0.317,3.4,7.5,0.451,0.461,2.5,3.1,0.814,0.5,3.5,3.9,2.9,0.9,0.2,2.5,1.9,14.5,,2020,0
96.0,Mike Conley,32.0,UTA,PG,47.0,41.0,29.0,4.9,12.1,0.409,2.0,5.4,0.375,2.9,6.6,0.437,0.494,2.4,3.0,0.827,0.7,2.5,3.2,4.4,0.8,0.1,2.0,2.2,14.4,,2020,0
97.0,Aaron Gordon,24.0,ORL,PF,62.0,62.0,32.5,5.4,12.4,0.437,1.2,3.8,0.308,4.2,8.5,0.494,0.484,2.4,3.6,0.674,1.7,5.9,7.7,3.7,0.8,0.6,1.6,2.0,14.4,,2020,0
98.0,Eric Gordon,31.0,HOU,SF,36.0,15.0,28.2,4.8,12.9,0.369,2.7,8.4,0.317,2.1,4.4,0.469,0.473,2.3,3.0,0.766,0.3,1.7,2.0,1.5,0.6,0.4,1.2,1.9,14.4,,2020,0
99.0,RJ Barrett,19.0,NYK,SG,56.0,55.0,30.4,5.2,13.0,0.402,1.1,3.5,0.32,4.1,9.5,0.432,0.445,2.8,4.5,0.614,0.9,4.1,5.0,2.6,1.0,0.3,2.2,2.2,14.3,ROY-8,2020,0
100.0,Marvin Bagley III,20.0,SAC,C,13.0,6.0,25.7,6.0,12.8,0.467,0.3,1.7,0.182,5.7,11.2,0.51,0.479,1.9,2.4,0.806,2.2,5.2,7.5,0.8,0.5,0.9,1.4,3.3,14.2,,2020,0
101.0,Jabari Parker,24.0,2TM,PF,38.0,23.0,24.1,5.8,11.3,0.51,0.8,3.1,0.269,4.9,8.2,0.603,0.548,1.6,2.1,0.753,1.6,4.0,5.6,1.8,1.2,0.4,1.7,2.6,14.0,,2020,0
101.0,Jabari Parker,24.0,ATL,PF,32.0,23.0,26.2,6.2,12.3,0.504,1.0,3.6,0.27,5.2,8.7,0.601,0.543,1.7,2.3,0.736,1.7,4.3,6.0,1.8,1.3,0.5,1.9,2.9,15.0,,2020,0
101.0,Jabari Parker,24.0,SAC,PF,6.0,0.0,13.3,3.5,6.0,0.583,0.2,0.7,0.25,3.3,5.3,0.625,0.597,1.3,1.5,0.889,1.2,2.7,3.8,1.7,0.5,0.2,0.7,1.0,8.5,,2020,0
102.0,Eric Paschall,23.0,GSW,PF,60.0,26.0,27.6,5.3,10.7,0.497,0.6,2.2,0.287,4.7,8.5,0.55,0.526,2.7,3.5,0.774,1.4,3.2,4.6,2.1,0.5,0.2,1.6,2.1,14.0,ROY-6,2020,0
103.0,Clint Capela,25.0,HOU,C,39.0,39.0,32.8,6.3,9.9,0.629,0.0,0.0,,6.3,9.9,0.629,0.629,1.4,2.7,0.529,4.3,9.5,13.8,1.2,0.8,1.8,1.6,2.6,13.9,,2020,0
104.0,Josh Richardson,26.0,PHI,SG,55.0,53.0,30.8,5.1,11.7,0.43,1.5,4.5,0.341,3.5,7.2,0.486,0.496,2.1,2.6,0.809,0.7,2.4,3.2,2.9,0.9,0.7,1.9,2.5,13.7,,2020,0
105.0,Rui Hachimura,21.0,WAS,PF,48.0,48.0,30.1,5.3,11.4,0.466,0.5,1.8,0.287,4.8,9.5,0.5,0.489,2.4,2.9,0.829,1.6,4.5,6.1,1.8,0.8,0.2,1.1,2.2,13.5,,2020,0
106.0,Tyler Herro,20.0,MIA,SG,55.0,8.0,27.4,4.9,11.5,0.428,2.1,5.4,0.389,2.8,6.1,0.462,0.52,1.6,1.8,0.87,0.3,3.8,4.1,2.2,0.6,0.2,1.6,1.4,13.5,,2020,0
107.0,Duncan Robinson,25.0,MIA,SG,73.0,68.0,29.7,4.4,9.4,0.47,3.7,8.3,0.446,0.7,1.1,0.654,0.667,0.9,1.0,0.931,0.1,3.0,3.2,1.4,0.5,0.3,1.0,2.6,13.5,,2020,0
108.0,Thomas Bryant,22.0,WAS,C,46.0,36.0,24.9,5.3,9.1,0.581,0.8,2.0,0.407,4.5,7.1,0.63,0.626,1.9,2.5,0.741,2.1,5.1,7.2,1.8,0.5,1.1,1.2,2.2,13.2,,2020,0
109.0,Coby White,19.0,CHI,PG,65.0,1.0,25.8,4.8,12.2,0.394,2.0,5.8,0.354,2.8,6.4,0.43,0.478,1.6,2.0,0.791,0.4,3.1,3.5,2.7,0.8,0.1,1.7,1.8,13.2,ROY-5,2020,0
110.0,Christian Wood,24.0,DET,PF,62.0,12.0,21.4,4.6,8.2,0.567,0.9,2.3,0.386,3.8,5.9,0.636,0.62,2.9,3.9,0.744,1.7,4.6,6.3,1.0,0.5,0.9,1.4,1.6,13.1,6MOY-4,2020,0
111.0,Miles Bridges,21.0,CHO,SF,65.0,64.0,30.7,4.9,11.6,0.424,1.5,4.6,0.33,3.4,7.0,0.486,0.489,1.6,2.0,0.809,1.4,4.2,5.6,1.8,0.6,0.7,1.5,2.0,13.0,,2020,0
112.0,Ricky Rubio,29.0,PHO,PG,65.0,65.0,31.0,4.4,10.6,0.415,1.2,3.3,0.361,3.2,7.3,0.439,0.471,3.0,3.5,0.863,0.7,4.0,4.7,8.8,1.4,0.2,2.7,2.6,13.0,,2020,0
113.0,Marcus Smart,25.0,BOS,SG,60.0,40.0,32.0,4.3,11.4,0.375,2.3,6.6,0.347,2.0,4.8,0.415,0.476,2.1,2.5,0.836,0.7,3.1,3.8,4.9,1.7,0.5,1.7,2.7,12.9,"DPOY-6,DEF1",2020,0
114.0,Kyle Kuzma,24.0,LAL,PF,61.0,9.0,25.0,4.8,11.0,0.436,1.4,4.5,0.316,3.4,6.5,0.518,0.5,1.9,2.5,0.735,0.9,3.6,4.5,1.3,0.5,0.4,1.5,2.1,12.8,,2020,0
115.0,Damion Lee,27.0,GSW,SG,49.0,36.0,29.0,4.3,10.4,0.417,1.7,4.9,0.356,2.6,5.6,0.471,0.5,2.2,2.6,0.873,0.7,4.2,4.9,2.7,1.0,0.1,1.4,2.4,12.7,,2020,0
116.0,Jeremy Lamb,27.0,IND,SG,46.0,42.0,28.1,4.7,10.4,0.451,1.2,3.4,0.335,3.5,7.0,0.508,0.506,2.0,2.4,0.836,0.5,3.8,4.3,2.1,1.2,0.5,1.1,2.3,12.5,,2020,0
117.0,Robert Covington,29.0,2TM,C,70.0,68.0,30.5,4.4,10.3,0.422,2.3,6.9,0.335,2.1,3.5,0.593,0.533,1.4,1.8,0.798,0.9,5.7,6.6,1.3,1.6,1.3,1.5,3.1,12.4,,2020,0
117.0,Robert Covington,29.0,MIN,PF,48.0,47.0,29.4,4.5,10.3,0.435,2.3,6.5,0.346,2.3,3.8,0.587,0.544,1.6,2.0,0.798,0.8,5.2,6.0,1.2,1.7,0.9,1.5,3.1,12.8,,2020,0
117.0,Robert Covington,29.0,HOU,C,22.0,21.0,33.0,4.0,10.3,0.392,2.4,7.6,0.315,1.6,2.7,0.61,0.509,1.1,1.4,0.8,1.2,6.8,8.0,1.5,1.6,2.2,1.4,3.3,11.6,,2020,0
118.0,Seth Curry,29.0,DAL,SG,64.0,25.0,24.6,4.4,9.0,0.495,2.3,5.0,0.452,2.2,4.0,0.549,0.621,1.3,1.5,0.825,0.4,1.8,2.3,1.9,0.6,0.1,1.0,1.8,12.4,,2020,0
119.0,Darius Garland,20.0,CLE,SG,59.0,59.0,30.9,4.7,11.8,0.401,1.8,5.0,0.355,3.0,6.8,0.434,0.476,1.1,1.2,0.875,0.5,1.4,1.9,3.9,0.7,0.1,2.6,1.6,12.3,,2020,0
120.0,Richaun Holmes,26.0,SAC,C,44.0,38.0,28.2,5.1,7.8,0.648,0.0,0.0,,5.1,7.8,0.648,0.648,2.1,2.7,0.788,2.9,5.3,8.1,1.0,0.9,1.3,1.2,3.8,12.3,,2020,0
121.0,De'Andre Hunter,22.0,ATL,SF,63.0,62.0,32.0,4.4,10.8,0.41,1.7,4.8,0.355,2.7,6.0,0.454,0.489,1.7,2.3,0.764,0.7,3.8,4.5,1.8,0.7,0.3,1.6,2.9,12.3,,2020,0
122.0,Kevin Huerter,21.0,ATL,SG,56.0,48.0,31.4,4.5,10.9,0.413,2.3,6.0,0.38,2.2,4.9,0.453,0.517,0.9,1.1,0.828,0.6,3.4,4.1,3.8,0.9,0.5,1.6,2.5,12.2,,2020,0
123.0,Isaiah Thomas,30.0,WAS,PG,40.0,37.0,23.1,4.4,10.7,0.408,2.0,4.7,0.413,2.4,5.9,0.405,0.5,1.6,1.9,0.816,0.3,1.4,1.7,3.7,0.3,0.2,1.9,1.9,12.2,,2020,0
124.0,P.J. Washington,21.0,CHO,PF,58.0,57.0,30.3,4.6,10.2,0.455,1.5,4.0,0.374,3.1,6.2,0.507,0.528,1.5,2.3,0.647,1.0,4.4,5.4,2.1,0.9,0.8,1.6,2.7,12.2,,2020,0
125.0,Brandon Clarke,23.0,MEM,PF,58.0,4.0,22.4,5.1,8.3,0.618,0.4,1.1,0.359,4.7,7.2,0.658,0.642,1.5,1.9,0.759,1.6,4.4,5.9,1.4,0.6,0.8,0.9,1.7,12.1,ROY-4,2020,0
126.0,Markelle Fultz,21.0,ORL,PG,72.0,60.0,27.7,5.0,10.7,0.465,0.5,1.9,0.267,4.5,8.8,0.507,0.488,1.6,2.2,0.73,0.6,2.7,3.3,5.1,1.3,0.2,2.0,2.0,12.1,,2020,0
127.0,Taurean Prince,25.0,BRK,PF,64.0,61.0,29.0,4.3,11.5,0.376,2.3,6.7,0.339,2.1,4.8,0.429,0.475,1.1,1.4,0.798,0.8,5.2,6.0,1.8,0.9,0.4,2.0,2.5,12.1,,2020,0
128.0,Myles Turner,23.0,IND,C,62.0,62.0,29.5,4.3,9.5,0.457,1.4,4.0,0.344,2.9,5.4,0.54,0.53,2.0,2.7,0.751,1.4,5.2,6.6,1.2,0.7,2.1,1.4,2.7,12.1,,2020,0
129.0,Jerami Grant,25.0,DEN,PF,71.0,24.0,26.6,4.3,8.9,0.478,1.4,3.5,0.389,2.9,5.4,0.537,0.555,2.1,2.8,0.75,0.8,2.7,3.5,1.2,0.7,0.8,0.9,2.2,12.0,,2020,0
130.0,Brook Lopez,31.0,MIL,C,68.0,67.0,26.7,4.3,9.9,0.435,1.5,4.8,0.314,2.8,5.1,0.549,0.511,1.9,2.2,0.836,0.9,3.7,4.6,1.5,0.7,2.4,1.0,2.4,12.0,"DPOY-10,DEF2",2020,0
131.0,Tristan Thompson,28.0,CLE,C,57.0,51.0,30.2,5.1,9.9,0.512,0.2,0.4,0.391,4.9,9.5,0.518,0.52,1.7,2.8,0.615,4.0,6.2,10.1,2.1,0.6,0.9,1.8,2.2,12.0,,2020,0
132.0,Reggie Jackson,29.0,2TM,PG,31.0,16.0,24.0,4.3,10.5,0.411,1.8,4.7,0.393,2.5,5.8,0.425,0.498,1.5,1.7,0.833,0.5,2.4,3.0,4.1,0.4,0.2,1.6,1.9,11.9,,2020,0
132.0,Reggie Jackson,29.0,DET,PG,14.0,10.0,27.2,5.4,14.1,0.384,2.2,5.9,0.378,3.2,8.3,0.388,0.462,1.9,2.4,0.788,0.8,2.1,2.9,5.1,0.6,0.1,1.6,1.5,14.9,,2020,0
132.0,Reggie Jackson,29.0,LAC,PG,17.0,6.0,21.3,3.4,7.5,0.453,1.5,3.7,0.413,1.9,3.8,0.492,0.555,1.1,1.2,0.905,0.4,2.6,3.0,3.2,0.3,0.2,1.6,2.2,9.5,,2020,0
133.0,Al Horford,33.0,PHI,C,67.0,61.0,30.2,4.8,10.6,0.45,1.5,4.2,0.35,3.3,6.4,0.516,0.52,0.9,1.2,0.763,1.5,5.3,6.8,4.0,0.8,0.9,1.2,2.1,11.9,,2020,0
134.0,Jonathan Isaac,22.0,ORL,PF,34.0,32.0,28.8,4.6,9.8,0.47,0.9,2.8,0.34,3.6,7.0,0.521,0.518,1.8,2.3,0.779,1.7,5.1,6.8,1.4,1.6,2.3,1.4,2.4,11.9,,2020,0
135.0,Otto Porter Jr.,26.0,CHI,SF,14.0,9.0,23.6,4.4,10.0,0.443,1.7,4.4,0.387,2.7,5.6,0.487,0.529,1.4,1.9,0.704,0.9,2.5,3.4,1.8,1.1,0.4,0.8,2.2,11.9,,2020,0
136.0,Lonzo Ball,22.0,NOP,PG,63.0,54.0,32.1,4.4,10.9,0.403,2.3,6.3,0.375,2.0,4.6,0.442,0.511,0.7,1.2,0.566,1.1,5.0,6.1,7.0,1.4,0.6,3.1,2.0,11.8,,2020,0
137.0,Glenn Robinson III,26.0,2TM,SF,62.0,52.0,28.8,4.6,9.5,0.486,1.2,3.2,0.391,3.4,6.4,0.534,0.552,1.2,1.4,0.86,1.3,3.0,4.4,1.5,0.9,0.3,0.9,1.6,11.7,,2020,0
137.0,Glenn Robinson III,26.0,GSW,SF,48.0,48.0,31.6,5.1,10.6,0.481,1.4,3.5,0.4,3.7,7.0,0.522,0.548,1.3,1.5,0.851,1.4,3.3,4.7,1.8,0.9,0.3,1.0,1.7,12.9,,2020,0
137.0,Glenn Robinson III,26.0,PHI,SF,14.0,4.0,19.3,3.1,6.1,0.518,0.6,1.9,0.333,2.5,4.1,0.603,0.571,0.8,0.9,0.917,1.1,2.1,3.1,0.8,0.6,0.1,0.4,1.3,7.7,,2020,0
138.0,Patty Mills,31.0,SAS,PG,66.0,1.0,22.5,3.9,9.1,0.431,2.3,6.1,0.382,1.6,3.0,0.533,0.56,1.5,1.7,0.866,0.3,1.3,1.6,1.8,0.8,0.1,0.8,1.6,11.6,,2020,0
139.0,Paul Millsap,34.0,DEN,PF,51.0,48.0,24.3,4.1,8.6,0.482,1.1,2.4,0.435,3.1,6.2,0.5,0.543,2.3,2.8,0.816,1.9,3.8,5.7,1.6,0.9,0.6,1.4,2.9,11.6,,2020,0
140.0,Jordan McRae,28.0,3TM,SG,37.0,4.0,21.2,4.0,9.9,0.407,1.2,3.4,0.357,2.8,6.5,0.433,0.469,2.2,2.9,0.761,0.5,2.9,3.4,2.5,0.6,0.4,1.2,2.0,11.5,,2020,0
140.0,Jordan McRae,28.0,WAS,SG,29.0,4.0,22.6,4.6,10.9,0.42,1.4,3.7,0.377,3.2,7.3,0.441,0.483,2.2,2.9,0.771,0.6,3.0,3.6,2.8,0.7,0.5,1.3,2.1,12.8,,2020,0
140.0,Jordan McRae,28.0,DEN,SG,4.0,0.0,8.0,0.5,1.5,0.333,0.5,1.0,0.5,0.0,0.5,0.0,0.5,0.8,1.0,0.75,0.3,1.0,1.3,1.0,0.5,0.3,0.0,0.5,2.3,,2020,0
140.0,Jordan McRae,28.0,DET,SG,4.0,0.0,24.5,3.5,10.8,0.326,0.8,4.0,0.188,2.8,6.8,0.407,0.36,4.0,5.5,0.727,0.0,3.8,3.8,1.8,0.0,0.0,1.3,2.5,11.8,,2020,0
141.0,Aron Baynes,33.0,PHO,C,42.0,28.0,22.2,4.4,9.1,0.48,1.4,4.0,0.351,3.0,5.1,0.582,0.558,1.3,1.8,0.747,1.7,4.0,5.6,1.6,0.2,0.5,1.2,3.4,11.5,,2020,0
142.0,Nemanja Bjelica,31.0,SAC,PF,72.0,67.0,27.9,4.4,9.1,0.481,1.9,4.4,0.419,2.5,4.6,0.541,0.583,1.0,1.2,0.821,1.5,4.8,6.4,2.8,0.9,0.6,1.4,3.0,11.5,,2020,0
143.0,Wendell Carter Jr.,20.0,CHI,C,43.0,43.0,29.2,4.3,8.0,0.534,0.1,0.7,0.207,4.1,7.3,0.564,0.542,2.6,3.5,0.737,3.2,6.2,9.4,1.2,0.8,0.8,1.7,3.8,11.3,,2020,0
144.0,Derrick White,25.0,SAS,SG,68.0,20.0,24.7,3.7,8.1,0.458,1.2,3.2,0.366,2.6,4.9,0.518,0.53,2.6,3.1,0.853,0.5,2.8,3.3,3.5,0.6,0.9,1.3,2.2,11.3,,2020,0
145.0,Justise Winslow,23.0,MIA,SG,11.0,5.0,32.0,4.5,11.7,0.388,0.5,2.5,0.222,4.0,9.3,0.431,0.411,1.6,2.5,0.667,1.5,5.2,6.6,4.0,0.6,0.5,2.2,3.5,11.3,,2020,0
146.0,Malik Beasley,23.0,2TM,SG,55.0,14.0,22.0,4.1,9.7,0.425,1.9,5.0,0.388,2.2,4.7,0.465,0.525,1.0,1.2,0.818,0.3,2.4,2.7,1.4,0.7,0.1,1.0,1.4,11.2,,2020,0
146.0,Malik Beasley,23.0,DEN,SG,41.0,0.0,18.2,2.9,7.3,0.389,1.4,3.9,0.36,1.4,3.4,0.421,0.485,0.8,0.9,0.868,0.2,1.7,1.9,1.2,0.8,0.1,0.9,1.2,7.9,,2020,0
146.0,Malik Beasley,23.0,MIN,SG,14.0,14.0,33.1,7.9,16.6,0.472,3.5,8.2,0.426,4.4,8.4,0.517,0.577,1.5,2.0,0.75,0.6,4.4,5.1,1.9,0.6,0.1,1.5,1.9,20.7,,2020,1
147.0,Bryn Forbes,26.0,SAS,SG,63.0,62.0,25.1,3.8,9.2,0.417,2.3,6.0,0.388,1.5,3.2,0.47,0.544,1.2,1.4,0.833,0.2,1.8,2.0,1.7,0.5,0.0,0.9,1.8,11.2,,2020,0
148.0,Dion Waiters,28.0,2TM,SG,10.0,0.0,20.7,4.1,9.9,0.414,1.5,4.7,0.319,2.6,5.2,0.5,0.49,1.4,1.7,0.824,0.2,2.2,2.4,2.0,0.4,0.6,1.6,2.1,11.1,,2020,0
148.0,Dion Waiters,28.0,MIA,SG,3.0,0.0,14.0,3.3,8.7,0.385,2.7,5.7,0.471,0.7,3.0,0.222,0.538,0.0,0.3,0.0,0.0,3.7,3.7,1.0,0.0,0.7,1.0,1.7,9.3,,2020,0
148.0,Dion Waiters,28.0,LAL,SG,7.0,0.0,23.6,4.4,10.4,0.425,1.0,4.3,0.233,3.4,6.1,0.558,0.473,2.0,2.3,0.875,0.3,1.6,1.9,2.4,0.6,0.6,1.9,2.3,11.9,,2020,0
149.0,Jarrett Allen,21.0,BRK,C,70.0,64.0,26.5,4.3,6.6,0.649,0.0,0.1,0.0,4.3,6.6,0.658,0.649,2.4,3.9,0.633,3.1,6.5,9.6,1.6,0.6,1.3,1.1,2.3,11.1,DPOY-12,2020,0
150.0,Cody Zeller,27.0,CHO,C,58.0,39.0,23.1,4.3,8.3,0.524,0.3,1.3,0.24,4.0,7.0,0.577,0.543,2.1,3.1,0.682,2.8,4.3,7.1,1.5,0.7,0.4,1.3,2.4,11.1,,2020,0
151.0,Rodney Hood,27.0,POR,SF,21.0,21.0,29.5,4.1,8.2,0.506,1.7,3.4,0.493,2.5,4.8,0.515,0.608,1.0,1.3,0.778,0.5,3.0,3.4,1.5,0.8,0.2,0.9,2.2,11.0,,2020,0
152.0,Mychal Mulder,25.0,GSW,SF,7.0,3.0,29.1,3.7,9.6,0.388,2.3,7.4,0.308,1.4,2.1,0.667,0.507,1.3,1.7,0.75,0.4,2.9,3.3,1.1,0.3,0.1,0.7,2.9,11.0,,2020,0
153.0,Cedi Osman,24.0,CLE,SF,65.0,65.0,29.4,4.1,9.4,0.437,1.9,4.9,0.383,2.2,4.4,0.497,0.538,1.0,1.4,0.67,0.6,3.0,3.6,2.4,0.8,0.2,1.4,2.5,11.0,,2020,0
154.0,Jeff Teague,31.0,2TM,PG,59.0,17.0,24.8,3.6,8.3,0.436,0.7,2.0,0.368,2.9,6.3,0.457,0.48,2.9,3.3,0.873,0.5,1.9,2.4,5.2,0.7,0.3,2.0,1.8,10.9,,2020,0
154.0,Jeff Teague,31.0,MIN,PG,34.0,13.0,27.8,4.3,9.5,0.448,1.0,2.6,0.379,3.3,7.0,0.473,0.498,3.7,4.2,0.868,0.4,2.1,2.6,6.1,0.7,0.4,2.2,2.1,13.2,,2020,0
154.0,Jeff Teague,31.0,ATL,PG,25.0,4.0,20.8,2.7,6.6,0.412,0.4,1.2,0.333,2.3,5.4,0.43,0.442,1.9,2.1,0.887,0.5,1.7,2.2,4.0,0.8,0.2,1.6,1.4,7.7,,2020,0
155.0,Steven Adams,26.0,OKC,C,63.0,63.0,26.7,4.5,7.6,0.592,0.0,0.0,0.333,4.5,7.5,0.594,0.593,1.9,3.2,0.582,3.3,6.0,9.3,2.3,0.8,1.1,1.5,1.9,10.9,,2020,0
156.0,Dejounte Murray,23.0,SAS,PG,66.0,58.0,25.6,4.5,9.7,0.462,0.6,1.7,0.369,3.8,8.0,0.481,0.494,1.4,1.7,0.798,1.0,4.8,5.8,4.1,1.7,0.3,1.9,2.2,10.9,,2020,0
157.0,Cameron Payne,25.0,PHO,SG,8.0,0.0,22.9,4.1,8.5,0.485,1.9,3.6,0.517,2.3,4.9,0.462,0.596,0.8,0.9,0.857,0.5,3.4,3.9,3.0,1.0,0.3,1.4,2.5,10.9,,2020,0
158.0,Ish Smith,31.0,WAS,PG,68.0,23.0,26.3,4.5,10.1,0.447,0.9,2.5,0.367,3.6,7.6,0.473,0.492,0.9,1.3,0.721,0.4,2.8,3.2,4.9,0.9,0.4,1.4,1.6,10.9,,2020,0
159.0,Rudy Gay,33.0,SAS,PF,67.0,5.0,21.8,4.0,8.9,0.446,1.1,3.3,0.336,2.9,5.6,0.511,0.508,1.8,2.0,0.882,0.9,4.5,5.4,1.7,0.5,0.5,1.3,1.5,10.8,,2020,0
160.0,Dario Šarić,25.0,PHO,PF,66.0,51.0,24.7,3.9,8.2,0.476,1.3,3.6,0.357,2.6,4.6,0.568,0.554,1.6,1.9,0.844,1.5,4.6,6.2,1.9,0.6,0.2,1.3,2.4,10.7,,2020,0
161.0,OG Anunoby,22.0,TOR,SF,69.0,68.0,29.9,4.1,8.2,0.505,1.3,3.3,0.39,2.9,4.9,0.583,0.584,1.0,1.5,0.706,1.2,4.1,5.3,1.6,1.4,0.7,1.1,2.4,10.6,,2020,0
162.0,Jae Crowder,29.0,2TM,SF,65.0,53.0,28.8,3.5,8.7,0.401,2.1,6.1,0.343,1.4,2.6,0.538,0.521,1.5,1.9,0.776,0.8,5.1,5.9,2.5,1.1,0.4,1.1,2.2,10.5,,2020,0
162.0,Jae Crowder,29.0,MEM,SF,45.0,45.0,29.4,3.3,8.9,0.368,1.7,5.9,0.293,1.5,3.0,0.519,0.466,1.7,2.1,0.789,0.9,5.3,6.2,2.8,1.0,0.3,1.2,1.9,9.9,,2020,0
162.0,Jae Crowder,29.0,MIA,PF,20.0,8.0,27.7,4.0,8.2,0.482,2.9,6.4,0.445,1.1,1.8,0.611,0.655,1.1,1.5,0.733,0.6,4.8,5.4,1.8,1.3,0.5,0.8,2.9,11.9,,2020,0
163.0,D.J. Augustin,32.0,ORL,PG,57.0,13.0,24.9,3.2,8.1,0.399,1.2,3.5,0.348,2.0,4.6,0.438,0.475,2.8,3.2,0.89,0.4,1.8,2.1,4.6,0.6,0.0,1.5,1.3,10.5,,2020,0
164.0,Danuel House Jr.,26.0,HOU,SF,63.0,52.0,30.4,3.7,8.6,0.427,2.0,5.6,0.363,1.6,2.9,0.549,0.546,1.2,1.4,0.811,0.9,3.3,4.2,1.3,1.1,0.5,0.9,2.1,10.5,,2020,0
165.0,Cam Reddish,20.0,ATL,SF,58.0,34.0,26.7,3.7,9.6,0.384,1.4,4.3,0.332,2.2,5.2,0.428,0.459,1.7,2.2,0.802,0.6,3.1,3.7,1.5,1.1,0.5,1.7,2.3,10.5,,2020,0
166.0,Troy Brown Jr.,20.0,WAS,SF,69.0,22.0,25.8,4.0,9.0,0.439,0.9,2.6,0.341,3.1,6.4,0.479,0.488,1.6,2.0,0.784,1.1,4.4,5.6,2.6,1.2,0.1,1.1,1.9,10.4,,2020,0
167.0,Gary Harris,25.0,DEN,SG,56.0,55.0,31.8,3.9,9.3,0.42,1.3,3.8,0.333,2.6,5.5,0.479,0.487,1.3,1.6,0.815,0.5,2.4,2.9,2.1,1.4,0.3,1.1,2.1,10.4,,2020,0
168.0,Shabazz Napier,28.0,2TM,PG,56.0,32.0,24.0,3.4,8.1,0.412,1.4,4.3,0.317,2.0,3.9,0.519,0.496,2.3,2.7,0.824,0.5,2.4,2.8,4.7,1.2,0.2,2.3,1.8,10.3,,2020,0
168.0,Shabazz Napier,28.0,MIN,PG,36.0,22.0,23.8,3.2,7.9,0.403,1.3,4.4,0.296,1.9,3.4,0.54,0.486,2.0,2.4,0.818,0.5,2.6,3.1,5.2,1.1,0.2,2.1,1.7,9.6,,2020,0
168.0,Shabazz Napier,28.0,WAS,PG,20.0,10.0,24.4,3.7,8.7,0.428,1.5,4.1,0.358,2.3,4.6,0.489,0.512,2.7,3.3,0.831,0.5,2.0,2.4,3.8,1.5,0.2,2.6,2.0,11.6,,2020,0
169.0,Langston Galloway,28.0,DET,SG,66.0,6.0,25.8,3.6,8.2,0.435,2.0,5.0,0.399,1.6,3.2,0.493,0.557,1.1,1.3,0.859,0.5,1.8,2.3,1.5,0.7,0.2,0.6,1.5,10.3,,2020,0
170.0,Doug McDermott,28.0,IND,PF,69.0,0.0,19.9,3.9,7.9,0.488,1.9,4.3,0.435,2.0,3.7,0.549,0.605,0.7,0.8,0.828,0.4,2.1,2.5,1.1,0.2,0.1,0.6,1.7,10.3,,2020,0
171.0,Malik Monk,21.0,CHO,SG,55.0,1.0,21.3,3.9,8.9,0.434,1.1,3.7,0.284,2.8,5.2,0.542,0.494,1.5,1.8,0.82,0.5,2.4,2.9,2.1,0.5,0.3,1.4,1.3,10.3,,2020,0
172.0,Garrett Temple,33.0,BRK,SG,62.0,35.0,27.9,3.6,9.5,0.378,2.0,6.2,0.329,1.5,3.2,0.473,0.486,1.1,1.4,0.805,0.5,3.0,3.5,2.5,0.8,0.5,1.0,1.7,10.3,,2020,0
173.0,Thaddeus Young,31.0,CHI,PF,64.0,16.0,24.9,4.2,9.4,0.448,1.2,3.5,0.356,3.0,5.9,0.501,0.513,0.7,1.1,0.583,1.5,3.5,4.9,1.8,1.4,0.4,1.6,2.1,10.3,,2020,0
174.0,Josh Hart,24.0,NOP,SF,65.0,16.0,27.0,3.5,8.2,0.423,1.9,5.4,0.342,1.6,2.7,0.584,0.537,1.3,1.8,0.739,0.9,5.6,6.5,1.7,1.0,0.4,1.2,2.5,10.1,,2020,0
175.0,Ben McLemore,26.0,HOU,SF,71.0,23.0,22.8,3.4,7.7,0.444,2.5,6.4,0.4,0.9,1.3,0.656,0.61,0.7,0.9,0.746,0.3,1.9,2.2,0.8,0.6,0.2,0.7,2.2,10.1,,2020,0
176.0,Larry Nance Jr.,27.0,CLE,PF,56.0,10.0,26.3,4.1,7.7,0.531,1.0,2.8,0.352,3.1,4.9,0.636,0.596,0.9,1.3,0.676,1.9,5.4,7.3,2.2,1.0,0.4,1.1,1.6,10.1,,2020,0
177.0,Bobby Portis,24.0,NYK,PF,66.0,5.0,21.1,4.0,8.9,0.45,1.0,2.8,0.358,3.0,6.1,0.493,0.507,1.1,1.4,0.763,1.2,3.9,5.1,1.5,0.5,0.3,1.1,1.7,10.1,,2020,0
178.0,Elfrid Payton,25.0,NYK,PG,45.0,36.0,27.7,4.3,9.8,0.439,0.3,1.5,0.203,4.0,8.2,0.482,0.455,1.1,1.9,0.57,1.2,3.6,4.7,7.2,1.6,0.4,2.1,2.0,10.0,,2020,0
179.0,Kevin Porter Jr.,19.0,CLE,SF,50.0,3.0,23.2,3.7,8.4,0.442,1.1,3.2,0.335,2.7,5.3,0.506,0.505,1.5,2.0,0.723,0.4,2.8,3.2,2.2,0.9,0.3,1.9,2.7,10.0,,2020,0
180.0,Tomáš Satoranský,28.0,CHI,SG,65.0,64.0,28.9,3.6,8.5,0.43,1.0,3.1,0.322,2.7,5.4,0.491,0.488,1.6,1.9,0.876,1.2,2.7,3.9,5.4,1.2,0.1,2.0,2.1,9.9,,2020,0
181.0,Joe Ingles,32.0,UTA,PF,72.0,45.0,29.7,3.4,7.7,0.445,2.0,4.9,0.399,1.5,2.8,0.525,0.572,1.0,1.3,0.787,0.4,3.5,3.9,5.2,0.9,0.2,2.0,2.1,9.8,,2020,0
182.0,Furkan Korkmaz,22.0,PHI,SG,72.0,12.0,21.7,3.4,7.8,0.43,2.0,4.9,0.402,1.4,2.9,0.478,0.557,1.1,1.4,0.755,0.3,2.1,2.3,1.1,0.6,0.2,0.8,1.4,9.8,,2020,0
183.0,Markieff Morris,30.0,2TM,PF,58.0,17.0,20.5,3.5,7.9,0.443,1.5,3.9,0.386,2.0,4.0,0.5,0.539,1.1,1.5,0.776,0.7,3.1,3.8,1.3,0.5,0.3,1.3,2.3,9.7,,2020,0
183.0,Markieff Morris,30.0,DET,PF,44.0,16.0,22.5,4.0,8.8,0.45,1.7,4.3,0.397,2.3,4.5,0.5,0.546,1.4,1.8,0.772,0.5,3.4,3.9,1.6,0.6,0.3,1.6,2.4,11.0,,2020,0
183.0,Markieff Morris,30.0,LAL,PF,14.0,1.0,14.2,2.0,4.9,0.406,0.9,2.8,0.333,1.1,2.1,0.5,0.5,0.4,0.4,0.833,1.1,2.1,3.2,0.6,0.4,0.4,0.4,2.1,5.3,,2020,0
184.0,Frank Kaminsky,26.0,PHO,C,39.0,13.0,19.9,3.5,7.9,0.45,1.1,3.2,0.331,2.5,4.7,0.53,0.516,1.6,2.3,0.678,0.9,3.6,4.5,1.9,0.4,0.3,0.9,1.9,9.7,,2020,0
185.0,Mitchell Robinson,21.0,NYK,C,61.0,7.0,23.1,4.1,5.6,0.742,0.0,0.0,,4.1,5.6,0.742,0.742,1.4,2.4,0.568,3.0,4.0,7.0,0.6,0.9,2.0,0.6,3.2,9.7,,2020,0
186.0,Dorian Finney-Smith,26.0,DAL,PF,71.0,68.0,29.9,3.4,7.4,0.466,1.6,4.3,0.376,1.8,3.1,0.589,0.575,1.1,1.5,0.722,2.0,3.7,5.7,1.6,0.6,0.5,1.0,2.5,9.5,,2020,0
187.0,Aaron Holiday,23.0,IND,PG,66.0,33.0,24.5,3.5,8.5,0.414,1.3,3.3,0.394,2.2,5.2,0.427,0.491,1.1,1.3,0.851,0.3,2.0,2.4,3.4,0.8,0.2,1.3,1.8,9.5,,2020,0
188.0,Jeff Green,33.0,2TM,C,48.0,4.0,20.0,3.3,7.2,0.462,1.3,3.8,0.339,2.0,3.4,0.602,0.552,1.5,1.9,0.802,0.5,2.3,2.8,1.0,0.5,0.4,0.9,1.9,9.4,,2020,0
188.0,Jeff Green,33.0,UTA,PF,30.0,2.0,18.4,2.5,6.5,0.385,1.1,3.5,0.327,1.4,3.0,0.451,0.472,1.6,2.1,0.778,0.5,2.2,2.7,0.7,0.4,0.3,0.9,1.5,7.8,,2020,0
188.0,Jeff Green,33.0,HOU,C,18.0,2.0,22.6,4.7,8.3,0.564,1.6,4.4,0.354,3.1,3.9,0.8,0.658,1.3,1.6,0.857,0.6,2.3,2.9,1.7,0.8,0.5,0.8,2.4,12.2,,2020,0
189.0,George Hill,33.0,MIL,PG,59.0,2.0,21.5,3.3,6.4,0.516,1.4,3.0,0.46,1.9,3.4,0.565,0.624,1.4,1.7,0.842,0.8,2.2,3.0,3.1,0.8,0.1,1.0,1.4,9.4,6MOY-4,2020,0
190.0,Shake Milton,23.0,PHI,SG,40.0,24.0,20.1,3.4,6.9,0.484,1.5,3.4,0.43,1.9,3.6,0.535,0.588,1.3,1.6,0.785,0.4,1.8,2.2,2.6,0.5,0.2,1.2,2.3,9.4,,2020,0
191.0,Dwight Powell,28.0,DAL,C,40.0,37.0,26.5,3.7,5.7,0.638,0.3,1.0,0.256,3.4,4.8,0.716,0.659,1.9,2.8,0.667,1.9,3.8,5.7,1.5,0.9,0.6,0.9,2.6,9.4,,2020,0
192.0,Kentavious Caldwell-Pope,26.0,LAL,SG,69.0,26.0,25.5,3.4,7.3,0.467,1.3,3.5,0.385,2.1,3.9,0.541,0.558,1.1,1.5,0.775,0.6,1.5,2.1,1.6,0.8,0.2,0.9,1.9,9.3,,2020,0
193.0,Marquese Chriss,22.0,GSW,PF,59.0,21.0,20.3,3.6,6.5,0.545,0.1,0.7,0.205,3.4,5.9,0.584,0.556,2.0,2.6,0.769,1.9,4.3,6.2,1.9,0.7,1.1,1.3,2.1,9.3,,2020,0
194.0,Michael Porter Jr.,21.0,DEN,SF,55.0,8.0,16.4,3.5,7.0,0.509,1.1,2.7,0.422,2.4,4.3,0.564,0.59,1.1,1.3,0.833,1.2,3.5,4.7,0.8,0.5,0.5,0.9,1.8,9.3,,2020,0
195.0,Landry Shamet,22.0,LAC,SG,53.0,30.0,27.4,3.0,7.4,0.404,2.1,5.6,0.375,0.9,1.8,0.495,0.546,1.2,1.4,0.855,0.1,1.8,1.9,1.9,0.4,0.2,0.8,2.7,9.3,,2020,0
196.0,Jarrett Culver,20.0,MIN,SG,63.0,35.0,23.9,3.7,9.0,0.404,1.0,3.5,0.299,2.6,5.5,0.471,0.462,0.9,1.9,0.462,1.1,2.3,3.4,1.7,0.9,0.6,1.3,2.0,9.2,,2020,0
197.0,Donte DiVincenzo,23.0,MIL,SG,66.0,24.0,23.0,3.5,7.7,0.455,1.3,3.7,0.336,2.3,4.0,0.567,0.536,1.0,1.3,0.733,1.0,3.8,4.8,2.3,1.3,0.3,1.4,1.7,9.2,,2020,0
198.0,Daniel Theis,27.0,BOS,C,65.0,64.0,24.1,3.7,6.6,0.566,0.5,1.5,0.333,3.2,5.1,0.633,0.603,1.3,1.8,0.763,2.2,4.4,6.6,1.7,0.6,1.3,0.8,3.4,9.2,,2020,0
199.0,Mikal Bridges,23.0,PHO,SF,73.0,32.0,28.0,3.4,6.6,0.51,1.0,2.7,0.361,2.4,4.0,0.61,0.583,1.4,1.7,0.844,0.9,3.1,4.0,1.8,1.4,0.6,1.0,2.2,9.1,,2020,0
200.0,Keldon Johnson,20.0,SAS,SF,17.0,1.0,17.7,3.1,5.2,0.596,0.8,1.3,0.591,2.4,3.9,0.597,0.669,2.1,2.6,0.795,0.6,2.8,3.4,0.9,0.8,0.1,0.8,1.6,9.1,,2020,0
201.0,Maxi Kleber,28.0,DAL,PF,74.0,21.0,25.5,3.2,6.9,0.461,1.6,4.3,0.373,1.6,2.6,0.605,0.577,1.1,1.3,0.849,1.5,3.7,5.2,1.2,0.3,1.1,0.8,2.4,9.1,,2020,0
202.0,Jake Layman,25.0,MIN,SF,23.0,2.0,22.0,3.5,7.8,0.453,1.0,3.1,0.333,2.5,4.7,0.533,0.52,1.0,1.4,0.75,0.7,1.7,2.5,0.7,0.7,0.4,1.0,2.0,9.1,,2020,0
203.0,Derrick Favors,28.0,NOP,C,51.0,49.0,24.4,4.1,6.6,0.617,0.0,0.1,0.143,4.1,6.5,0.627,0.618,0.8,1.4,0.563,3.2,6.6,9.8,1.6,0.6,0.9,1.1,2.1,9.0,,2020,0
204.0,Josh Jackson,22.0,MEM,SF,22.0,0.0,17.3,3.2,7.2,0.44,1.0,3.3,0.319,2.1,4.0,0.54,0.513,1.6,2.3,0.7,0.5,2.5,3.0,1.6,0.8,0.4,1.3,1.8,9.0,,2020,0
205.0,Monte Morris,24.0,DEN,PG,73.0,12.0,22.4,3.6,7.8,0.459,0.9,2.4,0.378,2.7,5.4,0.495,0.517,1.0,1.2,0.843,0.3,1.5,1.9,3.5,0.8,0.2,0.7,1.0,9.0,,2020,0
206.0,Svi Mykhailiuk,22.0,DET,SF,56.0,27.0,22.6,3.0,7.2,0.41,2.1,5.1,0.404,0.9,2.1,0.425,0.552,1.0,1.3,0.814,0.3,1.6,1.9,1.9,0.7,0.1,1.1,1.6,9.0,,2020,0
207.0,Naz Reid,20.0,MIN,C,30.0,11.0,16.5,3.3,8.1,0.412,1.1,3.2,0.33,2.3,4.9,0.466,0.477,1.2,1.8,0.698,1.1,3.0,4.1,1.2,0.6,0.7,0.7,2.8,9.0,,2020,0
208.0,Bruce Brown,23.0,DET,PG,58.0,43.0,28.2,3.4,7.7,0.443,0.6,1.7,0.344,2.8,6.1,0.47,0.48,1.5,2.1,0.739,1.1,3.7,4.7,4.0,1.1,0.5,1.7,2.8,8.9,,2020,0
209.0,Gary Trent Jr.,21.0,POR,SF,61.0,8.0,21.8,3.2,7.2,0.444,1.8,4.4,0.418,1.4,2.8,0.486,0.571,0.6,0.7,0.822,0.4,1.2,1.6,1.0,0.8,0.3,0.3,1.5,8.9,,2020,0
210.0,Kent Bazemore,30.0,2TM,SF,68.0,21.0,24.8,2.9,7.9,0.375,1.2,3.6,0.344,1.7,4.3,0.4,0.453,1.7,2.2,0.769,0.4,3.9,4.3,1.4,1.1,0.6,1.3,2.9,8.8,,2020,0
210.0,Kent Bazemore,30.0,POR,SF,43.0,21.0,25.8,2.6,7.6,0.347,1.3,4.0,0.327,1.3,3.6,0.368,0.433,1.3,1.7,0.806,0.3,3.7,4.0,1.4,1.0,0.7,1.4,2.8,7.9,,2020,0
210.0,Kent Bazemore,30.0,SAC,SF,25.0,0.0,23.1,3.5,8.3,0.418,1.1,2.9,0.384,2.4,5.4,0.437,0.486,2.2,3.0,0.733,0.6,4.3,4.9,1.3,1.2,0.4,1.2,3.0,10.3,,2020,0
211.0,Cameron Johnson,23.0,PHO,PF,57.0,9.0,22.0,3.1,7.1,0.435,1.9,4.8,0.39,1.2,2.3,0.526,0.565,0.8,1.0,0.807,0.9,2.4,3.3,1.2,0.6,0.4,0.6,1.5,8.8,,2020,0
212.0,Jordan Poole,20.0,GSW,SG,57.0,14.0,22.4,2.9,8.8,0.333,1.3,4.6,0.279,1.6,4.2,0.392,0.406,1.7,2.1,0.798,0.2,1.9,2.1,2.4,0.6,0.2,1.3,1.6,8.8,,2020,0
213.0,Austin Rivers,27.0,HOU,SG,68.0,4.0,23.4,3.1,7.4,0.421,1.4,4.0,0.356,1.7,3.4,0.498,0.517,1.1,1.6,0.703,0.4,2.2,2.6,1.7,0.7,0.1,0.7,1.9,8.8,,2020,0
214.0,Grayson Allen,24.0,MEM,SG,38.0,0.0,18.9,3.1,6.6,0.466,1.5,3.7,0.404,1.6,2.9,0.545,0.58,1.0,1.2,0.867,0.2,2.0,2.2,1.4,0.3,0.1,0.9,1.4,8.7,,2020,0
215.0,Moritz Wagner,22.0,WAS,C,45.0,5.0,18.6,3.2,5.9,0.545,0.6,1.8,0.313,2.7,4.1,0.645,0.592,1.7,2.1,0.821,1.2,3.6,4.9,1.2,0.6,0.4,1.5,3.4,8.7,,2020,0
216.0,Avery Bradley,29.0,LAL,SG,49.0,44.0,24.2,3.5,7.8,0.444,1.3,3.5,0.364,2.2,4.3,0.51,0.526,0.4,0.5,0.833,0.4,2.0,2.3,1.3,0.9,0.1,1.0,2.2,8.6,,2020,0
217.0,Josh Okogie,21.0,MIN,SG,62.0,28.0,25.0,2.7,6.4,0.427,0.7,2.5,0.266,2.1,3.9,0.529,0.479,2.5,3.1,0.796,1.4,2.9,4.3,1.6,1.1,0.4,1.4,2.2,8.6,,2020,0
218.0,Derrick Jones Jr.,22.0,MIA,SF,59.0,16.0,23.3,3.1,5.9,0.527,0.6,2.2,0.28,2.5,3.7,0.677,0.58,1.6,2.1,0.772,1.1,2.8,3.9,1.1,1.0,0.6,0.5,2.2,8.5,,2020,0
219.0,James Johnson,32.0,2TM,PF,32.0,1.0,19.3,3.2,6.7,0.479,1.0,2.8,0.363,2.2,3.9,0.565,0.556,1.0,1.5,0.646,0.8,2.9,3.7,2.3,0.8,1.0,1.5,2.5,8.4,,2020,0
219.0,James Johnson,32.0,MIA,PF,18.0,0.0,15.6,2.2,4.8,0.448,0.9,2.5,0.356,1.3,2.3,0.548,0.54,0.4,0.8,0.571,0.4,2.4,2.9,1.2,0.3,0.7,0.8,1.9,5.7,,2020,0
219.0,James Johnson,32.0,MIN,C,14.0,1.0,24.1,4.6,9.1,0.5,1.2,3.3,0.37,3.4,5.9,0.573,0.566,1.6,2.4,0.676,1.2,3.5,4.7,3.8,1.4,1.4,2.4,3.3,12.0,,2020,0
220.0,Justin Holiday,30.0,IND,SF,73.0,6.0,25.0,2.8,6.7,0.428,1.8,4.5,0.405,1.0,2.1,0.477,0.566,0.7,0.9,0.791,0.4,2.8,3.3,1.3,1.2,0.6,0.6,1.9,8.3,,2020,0
221.0,DeAndre Jordan,31.0,BRK,C,56.0,6.0,22.0,3.4,5.1,0.666,0.0,0.0,,3.4,5.1,0.666,0.666,1.5,2.2,0.68,2.5,7.5,10.0,1.9,0.3,0.9,1.3,2.0,8.3,,2020,0
222.0,E'Twaun Moore,30.0,NOP,SG,56.0,6.0,18.2,3.3,7.8,0.426,1.1,3.0,0.377,2.2,4.8,0.456,0.498,0.6,0.8,0.689,0.6,1.8,2.3,1.4,0.6,0.2,0.7,1.4,8.3,,2020,0
223.0,Jeremy Pargo,33.0,GSW,PG,3.0,0.0,14.7,3.7,7.3,0.5,1.0,2.3,0.429,2.7,5.0,0.533,0.568,0.0,0.3,0.0,0.3,0.7,1.0,2.7,0.3,0.0,1.3,2.7,8.3,,2020,0
224.0,Anfernee Simons,20.0,POR,SG,70.0,4.0,20.7,3.1,7.7,0.399,1.1,3.2,0.332,2.0,4.4,0.448,0.469,1.1,1.3,0.826,0.4,1.8,2.2,1.4,0.4,0.1,0.9,1.9,8.3,,2020,0
225.0,Ivica Zubac,22.0,LAC,C,72.0,70.0,18.4,3.3,5.3,0.613,0.0,0.0,0.0,3.3,5.3,0.616,0.613,1.7,2.3,0.747,2.7,4.8,7.5,1.1,0.2,0.9,0.8,2.3,8.3,,2020,0
226.0,Jalen Brunson,23.0,DAL,PG,57.0,16.0,17.9,3.2,6.8,0.466,0.8,2.1,0.358,2.4,4.7,0.515,0.522,1.1,1.3,0.813,0.4,2.0,2.4,3.3,0.4,0.1,1.2,1.3,8.2,,2020,0
227.0,Kelly Olynyk,28.0,MIA,C,67.0,9.0,19.4,2.7,5.9,0.462,1.4,3.5,0.406,1.3,2.4,0.543,0.582,1.3,1.5,0.86,0.7,3.9,4.6,1.7,0.7,0.3,1.1,2.6,8.2,,2020,0
228.0,Reggie Bullock,28.0,NYK,SG,29.0,19.0,23.6,3.1,7.7,0.402,1.3,3.8,0.333,1.8,3.9,0.469,0.484,0.6,0.7,0.81,0.4,1.9,2.3,1.4,0.9,0.1,0.7,1.9,8.1,,2020,0
229.0,Enes Freedom,27.0,BOS,C,58.0,7.0,16.9,3.4,6.0,0.572,0.0,0.1,0.143,3.4,5.9,0.581,0.573,1.2,1.7,0.707,2.8,4.6,7.4,1.0,0.4,0.7,1.0,1.7,8.1,,2020,0
230.0,Jahlil Okafor,24.0,NOP,C,30.0,9.0,15.6,3.4,5.4,0.623,0.0,0.1,0.333,3.3,5.3,0.629,0.627,1.3,2.1,0.645,1.6,2.6,4.2,1.2,0.2,0.7,1.3,2.2,8.1,,2020,0
231.0,Trevor Ariza,34.0,2TM,SF,53.0,21.0,28.2,2.7,6.1,0.438,1.5,3.9,0.372,1.2,2.2,0.556,0.557,1.2,1.4,0.838,0.6,4.0,4.6,1.7,1.3,0.3,1.1,2.1,8.0,,2020,0
231.0,Trevor Ariza,34.0,SAC,SF,32.0,0.0,24.7,2.0,5.2,0.388,1.3,3.8,0.352,0.7,1.3,0.488,0.518,0.7,0.8,0.778,0.7,3.9,4.6,1.6,1.1,0.2,0.9,2.0,6.0,,2020,0
231.0,Trevor Ariza,34.0,POR,SF,21.0,21.0,33.4,3.7,7.6,0.491,1.6,4.0,0.4,2.1,3.5,0.595,0.597,2.0,2.2,0.872,0.6,4.1,4.8,2.0,1.6,0.4,1.3,2.3,11.0,,2020,0
232.0,Alex Len,26.0,2TM,C,55.0,12.0,17.6,3.2,5.8,0.555,0.3,1.1,0.271,2.9,4.7,0.619,0.58,1.2,1.9,0.648,1.8,4.0,5.8,0.9,0.4,0.9,1.0,2.3,8.0,,2020,0
232.0,Alex Len,26.0,ATL,C,40.0,9.0,18.6,3.6,6.5,0.546,0.4,1.4,0.25,3.2,5.1,0.627,0.573,1.3,2.0,0.63,1.7,4.0,5.8,1.1,0.5,0.8,1.0,2.3,8.7,,2020,0
232.0,Alex Len,26.0,SAC,C,15.0,3.0,15.0,2.3,3.9,0.593,0.1,0.2,0.667,2.2,3.7,0.589,0.61,1.1,1.6,0.708,2.1,4.0,6.1,0.5,0.2,1.0,1.1,2.3,5.9,,2020,0
233.0,Danny Green,32.0,LAL,SG,68.0,68.0,24.8,2.9,7.0,0.416,1.8,4.8,0.367,1.1,2.2,0.524,0.542,0.5,0.7,0.688,0.8,2.6,3.3,1.3,1.3,0.5,0.9,2.0,8.0,,2020,0
234.0,Draymond Green,29.0,GSW,PF,43.0,43.0,28.4,2.9,7.3,0.389,0.8,3.0,0.279,2.0,4.3,0.465,0.446,1.5,1.9,0.759,0.5,5.7,6.2,6.2,1.4,0.8,2.3,2.6,8.0,,2020,0
235.0,Tony Snell,28.0,DET,SF,59.0,57.0,27.8,2.9,6.5,0.445,1.7,4.3,0.402,1.2,2.2,0.531,0.579,0.5,0.5,1.0,0.2,1.7,1.9,2.2,0.5,0.3,0.5,1.7,8.0,,2020,0
236.0,Sindarius Thornwell,25.0,NOP,SF,2.0,0.0,17.5,3.0,5.5,0.545,1.0,2.0,0.5,2.0,3.5,0.571,0.636,1.0,2.0,0.5,0.0,2.0,2.0,2.0,0.5,0.5,1.0,1.0,8.0,,2020,0
237.0,Patrick Beverley,31.0,LAC,PG,51.0,50.0,26.3,2.9,6.7,0.431,1.6,4.0,0.388,1.3,2.6,0.496,0.548,0.6,0.9,0.66,1.1,4.1,5.2,3.6,1.1,0.5,1.3,3.1,7.9,"DPOY-6,DEF2",2020,0
238.0,Chandler Hutchison,23.0,CHI,SF,28.0,10.0,18.8,2.9,6.3,0.457,0.4,1.4,0.316,2.4,4.9,0.496,0.491,1.6,2.8,0.59,0.6,3.2,3.9,0.9,1.0,0.3,1.0,1.7,7.8,,2020,0
239.0,Timothé Luwawu-Cabarrot,24.0,BRK,SF,47.0,2.0,18.1,2.5,5.7,0.435,1.3,3.4,0.388,1.2,2.3,0.505,0.55,1.5,1.7,0.852,0.6,2.1,2.7,0.6,0.4,0.1,0.8,2.3,7.8,,2020,0
240.0,J.J. Barea,35.0,DAL,PG,29.0,6.0,15.5,2.9,7.1,0.411,1.1,2.9,0.376,1.8,4.2,0.434,0.488,0.7,0.8,0.909,0.3,1.5,1.8,3.9,0.2,0.1,1.3,0.9,7.7,,2020,0
241.0,Jordan McLaughlin,23.0,MIN,PG,30.0,2.0,19.7,2.9,5.9,0.489,1.0,2.5,0.382,1.9,3.4,0.569,0.57,0.9,1.3,0.667,0.2,1.4,1.6,4.2,1.1,0.1,1.0,1.0,7.6,,2020,0
242.0,De'Anthony Melton,21.0,MEM,PG,60.0,8.0,19.5,2.7,6.7,0.401,0.7,2.3,0.286,2.0,4.4,0.464,0.451,1.6,2.0,0.769,0.7,3.0,3.7,2.9,1.3,0.3,1.4,1.8,7.6,,2020,0
243.0,Omari Spellman,22.0,GSW,C,49.0,3.0,18.1,2.6,6.0,0.431,0.9,2.2,0.391,1.7,3.8,0.454,0.503,1.5,1.9,0.793,1.6,2.9,4.5,1.0,0.7,0.5,1.1,1.3,7.6,,2020,0
244.0,Terence Davis,22.0,TOR,SG,72.0,4.0,16.8,2.8,6.1,0.456,1.3,3.4,0.388,1.5,2.7,0.541,0.564,0.7,0.8,0.864,0.7,2.6,3.3,1.6,0.5,0.2,1.1,1.7,7.5,ROY-6,2020,0
245.0,Marc Gasol,35.0,TOR,C,44.0,43.0,26.4,2.7,6.3,0.427,1.3,3.4,0.385,1.4,3.0,0.473,0.529,0.8,1.1,0.735,0.7,5.5,6.3,3.3,0.8,0.9,1.3,2.8,7.5,,2020,0
246.0,Dwight Howard,34.0,LAL,C,69.0,2.0,18.9,2.9,4.0,0.729,0.0,0.1,0.6,2.9,3.9,0.732,0.735,1.6,3.1,0.514,2.5,4.9,7.3,0.7,0.4,1.1,1.2,3.2,7.5,6MOY-9,2020,0
247.0,Trey Burke,27.0,2TM,PG,33.0,1.0,15.8,2.8,6.3,0.45,1.0,2.3,0.427,1.9,4.1,0.463,0.526,0.7,0.9,0.793,0.5,1.0,1.5,2.5,0.5,0.1,0.6,1.0,7.4,,2020,0
247.0,Trey Burke,27.0,PHI,PG,25.0,0.0,13.2,2.4,5.1,0.465,0.6,1.5,0.421,1.7,3.6,0.483,0.528,0.5,0.7,0.722,0.6,0.8,1.4,2.1,0.3,0.0,0.5,0.8,5.9,,2020,0
247.0,Trey Burke,27.0,DAL,PG,8.0,1.0,23.9,4.4,10.3,0.427,2.0,4.6,0.432,2.4,5.6,0.422,0.524,1.3,1.4,0.909,0.1,1.8,1.9,3.8,1.1,0.1,1.1,1.5,12.0,,2020,0
248.0,Bismack Biyombo,27.0,CHO,C,53.0,29.0,19.4,2.8,5.2,0.543,0.0,0.0,,2.8,5.2,0.543,0.543,1.7,2.8,0.603,2.3,3.5,5.8,0.9,0.2,0.9,0.9,2.2,7.4,,2020,0
249.0,Ky Bowman,22.0,GSW,PG,45.0,12.0,22.6,3.0,7.1,0.417,0.7,2.4,0.308,2.2,4.8,0.472,0.469,0.8,0.9,0.829,0.5,2.2,2.7,2.9,1.0,0.2,1.6,2.3,7.4,,2020,0
250.0,Gorgui Dieng,30.0,2TM,C,63.0,17.0,17.4,2.6,5.8,0.456,0.9,2.4,0.355,1.8,3.4,0.528,0.53,1.2,1.6,0.772,1.4,4.2,5.6,1.2,0.8,0.9,1.0,2.0,7.4,,2020,0
250.0,Gorgui Dieng,30.0,MIN,C,46.0,17.0,16.9,2.7,6.0,0.448,1.0,2.6,0.383,1.7,3.4,0.497,0.531,1.0,1.3,0.797,1.6,4.0,5.6,1.3,0.8,0.9,1.0,1.9,7.4,,2020,0
250.0,Gorgui Dieng,30.0,MEM,C,17.0,0.0,18.7,2.5,5.1,0.483,0.5,1.9,0.25,2.0,3.2,0.618,0.529,1.8,2.5,0.738,1.1,4.7,5.8,0.9,0.8,1.0,0.9,2.1,7.2,,2020,0
251.0,Jaxson Hayes,19.0,NOP,C,64.0,14.0,16.9,2.7,4.0,0.672,0.0,0.1,0.25,2.7,4.0,0.678,0.674,1.9,3.0,0.647,1.5,2.5,4.0,0.9,0.4,0.9,0.8,2.5,7.4,,2020,0
252.0,Tyus Jones,23.0,MEM,PG,65.0,6.0,19.0,3.0,6.6,0.459,0.7,1.9,0.379,2.3,4.7,0.492,0.514,0.7,0.9,0.741,0.1,1.4,1.6,4.4,0.9,0.1,0.8,0.7,7.4,,2020,0
253.0,Ian Mahinmi,33.0,WAS,C,38.0,35.0,21.3,2.7,5.5,0.495,0.1,0.7,0.192,2.6,4.8,0.538,0.507,1.8,3.0,0.619,2.1,3.7,5.7,1.3,0.8,1.2,1.2,3.0,7.4,,2020,0
254.0,Wesley Matthews,33.0,MIL,SG,67.0,67.0,24.4,2.5,6.3,0.396,1.6,4.4,0.364,0.9,1.9,0.472,0.524,0.8,1.0,0.765,0.3,2.1,2.5,1.4,0.6,0.1,0.6,1.5,7.4,,2020,0
255.0,Nerlens Noel,25.0,OKC,C,61.0,7.0,18.5,3.0,4.4,0.684,0.0,0.0,0.333,3.0,4.4,0.688,0.686,1.3,1.7,0.755,1.5,3.4,4.9,0.9,1.0,1.5,1.1,2.7,7.4,,2020,0
256.0,Brandon Knight,28.0,2TM,SG,25.0,3.0,18.5,2.4,6.7,0.353,1.8,5.2,0.344,0.6,1.4,0.389,0.488,0.8,1.4,0.588,0.2,1.5,1.6,2.8,0.4,0.1,1.5,1.6,7.3,,2020,0
256.0,Brandon Knight,28.0,CLE,SG,16.0,0.0,15.1,1.8,5.4,0.326,1.2,4.0,0.297,0.6,1.4,0.409,0.436,0.3,0.8,0.308,0.2,1.1,1.3,1.9,0.3,0.1,1.0,1.3,4.9,,2020,0
256.0,Brandon Knight,28.0,DET,PG,9.0,3.0,24.6,3.4,9.0,0.383,2.9,7.4,0.388,0.6,1.6,0.357,0.543,1.8,2.3,0.762,0.1,2.2,2.3,4.2,0.6,0.1,2.4,2.2,11.6,,2020,0
257.0,Kris Dunn,25.0,CHI,PG,51.0,32.0,24.9,3.0,6.7,0.444,0.6,2.2,0.259,2.4,4.5,0.535,0.487,0.8,1.1,0.741,0.5,3.2,3.6,3.4,2.0,0.3,1.3,3.1,7.3,,2020,0
258.0,Emmanuel Mudiay,23.0,UTA,PG,54.0,2.0,15.7,2.8,6.1,0.462,0.6,1.6,0.345,2.2,4.4,0.504,0.508,1.2,1.5,0.759,0.3,2.0,2.3,2.1,0.4,0.2,1.4,1.3,7.3,,2020,0
259.0,Willie Cauley-Stein,26.0,2TM,C,54.0,39.0,20.3,3.2,5.6,0.579,0.0,0.0,0.0,3.2,5.6,0.581,0.579,0.7,1.2,0.606,1.6,4.3,5.8,1.3,0.9,1.1,0.7,2.2,7.2,,2020,0
259.0,Willie Cauley-Stein,26.0,GSW,C,41.0,37.0,22.9,3.5,6.3,0.56,0.0,0.0,,3.5,6.3,0.56,0.56,0.9,1.4,0.614,1.7,4.5,6.2,1.5,1.1,1.2,0.9,2.5,7.9,,2020,0
259.0,Willie Cauley-Stein,26.0,DAL,C,13.0,2.0,12.1,2.4,3.5,0.689,0.0,0.1,0.0,2.4,3.4,0.705,0.689,0.4,0.7,0.556,1.0,3.6,4.6,0.8,0.3,0.8,0.4,1.5,5.2,,2020,0
260.0,Michael Carter-Williams,28.0,ORL,SG,45.0,0.0,18.5,2.5,5.8,0.427,0.5,1.7,0.293,2.0,4.1,0.481,0.469,1.8,2.1,0.832,1.0,2.2,3.3,2.4,1.1,0.5,1.2,1.9,7.2,,2020,0
261.0,Mason Plumlee,29.0,DEN,C,61.0,1.0,17.3,2.9,4.7,0.615,0.0,0.1,0.0,2.9,4.6,0.625,0.615,1.4,2.5,0.535,1.6,3.6,5.2,2.5,0.5,0.6,1.3,2.3,7.2,,2020,0
262.0,Jeremiah Martin,23.0,BRK,PG,9.0,0.0,11.0,2.7,5.9,0.453,0.6,2.0,0.278,2.1,3.9,0.543,0.5,1.2,1.6,0.786,0.1,1.0,1.1,2.0,0.8,0.2,0.4,0.8,7.1,,2020,0
263.0,Rajon Rondo,33.0,LAL,PG,48.0,3.0,20.5,2.9,6.8,0.418,0.9,2.6,0.328,2.0,4.2,0.473,0.48,0.6,0.9,0.659,0.5,2.5,3.0,5.0,0.8,0.0,1.9,1.2,7.1,,2020,0
264.0,Tyler Johnson,27.0,2TM,SG,39.0,7.0,18.2,2.5,6.4,0.388,1.0,3.1,0.319,1.5,3.4,0.45,0.464,1.1,1.3,0.84,0.5,1.5,1.9,1.9,0.4,0.2,0.7,1.5,7.0,,2020,0
264.0,Tyler Johnson,27.0,PHO,PG,31.0,3.0,16.6,2.1,5.5,0.38,0.8,2.7,0.289,1.3,2.8,0.466,0.45,0.8,1.0,0.75,0.3,1.4,1.7,1.6,0.4,0.3,0.8,1.4,5.7,,2020,0
264.0,Tyler Johnson,27.0,BRK,SG,8.0,4.0,24.3,4.0,9.9,0.405,1.8,4.5,0.389,2.3,5.4,0.419,0.494,2.3,2.3,1.0,1.0,2.0,3.0,3.0,0.5,0.1,0.6,1.9,12.0,,2020,0
265.0,Zach Collins,22.0,POR,PF,11.0,11.0,26.4,2.9,6.2,0.471,0.6,1.7,0.368,2.3,4.5,0.51,0.522,0.5,0.7,0.75,2.3,4.0,6.3,1.5,0.5,0.5,1.3,3.3,7.0,,2020,0
266.0,Rondae Hollis-Jefferson,25.0,TOR,PF,60.0,6.0,18.7,2.6,5.5,0.471,0.1,0.4,0.13,2.5,5.1,0.497,0.476,1.8,2.4,0.734,1.8,2.9,4.7,1.8,0.8,0.4,1.0,1.9,7.0,,2020,0
267.0,Hamidou Diallo,21.0,OKC,SF,46.0,3.0,19.5,2.9,6.4,0.446,0.3,1.2,0.281,2.5,5.2,0.485,0.473,0.8,1.4,0.603,1.0,2.7,3.6,0.8,0.8,0.2,1.1,2.2,6.9,,2020,0
268.0,Harry Giles,21.0,SAC,C,46.0,17.0,14.5,3.0,5.5,0.554,0.0,0.0,0.0,3.0,5.4,0.558,0.554,0.8,1.1,0.776,0.9,3.2,4.1,1.3,0.5,0.4,1.0,2.6,6.9,,2020,0
269.0,Frank Mason III,25.0,MIL,PG,9.0,0.0,13.1,2.6,5.7,0.451,0.7,2.3,0.286,1.9,3.3,0.567,0.51,1.1,1.9,0.588,0.6,1.6,2.1,3.2,0.6,0.1,1.2,1.2,6.9,,2020,0
270.0,P.J. Tucker,34.0,HOU,PF,72.0,72.0,34.3,2.5,5.9,0.415,1.5,4.2,0.358,1.0,1.8,0.551,0.541,0.5,0.7,0.813,1.6,5.1,6.6,1.6,1.1,0.5,1.0,3.2,6.9,,2020,0
271.0,Brad Wanamaker,30.0,BOS,PG,71.0,1.0,19.3,2.3,5.1,0.448,0.5,1.4,0.363,1.8,3.7,0.481,0.499,1.8,1.9,0.926,0.3,1.7,2.0,2.5,0.9,0.2,1.1,1.9,6.9,,2020,0
272.0,Delon Wright,27.0,DAL,PG,73.0,5.0,21.5,2.6,5.6,0.462,0.6,1.7,0.37,2.0,3.9,0.504,0.519,1.1,1.4,0.77,1.0,2.9,3.8,3.3,1.2,0.3,1.0,1.3,6.9,,2020,0
273.0,Luguentz Dort,20.0,OKC,SF,36.0,28.0,22.8,2.4,6.1,0.394,0.8,2.8,0.297,1.6,3.3,0.479,0.463,1.2,1.5,0.792,0.7,1.6,2.3,0.8,0.9,0.1,0.6,2.7,6.8,,2020,0
274.0,JaMychal Green,29.0,LAC,PF,63.0,1.0,20.7,2.4,5.6,0.429,1.5,3.8,0.387,0.9,1.8,0.518,0.56,0.6,0.8,0.75,1.2,4.9,6.2,0.8,0.5,0.4,0.9,2.8,6.8,,2020,0
275.0,Denzel Valentine,26.0,CHI,SF,36.0,5.0,13.6,2.7,6.6,0.409,1.3,3.8,0.336,1.4,2.8,0.51,0.506,0.2,0.2,0.75,0.3,1.8,2.1,1.2,0.7,0.2,0.7,1.4,6.8,,2020,0
276.0,Dragan Bender,22.0,2TM,PF,16.0,3.0,17.9,2.6,5.8,0.446,0.9,2.7,0.349,1.6,3.1,0.531,0.527,0.6,0.9,0.714,1.0,3.6,4.6,1.8,0.3,0.6,1.3,2.6,6.7,,2020,0
276.0,Dragan Bender,22.0,MIL,C,7.0,0.0,13.0,1.4,3.0,0.476,0.6,1.3,0.444,0.9,1.7,0.5,0.571,0.3,0.4,0.667,0.0,2.9,2.9,1.3,0.0,0.7,0.7,2.3,3.7,,2020,0
276.0,Dragan Bender,22.0,GSW,PF,9.0,3.0,21.7,3.4,7.9,0.437,1.2,3.8,0.324,2.2,4.1,0.541,0.514,0.9,1.2,0.727,1.8,4.1,5.9,2.1,0.4,0.4,1.8,2.9,9.0,,2020,0
277.0,Damyean Dotson,25.0,NYK,SG,48.0,0.0,17.4,2.5,6.0,0.414,1.2,3.4,0.362,1.3,2.6,0.48,0.516,0.5,0.7,0.667,0.2,1.7,1.9,1.2,0.5,0.1,0.4,0.9,6.7,,2020,0
278.0,Kyle Korver,38.0,MIL,SF,58.0,1.0,16.6,2.2,5.1,0.43,1.7,4.1,0.418,0.5,1.0,0.482,0.599,0.6,0.7,0.854,0.3,1.8,2.1,1.2,0.4,0.2,0.8,1.3,6.7,,2020,0
279.0,James Ennis III,29.0,2TM,SG,69.0,18.0,18.3,2.3,5.2,0.446,0.8,2.4,0.325,1.5,2.8,0.553,0.522,1.1,1.4,0.806,1.0,2.5,3.6,0.9,0.5,0.3,0.8,2.0,6.6,,2020,0
279.0,James Ennis III,29.0,PHI,SF,49.0,0.0,15.8,2.0,4.6,0.442,0.8,2.2,0.349,1.3,2.4,0.525,0.524,1.0,1.2,0.787,1.0,2.1,3.1,0.8,0.5,0.3,0.6,1.7,5.8,,2020,0
279.0,James Ennis III,29.0,ORL,SG,20.0,18.0,24.5,3.0,6.7,0.451,0.9,3.2,0.286,2.1,3.5,0.6,0.519,1.6,1.9,0.838,1.2,3.6,4.8,1.1,0.6,0.4,1.4,2.6,8.5,,2020,0
280.0,Chris Boucher,27.0,TOR,C,62.0,0.0,13.2,2.3,4.8,0.472,0.6,1.9,0.322,1.7,2.9,0.569,0.535,1.5,1.9,0.784,1.7,2.7,4.5,0.4,0.4,1.0,0.5,1.8,6.6,,2020,0
281.0,Ersan İlyasova,32.0,MIL,PF,63.0,8.0,15.7,2.3,5.0,0.466,0.8,2.2,0.365,1.5,2.8,0.545,0.546,1.1,1.4,0.828,1.0,3.8,4.8,0.8,0.4,0.3,0.5,1.5,6.6,,2020,0
282.0,Boban Marjanović,31.0,DAL,C,44.0,5.0,9.6,2.8,4.8,0.573,0.1,0.4,0.235,2.7,4.4,0.603,0.583,1.0,1.3,0.754,1.5,3.0,4.5,0.5,0.2,0.2,0.7,1.3,6.6,,2020,0
283.0,JaVale McGee,32.0,LAL,C,68.0,68.0,16.6,2.9,4.5,0.637,0.0,0.1,0.5,2.8,4.4,0.64,0.642,0.8,1.2,0.646,1.8,3.9,5.7,0.5,0.5,1.4,0.8,2.3,6.6,,2020,0
284.0,Nicolò Melli,29.0,NOP,C,60.0,8.0,17.4,2.3,5.4,0.421,1.2,3.4,0.335,1.1,2.0,0.573,0.528,0.9,1.2,0.74,0.6,2.4,3.0,1.4,0.6,0.4,0.8,2.1,6.6,,2020,0
285.0,Keita Bates-Diop,24.0,2TM,SF,44.0,0.0,16.9,2.3,5.3,0.427,0.8,2.3,0.33,1.5,3.0,0.504,0.5,1.2,1.7,0.72,0.6,2.3,2.9,0.7,0.4,0.5,0.4,1.0,6.5,,2020,0
285.0,Keita Bates-Diop,24.0,MIN,PF,37.0,0.0,17.5,2.4,5.6,0.422,0.8,2.5,0.33,1.5,3.0,0.5,0.498,1.2,1.8,0.708,0.6,2.4,3.0,0.8,0.5,0.5,0.4,1.0,6.8,,2020,0
285.0,Keita Bates-Diop,24.0,DEN,SF,7.0,0.0,14.0,1.9,4.0,0.464,0.4,1.3,0.333,1.4,2.7,0.526,0.518,1.1,1.4,0.8,0.6,1.9,2.4,0.0,0.3,0.6,0.4,1.0,5.3,,2020,0
286.0,T.J. McConnell,27.0,IND,PG,71.0,3.0,18.7,3.0,5.8,0.516,0.1,0.2,0.294,2.9,5.5,0.525,0.522,0.5,0.6,0.833,0.5,2.1,2.7,5.0,0.8,0.2,1.4,1.0,6.5,,2020,0
287.0,Allonzo Trier,24.0,NYK,SG,24.0,1.0,12.1,2.1,4.4,0.481,0.8,2.2,0.358,1.3,2.2,0.604,0.571,1.4,1.8,0.791,0.3,1.0,1.2,1.2,0.1,0.2,0.9,1.2,6.5,,2020,0
288.0,Sekou Doumbouya,19.0,DET,PF,38.0,19.0,19.8,2.4,6.2,0.39,0.7,2.6,0.286,1.7,3.6,0.464,0.449,0.8,1.2,0.674,0.5,2.6,3.1,0.5,0.5,0.2,0.9,2.1,6.4,,2020,0
289.0,Cory Joseph,28.0,SAC,PG,72.0,26.0,24.4,2.4,5.7,0.415,0.8,2.2,0.352,1.6,3.5,0.455,0.483,0.8,1.0,0.857,0.6,2.0,2.6,3.5,0.7,0.3,1.1,1.8,6.4,,2020,0
290.0,Kevin Knox,20.0,NYK,SF,65.0,4.0,17.9,2.2,6.2,0.359,1.0,3.1,0.327,1.2,3.1,0.391,0.44,1.0,1.6,0.653,0.4,2.4,2.8,0.9,0.4,0.4,0.7,1.6,6.4,,2020,0
291.0,Trey Lyles,24.0,SAS,PF,63.0,53.0,20.2,2.4,5.4,0.446,1.0,2.7,0.387,1.4,2.8,0.503,0.541,0.5,0.7,0.733,1.1,4.6,5.7,1.1,0.4,0.4,0.6,1.6,6.4,,2020,0
292.0,Kelan Martin,24.0,MIN,SF,31.0,4.0,16.0,2.3,5.8,0.392,0.8,3.1,0.26,1.5,2.7,0.541,0.461,1.0,1.0,0.968,0.4,2.7,3.1,0.7,0.2,0.3,0.6,1.6,6.4,,2020,0
293.0,C.J. Miles,32.0,WAS,SF,10.0,0.0,16.1,1.9,5.9,0.322,1.1,3.5,0.314,0.8,2.4,0.333,0.415,1.5,2.0,0.75,0.4,0.8,1.2,1.2,1.0,0.4,0.4,1.4,6.4,,2020,0
294.0,Lonnie Walker IV,21.0,SAS,SG,61.0,12.0,16.2,2.5,5.9,0.426,0.7,1.7,0.406,1.8,4.2,0.434,0.483,0.7,1.0,0.721,0.4,1.9,2.3,1.1,0.5,0.2,0.7,1.3,6.4,,2020,0
295.0,Marco Belinelli,33.0,SAS,SG,57.0,0.0,15.5,2.2,5.5,0.392,1.2,3.1,0.376,1.0,2.4,0.412,0.498,0.8,1.0,0.828,0.1,1.6,1.7,1.2,0.2,0.0,0.3,0.8,6.3,,2020,0
296.0,Frank Jackson,21.0,NOP,PG,59.0,2.0,13.5,2.3,5.6,0.405,0.8,2.4,0.326,1.5,3.2,0.465,0.476,0.9,1.3,0.747,0.4,1.0,1.4,1.0,0.3,0.1,0.8,1.3,6.3,,2020,0
297.0,Abdel Nader,26.0,OKC,SF,55.0,6.0,15.8,2.2,4.8,0.468,0.9,2.3,0.375,1.4,2.5,0.556,0.559,0.9,1.2,0.773,0.3,1.6,1.8,0.7,0.4,0.4,0.8,1.4,6.3,,2020,0
298.0,Frank Ntilikina,21.0,NYK,PG,57.0,26.0,20.8,2.3,5.8,0.393,0.8,2.4,0.321,1.5,3.4,0.444,0.459,0.9,1.0,0.864,0.4,1.7,2.1,3.0,0.9,0.3,1.2,2.5,6.3,,2020,0
299.0,Royce O'Neale,26.0,UTA,SF,71.0,62.0,28.9,2.2,5.1,0.433,1.3,3.4,0.377,0.9,1.7,0.545,0.559,0.6,0.8,0.764,0.4,5.1,5.5,2.5,0.8,0.5,0.9,2.8,6.3,,2020,0
300.0,Caleb Martin,24.0,CHO,SF,18.0,1.0,17.6,2.1,4.7,0.44,1.1,2.1,0.541,0.9,2.6,0.362,0.56,0.9,1.2,0.81,0.6,1.6,2.1,1.3,0.7,0.4,0.8,1.8,6.2,,2020,0
301.0,Taj Gibson,34.0,NYK,C,62.0,56.0,16.5,2.7,4.6,0.584,0.1,0.2,0.286,2.6,4.4,0.599,0.591,0.7,0.9,0.732,1.8,2.5,4.3,0.8,0.4,0.5,0.8,2.0,6.1,,2020,0
302.0,Brandon Goodwin,24.0,ATL,PG,34.0,1.0,12.6,2.2,5.6,0.4,0.8,2.6,0.299,1.5,3.0,0.485,0.468,0.8,0.9,0.933,0.3,1.8,2.1,1.5,0.4,0.1,0.9,1.3,6.1,,2020,0
303.0,Willy Hernangómez,25.0,CHO,C,31.0,0.0,12.1,2.4,4.5,0.532,0.2,0.7,0.227,2.2,3.8,0.59,0.55,1.2,1.9,0.627,1.4,2.9,4.3,0.9,0.3,0.2,1.0,1.0,6.1,,2020,0
304.0,Meyers Leonard,27.0,MIA,C,51.0,49.0,20.3,2.3,4.6,0.509,1.0,2.5,0.414,1.3,2.1,0.623,0.622,0.4,0.5,0.643,0.6,4.5,5.1,1.1,0.3,0.3,0.8,2.1,6.1,,2020,0
305.0,Juancho Hernangómez,24.0,2TM,PF,48.0,14.0,17.4,2.1,5.1,0.405,0.9,2.7,0.341,1.2,2.5,0.475,0.494,0.9,1.5,0.62,0.9,3.2,4.1,0.8,0.4,0.2,0.7,1.3,6.0,,2020,0
305.0,Juancho Hernangómez,24.0,DEN,PF,34.0,0.0,12.4,1.1,3.2,0.345,0.4,1.8,0.25,0.7,1.5,0.46,0.414,0.5,0.7,0.64,0.7,2.1,2.8,0.6,0.1,0.1,0.5,0.9,3.1,,2020,0
305.0,Juancho Hernangómez,24.0,MIN,PF,14.0,14.0,29.4,4.4,9.8,0.453,2.1,4.9,0.42,2.4,4.9,0.485,0.558,2.0,3.3,0.609,1.4,5.9,7.3,1.3,1.0,0.3,1.0,2.5,12.9,,2020,0
306.0,Devontae Cacok,23.0,LAL,C,1.0,0.0,9.0,3.0,6.0,0.5,0.0,0.0,,3.0,6.0,0.5,0.5,0.0,0.0,,2.0,3.0,5.0,1.0,0.0,0.0,0.0,0.0,6.0,,2020,0
307.0,Dusty Hannahs,26.0,MEM,SG,2.0,0.0,6.5,2.0,4.5,0.444,1.0,1.5,0.667,1.0,3.0,0.333,0.556,1.0,1.0,1.0,0.0,0.5,0.5,0.0,0.0,0.0,0.0,0.5,6.0,,2020,0
308.0,Luke Kornet,24.0,CHI,C,36.0,14.0,15.5,2.3,5.2,0.439,0.9,3.0,0.287,1.4,2.2,0.646,0.521,0.6,0.8,0.714,0.6,1.7,2.3,0.9,0.3,0.7,0.4,1.5,6.0,,2020,0
309.0,Eric Mika,25.0,SAC,C,1.0,0.0,19.0,2.0,3.0,0.667,0.0,0.0,,2.0,3.0,0.667,0.667,2.0,2.0,1.0,2.0,5.0,7.0,0.0,0.0,0.0,0.0,5.0,6.0,,2020,0
310.0,Mike Scott,31.0,PHI,PF,68.0,11.0,17.8,2.2,5.1,0.426,1.2,3.2,0.369,1.0,2.0,0.519,0.54,0.4,0.5,0.811,1.0,2.7,3.6,0.8,0.3,0.1,0.4,1.4,6.0,,2020,0
311.0,Marvin Williams,33.0,2TM,PF,58.0,1.0,19.5,2.1,4.6,0.446,1.0,2.7,0.359,1.1,1.9,0.568,0.551,0.8,1.0,0.86,0.5,2.6,3.2,1.0,0.6,0.5,0.6,1.8,5.9,,2020,0
311.0,Marvin Williams,33.0,CHO,PF,41.0,1.0,19.7,2.3,5.1,0.448,1.1,2.9,0.376,1.2,2.3,0.538,0.552,1.0,1.2,0.86,0.4,2.3,2.7,1.0,0.6,0.5,0.6,1.7,6.7,,2020,0
311.0,Marvin Williams,33.0,MIL,PF,17.0,0.0,18.9,1.5,3.4,0.439,0.7,2.3,0.308,0.8,1.1,0.722,0.544,0.4,0.4,0.857,0.9,3.5,4.4,1.1,0.6,0.5,0.5,1.9,4.0,,2020,0
312.0,Wilson Chandler,32.0,BRK,PF,35.0,3.0,21.0,2.1,5.2,0.404,1.1,3.5,0.306,1.1,1.8,0.597,0.505,0.6,0.7,0.87,0.3,3.8,4.1,1.1,0.5,0.3,1.0,2.3,5.9,,2020,0
313.0,Georges Niang,26.0,UTA,PF,66.0,1.0,14.0,2.1,4.9,0.438,1.4,3.4,0.4,0.8,1.5,0.526,0.578,0.3,0.4,0.833,0.2,1.7,1.9,0.7,0.3,0.1,0.5,1.1,5.9,,2020,0
314.0,Dewayne Dedmon,30.0,2TM,C,44.0,18.0,17.6,2.3,5.8,0.4,0.5,2.4,0.206,1.8,3.4,0.541,0.443,0.7,0.8,0.833,1.4,4.3,5.7,0.5,0.6,0.9,1.3,3.0,5.8,,2020,0
314.0,Dewayne Dedmon,30.0,SAC,C,34.0,10.0,15.9,2.0,5.0,0.404,0.4,2.1,0.197,1.6,2.9,0.55,0.444,0.7,0.8,0.821,1.4,3.6,4.9,0.4,0.4,0.8,1.4,2.7,5.1,,2020,0
314.0,Dewayne Dedmon,30.0,ATL,C,10.0,8.0,23.3,3.3,8.4,0.393,0.8,3.6,0.222,2.5,4.8,0.521,0.44,0.7,0.8,0.875,1.4,6.8,8.2,0.7,1.0,1.5,1.0,4.0,8.1,,2020,0
315.0,Maurice Harkless,26.0,2TM,PF,62.0,48.0,23.0,2.3,4.6,0.502,0.5,1.6,0.347,1.7,3.0,0.584,0.562,0.6,1.1,0.591,0.9,3.0,3.9,1.1,0.9,0.5,0.9,2.4,5.8,,2020,0
315.0,Maurice Harkless,26.0,LAC,PF,50.0,38.0,22.8,2.2,4.3,0.516,0.5,1.5,0.37,1.7,2.9,0.59,0.578,0.5,0.8,0.571,0.9,3.1,4.0,1.0,1.0,0.6,0.9,2.4,5.5,,2020,0
315.0,Maurice Harkless,26.0,NYK,SF,12.0,10.0,23.8,2.5,5.5,0.455,0.6,2.1,0.28,1.9,3.4,0.561,0.508,1.3,2.0,0.625,0.7,2.7,3.3,1.7,0.8,0.3,0.6,2.3,6.8,,2020,0
316.0,Kyle Anderson,26.0,MEM,SF,67.0,28.0,19.9,2.3,4.9,0.474,0.4,1.3,0.282,2.0,3.7,0.541,0.511,0.8,1.2,0.667,0.9,3.4,4.3,2.4,0.8,0.6,1.0,1.7,5.8,,2020,0
317.0,DeAndre' Bembry,25.0,ATL,SG,43.0,4.0,21.3,2.4,5.3,0.456,0.3,1.5,0.231,2.1,3.8,0.546,0.489,0.6,1.1,0.542,0.8,2.7,3.5,1.9,1.3,0.4,1.4,2.0,5.8,,2020,0
318.0,PJ Dozier,23.0,DEN,SG,29.0,0.0,14.2,2.2,5.4,0.414,0.6,1.7,0.347,1.7,3.7,0.444,0.468,0.7,1.0,0.724,0.3,1.6,1.9,2.2,0.5,0.2,0.9,1.6,5.8,,2020,0
319.0,Wes Iwundu,25.0,ORL,SF,52.0,21.0,18.3,1.9,4.5,0.416,0.5,1.6,0.341,1.3,2.9,0.457,0.476,1.5,1.9,0.804,0.5,2.1,2.5,1.2,0.5,0.3,0.5,1.5,5.8,,2020,0
320.0,Skal Labissière,23.0,POR,C,33.0,1.0,17.2,2.5,4.5,0.551,0.1,0.4,0.231,2.4,4.1,0.582,0.561,0.8,1.0,0.758,2.0,3.2,5.1,1.3,0.2,0.9,0.9,2.7,5.8,,2020,0
321.0,Anžejs Pasečņiks,24.0,WAS,C,27.0,0.0,16.2,2.3,4.3,0.526,0.0,0.1,0.0,2.3,4.2,0.54,0.526,1.3,2.1,0.586,1.6,2.4,4.0,0.7,0.3,0.4,0.9,2.8,5.8,,2020,0
322.0,Nickeil Alexander-Walker,21.0,NOP,SG,47.0,1.0,12.6,2.1,5.7,0.368,1.0,2.8,0.346,1.1,2.8,0.391,0.455,0.5,0.8,0.676,0.2,1.6,1.8,1.9,0.4,0.2,1.1,1.2,5.7,,2020,0
323.0,Dwayne Bacon,24.0,CHO,SG,39.0,11.0,17.6,2.2,6.3,0.348,0.5,1.7,0.284,1.7,4.5,0.373,0.387,0.9,1.4,0.66,0.4,2.2,2.6,1.3,0.6,0.1,0.9,1.3,5.7,,2020,0
324.0,Bol Bol,20.0,DEN,PF,7.0,0.0,12.4,2.0,4.0,0.5,0.6,1.3,0.444,1.4,2.7,0.526,0.571,1.1,1.4,0.8,0.7,2.0,2.7,0.9,0.3,0.9,1.4,1.6,5.7,,2020,0
325.0,Talen Horton-Tucker,19.0,LAL,SG,6.0,1.0,13.5,2.3,5.0,0.467,0.7,2.2,0.308,1.7,2.8,0.588,0.533,0.3,0.7,0.5,0.3,0.8,1.2,1.0,1.3,0.2,1.0,1.7,5.7,,2020,0
326.0,Darius Bazley,19.0,OKC,PF,61.0,9.0,18.5,2.0,5.2,0.394,0.8,2.3,0.348,1.2,2.9,0.432,0.472,0.7,1.0,0.694,0.5,3.5,4.0,0.7,0.4,0.7,0.7,0.9,5.6,,2020,0
327.0,Damian Jones,24.0,ATL,C,55.0,27.0,16.1,2.2,3.2,0.68,0.0,0.2,0.222,2.2,3.1,0.704,0.685,1.1,1.5,0.738,1.3,2.4,3.7,0.6,0.5,0.7,0.5,2.7,5.6,,2020,0
328.0,Jalen McDaniels,22.0,CHO,SF,16.0,0.0,18.3,2.1,4.4,0.471,0.6,1.5,0.375,1.5,2.9,0.522,0.536,0.9,1.1,0.824,0.9,3.1,4.1,0.8,0.5,0.2,0.7,2.3,5.6,,2020,0
329.0,Jakob Poeltl,24.0,SAS,C,66.0,18.0,17.7,2.5,4.0,0.624,0.0,0.0,,2.5,4.0,0.624,0.624,0.6,1.3,0.465,2.0,3.7,5.7,1.8,0.6,1.4,0.8,1.9,5.6,,2020,0
330.0,John Henson,29.0,2TM,C,40.0,8.0,15.0,2.4,4.3,0.556,0.2,0.9,0.222,2.2,3.4,0.644,0.579,0.6,1.2,0.5,1.2,2.9,4.1,1.4,0.6,1.1,0.9,2.0,5.5,,2020,0
330.0,John Henson,29.0,CLE,C,29.0,2.0,14.2,2.1,4.1,0.508,0.2,1.1,0.194,1.9,3.1,0.618,0.533,0.6,1.1,0.515,1.1,2.8,3.9,1.5,0.6,1.1,0.7,1.9,5.0,,2020,0
330.0,John Henson,29.0,DET,C,11.0,6.0,17.1,3.1,4.6,0.667,0.2,0.5,0.4,2.9,4.2,0.696,0.686,0.5,1.2,0.462,1.3,3.1,4.4,1.0,0.7,0.9,1.4,2.1,6.9,,2020,0
331.0,Solomon Hill,28.0,2TM,PF,59.0,4.0,18.4,1.9,4.7,0.396,1.1,2.9,0.368,0.8,1.8,0.439,0.509,0.7,0.9,0.741,0.5,2.3,2.8,1.8,0.7,0.2,0.9,1.4,5.5,,2020,0
331.0,Solomon Hill,28.0,MEM,PF,48.0,3.0,18.8,2.0,4.9,0.412,1.2,3.1,0.381,0.8,1.8,0.465,0.532,0.5,0.8,0.684,0.5,2.5,3.0,2.0,0.6,0.1,0.8,1.5,5.7,,2020,0
331.0,Solomon Hill,28.0,MIA,PF,11.0,1.0,17.0,1.3,4.1,0.311,0.6,2.2,0.292,0.6,1.9,0.333,0.389,1.3,1.5,0.875,0.5,1.5,1.9,0.9,1.1,0.5,1.0,1.1,4.5,,2020,0
332.0,Alex Caruso,25.0,LAL,PG,64.0,2.0,18.4,1.9,4.5,0.412,0.6,1.9,0.333,1.3,2.7,0.468,0.481,1.1,1.5,0.734,0.3,1.7,1.9,1.9,1.1,0.3,0.8,1.5,5.5,,2020,0
333.0,Justin Jackson,24.0,DAL,PF,65.0,3.0,16.1,2.1,5.2,0.396,0.7,2.5,0.294,1.3,2.7,0.489,0.466,0.6,0.8,0.84,0.4,2.0,2.4,0.8,0.2,0.2,0.2,1.1,5.5,,2020,0
334.0,Dennis Smith Jr.,22.0,NYK,PG,34.0,3.0,15.8,2.1,6.2,0.341,0.5,1.6,0.296,1.6,4.6,0.357,0.379,0.8,1.6,0.509,0.6,1.7,2.3,2.9,0.8,0.2,1.7,1.9,5.5,,2020,0
335.0,Mo Bamba,21.0,ORL,C,62.0,0.0,14.2,2.1,4.6,0.462,0.6,1.7,0.346,1.5,2.9,0.531,0.526,0.5,0.7,0.674,1.6,3.3,4.9,0.7,0.4,1.4,0.7,1.9,5.4,,2020,0
336.0,Pat Connaughton,27.0,MIL,SG,67.0,4.0,18.6,2.0,4.5,0.455,0.8,2.5,0.331,1.2,2.0,0.607,0.547,0.5,0.6,0.775,0.9,3.3,4.2,1.6,0.4,0.5,0.8,1.0,5.4,,2020,0
337.0,Torrey Craig,29.0,DEN,SF,58.0,27.0,18.5,2.1,4.6,0.461,0.8,2.4,0.326,1.4,2.3,0.603,0.545,0.4,0.6,0.611,1.1,2.2,3.3,0.8,0.4,0.6,0.4,2.3,5.4,,2020,0
338.0,Robin Lopez,31.0,MIL,C,66.0,5.0,14.5,2.2,4.5,0.492,0.5,1.6,0.333,1.7,2.9,0.577,0.55,0.4,0.8,0.528,0.8,1.6,2.4,0.7,0.2,0.7,1.0,1.5,5.4,,2020,0
339.0,Garrison Mathews,23.0,WAS,SG,18.0,0.0,12.6,1.3,3.1,0.429,1.1,2.6,0.413,0.3,0.6,0.5,0.598,1.7,1.9,0.912,0.3,1.0,1.3,0.6,0.4,0.1,0.4,1.8,5.4,,2020,0
340.0,Luka Šamanić,20.0,SAS,PF,3.0,1.0,16.0,1.7,5.3,0.313,1.0,2.7,0.375,0.7,2.7,0.25,0.406,1.0,1.3,0.75,0.3,3.0,3.3,2.0,0.0,0.7,0.7,2.0,5.3,,2020,0
341.0,Juan Toscano-Anderson,26.0,GSW,SG,13.0,6.0,20.9,2.2,4.8,0.46,0.6,1.8,0.348,1.6,3.1,0.525,0.524,0.2,0.4,0.6,0.7,3.3,4.0,2.0,1.0,0.4,1.2,2.3,5.3,,2020,0
342.0,David Nwaba,27.0,BRK,SF,20.0,0.0,13.4,1.9,3.6,0.521,0.6,1.4,0.429,1.3,2.2,0.581,0.606,0.9,1.4,0.667,0.4,1.9,2.3,0.4,0.6,0.6,0.4,1.6,5.2,,2020,0
343.0,Robert Williams,22.0,BOS,C,29.0,1.0,13.4,2.2,3.0,0.727,0.0,0.0,,2.2,3.0,0.727,0.727,0.8,1.2,0.647,1.4,3.0,4.4,0.9,0.8,1.2,0.7,1.8,5.2,,2020,0
344.0,Jerome Robinson,22.0,2TM,SG,63.0,6.0,15.5,1.8,4.9,0.371,0.8,2.4,0.32,1.0,2.5,0.42,0.45,0.6,0.9,0.702,0.2,1.8,2.0,1.4,0.4,0.3,0.8,1.8,5.1,,2020,0
344.0,Jerome Robinson,22.0,LAC,SG,42.0,1.0,11.3,1.1,3.2,0.338,0.5,1.6,0.284,0.6,1.6,0.391,0.408,0.3,0.5,0.579,0.1,1.3,1.4,1.1,0.3,0.2,0.6,1.3,2.9,,2020,0
344.0,Jerome Robinson,22.0,WAS,SG,21.0,5.0,24.0,3.3,8.3,0.397,1.4,4.1,0.349,1.9,4.2,0.443,0.483,1.4,1.8,0.763,0.4,2.9,3.3,2.0,0.7,0.4,1.1,2.7,9.4,,2020,0
345.0,Chris Chiozza,24.0,2TM,PG,28.0,2.0,14.3,2.0,5.0,0.393,1.0,2.6,0.375,1.0,2.4,0.412,0.489,0.2,0.2,1.0,0.3,1.6,1.9,3.0,0.8,0.1,1.1,1.3,5.1,,2020,0
345.0,Chris Chiozza,24.0,WAS,PG,10.0,0.0,12.3,1.0,3.4,0.294,0.7,1.6,0.438,0.3,1.8,0.167,0.397,0.0,0.0,,0.0,1.5,1.5,2.8,1.0,0.2,0.9,1.2,2.7,,2020,0
345.0,Chris Chiozza,24.0,BRK,PG,18.0,2.0,15.4,2.5,5.9,0.425,1.1,3.1,0.357,1.4,2.8,0.5,0.519,0.3,0.3,1.0,0.5,1.6,2.1,3.1,0.6,0.1,1.3,1.4,6.4,,2020,0
346.0,Sterling Brown,24.0,MIL,SF,52.0,1.0,14.8,1.8,4.9,0.371,0.8,2.6,0.324,1.0,2.3,0.425,0.457,0.6,0.8,0.8,0.6,2.9,3.5,1.0,0.6,0.1,0.8,1.0,5.1,,2020,0
347.0,Quinn Cook,26.0,LAL,PG,44.0,1.0,11.5,2.1,4.9,0.425,0.7,1.9,0.365,1.4,2.9,0.465,0.498,0.3,0.3,0.786,0.3,0.9,1.2,1.1,0.3,0.0,0.8,0.6,5.1,,2020,0
348.0,Wayne Ellington,32.0,NYK,SG,36.0,1.0,15.5,1.7,4.8,0.351,1.4,4.0,0.35,0.3,0.9,0.355,0.494,0.3,0.4,0.846,0.1,1.7,1.8,1.2,0.4,0.1,0.5,1.1,5.1,,2020,0
349.0,Daniel Gafford,21.0,CHI,C,43.0,7.0,14.2,2.2,3.1,0.701,0.0,0.0,,2.2,3.1,0.701,0.701,0.7,1.4,0.533,1.2,1.3,2.5,0.5,0.3,1.3,0.7,2.3,5.1,,2020,0
350.0,Raul Neto,27.0,PHI,PG,54.0,3.0,12.4,1.9,4.1,0.455,0.6,1.6,0.386,1.2,2.5,0.5,0.532,0.7,0.9,0.83,0.2,0.9,1.1,1.8,0.4,0.1,0.9,0.9,5.1,,2020,0
351.0,Kadeem Allen,27.0,NYK,PG,10.0,0.0,11.7,1.9,4.4,0.432,0.5,1.6,0.313,1.4,2.8,0.5,0.489,0.7,1.1,0.636,0.2,0.7,0.9,2.1,0.5,0.2,0.8,0.7,5.0,,2020,0
352.0,Isaac Bonga,20.0,WAS,SF,66.0,49.0,18.9,1.8,3.5,0.504,0.4,1.1,0.352,1.4,2.5,0.571,0.558,1.0,1.3,0.812,1.1,2.3,3.4,1.2,0.7,0.3,0.9,2.4,5.0,,2020,0
353.0,Vince Carter,43.0,ATL,PF,60.0,0.0,14.6,1.8,5.1,0.352,1.0,3.4,0.302,0.8,1.7,0.451,0.452,0.4,0.5,0.793,0.3,1.8,2.1,0.8,0.4,0.4,0.6,1.5,5.0,,2020,0
354.0,Jamal Crawford,39.0,BRK,SG,1.0,0.0,6.0,2.0,4.0,0.5,1.0,2.0,0.5,1.0,2.0,0.5,0.625,0.0,0.0,,0.0,0.0,0.0,3.0,0.0,0.0,0.0,1.0,5.0,,2020,0
355.0,Cody Martin,24.0,CHO,SF,48.0,3.0,18.8,1.9,4.3,0.43,0.4,1.6,0.234,1.5,2.7,0.546,0.473,0.9,1.4,0.646,0.8,2.5,3.3,2.0,0.8,0.2,0.9,1.6,5.0,,2020,0
356.0,Tony Bradley,22.0,UTA,C,58.0,3.0,11.4,2.2,3.3,0.667,0.1,0.1,1.0,2.1,3.2,0.661,0.675,0.5,0.8,0.652,1.9,2.7,4.6,0.4,0.2,0.6,0.5,2.0,4.9,,2020,0
357.0,Jevon Carter,24.0,PHO,PG,58.0,2.0,16.3,1.7,4.2,0.416,1.1,2.5,0.425,0.7,1.7,0.402,0.543,0.4,0.5,0.852,0.5,1.5,2.0,1.4,0.8,0.3,0.6,1.5,4.9,,2020,0
358.0,Chris Clemons,22.0,HOU,SG,33.0,0.0,8.8,1.7,4.3,0.401,1.1,3.2,0.346,0.6,1.1,0.571,0.532,0.3,0.3,0.909,0.1,0.8,0.9,0.8,0.3,0.2,0.6,0.8,4.9,,2020,0
359.0,Drew Eubanks,22.0,SAS,C,22.0,3.0,12.4,2.0,3.0,0.642,0.0,0.0,1.0,1.9,3.0,0.636,0.649,0.9,1.2,0.769,1.3,2.6,3.9,0.7,0.2,0.8,1.0,1.7,4.9,,2020,0
360.0,Shaquille Harrison,26.0,CHI,SG,43.0,10.0,11.3,1.8,3.8,0.467,0.4,1.0,0.381,1.4,2.9,0.496,0.515,0.9,1.2,0.78,0.5,1.5,2.0,1.1,0.8,0.4,0.4,1.3,4.9,,2020,0
361.0,Patrick Patterson,30.0,LAC,PF,59.0,18.0,13.2,1.6,3.9,0.408,1.1,2.9,0.39,0.5,1.0,0.459,0.552,0.6,0.7,0.814,0.6,2.0,2.6,0.7,0.1,0.1,0.4,0.9,4.9,,2020,0
362.0,Edmond Sumner,24.0,IND,SG,31.0,3.0,14.4,2.0,4.6,0.43,0.5,1.7,0.264,1.5,2.9,0.528,0.479,0.5,0.9,0.552,0.4,1.1,1.5,1.8,0.5,0.3,0.7,1.4,4.9,,2020,0
363.0,Matt Thomas,25.0,TOR,SG,41.0,1.0,10.7,1.8,3.7,0.487,1.1,2.4,0.475,0.6,1.2,0.51,0.643,0.2,0.3,0.75,0.2,1.3,1.5,0.5,0.2,0.0,0.4,0.9,4.9,,2020,0
364.0,Mario Hezonja,24.0,POR,PF,53.0,4.0,16.4,1.7,4.1,0.422,0.5,1.5,0.308,1.3,2.6,0.486,0.477,0.9,1.1,0.814,0.6,2.9,3.5,0.9,0.7,0.2,0.8,2.0,4.8,,2020,0
365.0,Džanan Musa,20.0,BRK,SF,40.0,0.0,12.2,1.6,4.3,0.372,0.5,2.0,0.244,1.1,2.4,0.479,0.427,1.1,1.5,0.75,0.5,1.6,2.2,1.1,0.4,0.0,0.9,0.8,4.8,,2020,0
366.0,Mike Muscala,28.0,OKC,C,47.0,2.0,12.2,1.6,4.0,0.407,1.1,3.0,0.378,0.5,1.0,0.5,0.55,0.4,0.5,0.818,0.3,2.0,2.3,0.9,0.2,0.3,0.4,1.2,4.8,,2020,0
367.0,Justin Wright-Foreman,22.0,UTA,PG,4.0,0.0,11.3,1.8,5.0,0.35,0.5,2.5,0.2,1.3,2.5,0.5,0.4,0.8,1.0,0.75,0.0,1.3,1.3,1.8,0.5,0.0,0.8,1.3,4.8,,2020,0
368.0,Cheick Diallo,23.0,PHO,C,47.0,2.0,10.2,2.0,3.0,0.648,0.0,0.1,0.333,1.9,3.0,0.655,0.651,0.7,0.8,0.872,0.6,2.1,2.8,0.5,0.2,0.3,0.7,1.2,4.7,,2020,0
369.0,Isaiah Hartenstein,21.0,HOU,C,23.0,2.0,11.6,1.9,2.9,0.657,0.0,0.2,0.0,1.9,2.7,0.71,0.657,0.8,1.2,0.679,1.3,2.7,3.9,0.8,0.4,0.5,0.7,1.8,4.7,,2020,0
370.0,Thon Maker,22.0,DET,C,60.0,14.0,12.9,1.6,3.2,0.482,0.4,1.1,0.344,1.2,2.2,0.55,0.539,1.2,1.8,0.664,0.9,1.9,2.8,0.7,0.4,0.7,0.8,1.7,4.7,,2020,0
371.0,Matisse Thybulle,22.0,PHI,SG,65.0,14.0,19.8,1.7,4.1,0.423,0.9,2.4,0.357,0.9,1.7,0.519,0.528,0.4,0.6,0.61,0.7,1.0,1.6,1.2,1.4,0.7,0.8,2.2,4.7,,2020,0
372.0,Allen Crabbe,27.0,2TM,SG,37.0,1.0,17.6,1.7,4.8,0.356,1.0,3.2,0.303,0.7,1.6,0.466,0.458,0.3,0.4,0.714,0.3,1.8,2.1,0.9,0.4,0.1,0.5,1.3,4.6,,2020,0
372.0,Allen Crabbe,27.0,ATL,SG,28.0,1.0,18.6,1.9,5.1,0.364,1.1,3.3,0.323,0.8,1.8,0.44,0.469,0.3,0.4,0.75,0.4,2.0,2.3,1.0,0.5,0.1,0.4,1.3,5.1,,2020,0
372.0,Allen Crabbe,27.0,MIN,SF,9.0,0.0,14.6,1.2,3.8,0.324,0.7,2.9,0.231,0.6,0.9,0.625,0.412,0.1,0.2,0.5,0.1,1.2,1.3,0.6,0.0,0.0,0.6,1.2,3.2,,2020,0
373.0,Andre Iguodala,36.0,MIA,SF,21.0,0.0,19.9,1.8,4.2,0.432,0.7,2.2,0.298,1.1,2.0,0.585,0.511,0.3,0.7,0.4,0.8,2.9,3.7,2.4,0.7,1.0,1.2,1.7,4.6,,2020,0
374.0,Rodions Kurucs,21.0,BRK,PF,47.0,9.0,14.6,1.7,3.8,0.446,0.7,1.9,0.367,1.0,1.9,0.529,0.54,0.5,0.8,0.632,0.5,2.4,2.9,1.1,0.5,0.1,1.0,1.9,4.6,,2020,0
375.0,Patrick McCaw,24.0,TOR,SF,37.0,12.0,24.5,1.8,4.4,0.414,0.6,1.9,0.324,1.2,2.5,0.484,0.485,0.4,0.5,0.722,0.5,1.8,2.3,2.1,1.1,0.1,0.8,1.6,4.6,,2020,0
376.0,Alfonzo McKinnie,27.0,CLE,SF,40.0,1.0,14.8,1.8,4.3,0.427,0.4,1.6,0.215,1.5,2.7,0.557,0.468,0.6,0.8,0.71,0.9,1.9,2.8,0.4,0.6,0.2,0.7,1.8,4.6,,2020,0
377.0,JaKarr Sampson,26.0,IND,PF,34.0,12.0,13.9,2.0,3.4,0.591,0.1,0.4,0.154,1.9,3.0,0.647,0.6,0.5,0.8,0.667,0.6,2.0,2.6,0.6,0.5,0.4,0.4,1.9,4.6,,2020,0
378.0,Dante Exum,24.0,2TM,SG,35.0,1.0,13.9,1.6,3.4,0.471,0.4,1.2,0.349,1.2,2.2,0.539,0.534,0.9,1.2,0.744,0.3,1.6,1.9,1.1,0.4,0.2,0.9,1.1,4.5,,2020,0
378.0,Dante Exum,24.0,UTA,SG,11.0,0.0,7.5,0.9,2.1,0.435,0.2,0.5,0.333,0.7,1.5,0.471,0.478,0.2,0.2,1.0,0.3,0.8,1.1,0.6,0.1,0.2,0.9,0.7,2.2,,2020,0
378.0,Dante Exum,24.0,CLE,SG,24.0,1.0,16.8,1.9,4.0,0.479,0.5,1.5,0.351,1.4,2.5,0.559,0.547,1.3,1.7,0.732,0.4,1.9,2.3,1.4,0.5,0.3,0.9,1.3,5.6,,2020,0
379.0,Ryan Arcidiacono,25.0,CHI,PG,58.0,4.0,16.0,1.6,3.8,0.409,0.9,2.4,0.391,0.6,1.4,0.439,0.532,0.5,0.7,0.711,0.3,1.6,1.9,1.7,0.5,0.1,0.6,1.7,4.5,,2020,0
380.0,Jerian Grant,27.0,WAS,SG,6.0,0.0,13.3,1.7,4.5,0.37,0.3,1.3,0.25,1.3,3.2,0.421,0.407,0.8,1.2,0.714,0.3,0.7,1.0,1.5,0.2,0.2,0.5,1.8,4.5,,2020,0
381.0,Courtney Lee,34.0,DAL,SG,24.0,9.0,14.4,1.7,3.4,0.488,0.9,2.0,0.447,0.8,1.5,0.543,0.616,0.3,0.3,0.857,0.3,1.0,1.3,0.5,0.8,0.3,0.5,1.4,4.5,,2020,0
382.0,Treveon Graham,26.0,2TM,SF,55.0,20.0,16.9,1.6,4.4,0.36,0.6,2.2,0.275,1.0,2.2,0.443,0.428,0.7,1.0,0.643,0.9,1.8,2.7,0.8,0.4,0.1,0.5,1.9,4.4,,2020,0
382.0,Treveon Graham,26.0,MIN,SF,33.0,20.0,20.1,1.9,5.3,0.354,0.6,2.5,0.241,1.3,2.8,0.457,0.411,0.8,1.1,0.73,0.9,2.2,3.0,0.9,0.5,0.1,0.6,2.0,5.2,,2020,0
382.0,Treveon Graham,26.0,ATL,SF,22.0,0.0,12.1,1.1,3.0,0.373,0.6,1.7,0.351,0.5,1.4,0.4,0.47,0.4,0.9,0.474,1.0,1.3,2.3,0.7,0.3,0.2,0.5,1.6,3.3,,2020,0
383.0,Jacob Evans,22.0,2TM,SG,29.0,1.0,14.4,1.6,4.6,0.336,0.4,1.3,0.333,1.1,3.3,0.337,0.384,0.9,1.0,0.862,0.3,1.1,1.4,1.1,0.4,0.4,0.9,1.4,4.4,,2020,0
383.0,Jacob Evans,22.0,GSW,SG,27.0,1.0,15.3,1.7,4.9,0.338,0.5,1.4,0.342,1.2,3.5,0.337,0.387,0.9,1.1,0.862,0.3,1.2,1.5,1.1,0.4,0.4,0.9,1.5,4.7,,2020,0
383.0,Jacob Evans,22.0,MIN,SG,2.0,0.0,2.0,0.0,0.5,0.0,0.0,0.5,0.0,0.0,0.0,,0.0,0.0,0.0,,0.0,0.0,0.0,0.0,0.0,0.0,0.0,0.0,0.0,,2020,0
384.0,Khem Birch,27.0,ORL,C,48.0,24.0,19.2,1.5,3.0,0.51,0.0,0.0,0.0,1.5,3.0,0.514,0.51,1.4,2.1,0.653,1.9,2.7,4.6,1.0,0.4,0.5,0.6,1.9,4.4,,2020,0
385.0,Nic Claxton,20.0,BRK,C,15.0,0.0,12.5,1.8,3.2,0.563,0.1,0.5,0.143,1.7,2.7,0.634,0.573,0.7,1.4,0.524,1.3,1.7,2.9,1.1,0.1,0.5,0.6,0.9,4.4,,2020,0
386.0,Yogi Ferrell,26.0,SAC,PG,50.0,0.0,10.6,1.6,3.8,0.42,0.5,1.6,0.304,1.1,2.2,0.505,0.484,0.7,0.8,0.857,0.1,0.9,1.0,1.4,0.4,0.1,0.6,0.8,4.4,,2020,0
387.0,Ante Žižić,23.0,CLE,C,22.0,0.0,10.0,1.9,3.3,0.569,0.0,0.0,,1.9,3.3,0.569,0.569,0.6,0.9,0.737,0.8,2.2,3.0,0.3,0.3,0.2,0.5,1.2,4.4,,2020,0
388.0,Donta Hall,22.0,2TM,PF,9.0,0.0,14.8,1.7,2.4,0.682,0.0,0.0,,1.7,2.4,0.682,0.682,1.0,2.0,0.5,1.6,2.7,4.2,0.4,0.3,0.7,0.6,2.6,4.3,,2020,0
388.0,Donta Hall,22.0,DET,PF,4.0,0.0,12.0,0.3,1.0,0.25,0.0,0.0,,0.3,1.0,0.25,0.25,1.0,1.5,0.667,1.5,2.3,3.8,0.5,0.3,0.3,0.5,2.3,1.5,,2020,0
388.0,Donta Hall,22.0,BRK,C,5.0,0.0,17.0,2.8,3.6,0.778,0.0,0.0,,2.8,3.6,0.778,0.778,1.0,2.4,0.417,1.6,3.0,4.6,0.4,0.4,1.0,0.6,2.8,6.6,,2020,0
389.0,Al-Farouq Aminu,29.0,ORL,PF,18.0,2.0,21.1,1.4,4.8,0.291,0.5,2.0,0.25,0.9,2.8,0.32,0.343,1.1,1.6,0.655,1.3,3.5,4.8,1.2,1.0,0.4,0.9,1.5,4.3,,2020,0
390.0,Troy Daniels,28.0,2TM,SG,47.0,0.0,11.3,1.5,4.0,0.387,1.0,2.8,0.348,0.6,1.1,0.481,0.511,0.2,0.3,0.625,0.3,0.9,1.1,0.4,0.2,0.1,0.3,0.8,4.3,,2020,0
390.0,Troy Daniels,28.0,LAL,SG,41.0,0.0,11.1,1.5,3.9,0.392,1.0,2.7,0.357,0.5,1.1,0.478,0.519,0.2,0.4,0.625,0.3,0.8,1.1,0.3,0.2,0.1,0.2,0.7,4.2,,2020,0
390.0,Troy Daniels,28.0,DEN,SG,6.0,0.0,12.7,1.7,4.7,0.357,1.0,3.3,0.3,0.7,1.3,0.5,0.464,0.0,0.0,,0.0,1.0,1.0,0.5,0.5,0.0,0.5,1.2,4.3,,2020,0
391.0,Bruno Fernando,21.0,ATL,C,56.0,13.0,12.7,1.8,3.6,0.518,0.1,0.7,0.135,1.8,2.9,0.605,0.53,0.5,0.9,0.569,1.2,2.3,3.5,0.9,0.3,0.3,0.8,1.9,4.3,,2020,0
392.0,Ryan Broekhoff,29.0,DAL,SF,17.0,1.0,10.6,1.3,3.5,0.373,1.2,3.0,0.392,0.1,0.5,0.25,0.542,0.4,0.5,0.875,0.3,2.2,2.5,0.6,0.3,0.2,0.4,0.9,4.2,,2020,0
393.0,Iman Shumpert,29.0,BRK,SF,13.0,0.0,18.5,1.6,4.9,0.328,0.6,2.5,0.242,1.0,2.4,0.419,0.391,0.3,0.5,0.571,0.7,1.9,2.6,0.9,0.9,0.2,0.8,1.6,4.2,,2020,0
394.0,Alen Smailagić,19.0,GSW,C,14.0,0.0,9.9,1.4,2.9,0.5,0.2,0.9,0.231,1.2,1.9,0.63,0.538,1.1,1.4,0.842,0.7,1.2,1.9,0.9,0.2,0.3,0.8,1.0,4.2,,2020,0
395.0,Elie Okobo,22.0,PHO,PG,55.0,3.0,13.1,1.3,3.3,0.398,0.5,1.3,0.352,0.9,2.0,0.427,0.467,0.9,1.3,0.704,0.3,1.3,1.6,2.1,0.4,0.1,0.7,1.0,4.0,,2020,0
396.0,Cristiano Felício,27.0,CHI,C,22.0,0.0,17.5,1.5,2.5,0.63,0.0,0.1,0.0,1.5,2.4,0.654,0.63,0.8,1.0,0.783,2.5,2.1,4.6,0.7,0.5,0.1,0.8,1.5,3.9,,2020,0
397.0,Terrance Ferguson,21.0,OKC,SF,56.0,38.0,22.4,1.4,3.9,0.355,0.9,3.0,0.292,0.5,0.9,0.558,0.466,0.3,0.4,0.75,0.4,0.9,1.3,0.9,0.5,0.3,0.6,2.8,3.9,,2020,0
398.0,Marko Gudurić,24.0,MEM,SG,44.0,0.0,11.0,1.4,3.6,0.395,0.6,1.9,0.301,0.8,1.7,0.5,0.475,0.5,0.6,0.923,0.3,1.3,1.7,1.0,0.3,0.2,0.8,0.8,3.9,,2020,0
399.0,Gary Payton II,27.0,WAS,SF,29.0,17.0,14.9,1.7,4.0,0.414,0.4,1.6,0.283,1.2,2.4,0.5,0.47,0.1,0.3,0.5,0.9,1.9,2.8,1.7,1.1,0.2,0.7,1.9,3.9,,2020,0
400.0,DaQuan Jeffries,22.0,SAC,SG,13.0,0.0,10.8,1.5,3.1,0.5,0.4,1.4,0.278,1.2,1.7,0.682,0.563,0.4,0.5,0.833,0.2,1.2,1.4,0.5,0.3,0.1,0.2,1.5,3.8,,2020,0
401.0,Jaylen Nowell,20.0,MIN,SG,15.0,0.0,10.1,1.3,3.5,0.358,0.2,1.7,0.115,1.1,1.8,0.593,0.387,1.1,1.1,0.941,0.2,0.7,0.9,1.3,0.2,0.1,0.2,0.7,3.8,,2020,0
402.0,Noah Vonleh,24.0,2TM,C,36.0,1.0,10.5,1.4,2.6,0.565,0.1,0.4,0.2,1.4,2.1,0.636,0.582,0.7,0.9,0.781,1.0,2.4,3.4,0.8,0.3,0.2,0.6,1.1,3.7,,2020,0
402.0,Noah Vonleh,24.0,MIN,C,29.0,1.0,12.0,1.6,3.0,0.547,0.1,0.5,0.143,1.6,2.5,0.625,0.558,0.8,1.0,0.821,1.2,2.8,4.0,0.9,0.4,0.2,0.7,1.2,4.1,,2020,0
402.0,Noah Vonleh,24.0,DEN,C,7.0,0.0,4.3,0.7,0.9,0.833,0.1,0.1,1.0,0.6,0.7,0.8,0.917,0.3,0.6,0.5,0.4,0.7,1.1,0.3,0.0,0.0,0.3,0.6,1.9,,2020,0
403.0,Gary Clark,25.0,2TM,PF,42.0,5.0,13.5,1.3,3.2,0.406,0.9,2.6,0.351,0.4,0.5,0.682,0.553,0.2,0.2,0.9,0.9,1.7,2.6,0.4,0.1,0.5,0.2,1.1,3.7,,2020,0
403.0,Gary Clark,25.0,HOU,PF,18.0,0.0,11.8,1.3,3.3,0.39,1.0,2.8,0.353,0.3,0.4,0.625,0.542,0.3,0.4,0.857,0.6,1.6,2.2,0.7,0.1,0.4,0.1,1.2,3.9,,2020,0
403.0,Gary Clark,25.0,ORL,SF,24.0,5.0,14.8,1.3,3.1,0.419,0.9,2.5,0.35,0.4,0.6,0.714,0.561,0.1,0.1,1.0,1.1,1.8,2.9,0.2,0.2,0.6,0.3,1.0,3.6,,2020,0
404.0,DeMarre Carroll,33.0,2TM,C,24.0,0.0,12.1,1.0,2.8,0.379,0.3,1.4,0.242,0.7,1.4,0.515,0.439,1.2,1.8,0.69,0.5,1.8,2.3,1.0,0.3,0.2,0.7,1.3,3.6,,2020,0
404.0,DeMarre Carroll,33.0,SAS,SF,15.0,0.0,9.0,0.6,1.9,0.31,0.2,0.9,0.231,0.4,1.1,0.375,0.362,0.8,1.3,0.6,0.5,1.6,2.1,0.7,0.1,0.1,0.7,1.3,2.2,,2020,0
404.0,DeMarre Carroll,33.0,HOU,C,9.0,0.0,17.2,1.8,4.1,0.432,0.6,2.2,0.25,1.2,1.9,0.647,0.5,1.9,2.4,0.773,0.6,2.1,2.7,1.6,0.7,0.3,0.8,1.3,6.0,,2020,0
405.0,Anthony Tolliver,34.0,3TM,PF,55.0,13.0,15.9,1.2,3.3,0.357,0.9,2.6,0.338,0.3,0.7,0.432,0.492,0.4,0.5,0.724,0.6,2.2,2.8,0.8,0.3,0.2,0.6,1.3,3.6,,2020,0
405.0,Anthony Tolliver,34.0,POR,PF,33.0,9.0,16.8,1.3,3.5,0.368,0.9,2.7,0.337,0.4,0.8,0.464,0.496,0.4,0.6,0.684,0.8,2.5,3.3,0.9,0.2,0.3,0.6,1.6,3.9,,2020,0
405.0,Anthony Tolliver,34.0,SAC,PF,9.0,0.0,9.1,0.3,1.9,0.176,0.2,1.7,0.133,0.1,0.2,0.5,0.235,0.1,0.2,0.5,0.2,1.0,1.2,0.3,0.4,0.1,0.4,0.7,1.0,,2020,0
405.0,Anthony Tolliver,34.0,MEM,PF,13.0,4.0,18.2,1.5,3.7,0.396,1.3,3.2,0.415,0.2,0.5,0.286,0.573,0.5,0.6,0.875,0.4,2.2,2.5,0.8,0.5,0.1,0.7,1.1,4.8,,2020,0
406.0,Nicolas Batum,31.0,CHO,SF,22.0,3.0,23.0,1.3,3.7,0.346,0.6,2.2,0.286,0.6,1.5,0.438,0.432,0.4,0.5,0.9,1.1,3.4,4.5,3.0,0.8,0.4,1.0,1.9,3.6,,2020,0
407.0,Tim Frazier,29.0,DET,PG,27.0,11.0,13.1,1.3,3.5,0.362,0.4,1.1,0.333,0.9,2.4,0.375,0.415,0.7,0.9,0.792,0.3,0.9,1.2,3.4,0.5,0.1,1.3,1.6,3.6,,2020,0
408.0,Nassir Little,19.0,POR,PF,48.0,5.0,11.9,1.4,3.1,0.43,0.3,1.2,0.237,1.1,1.9,0.554,0.477,0.6,0.9,0.636,0.6,1.6,2.3,0.5,0.3,0.3,0.3,1.5,3.6,,2020,0
409.0,Theo Pinson,24.0,BRK,SG,33.0,0.0,11.1,1.4,4.7,0.29,0.5,2.4,0.188,0.9,2.3,0.4,0.339,0.5,0.5,0.938,0.3,1.3,1.6,1.7,0.5,0.1,1.0,1.1,3.6,,2020,0
410.0,Tremont Waters,22.0,BOS,PG,11.0,1.0,10.8,1.3,4.5,0.286,0.4,2.2,0.167,0.9,2.3,0.4,0.327,0.7,0.7,1.0,0.0,1.1,1.1,1.5,0.9,0.2,1.4,1.2,3.6,,2020,0
411.0,D.J. Wilson,23.0,MIL,PF,37.0,1.0,9.8,1.4,3.6,0.394,0.5,2.0,0.247,0.9,1.6,0.576,0.462,0.3,0.5,0.611,0.3,2.2,2.5,0.7,0.1,0.1,0.5,0.9,3.6,,2020,0
412.0,Mfiondu Kabengele,22.0,LAC,C,12.0,0.0,5.3,1.2,2.7,0.438,0.8,1.7,0.45,0.4,1.0,0.417,0.578,0.4,0.4,1.0,0.1,0.8,0.9,0.2,0.2,0.2,0.2,0.8,3.5,,2020,0
413.0,Kyle O'Quinn,29.0,PHI,C,29.0,2.0,10.8,1.4,2.9,0.494,0.2,0.9,0.259,1.2,2.0,0.603,0.535,0.4,0.7,0.55,1.2,2.8,4.0,1.8,0.2,0.8,0.7,1.3,3.5,,2020,0
414.0,Miye Oni,22.0,UTA,SF,10.0,1.0,10.9,1.2,3.2,0.375,0.7,1.9,0.368,0.5,1.3,0.385,0.484,0.4,0.5,0.8,0.5,1.2,1.7,0.4,0.4,0.2,0.4,0.9,3.5,,2020,0
415.0,Kenrich Williams,25.0,NOP,PF,39.0,18.0,21.3,1.3,3.8,0.347,0.6,2.5,0.258,0.7,1.3,0.52,0.432,0.2,0.7,0.346,1.3,3.5,4.8,1.5,0.7,0.5,0.6,2.3,3.5,,2020,0
416.0,Javonte Green,26.0,BOS,SG,48.0,2.0,9.8,1.3,2.6,0.5,0.2,0.7,0.273,1.1,1.9,0.581,0.536,0.6,0.9,0.667,0.5,1.4,1.9,0.5,0.5,0.2,0.5,0.9,3.4,,2020,0
417.0,Kevon Looney,23.0,GSW,C,20.0,4.0,13.1,1.5,4.0,0.367,0.1,0.7,0.071,1.4,3.3,0.431,0.373,0.5,0.6,0.75,1.4,1.9,3.3,1.0,0.6,0.3,0.6,1.7,3.4,,2020,0
418.0,Semi Ojeleye,25.0,BOS,PF,69.0,6.0,14.7,1.2,2.8,0.408,0.7,1.8,0.378,0.5,1.0,0.464,0.531,0.4,0.5,0.875,0.4,1.7,2.1,0.5,0.3,0.1,0.3,1.2,3.4,,2020,0
419.0,Lance Thomas,31.0,BRK,PF,7.0,4.0,14.0,1.1,3.3,0.348,0.6,1.9,0.308,0.6,1.4,0.4,0.435,0.6,0.6,1.0,0.3,1.6,1.9,0.9,0.0,0.0,0.9,1.6,3.4,,2020,0
420.0,Grant Williams,21.0,BOS,PF,69.0,5.0,15.1,1.3,3.1,0.412,0.3,1.4,0.25,0.9,1.7,0.548,0.469,0.6,0.8,0.722,0.9,1.7,2.6,1.0,0.4,0.5,0.7,2.4,3.4,,2020,0
421.0,Carsen Edwards,21.0,BOS,SG,37.0,0.0,9.5,1.1,3.5,0.328,0.6,2.1,0.316,0.5,1.4,0.346,0.422,0.4,0.5,0.684,0.2,1.1,1.3,0.6,0.3,0.1,0.4,0.9,3.3,,2020,0
422.0,Tacko Fall,24.0,BOS,C,7.0,0.0,4.7,1.6,2.0,0.786,0.0,0.0,,1.6,2.0,0.786,0.786,0.1,0.4,0.333,0.1,2.0,2.1,0.1,0.1,0.6,0.4,1.0,3.3,,2020,0
423.0,Ty Jerome,22.0,PHO,SG,31.0,0.0,10.6,1.2,3.6,0.336,0.5,1.6,0.28,0.8,2.0,0.381,0.398,0.4,0.5,0.75,0.2,1.3,1.5,1.4,0.5,0.1,0.6,0.9,3.3,,2020,0
424.0,Rodney McGruder,28.0,LAC,SG,56.0,4.0,15.6,1.3,3.2,0.398,0.4,1.6,0.27,0.9,1.6,0.522,0.464,0.3,0.6,0.559,0.5,2.2,2.7,0.6,0.5,0.1,0.4,1.3,3.3,,2020,0
425.0,Evan Turner,31.0,ATL,SG,19.0,0.0,13.2,1.3,3.5,0.373,0.0,0.3,0.0,1.3,3.3,0.403,0.373,0.6,0.7,0.857,0.4,1.6,2.0,2.0,0.5,0.4,1.4,1.1,3.3,,2020,0
426.0,Jordan Bell,25.0,2TM,C,29.0,0.0,8.8,1.2,2.3,0.522,0.1,0.4,0.333,1.1,1.9,0.564,0.552,0.7,1.1,0.613,1.0,1.8,2.8,0.6,0.1,0.3,0.7,0.7,3.2,,2020,0
426.0,Jordan Bell,25.0,MIN,C,27.0,0.0,8.7,1.2,2.2,0.533,0.1,0.3,0.222,1.1,1.9,0.588,0.55,0.6,1.1,0.586,1.0,1.9,2.9,0.5,0.1,0.4,0.7,0.6,3.1,,2020,0
426.0,Jordan Bell,25.0,MEM,C,2.0,0.0,10.5,1.5,3.5,0.429,1.0,1.5,0.667,0.5,2.0,0.25,0.571,1.0,1.0,1.0,1.0,0.5,1.5,1.0,0.5,0.0,1.5,1.0,5.0,,2020,0
427.0,Goga Bitadze,20.0,IND,C,54.0,2.0,8.7,1.3,2.8,0.467,0.1,0.8,0.19,1.1,2.0,0.574,0.493,0.4,0.6,0.727,0.5,1.5,2.0,0.4,0.2,0.7,0.5,1.2,3.2,,2020,0
428.0,Amir Coffey,22.0,LAC,SG,18.0,1.0,8.8,1.3,3.0,0.426,0.3,1.1,0.316,0.9,1.9,0.486,0.481,0.3,0.6,0.545,0.2,0.7,0.9,0.8,0.3,0.1,0.4,1.1,3.2,,2020,0
429.0,Chimezie Metu,22.0,SAS,C,18.0,0.0,5.8,1.3,2.3,0.571,0.0,0.1,0.0,1.3,2.2,0.6,0.571,0.6,0.7,0.769,0.7,1.2,1.8,0.6,0.2,0.3,0.6,0.4,3.2,,2020,0
430.0,Paul Watson,25.0,2TM,SF,10.0,0.0,8.7,1.0,2.6,0.385,0.4,1.2,0.333,0.6,1.4,0.429,0.462,0.7,0.9,0.778,0.2,1.5,1.7,0.8,0.4,0.1,0.3,0.5,3.1,,2020,0
430.0,Paul Watson,25.0,ATL,SF,2.0,0.0,8.5,0.0,3.5,0.0,0.0,1.5,0.0,0.0,2.0,0.0,0.0,0.0,0.0,,0.0,1.0,1.0,1.5,0.5,0.0,0.0,0.5,0.0,,2020,0
430.0,Paul Watson,25.0,TOR,SF,8.0,0.0,8.8,1.3,2.4,0.526,0.5,1.1,0.444,0.8,1.3,0.6,0.632,0.9,1.1,0.778,0.3,1.6,1.9,0.6,0.4,0.1,0.4,0.5,3.9,,2020,0
431.0,Matthew Dellavedova,29.0,CLE,PG,57.0,4.0,14.4,1.1,3.1,0.354,0.4,1.6,0.231,0.7,1.5,0.488,0.414,0.6,0.6,0.865,0.3,1.0,1.3,3.2,0.4,0.0,1.0,1.4,3.1,,2020,0
432.0,Rayjon Tucker,22.0,UTA,SG,20.0,0.0,8.1,1.0,2.2,0.465,0.2,0.9,0.176,0.9,1.3,0.654,0.5,1.0,1.2,0.826,0.2,0.9,1.0,0.3,0.1,0.1,0.4,0.5,3.1,,2020,0
433.0,Bruno Caboclo,24.0,2TM,C,30.0,0.0,8.1,1.3,3.0,0.427,0.2,1.1,0.182,1.1,1.9,0.571,0.461,0.3,0.3,0.889,0.8,1.2,2.0,0.4,0.5,0.6,0.4,1.0,3.0,,2020,0
433.0,Bruno Caboclo,24.0,MEM,C,22.0,0.0,8.7,1.3,3.1,0.406,0.2,1.1,0.16,1.1,2.0,0.545,0.435,0.1,0.1,0.667,0.8,1.2,2.0,0.5,0.5,0.5,0.3,1.0,2.8,,2020,0
433.0,Bruno Caboclo,24.0,HOU,C,8.0,0.0,6.5,1.3,2.5,0.5,0.3,1.0,0.25,1.0,1.5,0.667,0.55,0.8,0.8,1.0,0.8,1.3,2.0,0.3,0.6,0.6,0.8,1.0,3.5,,2020,0
434.0,Zylan Cheatham,24.0,NOP,PF,4.0,0.0,12.8,1.5,2.3,0.667,0.0,0.3,0.0,1.5,2.0,0.75,0.667,0.0,0.0,,0.8,1.5,2.3,0.8,0.3,0.3,1.0,2.5,3.0,,2020,0
435.0,Udonis Haslem,39.0,MIA,C,4.0,1.0,11.0,1.0,2.8,0.364,0.3,0.8,0.333,0.8,2.0,0.375,0.409,0.8,1.0,0.75,0.3,3.8,4.0,0.3,0.0,0.0,0.3,1.5,3.0,,2020,0
436.0,B.J. Johnson,24.0,ORL,SF,10.0,0.0,8.3,0.9,3.2,0.281,0.3,0.9,0.333,0.6,2.3,0.261,0.328,0.9,1.0,0.9,0.3,1.2,1.5,0.3,0.3,0.0,0.6,0.3,3.0,,2020,0
437.0,T.J. Leaf,22.0,IND,PF,28.0,1.0,7.9,1.3,3.1,0.419,0.2,0.6,0.278,1.1,2.4,0.456,0.448,0.3,0.6,0.438,0.8,1.7,2.5,0.3,0.4,0.1,0.3,0.8,3.0,,2020,0
438.0,Admiral Schofield,22.0,WAS,PF,33.0,2.0,11.2,1.1,2.8,0.38,0.6,1.8,0.311,0.5,0.9,0.516,0.484,0.3,0.5,0.667,0.2,1.2,1.4,0.5,0.2,0.1,0.2,1.5,3.0,,2020,0
439.0,Chris Silva,23.0,MIA,PF,44.0,0.0,7.9,1.1,1.8,0.615,0.0,0.1,0.0,1.1,1.7,0.64,0.615,0.8,1.3,0.673,1.4,1.5,2.9,0.5,0.2,0.5,0.7,1.9,3.0,,2020,0
440.0,Johnathan Williams,24.0,WAS,PF,15.0,6.0,12.0,1.3,2.3,0.559,0.0,0.1,0.0,1.3,2.1,0.594,0.559,0.5,0.9,0.538,1.6,2.7,4.3,0.5,0.1,0.5,0.3,1.1,3.0,,2020,0
441.0,Jaylen Hoard,20.0,POR,PF,13.0,0.0,7.9,1.2,2.5,0.469,0.0,0.2,0.0,1.2,2.2,0.517,0.469,0.6,1.0,0.615,1.1,1.4,2.5,0.3,0.4,0.0,0.3,0.9,2.9,,2020,0
442.0,Adam Mokoka,21.0,CHI,SF,11.0,0.0,10.2,1.1,2.5,0.429,0.5,1.4,0.4,0.5,1.2,0.462,0.536,0.2,0.4,0.5,0.6,0.3,0.9,0.4,0.4,0.0,0.2,1.5,2.9,,2020,0
443.0,Andre Roberson,28.0,OKC,SF,7.0,0.0,12.4,1.1,4.1,0.276,0.4,2.0,0.214,0.7,2.1,0.333,0.328,0.1,0.3,0.5,1.0,2.9,3.9,0.6,0.1,0.4,0.3,1.9,2.9,,2020,0
444.0,Tyrone Wallace,25.0,ATL,SG,14.0,0.0,11.4,1.0,3.1,0.318,0.1,1.1,0.067,0.9,2.1,0.448,0.33,0.8,1.2,0.647,0.2,1.4,1.6,0.9,0.5,0.1,0.7,1.4,2.9,,2020,0
445.0,Justin Anderson,26.0,BRK,SG,10.0,1.0,10.7,1.0,3.8,0.263,0.6,2.9,0.207,0.4,0.9,0.444,0.342,0.2,0.4,0.5,0.1,2.0,2.1,0.8,0.0,0.6,0.4,1.3,2.8,,2020,0
446.0,Thanasis Antetokounmpo,27.0,MIL,SF,20.0,2.0,6.5,1.2,2.4,0.5,0.0,0.5,0.0,1.2,1.9,0.632,0.5,0.4,0.9,0.412,0.6,0.6,1.2,0.8,0.4,0.1,0.6,0.9,2.8,,2020,0
447.0,John Konchar,23.0,MEM,SG,19.0,0.0,9.5,1.3,1.9,0.649,0.3,0.5,0.5,1.0,1.4,0.704,0.716,0.1,0.1,0.5,0.9,1.5,2.5,1.2,0.4,0.2,0.4,0.4,2.8,,2020,0
448.0,Naz Mitrou-Long,26.0,IND,SG,5.0,0.0,9.4,1.2,3.4,0.353,0.4,2.4,0.167,0.8,1.0,0.8,0.412,0.0,0.0,,0.0,1.4,1.4,1.6,0.2,0.2,0.6,0.4,2.8,,2020,0
449.0,Joakim Noah,34.0,LAC,C,5.0,0.0,10.0,0.8,1.6,0.5,0.0,0.0,,0.8,1.6,0.5,0.5,1.2,1.6,0.75,1.0,2.2,3.2,1.4,0.2,0.2,1.2,1.8,2.8,,2020,0
450.0,Chandler Parsons,31.0,ATL,PF,5.0,0.0,10.8,1.0,3.6,0.278,0.8,2.8,0.286,0.2,0.8,0.25,0.389,0.0,0.0,,0.2,1.2,1.4,0.6,0.8,0.2,0.6,0.6,2.8,,2020,0
451.0,Marial Shayok,24.0,PHI,SG,4.0,0.0,7.0,0.8,3.0,0.25,0.5,1.5,0.333,0.3,1.5,0.167,0.333,0.8,1.0,0.75,0.3,1.5,1.8,0.3,0.0,0.3,0.8,1.0,2.8,,2020,0
452.0,J.R. Smith,34.0,LAL,SG,6.0,0.0,13.2,1.2,3.7,0.318,0.2,1.8,0.091,1.0,1.8,0.545,0.341,0.3,0.3,1.0,0.0,0.8,0.8,0.5,0.2,0.0,0.7,0.8,2.8,,2020,0
453.0,Jarrod Uthoff,26.0,2TM,PF,7.0,0.0,7.6,1.0,2.6,0.389,0.4,1.3,0.333,0.6,1.3,0.444,0.472,0.3,0.3,1.0,0.3,0.6,0.9,0.0,0.1,0.0,0.0,0.3,2.7,,2020,0
453.0,Jarrod Uthoff,26.0,MEM,PF,4.0,0.0,3.5,0.3,1.8,0.143,0.0,1.0,0.0,0.3,0.8,0.333,0.143,0.5,0.5,1.0,0.3,0.0,0.3,0.0,0.3,0.0,0.0,0.3,1.0,,2020,0
453.0,Jarrod Uthoff,26.0,WAS,PF,3.0,0.0,13.0,2.0,3.7,0.545,1.0,1.7,0.6,1.0,2.0,0.5,0.682,0.0,0.0,,0.3,1.3,1.7,0.0,0.0,0.0,0.0,0.3,5.0,,2020,0
454.0,Jarrell Brantley,23.0,UTA,PF,9.0,0.0,10.7,1.1,3.1,0.357,0.3,1.4,0.231,0.8,1.7,0.467,0.411,0.1,0.2,0.5,0.2,2.0,2.2,1.2,0.3,0.6,0.8,0.8,2.7,,2020,0
455.0,Deonte Burton,26.0,OKC,SF,39.0,0.0,9.1,1.1,3.2,0.344,0.3,1.4,0.189,0.8,1.8,0.458,0.384,0.2,0.4,0.571,0.2,1.3,1.5,0.4,0.2,0.3,0.5,0.9,2.7,,2020,0
456.0,Ryan Anderson,31.0,HOU,C,2.0,0.0,7.0,1.0,3.5,0.286,0.5,2.5,0.2,0.5,1.0,0.5,0.357,0.0,0.0,,0.0,3.5,3.5,1.0,0.5,0.0,0.5,0.5,2.5,,2020,0
457.0,Justin James,23.0,SAC,SF,36.0,0.0,6.4,1.0,2.3,0.417,0.3,0.8,0.31,0.7,1.5,0.473,0.47,0.3,0.6,0.476,0.2,0.7,0.9,0.5,0.2,0.3,0.2,0.5,2.5,,2020,0
458.0,Romeo Langford,20.0,BOS,SG,32.0,2.0,11.6,0.9,2.5,0.35,0.2,0.8,0.185,0.7,1.7,0.434,0.381,0.6,0.8,0.72,0.5,0.8,1.3,0.4,0.3,0.3,0.3,1.0,2.5,,2020,0
459.0,Max Strus,23.0,CHI,SF,2.0,0.0,3.0,1.0,1.5,0.667,0.0,0.5,0.0,1.0,1.0,1.0,0.667,0.5,0.5,1.0,0.5,0.0,0.5,0.0,0.0,0.0,0.0,0.5,2.5,,2020,0
460.0,Michael Kidd-Gilchrist,26.0,2TM,PF,25.0,0.0,11.2,0.9,2.6,0.333,0.2,0.8,0.25,0.7,1.8,0.37,0.371,0.4,0.6,0.786,0.6,2.1,2.7,0.6,0.1,0.2,0.6,1.5,2.4,,2020,0
460.0,Michael Kidd-Gilchrist,26.0,CHO,PF,12.0,0.0,13.3,1.5,4.4,0.34,0.4,1.4,0.294,1.1,3.0,0.361,0.387,0.6,0.8,0.778,0.8,2.2,2.9,0.8,0.0,0.3,0.6,1.5,4.0,,2020,0
460.0,Michael Kidd-Gilchrist,26.0,DAL,PF,13.0,0.0,9.3,0.3,1.0,0.308,0.0,0.2,0.0,0.3,0.8,0.4,0.308,0.3,0.4,0.8,0.4,2.1,2.5,0.3,0.2,0.2,0.7,1.5,0.9,,2020,0
461.0,Caleb Swanigan,22.0,2TM,PF,27.0,1.0,10.7,1.0,1.7,0.596,0.0,0.1,0.0,1.0,1.7,0.622,0.596,0.3,0.6,0.529,1.0,2.7,3.7,1.1,0.1,0.3,1.4,2.3,2.4,,2020,0
461.0,Caleb Swanigan,22.0,SAC,C,7.0,0.0,3.3,0.3,0.6,0.5,0.0,0.0,,0.3,0.6,0.5,0.5,0.1,0.3,0.5,0.3,0.7,1.0,0.3,0.1,0.3,0.9,1.1,0.7,,2020,0
461.0,Caleb Swanigan,22.0,POR,PF,20.0,1.0,13.3,1.3,2.2,0.605,0.0,0.1,0.0,1.3,2.1,0.634,0.605,0.4,0.8,0.533,1.3,3.4,4.7,1.5,0.1,0.3,1.6,2.7,3.0,,2020,0
462.0,Stanley Johnson,23.0,TOR,PF,25.0,0.0,6.0,0.9,2.4,0.373,0.3,1.0,0.292,0.6,1.4,0.429,0.432,0.4,0.6,0.563,0.3,1.2,1.5,0.8,0.2,0.2,0.6,0.6,2.4,,2020,0
463.0,Terance Mann,23.0,LAC,SF,41.0,6.0,8.8,0.9,1.9,0.468,0.2,0.5,0.35,0.7,1.4,0.508,0.513,0.4,0.7,0.667,0.2,1.1,1.3,1.3,0.3,0.1,0.4,1.1,2.4,,2020,0
464.0,Norvel Pelle,26.0,PHI,C,24.0,0.0,9.7,1.0,2.0,0.521,0.0,0.0,0.0,1.0,2.0,0.532,0.521,0.3,0.6,0.5,0.8,2.2,3.0,0.3,0.1,1.3,0.8,2.3,2.4,,2020,0
465.0,Gabe Vincent,23.0,MIA,PG,9.0,0.0,9.2,0.9,4.1,0.216,0.7,3.0,0.222,0.2,1.1,0.2,0.297,0.0,0.0,,0.0,0.6,0.6,0.7,0.6,0.0,0.1,0.7,2.4,,2020,0
466.0,Dewan Hernandez,23.0,TOR,C,6.0,0.0,4.7,0.8,2.3,0.357,0.2,0.3,0.5,0.7,2.0,0.333,0.393,0.5,0.8,0.6,0.8,1.5,2.3,0.5,0.2,0.0,0.5,1.0,2.3,,2020,0
467.0,Shamorie Ponds,21.0,TOR,PG,4.0,0.0,2.8,0.8,1.3,0.6,0.3,0.5,0.5,0.5,0.8,0.667,0.7,0.5,0.5,1.0,0.0,0.3,0.3,0.5,0.0,0.3,0.0,0.5,2.3,,2020,0
468.0,Johnathan Motley,24.0,LAC,PF,13.0,0.0,3.2,0.8,1.2,0.733,0.1,0.1,1.0,0.8,1.1,0.714,0.767,0.4,0.5,0.714,0.2,0.5,0.8,0.6,0.2,0.0,0.4,0.5,2.2,,2020,0
469.0,Thabo Sefolosha,35.0,HOU,PF,41.0,0.0,10.6,0.9,2.2,0.407,0.4,1.3,0.278,0.5,0.9,0.595,0.489,0.1,0.2,0.375,0.5,1.8,2.3,0.6,0.6,0.3,0.4,1.0,2.2,,2020,0
470.0,Wenyen Gabriel,22.0,2TM,PF,30.0,1.0,7.8,0.7,1.6,0.438,0.2,0.7,0.3,0.5,0.9,0.536,0.5,0.5,0.7,0.682,0.7,1.0,1.7,0.3,0.4,0.2,0.5,1.3,2.1,,2020,0
470.0,Wenyen Gabriel,22.0,SAC,PF,11.0,0.0,5.5,0.5,1.5,0.353,0.1,0.7,0.125,0.5,0.8,0.556,0.382,0.5,0.9,0.6,0.4,0.5,0.9,0.3,0.3,0.2,0.5,0.6,1.7,,2020,0
470.0,Wenyen Gabriel,22.0,POR,PF,19.0,1.0,9.2,0.8,1.6,0.484,0.3,0.6,0.417,0.5,1.0,0.526,0.565,0.5,0.6,0.75,0.9,1.3,2.2,0.3,0.4,0.3,0.6,1.7,2.3,,2020,0
471.0,Melvin Frazier,23.0,ORL,SG,19.0,0.0,6.6,0.8,1.8,0.441,0.4,0.8,0.5,0.4,0.9,0.389,0.559,0.1,0.2,0.5,0.1,0.4,0.5,0.2,0.5,0.1,0.3,0.6,2.1,,2020,0
472.0,Michael Frazier,25.0,HOU,SG,13.0,0.0,11.2,0.5,2.2,0.241,0.3,1.8,0.174,0.2,0.5,0.5,0.31,0.7,1.1,0.643,0.1,0.7,0.8,0.2,0.2,0.0,0.4,1.7,2.1,,2020,0
473.0,Khyri Thomas,23.0,DET,SG,8.0,0.0,7.6,0.6,2.1,0.294,0.6,1.8,0.357,0.0,0.4,0.0,0.441,0.3,0.5,0.5,0.1,0.0,0.1,0.4,0.4,0.0,0.4,1.1,2.1,,2020,0
474.0,Zach Norvell,22.0,2TM,SG,5.0,0.0,8.2,0.6,2.4,0.25,0.6,1.6,0.375,0.0,0.8,0.0,0.375,0.2,0.2,1.0,0.0,1.2,1.2,0.6,0.4,0.0,0.6,0.8,2.0,,2020,0
474.0,Zach Norvell,22.0,LAL,SG,2.0,0.0,2.5,0.0,0.5,0.0,0.0,0.0,,0.0,0.5,0.0,0.0,0.0,0.0,,0.0,0.5,0.5,0.0,0.0,0.0,0.0,0.0,0.0,,2020,0
474.0,Zach Norvell,22.0,GSW,SG,3.0,0.0,12.0,1.0,3.7,0.273,1.0,2.7,0.375,0.0,1.0,0.0,0.409,0.3,0.3,1.0,0.0,1.7,1.7,1.0,0.7,0.0,1.0,1.3,3.3,,2020,0
475.0,Derrick Walton,24.0,2TM,PG,26.0,1.0,9.5,0.7,1.5,0.462,0.4,0.9,0.417,0.3,0.6,0.533,0.59,0.3,0.3,0.778,0.1,0.5,0.6,1.0,0.3,0.0,0.2,0.8,2.0,,2020,0
475.0,Derrick Walton,24.0,LAC,PG,23.0,1.0,9.7,0.7,1.6,0.472,0.4,0.9,0.429,0.3,0.7,0.533,0.597,0.3,0.4,0.778,0.1,0.6,0.7,1.0,0.2,0.0,0.2,0.8,2.2,,2020,0
475.0,Derrick Walton,24.0,DET,PG,3.0,0.0,8.7,0.3,1.0,0.333,0.3,1.0,0.333,0.0,0.0,,0.5,0.0,0.0,,0.0,0.3,0.3,1.7,1.0,0.0,0.3,0.7,1.0,,2020,0
476.0,Charlie Brown Jr.,22.0,ATL,SG,10.0,0.0,4.0,0.6,1.9,0.316,0.3,0.9,0.333,0.3,1.0,0.3,0.395,0.5,0.5,1.0,0.2,0.2,0.4,0.2,0.2,0.2,0.3,0.3,2.0,,2020,0
477.0,Alize Johnson,23.0,IND,PF,17.0,1.0,6.9,0.7,1.7,0.414,0.2,0.5,0.375,0.5,1.2,0.429,0.466,0.4,0.6,0.7,0.9,1.9,2.8,0.4,0.2,0.1,0.4,0.7,2.0,,2020,0
478.0,Louis King,20.0,DET,SF,10.0,0.0,6.2,0.8,2.1,0.381,0.4,1.1,0.364,0.4,1.0,0.4,0.476,0.0,0.3,0.0,0.1,0.9,1.0,0.5,0.2,0.0,0.2,1.0,2.0,,2020,0
479.0,Jalen Lecque,19.0,PHO,SG,5.0,0.0,6.4,0.8,2.0,0.4,0.0,0.8,0.0,0.8,1.2,0.667,0.4,0.4,0.4,1.0,0.0,0.4,0.4,0.4,0.0,0.0,0.4,0.6,2.0,,2020,0
480.0,Malik Newman,22.0,CLE,SG,1.0,0.0,4.0,0.0,2.0,0.0,0.0,1.0,0.0,0.0,1.0,0.0,0.0,2.0,2.0,1.0,0.0,0.0,0.0,0.0,0.0,0.0,1.0,0.0,2.0,,2020,0
481.0,Josh Reaves,22.0,DAL,SF,4.0,0.0,7.0,0.8,2.3,0.333,0.0,0.5,0.0,0.8,1.8,0.429,0.333,0.5,0.5,1.0,0.3,0.5,0.8,0.8,0.0,0.0,0.0,1.3,2.0,,2020,0
482.0,Yuta Watanabe,25.0,MEM,SF,18.0,0.0,5.8,0.8,1.9,0.441,0.2,0.4,0.375,0.7,1.4,0.462,0.485,0.2,0.4,0.375,0.4,0.7,1.1,0.3,0.3,0.1,0.1,0.5,2.0,,2020,0
483.0,Ignas Brazdeikis,21.0,NYK,SF,9.0,0.0,5.9,0.7,2.4,0.273,0.1,1.0,0.111,0.6,1.4,0.385,0.295,0.4,0.6,0.8,0.2,0.3,0.6,0.4,0.0,0.1,0.2,0.3,1.9,,2020,0
484.0,Oshae Brissett,21.0,TOR,SF,19.0,0.0,7.1,0.7,1.9,0.361,0.2,0.8,0.2,0.5,1.1,0.476,0.403,0.4,0.5,0.8,0.5,0.9,1.4,0.4,0.2,0.1,0.4,0.9,1.9,,2020,0
485.0,Vic Law,24.0,ORL,PF,8.0,0.0,7.8,0.8,2.3,0.333,0.1,0.9,0.143,0.6,1.4,0.455,0.361,0.3,0.8,0.333,0.3,1.1,1.4,0.4,0.3,0.0,0.3,0.8,1.9,,2020,0
486.0,Vincent Poirier,26.0,BOS,C,22.0,0.0,5.9,0.8,1.6,0.472,0.0,0.1,0.5,0.7,1.5,0.471,0.486,0.3,0.3,0.857,0.6,1.4,2.0,0.4,0.1,0.4,0.4,1.1,1.9,,2020,0
487.0,Tyler Cook,22.0,2TM,PF,13.0,0.0,4.2,0.6,0.9,0.667,0.0,0.0,,0.6,0.9,0.667,0.667,0.5,0.6,0.875,0.5,0.6,1.1,0.1,0.2,0.0,0.2,0.4,1.8,,2020,0
487.0,Tyler Cook,22.0,CLE,PF,11.0,0.0,3.2,0.6,0.9,0.7,0.0,0.0,,0.6,0.9,0.7,0.7,0.5,0.5,0.833,0.4,0.5,0.9,0.1,0.1,0.0,0.1,0.4,1.7,,2020,0
487.0,Tyler Cook,22.0,DEN,SF,2.0,0.0,9.5,0.5,1.0,0.5,0.0,0.0,,0.5,1.0,0.5,0.5,1.0,1.0,1.0,1.0,1.0,2.0,0.0,1.0,0.0,1.0,0.5,2.0,,2020,0
488.0,Ed Davis,30.0,UTA,C,28.0,1.0,10.8,0.8,1.6,0.478,0.0,0.0,,0.8,1.6,0.478,0.478,0.3,0.5,0.5,1.3,2.5,3.8,0.4,0.4,0.3,0.5,2.2,1.8,,2020,0
489.0,Devon Hall,24.0,OKC,PG,11.0,0.0,7.4,0.5,2.7,0.2,0.4,1.5,0.235,0.2,1.2,0.154,0.267,0.4,0.7,0.5,0.2,0.5,0.6,1.2,0.4,0.1,0.5,0.5,1.8,,2020,0
490.0,Justin Patton,22.0,OKC,C,5.0,0.0,4.8,0.8,2.0,0.4,0.2,0.8,0.25,0.6,1.2,0.5,0.45,0.0,0.0,,0.2,0.8,1.0,0.4,0.0,0.0,0.4,0.8,1.8,,2020,0
491.0,Kevin Hervey,23.0,OKC,PF,10.0,0.0,5.2,0.7,2.7,0.259,0.3,2.0,0.15,0.4,0.7,0.571,0.315,0.0,0.0,,0.1,1.1,1.2,0.5,0.1,0.1,0.0,0.4,1.7,,2020,0
492.0,Luc Mbah a Moute,33.0,HOU,PF,3.0,0.0,8.3,0.7,1.7,0.4,0.0,0.7,0.0,0.7,1.0,0.667,0.4,0.3,0.7,0.5,0.3,0.3,0.7,0.0,0.7,0.0,0.3,0.0,1.7,,2020,0
493.0,Juwan Morgan,22.0,UTA,PF,21.0,0.0,6.4,0.7,1.2,0.577,0.1,0.4,0.375,0.6,0.9,0.667,0.635,0.1,0.2,0.75,0.5,0.9,1.4,0.3,0.0,0.1,0.3,0.9,1.7,,2020,0
494.0,Chasson Randle,26.0,GSW,PG,3.0,0.0,13.3,0.0,1.3,0.0,0.0,0.7,0.0,0.0,0.7,0.0,0.0,1.7,2.0,0.833,0.0,0.7,0.7,1.7,0.7,0.0,0.0,1.0,1.7,,2020,0
495.0,Dean Wade,23.0,CLE,PF,12.0,0.0,5.9,0.8,1.1,0.692,0.2,0.3,0.5,0.6,0.8,0.778,0.769,0.0,0.1,0.0,0.3,1.3,1.6,0.2,0.2,0.3,0.3,0.7,1.7,,2020,0
496.0,Jared Dudley,34.0,LAL,PF,45.0,1.0,8.1,0.5,1.3,0.4,0.4,0.9,0.429,0.1,0.4,0.333,0.55,0.0,0.0,1.0,0.1,1.0,1.2,0.6,0.3,0.1,0.2,0.9,1.5,,2020,0
497.0,Josh Magette,30.0,ORL,PG,8.0,0.0,4.8,0.6,1.9,0.333,0.1,0.5,0.25,0.5,1.4,0.364,0.367,0.1,0.3,0.5,0.1,0.6,0.8,0.6,0.4,0.1,0.6,0.5,1.5,,2020,0
498.0,Jonah Bolden,24.0,2TM,C,7.0,0.0,6.7,0.6,1.6,0.364,0.0,0.6,0.0,0.6,1.0,0.571,0.364,0.3,0.6,0.5,0.4,0.9,1.3,0.0,0.4,0.3,0.3,1.4,1.4,,2020,0
498.0,Jonah Bolden,24.0,PHI,C,4.0,0.0,3.5,0.5,0.8,0.667,0.0,0.3,0.0,0.5,0.5,1.0,0.667,0.0,0.5,0.0,0.0,0.3,0.3,0.0,0.3,0.0,0.5,1.0,1.0,,2020,0
498.0,Jonah Bolden,24.0,PHO,C,3.0,0.0,11.0,0.7,2.7,0.25,0.0,1.0,0.0,0.7,1.7,0.4,0.25,0.7,0.7,1.0,1.0,1.7,2.7,0.0,0.7,0.7,0.0,2.0,2.0,,2020,0
499.0,Kostas Antetokounmpo,22.0,LAL,PF,5.0,0.0,4.0,0.6,0.6,1.0,0.0,0.0,,0.6,0.6,1.0,1.0,0.2,0.4,0.5,0.4,0.2,0.6,0.4,0.0,0.0,0.2,0.4,1.4,,2020,0
500.0,KZ Okpala,20.0,MIA,PF,5.0,0.0,5.2,0.6,1.0,0.6,0.0,0.2,0.0,0.6,0.8,0.75,0.6,0.2,0.4,0.5,0.2,0.8,1.0,0.2,0.4,0.2,0.2,0.4,1.4,,2020,0
501.0,Justin Robinson,22.0,WAS,PG,9.0,0.0,5.4,0.6,1.3,0.417,0.3,0.6,0.6,0.2,0.8,0.286,0.542,0.0,0.0,,0.1,0.4,0.6,0.8,0.0,0.1,0.3,0.2,1.4,,2020,0
502.0,Nigel Williams-Goss,25.0,UTA,PG,10.0,0.0,5.0,0.5,1.6,0.313,0.2,0.7,0.286,0.3,0.9,0.333,0.375,0.2,0.2,1.0,0.2,0.4,0.6,0.6,0.3,0.1,0.3,0.6,1.4,,2020,0
503.0,Tyson Chandler,37.0,HOU,C,26.0,5.0,8.4,0.5,0.7,0.778,0.0,0.0,,0.5,0.7,0.778,0.778,0.2,0.5,0.462,1.0,1.6,2.5,0.2,0.2,0.3,0.3,1.2,1.3,,2020,0
504.0,Kyle Guy,22.0,SAC,SG,3.0,0.0,3.3,0.7,1.7,0.4,0.0,1.0,0.0,0.7,0.7,1.0,0.4,0.0,0.0,,0.0,0.3,0.3,0.3,0.0,0.0,0.0,0.3,1.3,,2020,0
505.0,Malcolm Miller,26.0,TOR,SF,28.0,1.0,5.8,0.4,1.0,0.414,0.3,0.8,0.364,0.1,0.3,0.571,0.552,0.1,0.3,0.375,0.1,0.5,0.6,0.4,0.2,0.1,0.1,0.6,1.3,,2020,0
506.0,Tariq Owens,24.0,PHO,PF,3.0,0.0,5.0,0.3,1.7,0.2,0.0,0.7,0.0,0.3,1.0,0.333,0.2,0.7,0.7,1.0,0.7,0.3,1.0,0.0,0.3,0.0,0.0,0.3,1.3,,2020,0
507.0,Jordan Bone,22.0,DET,PG,10.0,0.0,5.3,0.5,2.0,0.25,0.2,1.0,0.2,0.3,1.0,0.3,0.3,0.0,0.0,,0.0,0.4,0.4,0.8,0.1,0.0,0.2,0.6,1.2,,2020,0
508.0,Moses Brown,20.0,POR,C,9.0,0.0,3.7,0.4,1.1,0.4,0.0,0.0,,0.4,1.1,0.4,0.4,0.3,0.9,0.375,0.3,1.2,1.6,0.1,0.1,0.1,0.3,0.8,1.2,,2020,0
509.0,Vlatko Čančar,22.0,DEN,PF,14.0,0.0,3.2,0.4,1.1,0.4,0.1,0.4,0.167,0.4,0.6,0.556,0.433,0.3,0.3,1.0,0.4,0.4,0.7,0.2,0.1,0.1,0.2,0.5,1.2,,2020,0
510.0,Zhaire Smith,20.0,PHI,SF,7.0,0.0,4.6,0.4,1.6,0.273,0.0,0.4,0.0,0.4,1.1,0.375,0.273,0.3,0.6,0.5,0.0,0.3,0.3,0.3,0.4,0.0,0.3,0.6,1.1,,2020,0
511.0,Jarred Vanderbilt,20.0,2TM,PF,11.0,0.0,4.2,0.5,0.7,0.625,0.0,0.1,0.0,0.5,0.6,0.714,0.625,0.2,0.2,1.0,0.3,0.5,0.8,0.2,0.3,0.1,0.6,0.5,1.1,,2020,0
511.0,Jarred Vanderbilt,20.0,DEN,PF,9.0,0.0,4.6,0.6,0.8,0.714,0.0,0.0,,0.6,0.8,0.714,0.714,0.0,0.0,,0.3,0.6,0.9,0.2,0.3,0.1,0.8,0.7,1.1,,2020,0
511.0,Jarred Vanderbilt,20.0,MIN,PF,2.0,0.0,2.5,0.0,0.5,0.0,0.0,0.5,0.0,0.0,0.0,,0.0,1.0,1.0,1.0,0.0,0.5,0.5,0.0,0.0,0.0,0.0,0.0,1.0,,2020,0
512.0,Quinndary Weatherspoon,23.0,SAS,SG,11.0,0.0,7.1,0.5,1.5,0.294,0.1,0.5,0.2,0.4,1.1,0.333,0.324,0.1,0.2,0.5,0.1,0.5,0.6,1.0,0.3,0.1,0.5,0.7,1.1,,2020,0
513.0,Kyle Alexander,23.0,MIA,C,2.0,0.0,6.5,0.5,1.0,0.5,0.0,0.0,,0.5,1.0,0.5,0.5,0.0,0.0,,1.0,0.5,1.5,0.0,0.0,0.0,0.5,0.5,1.0,,2020,0
514.0,Brian Bowen,21.0,IND,SF,6.0,1.0,5.2,0.5,1.7,0.3,0.0,0.3,0.0,0.5,1.3,0.375,0.3,0.0,0.0,,0.2,1.0,1.2,0.0,0.0,0.2,0.2,0.5,1.0,,2020,0
515.0,Corey Brewer,33.0,SAC,PF,5.0,0.0,6.6,0.4,0.8,0.5,0.0,0.2,0.0,0.4,0.6,0.667,0.5,0.2,0.6,0.333,0.4,1.2,1.6,0.4,0.8,0.0,0.4,1.4,1.0,,2020,0
516.0,Antonius Cleveland,25.0,DAL,SG,11.0,0.0,4.2,0.4,1.3,0.286,0.0,0.3,0.0,0.4,1.0,0.364,0.286,0.3,0.5,0.6,0.2,0.5,0.6,0.1,0.1,0.3,0.2,0.7,1.0,,2020,0
517.0,Josh Gray,26.0,NOP,PG,2.0,0.0,11.5,0.5,1.0,0.5,0.0,0.0,,0.5,1.0,0.5,0.5,0.0,0.0,,0.5,0.5,1.0,1.0,0.0,0.0,2.5,0.5,1.0,,2020,0
518.0,Tyler Zeller,30.0,SAS,C,2.0,0.0,2.0,0.5,2.0,0.25,0.0,0.0,,0.5,2.0,0.25,0.25,0.0,0.0,,1.5,0.5,2.0,0.0,0.0,0.0,0.0,0.0,1.0,,2020,0
519.0,Amile Jefferson,26.0,ORL,PF,18.0,0.0,4.1,0.3,0.8,0.357,0.0,0.0,,0.3,0.8,0.357,0.357,0.3,0.8,0.357,0.6,0.7,1.3,0.2,0.1,0.2,0.2,0.4,0.8,,2020,0
520.0,Daryl Macon,24.0,MIA,PG,4.0,0.0,3.5,0.3,0.8,0.333,0.3,0.5,0.5,0.0,0.3,0.0,0.5,0.0,0.0,,0.0,0.0,0.0,0.3,0.0,0.0,0.5,0.3,0.8,,2020,0
521.0,Jared Harper,22.0,PHO,PG,3.0,0.0,2.7,0.3,1.3,0.25,0.0,0.7,0.0,0.3,0.7,0.5,0.25,0.0,0.0,,0.0,0.0,0.0,0.0,0.0,0.0,0.0,0.0,0.7,,2020,0
522.0,Joe Chealey,24.0,CHO,PG,4.0,0.0,8.3,0.0,1.8,0.0,0.0,1.0,0.0,0.0,0.8,0.0,0.0,0.5,0.5,1.0,0.0,0.0,0.0,0.3,1.0,0.0,0.5,0.5,0.5,,2020,0
523.0,Matt Mooney,23.0,CLE,SG,4.0,0.0,4.8,0.3,1.0,0.25,0.0,0.5,0.0,0.3,0.5,0.5,0.25,0.0,0.0,,0.0,0.8,0.8,0.3,0.5,0.3,0.0,0.3,0.5,,2020,0
524.0,Henry Ellenson,23.0,BRK,C,5.0,0.0,3.0,0.2,1.4,0.143,0.0,0.8,0.0,0.2,0.6,0.333,0.143,0.0,0.0,,0.4,0.8,1.2,0.2,0.0,0.0,0.0,0.2,0.4,,2020,0
525.0,Marques Bolden,21.0,CLE,C,1.0,0.0,3.0,0.0,0.0,,0.0,0.0,,0.0,0.0,,,0.0,0.0,,0.0,2.0,2.0,0.0,1.0,0.0,0.0,1.0,0.0,,2020,0
526.0,William Howard,26.0,HOU,PF,2.0,0.0,6.5,0.0,2.0,0.0,0.0,2.0,0.0,0.0,0.0,,0.0,0.0,0.0,,0.0,1.0,1.0,0.5,0.0,0.0,0.5,0.5,0.0,,2020,0
527.0,Stanton Kidd,27.0,UTA,SG,4.0,0.0,3.8,0.0,0.8,0.0,0.0,0.3,0.0,0.0,0.5,0.0,0.0,0.0,0.0,,0.0,0.8,0.8,0.3,0.0,0.0,0.5,0.8,0.0,,2020,0
528.0,J.P. Macura,24.0,CLE,SG,1.0,0.0,1.0,0.0,0.0,,0.0,0.0,,0.0,0.0,,,0.0,0.0,,0.0,0.0,0.0,0.0,0.0,0.0,0.0,0.0,0.0,,2020,0
529.0,Isaiah Roby,21.0,OKC,PF,3.0,0.0,3.7,0.0,0.3,0.0,0.0,0.0,,0.0,0.3,0.0,0.0,0.0,0.0,,0.0,0.7,0.7,0.0,0.0,0.0,0.3,0.3,0.0,,2020,0
26.0,Nikola Vučević,30.0,CHI,C,26.0,26.0,32.6,8.8,18.8,0.471,2.3,5.8,0.388,6.6,12.9,0.509,0.532,1.5,1.8,0.87,2.3,9.3,11.5,3.9,0.9,0.8,1.7,2.2,21.5,,2021,1
28.0,CJ McCollum,29.0,POR,SG,47.0,47.0,34.0,8.6,18.8,0.458,3.6,8.9,0.402,5.0,9.9,0.509,0.554,2.3,2.8,0.812,0.6,3.3,3.9,4.7,0.9,0.4,1.4,1.9,23.1,,2021,1
29.0,Jerami Grant,26.0,DET,SF,54.0,54.0,33.9,7.4,17.3,0.429,2.1,6.1,0.35,5.3,11.2,0.473,0.491,5.4,6.4,0.845,0.6,4.0,4.6,2.8,0.6,1.1,2.0,2.3,22.3,,2021,1
30.0,Russell Westbrook,32.0,WAS,PG,65.0,65.0,36.4,8.4,19.0,0.439,1.3,4.2,0.315,7.0,14.8,0.475,0.474,4.2,6.4,0.656,1.7,9.9,11.5,11.7,1.4,0.4,4.8,2.9,22.2,MVP-11,2021,1
31.0,Anthony Davis,27.0,LAL,PF,36.0,36.0,32.3,8.4,17.0,0.491,0.7,2.8,0.26,7.6,14.3,0.536,0.512,4.4,5.9,0.738,1.7,6.2,7.9,3.1,1.3,1.6,2.1,1.7,21.8,AS,2021,1
32.0,DeMar DeRozan,31.0,SAS,PF,61.0,61.0,33.7,7.5,15.1,0.495,0.3,1.2,0.257,7.1,13.9,0.515,0.505,6.3,7.2,0.88,0.7,3.6,4.2,6.9,0.9,0.2,2.0,2.1,21.6,,2021,1
33.0,Jimmy Butler,31.0,MIA,SF,52.0,52.0,33.6,7.0,14.2,0.497,0.5,2.0,0.245,6.6,12.2,0.538,0.514,6.9,8.0,0.863,1.8,5.1,6.9,7.1,2.1,0.3,2.1,1.4,21.5,"DPOY-10,NBA3,DEF2",2021,1
34.0,Pascal Siakam,26.0,TOR,PF,56.0,56.0,35.8,7.8,17.2,0.455,1.3,4.4,0.297,6.5,12.8,0.509,0.493,4.4,5.4,0.827,1.7,5.5,7.2,4.5,1.1,0.7,2.3,3.1,21.4,,2021,1
35.0,Malcolm Brogdon,28.0,IND,PG,56.0,56.0,34.5,7.9,17.5,0.453,2.6,6.7,0.388,5.3,10.8,0.493,0.527,2.7,3.2,0.864,1.0,4.2,5.3,5.9,0.9,0.3,2.1,2.0,21.2,,2021,1
36.0,Jamal Murray,23.0,DEN,PG,48.0,48.0,35.5,7.9,16.5,0.477,2.7,6.6,0.408,5.2,9.9,0.523,0.559,2.8,3.2,0.869,0.8,3.3,4.0,4.8,1.3,0.3,2.3,2.0,21.2,,2021,1
37.0,Christian Wood,25.0,HOU,C,41.0,41.0,32.3,8.0,15.6,0.514,1.9,5.0,0.374,6.1,10.6,0.581,0.574,3.0,4.8,0.631,1.9,7.8,9.6,1.7,0.8,1.2,2.0,2.1,21.0,,2021,1
38.0,John Wall,30.0,HOU,PG,40.0,40.0,32.2,7.3,18.2,0.404,2.0,6.2,0.317,5.4,11.9,0.449,0.458,4.0,5.3,0.749,0.4,2.8,3.2,6.9,1.1,0.8,3.5,1.2,20.6,,2021,1
39.0,Khris Middleton,29.0,MIL,SF,68.0,68.0,33.4,7.5,15.8,0.476,2.2,5.4,0.414,5.3,10.4,0.508,0.546,3.1,3.5,0.898,0.8,5.2,6.0,5.4,1.1,0.1,2.6,2.4,20.4,,2021,1
40.0,Terry Rozier,26.0,CHO,SG,69.0,69.0,34.5,7.4,16.4,0.45,3.2,8.3,0.389,4.2,8.2,0.512,0.548,2.4,2.9,0.817,0.7,3.7,4.4,4.2,1.3,0.4,1.9,1.7,20.4,,2021,1
41.0,Domantas Sabonis,24.0,IND,PF,62.0,62.0,36.0,7.8,14.6,0.535,0.8,2.6,0.321,7.0,12.0,0.582,0.564,3.9,5.3,0.732,2.4,9.5,12.0,6.7,1.2,0.5,3.4,3.3,20.3,AS,2021,1
42.0,Caris LeVert,26.0,2TM,SG,47.0,39.0,31.6,7.6,17.3,0.441,1.8,5.5,0.326,5.9,11.8,0.495,0.493,3.1,3.8,0.811,0.7,3.9,4.6,5.2,1.4,0.6,2.2,2.2,20.2,,2021,1
42.0,Caris LeVert,26.0,BRK,SG,12.0,4.0,27.8,7.3,16.7,0.435,1.8,5.3,0.349,5.4,11.4,0.474,0.49,2.2,2.8,0.765,0.8,3.5,4.3,6.0,1.1,0.5,2.2,1.7,18.5,,2021,0
42.0,Caris LeVert,26.0,IND,SG,35.0,35.0,32.9,7.8,17.5,0.443,1.8,5.6,0.318,6.0,12.0,0.501,0.493,3.4,4.2,0.822,0.7,4.0,4.6,4.9,1.5,0.7,2.2,2.4,20.7,,2021,1
43.0,Kristaps Porziņģis,25.0,DAL,C,43.0,43.0,30.9,7.6,15.9,0.476,2.3,6.0,0.376,5.3,9.9,0.536,0.547,2.7,3.2,0.855,1.9,7.0,8.9,1.6,0.5,1.3,1.2,2.7,20.1,,2021,1
44.0,Victor Oladipo,28.0,3TM,SG,33.0,33.0,32.7,7.1,17.5,0.408,2.4,7.2,0.326,4.8,10.2,0.466,0.476,3.2,4.2,0.754,0.4,4.5,4.8,4.6,1.4,0.4,2.5,2.5,19.8,,2021,0
44.0,Victor Oladipo,28.0,IND,SG,9.0,9.0,33.3,7.1,16.9,0.421,2.8,7.7,0.362,4.3,9.2,0.47,0.503,3.0,4.1,0.73,0.1,5.6,5.7,4.2,1.7,0.2,2.0,2.6,20.0,,2021,1
44.0,Victor Oladipo,28.0,HOU,SG,20.0,20.0,33.5,7.8,19.1,0.407,2.5,7.7,0.32,5.3,11.4,0.465,0.471,3.3,4.2,0.783,0.4,4.4,4.8,5.0,1.2,0.5,2.6,2.3,21.2,,2021,1
44.0,Victor Oladipo,28.0,MIA,SG,4.0,4.0,27.8,4.0,10.8,0.372,1.0,4.3,0.235,3.0,6.5,0.462,0.419,3.0,4.5,0.667,0.8,2.8,3.5,3.5,1.8,0.5,3.5,3.3,12.0,,2021,0
45.0,Malik Beasley,24.0,MIN,SG,37.0,36.0,32.8,7.1,16.2,0.44,3.5,8.7,0.399,3.7,7.5,0.487,0.547,1.8,2.2,0.85,0.8,3.6,4.4,2.4,0.8,0.2,1.6,1.7,19.6,,2021,0
46.0,Gordon Hayward,30.0,CHO,SF,44.0,44.0,34.0,7.1,15.0,0.473,1.9,4.7,0.415,5.1,10.3,0.499,0.537,3.5,4.2,0.843,0.8,5.0,5.9,4.1,1.2,0.3,2.1,1.7,19.6,,2021,0
47.0,Fred VanVleet,26.0,TOR,SG,52.0,52.0,36.5,6.5,16.7,0.389,3.3,9.2,0.366,3.2,7.6,0.416,0.489,3.3,3.7,0.885,0.6,3.6,4.2,6.3,1.7,0.7,1.8,2.3,19.6,,2021,0
48.0,Tobias Harris,28.0,PHI,PF,62.0,62.0,32.5,7.6,14.9,0.512,1.3,3.4,0.394,6.3,11.5,0.546,0.556,2.9,3.3,0.892,1.0,5.8,6.8,3.5,0.9,0.8,1.7,1.9,19.5,,2021,0
49.0,Anthony Edwards,19.0,MIN,SG,72.0,55.0,32.1,7.0,16.8,0.417,2.4,7.2,0.329,4.6,9.6,0.483,0.488,2.9,3.8,0.776,0.8,3.8,4.7,2.9,1.1,0.5,2.2,1.8,19.3,ROY-2,2021,0
50.0,Kemba Walker,30.0,BOS,PG,43.0,43.0,31.8,6.6,15.7,0.42,3.0,8.2,0.36,3.7,7.5,0.486,0.514,3.1,3.5,0.899,0.4,3.6,4.0,4.9,1.1,0.3,2.0,1.4,19.3,,2021,0
51.0,Ja Morant,21.0,MEM,PG,63.0,63.0,32.6,6.8,15.2,0.449,1.2,3.8,0.303,5.7,11.4,0.499,0.487,4.3,5.9,0.728,0.9,3.1,4.0,7.4,0.9,0.2,3.2,1.4,19.1,,2021,0
52.0,Michael Porter Jr.,22.0,DEN,SF,61.0,54.0,31.3,7.3,13.4,0.542,2.8,6.3,0.445,4.5,7.1,0.628,0.646,1.7,2.2,0.791,1.5,5.8,7.3,1.1,0.7,0.9,1.3,2.1,19.0,,2021,0
53.0,D'Angelo Russell,24.0,MIN,PG,42.0,26.0,28.5,6.7,15.5,0.431,2.9,7.4,0.387,3.8,8.1,0.471,0.523,2.7,3.5,0.765,0.4,2.3,2.6,5.8,1.1,0.4,2.7,1.6,19.0,,2021,0
54.0,Bam Adebayo,23.0,MIA,C,64.0,64.0,33.5,7.1,12.5,0.57,0.0,0.1,0.25,7.1,12.4,0.573,0.571,4.4,5.5,0.799,2.2,6.7,9.0,5.4,1.2,1.0,2.6,2.3,18.7,"DPOY-4,DEF2",2021,0
55.0,Norman Powell,27.0,2TM,SF,69.0,58.0,32.0,6.3,13.3,0.477,2.5,6.0,0.411,3.9,7.3,0.532,0.57,3.4,3.9,0.871,0.6,2.5,3.1,1.9,1.2,0.3,1.7,2.3,18.6,,2021,0
55.0,Norman Powell,27.0,TOR,SG,42.0,31.0,30.4,6.7,13.5,0.498,2.8,6.4,0.439,3.9,7.1,0.552,0.602,3.4,3.9,0.865,0.5,2.5,3.0,1.8,1.1,0.2,1.8,2.3,19.6,,2021,0
55.0,Norman Powell,27.0,POR,SF,27.0,27.0,34.4,5.8,13.0,0.443,2.0,5.4,0.361,3.8,7.6,0.502,0.518,3.5,4.0,0.88,0.9,2.4,3.3,1.9,1.3,0.4,1.6,2.3,17.0,,2021,0
56.0,Andrew Wiggins,25.0,GSW,PF,71.0,71.0,33.3,7.1,14.9,0.477,2.0,5.2,0.38,5.1,9.7,0.529,0.543,2.4,3.4,0.714,1.2,3.7,4.9,2.4,0.9,1.0,1.8,2.2,18.6,,2021,0
57.0,Jordan Clarkson,28.0,UTA,SG,68.0,1.0,26.7,6.7,15.8,0.425,3.1,8.8,0.347,3.7,7.0,0.523,0.522,1.9,2.1,0.896,0.7,3.3,4.0,2.5,0.9,0.1,1.7,1.6,18.4,6MOY-1,2021,0
58.0,Eric Gordon,32.0,HOU,SG,27.0,13.0,29.2,5.9,13.6,0.433,2.6,7.8,0.329,3.3,5.8,0.573,0.527,3.5,4.2,0.825,0.3,1.9,2.1,2.6,0.5,0.5,1.9,1.6,17.8,,2021,0
59.0,Jrue Holiday,30.0,MIL,PG,59.0,56.0,32.3,7.0,13.9,0.503,1.9,4.8,0.392,5.1,9.2,0.561,0.57,1.8,2.3,0.787,1.2,3.3,4.5,6.1,1.6,0.6,2.2,1.7,17.7,"DPOY-8,DEF1",2021,0
60.0,RJ Barrett,20.0,NYK,SG,72.0,72.0,34.9,6.5,14.7,0.441,1.7,4.3,0.401,4.8,10.4,0.457,0.499,2.9,3.8,0.746,0.9,4.8,5.8,3.0,0.7,0.3,1.9,2.6,17.6,,2021,0
61.0,John Collins,23.0,ATL,PF,63.0,63.0,29.3,6.8,12.2,0.556,1.3,3.3,0.399,5.5,8.9,0.615,0.61,2.7,3.2,0.833,1.9,5.5,7.4,1.2,0.5,1.0,1.3,3.1,17.6,,2021,0
62.0,Darius Garland,21.0,CLE,PG,54.0,50.0,33.1,6.7,14.9,0.451,1.9,4.9,0.395,4.8,9.9,0.479,0.517,2.1,2.4,0.848,0.4,2.0,2.4,6.1,1.2,0.1,3.0,2.0,17.4,,2021,0
63.0,Dillon Brooks,25.0,MEM,SF,67.0,67.0,29.8,6.4,15.4,0.419,1.9,5.6,0.344,4.5,9.8,0.461,0.481,2.4,2.9,0.815,0.8,2.1,2.9,2.3,1.2,0.4,1.8,3.5,17.2,,2021,0
64.0,Kyle Lowry,34.0,TOR,PG,46.0,46.0,34.8,5.7,13.0,0.436,2.8,7.2,0.396,2.8,5.8,0.487,0.546,3.0,3.5,0.875,0.8,4.6,5.4,7.3,1.0,0.3,2.7,3.1,17.2,,2021,0
65.0,Evan Fournier,28.0,2TM,SF,42.0,36.0,30.0,5.9,12.9,0.457,2.8,6.7,0.413,3.1,6.1,0.504,0.565,2.6,3.3,0.788,0.2,2.8,3.0,3.4,1.1,0.5,1.7,2.3,17.1,,2021,0
65.0,Evan Fournier,28.0,ORL,SF,26.0,26.0,30.3,6.5,14.2,0.461,2.8,7.2,0.388,3.7,7.0,0.536,0.56,3.8,4.7,0.797,0.2,2.7,2.9,3.7,1.0,0.3,2.1,2.1,19.7,,2021,0
65.0,Evan Fournier,28.0,BOS,SF,16.0,10.0,29.5,4.8,10.8,0.448,2.8,5.9,0.463,2.1,4.8,0.429,0.576,0.6,0.9,0.714,0.3,3.0,3.3,3.1,1.3,0.6,1.2,2.6,13.0,,2021,0
66.0,Jonas Valančiūnas,28.0,MEM,C,62.0,61.0,28.3,7.1,12.0,0.592,0.3,0.9,0.368,6.8,11.1,0.611,0.606,2.5,3.3,0.773,4.1,8.4,12.5,1.8,0.6,0.9,1.6,2.9,17.1,,2021,0
67.0,Bojan Bogdanović,31.0,UTA,SF,72.0,72.0,30.8,5.6,12.8,0.439,2.5,6.4,0.39,3.1,6.4,0.487,0.536,3.2,3.7,0.879,0.6,3.3,3.9,1.9,0.6,0.1,1.8,1.6,17.0,,2021,0
68.0,Tim Hardaway Jr.,28.0,DAL,SG,70.0,31.0,28.4,5.8,13.0,0.447,3.0,7.6,0.391,2.9,5.5,0.524,0.56,2.0,2.5,0.816,0.3,3.0,3.3,1.8,0.4,0.2,0.9,1.6,16.6,6MOY-5,2021,0
69.0,Buddy Hield,28.0,SAC,SG,71.0,71.0,34.3,5.7,14.0,0.406,4.0,10.2,0.391,1.7,3.8,0.446,0.548,1.2,1.5,0.846,0.4,4.3,4.7,3.6,0.9,0.4,1.8,2.5,16.6,,2021,0
70.0,Kevin Porter Jr.,20.0,HOU,SG,26.0,23.0,32.1,6.0,14.1,0.425,1.9,6.2,0.311,4.1,7.9,0.515,0.493,2.7,3.6,0.734,0.8,3.0,3.8,6.3,0.7,0.3,3.5,2.3,16.6,,2021,0
71.0,Bogdan Bogdanović,28.0,ATL,SG,44.0,27.0,29.7,6.1,12.8,0.473,3.3,7.6,0.438,2.8,5.3,0.522,0.602,0.9,1.0,0.909,0.5,3.2,3.6,3.3,1.1,0.3,1.2,2.3,16.4,,2021,0
72.0,Chris Paul,35.0,PHO,PG,70.0,70.0,31.4,6.3,12.6,0.499,1.5,3.7,0.395,4.8,8.9,0.543,0.557,2.4,2.6,0.934,0.4,4.1,4.5,8.9,1.4,0.3,2.2,2.4,16.4,"MVP-5,AS,NBA2",2021,0
73.0,Khyri Thomas,24.0,HOU,SG,5.0,2.0,30.6,6.4,13.2,0.485,1.8,5.4,0.333,4.6,7.8,0.59,0.553,1.8,1.8,1.0,1.4,2.2,3.6,5.0,1.8,1.2,1.2,1.6,16.4,,2021,0
74.0,Mike Conley,33.0,UTA,PG,51.0,51.0,29.4,5.6,12.5,0.444,2.7,6.6,0.412,2.9,6.0,0.479,0.552,2.4,2.8,0.852,0.7,2.8,3.5,6.0,1.4,0.2,1.9,1.9,16.2,AS,2021,0
75.0,Harrison Barnes,28.0,SAC,PF,58.0,58.0,36.2,5.5,11.1,0.497,1.7,4.4,0.391,3.8,6.7,0.567,0.575,3.4,4.1,0.83,1.1,5.5,6.6,3.5,0.7,0.2,1.6,1.3,16.1,,2021,0
76.0,Elijah Bryant,25.0,MIL,SG,1.0,0.0,32.0,6.0,13.0,0.462,1.0,5.0,0.2,5.0,8.0,0.625,0.5,3.0,3.0,1.0,2.0,4.0,6.0,3.0,0.0,1.0,4.0,4.0,16.0,,2021,0
77.0,OG Anunoby,23.0,TOR,SF,43.0,43.0,33.3,5.8,12.1,0.48,2.4,6.1,0.398,3.4,6.0,0.562,0.58,1.9,2.4,0.784,1.3,4.3,5.5,2.2,1.5,0.7,1.7,2.7,15.9,,2021,0
78.0,LaMelo Ball,19.0,CHO,PG,51.0,31.0,28.8,5.7,13.2,0.436,1.8,5.1,0.352,3.9,8.1,0.489,0.504,2.5,3.2,0.758,1.2,4.7,5.9,6.1,1.6,0.4,2.8,2.7,15.7,ROY-1,2021,0
79.0,Dejounte Murray,24.0,SAS,PG,67.0,67.0,31.9,6.6,14.5,0.453,0.9,3.0,0.317,5.6,11.6,0.488,0.485,1.6,2.0,0.791,0.9,6.2,7.1,5.4,1.5,0.1,1.7,2.0,15.7,,2021,0
80.0,Terrence Ross,29.0,ORL,SG,46.0,2.0,29.3,5.5,13.4,0.412,1.9,5.7,0.337,3.6,7.7,0.469,0.485,2.6,3.0,0.87,0.3,3.1,3.4,2.3,1.0,0.5,1.6,1.9,15.6,,2021,0
81.0,T.J. Warren,27.0,IND,SF,4.0,4.0,29.3,6.8,12.8,0.529,0.0,1.8,0.0,6.8,11.0,0.614,0.529,2.0,2.5,0.8,0.5,3.0,3.5,1.3,0.5,0.0,1.0,4.0,15.5,,2021,0
82.0,Kelly Oubre Jr.,25.0,GSW,SF,55.0,50.0,30.7,5.8,13.2,0.439,1.6,5.2,0.316,4.1,8.0,0.519,0.501,2.2,3.2,0.695,1.5,4.5,6.0,1.3,1.0,0.8,1.3,2.2,15.4,,2021,0
83.0,Dennis Schröder,27.0,LAL,SG,61.0,61.0,32.1,5.4,12.5,0.437,1.2,3.5,0.335,4.3,9.0,0.476,0.484,3.4,4.0,0.848,0.5,3.0,3.5,5.8,1.1,0.2,2.7,2.6,15.4,,2021,0
84.0,Derrick White,26.0,SAS,SG,36.0,32.0,29.6,5.2,12.6,0.411,2.3,6.8,0.346,2.8,5.8,0.486,0.503,2.7,3.2,0.851,0.4,2.6,3.0,3.5,0.7,1.0,1.3,2.5,15.4,,2021,0
85.0,Gary Trent Jr.,22.0,2TM,SG,58.0,38.0,31.1,5.5,13.5,0.408,2.8,7.4,0.385,2.7,6.1,0.435,0.513,1.4,1.8,0.783,0.5,2.2,2.6,1.4,1.0,0.2,0.7,1.6,15.3,,2021,0
85.0,Gary Trent Jr.,22.0,POR,SG,41.0,23.0,30.8,5.3,12.8,0.414,3.0,7.4,0.397,2.3,5.3,0.438,0.53,1.4,1.8,0.773,0.5,1.7,2.2,1.4,0.9,0.1,0.8,1.5,15.0,,2021,0
85.0,Gary Trent Jr.,22.0,TOR,SG,17.0,15.0,31.8,6.1,15.4,0.395,2.6,7.3,0.355,3.5,8.1,0.431,0.479,1.5,1.8,0.806,0.4,3.2,3.6,1.3,1.1,0.2,0.7,1.7,16.2,,2021,0
86.0,Clint Capela,26.0,ATL,C,63.0,63.0,30.1,6.6,11.0,0.594,0.0,0.0,,6.6,11.0,0.594,0.594,2.1,3.6,0.573,4.7,9.6,14.3,0.8,0.7,2.0,1.2,2.3,15.2,DPOY-6,2021,0
87.0,Tyler Herro,21.0,MIA,SG,54.0,15.0,30.3,5.7,12.9,0.439,2.0,5.5,0.36,3.7,7.4,0.498,0.516,1.7,2.2,0.803,0.5,4.5,5.0,3.4,0.6,0.3,1.9,1.3,15.1,,2021,0
88.0,Coby White,20.0,CHI,PG,69.0,54.0,31.2,5.4,13.1,0.416,2.4,6.6,0.359,3.1,6.5,0.473,0.506,1.9,2.1,0.901,0.4,3.7,4.1,4.8,0.6,0.2,2.3,2.6,15.1,,2021,0
89.0,De'Andre Hunter,23.0,ATL,SF,23.0,19.0,29.5,5.2,10.8,0.484,1.3,4.1,0.326,3.9,6.7,0.582,0.546,3.2,3.7,0.859,0.7,4.0,4.8,1.9,0.8,0.5,1.3,2.6,15.0,,2021,0
90.0,Andre Drummond,27.0,2TM,C,46.0,46.0,27.0,6.1,12.4,0.493,0.0,0.2,0.0,6.1,12.3,0.5,0.493,2.7,4.5,0.6,3.6,8.4,12.0,2.0,1.4,1.1,2.7,3.2,14.9,,2021,0
90.0,Andre Drummond,27.0,CLE,C,25.0,25.0,28.9,7.2,15.2,0.474,0.0,0.3,0.0,7.2,14.9,0.484,0.474,3.1,5.2,0.597,4.0,9.4,13.5,2.6,1.6,1.2,3.2,2.8,17.5,,2021,0
90.0,Andre Drummond,27.0,LAL,C,21.0,21.0,24.8,4.9,9.1,0.531,0.0,0.0,,4.9,9.1,0.531,0.531,2.2,3.6,0.605,3.1,7.1,10.2,1.4,1.1,1.0,2.0,3.8,11.9,,2021,0
91.0,Devonte' Graham,25.0,CHO,PG,55.0,44.0,30.2,4.6,12.2,0.377,3.3,8.7,0.375,1.3,3.5,0.38,0.51,2.4,2.9,0.842,0.4,2.3,2.7,5.4,0.9,0.1,1.5,1.4,14.8,,2021,0
92.0,Derrick Rose,32.0,2TM,PG,50.0,3.0,25.6,5.7,12.2,0.47,1.0,2.6,0.388,4.7,9.6,0.492,0.511,2.2,2.5,0.866,0.4,2.2,2.6,4.2,1.0,0.4,1.6,1.1,14.7,"MVP-9,6MOY-3",2021,0
92.0,Derrick Rose,32.0,DET,PG,15.0,0.0,22.8,5.3,12.3,0.429,0.9,2.6,0.333,4.4,9.7,0.455,0.465,2.8,3.3,0.84,0.4,1.5,1.9,4.2,1.2,0.3,1.9,1.1,14.2,,2021,0
92.0,Derrick Rose,32.0,NYK,PG,35.0,3.0,26.8,5.9,12.2,0.487,1.1,2.6,0.411,4.9,9.6,0.507,0.53,1.9,2.2,0.883,0.4,2.5,2.9,4.2,0.9,0.4,1.4,1.1,14.9,,2021,0
93.0,Lonzo Ball,23.0,NOP,PG,55.0,55.0,31.8,5.3,12.7,0.414,3.1,8.3,0.378,2.1,4.5,0.482,0.537,0.9,1.2,0.781,0.6,4.2,4.8,5.7,1.5,0.6,2.2,1.9,14.6,,2021,0
94.0,Kendrick Nunn,25.0,MIA,PG,56.0,44.0,29.5,5.7,11.8,0.485,2.2,5.7,0.381,3.5,6.0,0.583,0.578,1.0,1.1,0.933,0.4,2.8,3.2,2.6,0.9,0.3,1.4,1.9,14.6,,2021,0
95.0,Deandre Ayton,22.0,PHO,C,69.0,69.0,30.7,6.2,10.0,0.626,0.1,0.3,0.2,6.2,9.7,0.639,0.629,1.9,2.5,0.769,3.3,7.2,10.5,1.4,0.6,1.2,1.5,2.8,14.4,,2021,0
96.0,Jaren Jackson Jr.,21.0,MEM,C,11.0,4.0,23.5,4.8,11.4,0.424,1.5,5.5,0.283,3.3,5.9,0.554,0.492,3.2,3.8,0.833,1.5,4.1,5.6,1.1,1.1,1.6,1.4,3.8,14.4,,2021,0
97.0,Thomas Bryant,23.0,WAS,C,10.0,10.0,27.1,5.9,9.1,0.648,0.9,2.1,0.429,5.0,7.0,0.714,0.698,1.6,2.4,0.667,1.8,4.3,6.1,1.5,0.4,0.8,1.1,3.1,14.3,,2021,0
98.0,Rudy Gobert,28.0,UTA,C,71.0,71.0,30.8,5.5,8.2,0.675,0.0,0.1,0.0,5.5,8.1,0.68,0.675,3.3,5.3,0.623,3.4,10.1,13.5,1.3,0.6,2.7,1.7,2.3,14.3,"MVP-10,DPOY-1,AS,NBA3,DEF1",2021,0
99.0,Ben Simmons,24.0,PHI,PG,58.0,58.0,32.4,5.6,10.1,0.557,0.1,0.2,0.3,5.6,9.9,0.562,0.56,3.0,4.9,0.613,1.6,5.6,7.2,6.9,1.6,0.6,3.0,2.9,14.3,"MVP-12,DPOY-2,AS,DEF1",2021,0
100.0,Richaun Holmes,27.0,SAC,C,61.0,61.0,29.2,6.0,9.4,0.637,0.0,0.2,0.182,6.0,9.2,0.645,0.638,2.2,2.8,0.794,2.4,5.9,8.3,1.7,0.6,1.6,1.2,3.5,14.2,,2021,0
101.0,Al Horford,34.0,OKC,C,28.0,28.0,27.9,5.8,12.9,0.45,2.0,5.4,0.368,3.8,7.4,0.51,0.528,0.6,0.8,0.818,1.0,5.7,6.7,3.4,0.9,0.9,1.0,1.7,14.2,,2021,0
102.0,Marvin Bagley III,21.0,SAC,PF,43.0,42.0,25.9,5.7,11.4,0.504,0.9,2.5,0.343,4.9,8.9,0.55,0.542,1.8,3.1,0.575,2.5,4.9,7.4,1.0,0.5,0.5,1.4,2.3,14.1,,2021,0
103.0,Joe Harris,29.0,BRK,SF,69.0,65.0,31.0,5.2,10.2,0.505,3.1,6.4,0.475,2.1,3.8,0.555,0.654,0.7,0.9,0.778,0.6,3.0,3.6,1.9,0.7,0.2,0.9,2.0,14.1,,2021,0
104.0,Luguentz Dort,21.0,OKC,SG,52.0,52.0,29.7,4.8,12.3,0.387,2.2,6.3,0.343,2.6,6.0,0.432,0.475,2.3,3.2,0.744,0.7,2.9,3.6,1.7,0.9,0.4,1.5,2.6,14.0,,2021,0
105.0,Rui Hachimura,22.0,WAS,PF,57.0,57.0,31.5,5.4,11.4,0.478,0.8,2.4,0.328,4.6,9.0,0.519,0.513,2.2,2.8,0.77,0.9,4.6,5.5,1.4,0.8,0.1,1.2,2.1,13.8,,2021,0
106.0,Darius Bazley,20.0,OKC,PF,55.0,55.0,31.2,5.0,12.5,0.396,1.5,5.2,0.29,3.5,7.3,0.47,0.456,2.3,3.2,0.702,0.9,6.3,7.2,1.8,0.5,0.5,2.2,1.1,13.7,,2021,0
107.0,Chris Boucher,28.0,TOR,C,60.0,14.0,24.2,4.8,9.3,0.514,1.5,3.9,0.383,3.3,5.4,0.609,0.595,2.5,3.2,0.788,2.0,4.8,6.7,1.1,0.6,1.9,0.8,2.8,13.6,6MOY-8,2021,0
108.0,Lauri Markkanen,23.0,CHI,PF,51.0,26.0,25.8,4.9,10.2,0.48,2.3,5.8,0.402,2.6,4.4,0.582,0.594,1.5,1.8,0.826,0.7,4.6,5.3,0.9,0.5,0.3,1.0,1.5,13.6,,2021,0
109.0,Doug McDermott,29.0,IND,PF,66.0,29.0,24.5,5.4,10.1,0.532,1.7,4.3,0.388,3.7,5.7,0.641,0.616,1.2,1.5,0.816,0.9,2.4,3.3,1.3,0.3,0.1,0.8,1.8,13.6,,2021,0
110.0,Kelly Olynyk,29.0,2TM,PF,70.0,62.0,28.5,4.8,10.0,0.484,1.8,5.3,0.342,3.0,4.7,0.641,0.574,2.1,2.5,0.829,1.2,5.7,7.0,2.9,1.1,0.6,1.8,3.0,13.5,,2021,0
110.0,Kelly Olynyk,29.0,MIA,C,43.0,38.0,26.9,3.8,8.7,0.431,1.8,5.7,0.317,2.0,3.1,0.639,0.533,0.7,0.9,0.775,1.0,5.0,6.1,2.1,0.9,0.6,1.3,2.9,10.0,,2021,0
110.0,Kelly Olynyk,29.0,HOU,PF,27.0,24.0,31.1,6.5,11.9,0.545,1.8,4.6,0.392,4.7,7.3,0.643,0.621,4.2,5.0,0.844,1.6,6.9,8.4,4.1,1.4,0.6,2.6,3.1,19.0,,2021,0
111.0,LaMarcus Aldridge,35.0,2TM,C,26.0,23.0,25.9,5.4,11.4,0.473,1.2,3.1,0.388,4.2,8.3,0.505,0.525,1.6,1.8,0.872,0.7,3.8,4.5,1.9,0.4,1.1,1.0,1.8,13.5,,2021,0
111.0,LaMarcus Aldridge,35.0,SAS,C,21.0,18.0,25.9,5.5,11.8,0.464,1.3,3.6,0.36,4.2,8.2,0.509,0.518,1.5,1.8,0.838,0.8,3.7,4.5,1.7,0.4,0.9,1.0,1.7,13.7,,2021,0
111.0,LaMarcus Aldridge,35.0,BRK,C,5.0,5.0,26.0,5.0,9.6,0.521,0.8,1.0,0.8,4.2,8.6,0.488,0.563,2.0,2.0,1.0,0.4,4.4,4.8,2.6,0.6,2.2,1.4,2.2,12.8,,2021,0
112.0,Mikal Bridges,24.0,PHO,SF,72.0,72.0,32.6,5.0,9.3,0.543,1.9,4.4,0.425,3.2,4.9,0.647,0.643,1.5,1.8,0.84,1.1,3.2,4.3,2.1,1.1,0.9,0.8,1.6,13.5,,2021,0
113.0,Montrezl Harrell,27.0,LAL,C,69.0,1.0,22.9,5.4,8.7,0.622,0.0,0.1,0.0,5.4,8.6,0.632,0.622,2.6,3.7,0.707,2.3,3.9,6.2,1.1,0.7,0.7,1.1,1.9,13.5,6MOY-6,2021,0
114.0,Carmelo Anthony,36.0,POR,PF,69.0,3.0,24.5,4.7,11.3,0.421,1.9,4.7,0.409,2.8,6.6,0.429,0.506,2.0,2.2,0.89,0.5,2.6,3.1,1.5,0.7,0.6,0.9,2.1,13.4,6MOY-7,2021,0
115.0,Goran Dragić,34.0,MIA,PG,50.0,11.0,26.7,4.8,11.1,0.432,1.8,4.9,0.373,3.0,6.2,0.479,0.514,2.0,2.4,0.828,0.5,2.9,3.4,4.4,0.7,0.2,2.4,2.3,13.4,,2021,0
116.0,Josh Jackson,23.0,DET,SG,62.0,25.0,25.2,4.8,11.4,0.419,1.2,4.1,0.3,3.5,7.3,0.487,0.473,2.6,3.5,0.729,0.9,3.2,4.1,2.3,0.9,0.8,2.3,2.9,13.4,,2021,0
117.0,Marcus Morris,31.0,LAC,PF,57.0,29.0,26.4,4.8,10.2,0.473,2.5,5.2,0.473,2.4,5.1,0.472,0.592,1.3,1.6,0.82,0.6,3.5,4.1,1.0,0.6,0.3,1.0,2.1,13.4,,2021,0
118.0,Danilo Gallinari,32.0,ATL,PF,51.0,4.0,24.0,4.0,9.3,0.434,2.0,5.0,0.406,2.0,4.3,0.466,0.542,3.2,3.4,0.925,0.3,3.8,4.1,1.5,0.6,0.2,0.8,2.1,13.3,,2021,0
119.0,Duncan Robinson,26.0,MIA,SF,72.0,72.0,31.4,4.4,10.0,0.439,3.5,8.5,0.408,0.9,1.4,0.625,0.614,0.9,1.0,0.827,0.1,3.4,3.5,1.8,0.6,0.3,1.1,2.5,13.1,,2021,0
120.0,Marcus Smart,26.0,BOS,PG,48.0,45.0,32.9,4.2,10.6,0.398,1.9,5.9,0.33,2.3,4.8,0.482,0.489,2.7,3.4,0.79,0.8,2.7,3.5,5.7,1.5,0.5,2.0,2.6,13.1,,2021,0
121.0,Tyrese Haliburton,20.0,SAC,PG,58.0,20.0,30.1,5.0,10.7,0.472,2.1,5.1,0.409,2.9,5.6,0.529,0.569,0.8,1.0,0.857,0.7,2.3,3.0,5.3,1.3,0.5,1.6,1.4,13.0,ROY-3,2021,0
122.0,Shake Milton,24.0,PHI,SG,63.0,4.0,23.2,4.8,10.6,0.45,1.1,3.2,0.35,3.6,7.4,0.494,0.503,2.3,2.8,0.83,0.5,1.8,2.3,3.1,0.6,0.3,1.6,2.1,13.0,6MOY-12,2021,0
123.0,Cole Anthony,20.0,ORL,PG,47.0,34.0,27.1,4.7,11.7,0.397,1.2,3.7,0.337,3.4,8.1,0.424,0.449,2.3,2.8,0.832,0.8,3.9,4.7,4.1,0.6,0.4,2.3,2.1,12.9,,2021,0
124.0,Markelle Fultz,22.0,ORL,PG,8.0,8.0,26.9,5.1,13.0,0.394,0.5,2.0,0.25,4.6,11.0,0.42,0.413,2.1,2.4,0.895,0.6,2.5,3.1,5.4,1.0,0.3,2.3,2.3,12.9,,2021,0
125.0,Kyle Kuzma,25.0,LAL,SF,68.0,32.0,28.7,4.9,11.1,0.443,2.0,5.6,0.361,2.9,5.5,0.525,0.533,1.0,1.4,0.691,1.6,4.5,6.1,1.9,0.5,0.6,1.7,1.8,12.9,,2021,0
126.0,P.J. Washington,22.0,CHO,PF,64.0,61.0,30.5,4.7,10.7,0.44,1.8,4.5,0.386,3.0,6.2,0.48,0.522,1.7,2.3,0.745,1.5,5.1,6.5,2.5,1.1,1.2,2.0,2.7,12.9,,2021,0
127.0,Jarrett Allen,22.0,2TM,C,63.0,45.0,29.6,4.7,7.7,0.618,0.1,0.3,0.316,4.6,7.3,0.631,0.624,3.2,4.6,0.703,3.1,6.9,10.0,1.7,0.5,1.4,1.6,1.5,12.8,,2021,0
127.0,Jarrett Allen,22.0,BRK,C,12.0,5.0,26.7,3.7,5.4,0.677,0.0,0.0,,3.7,5.4,0.677,0.677,3.8,5.1,0.754,3.2,7.3,10.4,1.7,0.6,1.6,1.8,1.8,11.2,,2021,0
127.0,Jarrett Allen,22.0,CLE,C,51.0,40.0,30.3,5.0,8.2,0.609,0.1,0.4,0.316,4.9,7.8,0.623,0.616,3.1,4.5,0.69,3.1,6.8,9.9,1.7,0.5,1.4,1.5,1.5,13.2,,2021,0
128.0,Keldon Johnson,21.0,SAS,SF,69.0,67.0,28.5,4.9,10.2,0.479,0.9,2.6,0.331,4.0,7.6,0.531,0.522,2.1,2.8,0.74,1.3,4.6,6.0,1.8,0.6,0.3,1.1,2.1,12.8,,2021,0
129.0,Will Barton,30.0,DEN,SF,56.0,52.0,31.0,4.6,10.9,0.426,1.8,4.6,0.381,2.9,6.3,0.459,0.507,1.7,2.2,0.785,0.7,3.3,4.0,3.2,0.9,0.4,1.7,1.7,12.7,,2021,0
130.0,Miles Bridges,22.0,CHO,PF,66.0,19.0,29.3,4.7,9.4,0.503,1.8,4.4,0.4,3.0,5.0,0.593,0.596,1.5,1.7,0.867,1.2,4.8,6.0,2.2,0.7,0.8,1.6,2.2,12.7,6MOY-12,2021,0
131.0,Alec Burks,29.0,NYK,SG,49.0,5.0,25.6,4.3,10.2,0.42,2.1,5.0,0.415,2.2,5.2,0.425,0.522,2.1,2.4,0.856,0.4,4.2,4.6,2.2,0.6,0.3,1.0,2.1,12.7,,2021,0
132.0,Jalen Brunson,24.0,DAL,PG,68.0,12.0,25.0,4.8,9.2,0.523,1.2,2.9,0.405,3.6,6.3,0.578,0.588,1.8,2.2,0.795,0.4,3.0,3.4,3.5,0.5,0.0,1.2,1.6,12.6,6MOY-4,2021,0
133.0,Myles Turner,24.0,IND,C,47.0,47.0,31.0,4.4,9.2,0.477,1.5,4.4,0.335,2.9,4.8,0.606,0.557,2.4,3.0,0.782,1.3,5.2,6.5,1.0,0.9,3.4,1.4,3.5,12.6,DPOY-9,2021,0
134.0,Seth Curry,30.0,PHI,SG,57.0,57.0,28.7,4.5,9.7,0.467,2.2,4.9,0.45,2.3,4.8,0.485,0.582,1.2,1.4,0.896,0.2,2.2,2.4,2.7,0.8,0.1,1.1,1.7,12.5,,2021,0
135.0,Aaron Gordon,25.0,2TM,PF,50.0,50.0,27.7,4.6,10.0,0.463,1.2,3.5,0.335,3.4,6.5,0.533,0.522,1.9,3.0,0.651,1.5,4.1,5.7,3.2,0.7,0.7,1.9,1.8,12.4,,2021,0
135.0,Aaron Gordon,25.0,ORL,PF,25.0,25.0,29.4,5.1,11.7,0.437,1.7,4.5,0.375,3.4,7.2,0.475,0.509,2.6,4.2,0.629,1.6,5.1,6.6,4.2,0.6,0.8,2.7,2.0,14.6,,2021,0
135.0,Aaron Gordon,25.0,DEN,PF,25.0,25.0,25.9,4.1,8.2,0.5,0.7,2.6,0.266,3.4,5.7,0.606,0.541,1.2,1.8,0.705,1.5,3.2,4.7,2.2,0.7,0.6,1.2,1.6,10.2,,2021,0
136.0,Kyle Anderson,27.0,MEM,PF,69.0,69.0,27.3,4.5,9.5,0.468,1.4,3.8,0.36,3.1,5.8,0.539,0.54,2.1,2.7,0.783,0.8,5.0,5.7,3.6,1.2,0.8,1.2,1.7,12.4,,2021,0
137.0,Brook Lopez,32.0,MIL,C,70.0,70.0,27.2,4.6,9.1,0.503,1.4,4.0,0.338,3.2,5.1,0.632,0.577,1.7,2.0,0.845,1.5,3.5,5.0,0.7,0.6,1.5,0.9,2.1,12.3,,2021,0
138.0,Saddiq Bey,21.0,DET,SF,70.0,53.0,27.3,4.0,9.9,0.404,2.5,6.6,0.38,1.5,3.3,0.45,0.53,1.8,2.1,0.844,0.6,3.9,4.5,1.4,0.7,0.2,0.9,1.6,12.2,ROY-4,2021,0
139.0,Eric Bledsoe,31.0,NOP,SG,71.0,70.0,29.7,4.3,10.3,0.421,1.7,5.0,0.341,2.6,5.3,0.496,0.503,1.9,2.7,0.687,0.4,3.0,3.4,3.8,0.8,0.3,1.6,1.6,12.2,,2021,0
140.0,Kevin Love,32.0,CLE,PF,25.0,25.0,24.9,4.1,10.1,0.409,2.3,6.2,0.365,1.8,3.8,0.479,0.522,1.7,2.0,0.824,0.7,6.8,7.4,2.5,0.6,0.1,1.5,1.0,12.2,,2021,0
141.0,Joe Ingles,33.0,UTA,SF,67.0,30.0,27.9,4.1,8.4,0.489,2.7,6.1,0.451,1.4,2.3,0.59,0.652,1.1,1.3,0.844,0.4,3.2,3.6,4.7,0.7,0.2,1.7,1.8,12.1,6MOY-2,2021,0
142.0,Josh Richardson,27.0,DAL,SG,59.0,56.0,30.3,4.5,10.5,0.427,1.5,4.5,0.33,3.0,5.9,0.501,0.498,1.7,1.8,0.917,0.9,2.4,3.3,2.6,1.0,0.4,1.3,2.2,12.1,,2021,0
143.0,Thaddeus Young,32.0,CHI,PF,68.0,23.0,24.3,5.4,9.7,0.559,0.2,0.7,0.267,5.3,9.1,0.58,0.568,1.0,1.7,0.628,2.5,3.8,6.2,4.3,1.1,0.6,2.0,2.2,12.1,6MOY-14,2021,0
144.0,Jordan Poole,21.0,GSW,SG,51.0,7.0,19.4,4.0,9.3,0.432,1.9,5.4,0.351,2.1,3.9,0.545,0.535,2.1,2.3,0.882,0.3,1.5,1.8,1.9,0.5,0.2,1.0,1.7,12.0,,2021,0
145.0,Kevin Huerter,22.0,ATL,SG,69.0,49.0,30.8,4.6,10.6,0.432,2.0,5.6,0.363,2.6,5.0,0.51,0.528,0.7,0.9,0.781,0.6,2.8,3.3,3.5,1.2,0.3,1.1,2.4,11.9,,2021,0
146.0,Malik Monk,22.0,CHO,SG,42.0,0.0,20.9,4.1,9.5,0.434,2.0,5.0,0.401,2.1,4.5,0.471,0.54,1.4,1.7,0.819,0.3,2.1,2.4,2.1,0.5,0.1,1.3,1.1,11.7,,2021,0
147.0,Hamidou Diallo,22.0,2TM,SF,52.0,9.0,23.6,4.3,9.0,0.477,0.5,1.6,0.341,3.8,7.5,0.505,0.506,2.5,3.8,0.64,1.1,4.1,5.2,1.9,0.8,0.5,1.5,2.6,11.6,,2021,0
147.0,Hamidou Diallo,22.0,OKC,SG,32.0,5.0,23.8,4.5,9.3,0.481,0.4,1.3,0.293,4.1,8.0,0.512,0.502,2.6,4.1,0.629,1.2,4.0,5.2,2.4,1.0,0.4,1.5,2.6,11.9,,2021,0
147.0,Hamidou Diallo,22.0,DET,SF,20.0,4.0,23.3,4.1,8.7,0.468,0.8,2.1,0.39,3.3,6.6,0.492,0.514,2.3,3.4,0.662,1.1,4.3,5.4,1.2,0.5,0.6,1.4,2.6,11.2,,2021,0
148.0,Dāvis Bertāns,28.0,WAS,PF,57.0,7.0,25.7,3.4,8.4,0.404,3.0,7.5,0.395,0.4,0.9,0.48,0.581,1.8,2.0,0.87,0.3,2.6,2.9,0.9,0.6,0.2,0.6,2.4,11.5,,2021,0
149.0,Jusuf Nurkić,26.0,POR,C,37.0,37.0,23.8,4.6,9.0,0.514,0.3,0.8,0.4,4.3,8.2,0.525,0.532,1.9,3.1,0.619,2.3,6.6,9.0,3.4,1.0,1.1,2.0,2.8,11.5,,2021,0
150.0,James Wiseman,19.0,GSW,C,39.0,27.0,21.4,4.9,9.4,0.519,0.3,1.0,0.316,4.6,8.5,0.542,0.535,1.4,2.2,0.628,1.4,4.4,5.8,0.7,0.3,0.9,1.5,3.1,11.5,,2021,0
151.0,Rudy Gay,34.0,SAS,PF,63.0,1.0,21.6,4.2,10.0,0.42,1.7,4.4,0.381,2.5,5.6,0.451,0.505,1.3,1.6,0.804,0.7,4.1,4.8,1.4,0.7,0.6,1.0,1.8,11.4,,2021,0
152.0,Bobby Portis,25.0,MIL,C,66.0,7.0,20.8,4.7,9.1,0.523,1.1,2.4,0.471,3.6,6.7,0.542,0.585,0.8,1.1,0.74,1.9,5.2,7.1,1.1,0.8,0.4,0.8,1.7,11.4,6MOY-9,2021,0
153.0,Immanuel Quickley,21.0,NYK,PG,64.0,3.0,19.4,3.6,9.1,0.395,1.8,4.7,0.389,1.7,4.3,0.401,0.497,2.4,2.7,0.891,0.4,1.8,2.1,2.0,0.5,0.2,0.9,1.8,11.4,,2021,0
154.0,Lou Williams,34.0,2TM,PG,66.0,4.0,21.6,4.0,9.8,0.41,1.0,2.6,0.399,3.0,7.2,0.414,0.464,2.3,2.6,0.867,0.3,1.8,2.1,3.4,0.7,0.1,1.6,0.9,11.3,,2021,0
154.0,Lou Williams,34.0,LAC,PG,42.0,3.0,21.9,4.3,10.2,0.421,1.1,2.8,0.378,3.2,7.4,0.437,0.473,2.5,2.8,0.866,0.4,1.7,2.1,3.4,0.9,0.1,1.6,1.0,12.1,,2021,0
154.0,Lou Williams,34.0,ATL,PG,24.0,1.0,21.0,3.5,9.0,0.389,1.0,2.3,0.444,2.5,6.8,0.37,0.444,2.0,2.3,0.87,0.3,1.8,2.1,3.4,0.3,0.1,1.8,0.8,10.0,,2021,0
155.0,Jae'Sean Tate,25.0,HOU,SF,70.0,58.0,29.2,4.5,8.9,0.506,0.9,2.8,0.308,3.7,6.1,0.595,0.554,1.5,2.1,0.694,1.9,3.5,5.3,2.5,1.2,0.5,1.4,3.2,11.3,,2021,0
156.0,Wendell Carter Jr.,21.0,2TM,C,54.0,44.0,25.5,4.3,8.5,0.503,0.3,0.9,0.294,4.0,7.5,0.53,0.52,2.4,3.3,0.732,2.4,5.8,8.2,1.9,0.6,0.8,1.4,2.7,11.2,,2021,0
156.0,Wendell Carter Jr.,21.0,CHI,C,32.0,25.0,24.8,4.0,7.9,0.512,0.3,0.7,0.364,3.8,7.2,0.526,0.528,2.6,3.5,0.739,2.2,5.6,7.8,2.2,0.6,0.8,1.5,3.0,10.9,,2021,0
156.0,Wendell Carter Jr.,21.0,ORL,C,22.0,19.0,26.5,4.6,9.3,0.493,0.3,1.3,0.241,4.3,8.0,0.534,0.51,2.2,3.1,0.721,2.8,6.0,8.8,1.6,0.8,0.8,1.3,2.3,11.7,,2021,0
157.0,Armoni Brooks,22.0,HOU,SG,20.0,5.0,26.0,3.9,9.6,0.406,3.0,7.9,0.382,0.9,1.8,0.514,0.563,0.4,0.6,0.583,0.5,2.9,3.4,1.5,0.6,0.3,1.1,1.7,11.2,,2021,0
158.0,Enes Freedom,28.0,POR,C,72.0,35.0,24.4,4.7,7.8,0.604,0.0,0.1,0.25,4.7,7.7,0.607,0.605,1.8,2.3,0.774,3.9,7.1,11.0,1.2,0.5,0.7,1.1,2.3,11.2,6MOY-10,2021,0
159.0,Cam Reddish,21.0,ATL,SF,26.0,21.0,28.8,3.7,10.1,0.365,1.3,4.8,0.262,2.4,5.3,0.46,0.428,2.6,3.2,0.817,0.8,3.2,4.0,1.3,1.3,0.3,1.3,2.6,11.2,,2021,0
160.0,Naz Reid,21.0,MIN,C,70.0,15.0,19.2,4.3,8.3,0.523,0.9,2.5,0.351,3.5,5.8,0.597,0.576,1.6,2.4,0.693,1.2,3.4,4.6,1.0,0.5,1.1,1.0,2.6,11.2,,2021,0
161.0,Lonnie Walker IV,22.0,SAS,SG,60.0,38.0,25.4,4.3,10.2,0.42,1.7,4.7,0.355,2.6,5.5,0.477,0.502,1.0,1.2,0.814,0.2,2.4,2.6,1.7,0.5,0.3,1.1,1.7,11.2,,2021,0
162.0,Serge Ibaka,31.0,LAC,C,41.0,39.0,23.3,4.5,8.9,0.51,1.0,2.8,0.339,3.6,6.1,0.588,0.563,1.0,1.3,0.811,1.8,4.9,6.7,1.8,0.2,1.1,1.1,1.9,11.1,,2021,0
163.0,Blake Griffin,31.0,2TM,PF,46.0,30.0,25.8,3.8,8.9,0.423,1.5,4.5,0.341,2.3,4.5,0.505,0.509,1.9,2.5,0.744,0.8,4.1,4.9,3.0,0.7,0.3,1.3,2.4,11.0,,2021,0
163.0,Blake Griffin,31.0,DET,PF,20.0,20.0,31.3,4.1,11.1,0.365,2.0,6.2,0.315,2.1,4.9,0.429,0.453,2.2,3.1,0.71,0.4,4.9,5.2,3.9,0.7,0.1,1.6,2.1,12.3,,2021,0
163.0,Blake Griffin,31.0,BRK,PF,26.0,10.0,21.5,3.6,7.3,0.492,1.2,3.1,0.383,2.4,4.2,0.574,0.574,1.7,2.1,0.782,1.1,3.6,4.7,2.4,0.7,0.5,1.2,2.7,10.0,,2021,0
164.0,Nickeil Alexander-Walker,22.0,NOP,SG,46.0,13.0,21.9,4.2,10.0,0.419,1.7,4.8,0.347,2.5,5.2,0.485,0.502,1.0,1.4,0.727,0.3,2.8,3.1,2.2,1.0,0.5,1.5,1.9,11.0,,2021,0
165.0,Jeff Green,34.0,BRK,PF,68.0,38.0,27.0,3.8,7.8,0.492,1.5,3.7,0.412,2.3,4.1,0.564,0.59,1.8,2.4,0.776,0.5,3.4,3.9,1.6,0.5,0.4,0.8,1.8,11.0,,2021,0
166.0,Dwayne Bacon,25.0,ORL,SG,72.0,50.0,25.7,4.1,10.1,0.402,0.8,2.9,0.285,3.2,7.2,0.449,0.443,2.0,2.4,0.824,0.4,2.7,3.1,1.3,0.6,0.1,0.6,1.4,10.9,,2021,0
167.0,Oshae Brissett,22.0,IND,SF,21.0,16.0,24.7,3.5,7.2,0.483,1.6,3.7,0.423,1.9,3.5,0.548,0.593,2.4,3.1,0.769,1.4,4.1,5.5,0.9,0.9,1.0,0.5,1.5,10.9,,2021,0
168.0,Reggie Bullock,29.0,NYK,SF,65.0,64.0,30.0,3.8,8.6,0.442,2.5,6.1,0.41,1.3,2.5,0.521,0.587,0.8,0.8,0.909,0.2,3.2,3.4,1.5,0.8,0.2,0.7,2.2,10.9,,2021,0
169.0,Patty Mills,32.0,SAS,PG,68.0,1.0,24.8,3.7,9.0,0.412,2.4,6.3,0.375,1.3,2.7,0.5,0.544,1.0,1.1,0.91,0.3,1.4,1.7,2.4,0.6,0.0,1.0,1.2,10.8,,2021,0
170.0,Cameron Oliver,24.0,HOU,SF,4.0,0.0,21.8,4.8,8.3,0.576,1.0,3.3,0.308,3.8,5.0,0.75,0.636,0.3,1.0,0.25,1.3,4.0,5.3,1.3,0.5,1.0,0.8,2.8,10.8,,2021,0
171.0,Reggie Jackson,30.0,LAC,SG,67.0,43.0,23.0,3.9,8.7,0.45,1.8,4.2,0.433,2.1,4.5,0.465,0.554,1.0,1.2,0.817,0.4,2.5,2.9,3.1,0.6,0.1,1.1,1.9,10.7,,2021,0
172.0,Ty Jerome,23.0,OKC,SG,33.0,1.0,23.9,3.9,8.7,0.446,2.2,5.1,0.423,1.7,3.6,0.479,0.57,0.8,1.0,0.765,0.3,2.5,2.8,3.6,0.6,0.2,1.4,1.8,10.7,,2021,0
173.0,Grayson Allen,25.0,MEM,SG,50.0,38.0,25.2,3.5,8.3,0.418,2.1,5.5,0.391,1.3,2.8,0.471,0.547,1.6,1.8,0.868,0.4,2.8,3.2,2.2,0.9,0.2,1.0,1.4,10.6,,2021,0
174.0,Justin Holiday,31.0,IND,SG,72.0,52.0,30.3,3.6,8.7,0.413,2.4,6.3,0.382,1.2,2.4,0.494,0.551,0.9,1.2,0.788,0.4,3.1,3.6,1.7,1.0,0.6,0.8,1.9,10.5,,2021,0
175.0,Donte DiVincenzo,24.0,MIL,SG,66.0,66.0,27.5,3.8,9.1,0.42,2.0,5.2,0.379,1.8,3.9,0.475,0.528,0.8,1.1,0.718,1.2,4.5,5.8,3.1,1.1,0.2,1.4,1.7,10.4,,2021,0
176.0,Cedi Osman,25.0,CLE,SF,59.0,26.0,25.6,3.7,9.9,0.374,1.7,5.5,0.306,2.0,4.4,0.458,0.458,1.3,1.6,0.8,0.6,2.8,3.4,2.9,0.9,0.2,1.4,2.0,10.4,,2021,0
177.0,Mason Plumlee,30.0,DET,C,56.0,56.0,26.8,4.2,6.8,0.614,0.0,0.1,0.0,4.2,6.7,0.626,0.614,2.0,3.0,0.669,2.6,6.7,9.3,3.6,0.8,0.9,1.9,3.3,10.4,,2021,0
178.0,Brandon Clarke,24.0,MEM,PF,59.0,16.0,24.0,4.3,8.4,0.517,0.3,1.3,0.26,4.0,7.1,0.565,0.537,1.3,1.9,0.69,1.6,3.9,5.6,1.6,1.0,0.9,0.6,1.4,10.3,,2021,0
179.0,Delon Wright,28.0,2TM,PG,63.0,39.0,27.7,3.8,8.2,0.463,1.0,2.7,0.372,2.8,5.5,0.509,0.525,1.6,2.0,0.802,1.0,3.2,4.3,4.4,1.6,0.5,1.3,1.2,10.2,,2021,0
179.0,Delon Wright,28.0,DET,PG,36.0,31.0,29.2,3.8,8.1,0.464,0.9,2.5,0.348,2.9,5.7,0.515,0.517,2.0,2.5,0.789,1.0,3.5,4.6,5.0,1.6,0.5,1.3,1.3,10.4,,2021,0
179.0,Delon Wright,28.0,SAC,PG,27.0,8.0,25.8,3.9,8.3,0.462,1.2,3.1,0.398,2.6,5.3,0.5,0.536,1.1,1.3,0.833,1.0,2.9,3.9,3.6,1.6,0.4,1.3,1.1,10.0,,2021,0
180.0,Monte Morris,25.0,DEN,PG,47.0,13.0,25.4,4.0,8.2,0.481,1.1,2.9,0.381,2.9,5.4,0.534,0.547,1.2,1.6,0.795,0.2,1.8,2.0,3.2,0.7,0.3,0.7,1.0,10.2,,2021,0
181.0,Jae Crowder,30.0,PHO,PF,60.0,42.0,27.5,3.3,8.2,0.404,2.5,6.3,0.389,0.9,1.9,0.455,0.555,1.0,1.3,0.76,0.5,4.2,4.7,2.1,0.8,0.5,0.9,2.1,10.1,,2021,0
182.0,Jeremy Lamb,28.0,IND,SG,36.0,8.0,21.3,3.3,7.7,0.435,1.4,3.6,0.406,1.9,4.1,0.459,0.529,2.0,2.1,0.947,0.7,2.9,3.6,1.5,0.9,0.6,0.6,2.0,10.1,,2021,0
183.0,Théo Maledon,19.0,OKC,PG,65.0,49.0,27.4,3.5,9.4,0.368,1.6,4.8,0.335,1.9,4.6,0.402,0.454,1.6,2.1,0.748,0.4,2.9,3.2,3.5,0.9,0.2,2.2,1.9,10.1,,2021,0
184.0,Elfrid Payton,26.0,NYK,PG,63.0,63.0,23.6,4.3,9.9,0.432,0.4,1.6,0.286,3.8,8.3,0.46,0.455,1.2,1.7,0.682,1.0,2.4,3.4,3.2,0.7,0.1,1.6,1.8,10.1,,2021,0
185.0,Bryn Forbes,27.0,MIL,SG,70.0,10.0,19.3,3.6,7.6,0.473,2.2,4.9,0.452,1.4,2.7,0.511,0.618,0.7,0.9,0.77,0.2,1.4,1.6,0.6,0.3,0.0,0.6,1.1,10.0,,2021,0
186.0,Gary Harris,26.0,2TM,SG,39.0,38.0,27.7,3.5,8.8,0.4,1.2,3.6,0.34,2.3,5.2,0.441,0.47,1.6,2.0,0.821,0.5,1.5,2.0,2.0,0.7,0.3,0.9,1.8,9.9,,2021,0
186.0,Gary Harris,26.0,DEN,SG,19.0,19.0,30.6,3.6,8.2,0.442,1.3,3.9,0.32,2.4,4.3,0.556,0.519,1.2,1.6,0.733,0.7,1.8,2.5,1.7,0.9,0.2,0.7,1.9,9.7,,2021,0
186.0,Gary Harris,26.0,ORL,SG,20.0,19.0,25.0,3.5,9.5,0.365,1.2,3.3,0.364,2.3,6.2,0.366,0.429,2.1,2.4,0.875,0.4,1.2,1.6,2.3,0.6,0.4,1.2,1.7,10.2,,2021,0
187.0,Dorian Finney-Smith,27.0,DAL,PF,60.0,60.0,32.0,3.7,7.8,0.472,2.0,5.0,0.394,1.7,2.7,0.616,0.6,0.5,0.7,0.756,1.6,3.8,5.4,1.7,0.9,0.4,0.8,2.3,9.8,,2021,0
188.0,Frank Jackson,22.0,DET,PG,40.0,6.0,18.5,3.4,7.3,0.457,1.5,3.8,0.407,1.8,3.6,0.51,0.561,1.5,1.9,0.813,0.4,1.8,2.2,0.9,0.4,0.0,0.9,1.3,9.8,,2021,0
189.0,Otto Porter Jr.,27.0,2TM,SF,28.0,6.0,21.6,3.5,8.1,0.432,1.4,3.7,0.375,2.1,4.4,0.48,0.518,1.3,1.5,0.857,1.0,4.4,5.4,2.0,0.6,0.1,0.9,1.5,9.7,,2021,0
189.0,Otto Porter Jr.,27.0,CHI,SF,25.0,6.0,21.6,3.6,8.1,0.441,1.5,3.8,0.4,2.0,4.3,0.477,0.535,1.2,1.5,0.838,1.1,4.4,5.5,2.0,0.5,0.2,1.0,1.5,9.9,,2021,0
189.0,Otto Porter Jr.,27.0,ORL,PF,3.0,0.0,22.0,3.0,8.3,0.36,0.3,3.0,0.111,2.7,5.3,0.5,0.38,1.7,1.7,1.0,0.0,4.7,4.7,1.7,1.3,0.0,0.0,1.3,8.0,,2021,0
190.0,Kentavious Caldwell-Pope,27.0,LAL,SG,67.0,67.0,28.4,3.3,7.6,0.431,1.8,4.4,0.41,1.5,3.2,0.46,0.549,1.4,1.7,0.866,0.4,2.3,2.7,1.9,0.9,0.4,1.0,1.7,9.7,DPOY-11,2021,0
191.0,Mike Muscala,29.0,OKC,C,35.0,0.0,18.4,3.4,7.6,0.446,1.9,5.3,0.37,1.5,2.4,0.614,0.573,0.9,1.0,0.917,0.5,3.2,3.8,0.8,0.2,0.3,0.6,1.5,9.7,,2021,0
192.0,Daniel Theis,28.0,2TM,C,65.0,51.0,24.6,3.9,7.2,0.541,0.8,2.3,0.322,3.1,4.8,0.646,0.593,1.1,1.7,0.673,1.4,4.0,5.5,1.7,0.6,0.9,1.0,2.6,9.6,,2021,0
192.0,Daniel Theis,28.0,BOS,C,42.0,37.0,24.5,3.8,6.9,0.552,0.8,2.3,0.347,3.0,4.6,0.653,0.609,1.1,1.6,0.687,1.3,4.0,5.2,1.6,0.6,1.0,1.0,2.9,9.5,,2021,0
192.0,Daniel Theis,28.0,CHI,C,23.0,14.0,25.0,4.0,7.7,0.522,0.7,2.5,0.281,3.3,5.3,0.636,0.567,1.2,1.9,0.651,1.7,4.2,5.9,1.8,0.7,0.6,1.1,2.0,10.0,,2021,0
193.0,Wayne Ellington,33.0,DET,SG,46.0,31.0,22.0,3.2,7.3,0.441,2.5,6.0,0.422,0.7,1.4,0.524,0.612,0.6,0.8,0.8,0.3,1.6,1.8,1.5,0.4,0.2,0.7,1.3,9.6,,2021,0
194.0,Cameron Johnson,24.0,PHO,PF,60.0,11.0,24.0,3.4,8.1,0.42,2.0,5.6,0.349,1.4,2.5,0.581,0.541,0.8,1.0,0.847,0.6,2.8,3.3,1.4,0.6,0.3,0.7,1.4,9.6,,2021,0
195.0,Isaac Okoro,20.0,CLE,SG,67.0,67.0,32.4,3.5,8.3,0.42,0.9,3.2,0.29,2.6,5.1,0.501,0.476,1.7,2.3,0.726,1.0,2.1,3.1,1.9,0.9,0.4,1.3,2.8,9.6,,2021,0
196.0,Taurean Prince,26.0,2TM,PF,41.0,10.0,22.1,3.2,8.0,0.401,1.5,3.8,0.4,1.7,4.2,0.401,0.495,1.6,1.9,0.855,0.5,3.0,3.5,1.9,0.7,0.6,1.1,1.8,9.5,,2021,0
196.0,Taurean Prince,26.0,BRK,PF,12.0,4.0,18.2,2.5,6.2,0.405,1.1,3.1,0.351,1.4,3.1,0.459,0.493,2.0,2.3,0.889,0.2,2.7,2.8,0.6,0.7,0.7,0.9,1.8,8.1,,2021,0
196.0,Taurean Prince,26.0,CLE,PF,29.0,6.0,23.7,3.5,8.7,0.399,1.7,4.1,0.415,1.8,4.7,0.385,0.496,1.4,1.7,0.837,0.6,3.1,3.7,2.4,0.7,0.5,1.2,1.9,10.1,,2021,0
197.0,Danny Green,33.0,PHI,SF,69.0,69.0,28.0,3.2,7.9,0.412,2.5,6.3,0.405,0.7,1.6,0.438,0.573,0.4,0.6,0.775,0.8,3.0,3.8,1.7,1.3,0.8,1.0,1.8,9.5,,2021,0
198.0,Eric Paschall,24.0,GSW,PF,40.0,2.0,17.4,3.7,7.5,0.497,0.5,1.4,0.333,3.3,6.1,0.533,0.527,1.7,2.4,0.713,0.7,2.5,3.2,1.3,0.3,0.2,1.1,1.7,9.5,,2021,0
199.0,Trevor Ariza,35.0,MIA,SF,30.0,27.0,28.0,3.3,8.0,0.411,1.7,4.8,0.35,1.6,3.3,0.5,0.515,1.1,1.5,0.773,0.9,3.9,4.8,1.8,1.0,0.6,0.7,1.8,9.4,,2021,0
200.0,Cody Zeller,28.0,CHO,C,48.0,21.0,20.9,3.8,6.8,0.559,0.1,0.6,0.143,3.7,6.2,0.598,0.565,1.8,2.5,0.714,2.5,4.4,6.8,1.8,0.6,0.4,1.1,2.5,9.4,,2021,0
201.0,KJ Martin,20.0,HOU,SF,45.0,8.0,23.7,3.6,7.1,0.509,0.8,2.1,0.365,2.8,4.9,0.572,0.564,1.3,1.9,0.714,1.6,3.8,5.4,1.1,0.7,0.9,0.8,2.0,9.3,,2021,0
202.0,Larry Nance Jr.,28.0,CLE,PF,35.0,27.0,31.2,3.7,7.8,0.471,1.2,3.3,0.36,2.5,4.5,0.551,0.546,0.9,1.4,0.612,1.5,5.2,6.7,3.1,1.7,0.5,1.6,2.1,9.3,,2021,0
203.0,Landry Shamet,23.0,BRK,SG,61.0,12.0,23.0,3.0,7.5,0.408,2.1,5.5,0.387,0.9,2.0,0.463,0.549,1.1,1.3,0.846,0.2,1.7,1.8,1.6,0.5,0.2,0.8,1.5,9.3,,2021,0
204.0,Desmond Bane,22.0,MEM,SG,68.0,17.0,22.3,3.4,7.3,0.469,1.7,4.0,0.432,1.7,3.4,0.513,0.586,0.6,0.7,0.816,0.5,2.6,3.1,1.7,0.6,0.2,0.9,1.8,9.2,,2021,0
205.0,Josh Hart,25.0,NOP,SF,47.0,4.0,28.7,3.2,7.3,0.439,1.3,4.1,0.326,1.9,3.2,0.583,0.531,1.5,1.9,0.775,1.1,6.9,8.0,2.3,0.8,0.3,1.0,2.4,9.2,,2021,0
206.0,David Nwaba,28.0,HOU,SF,30.0,9.0,22.6,3.5,7.3,0.486,0.6,2.1,0.27,3.0,5.2,0.574,0.525,1.6,2.3,0.691,1.3,2.6,3.9,1.0,1.0,0.7,0.6,2.0,9.2,,2021,0
207.0,Patrick Williams,19.0,CHI,PF,71.0,71.0,27.9,3.6,7.4,0.483,0.8,1.9,0.391,2.8,5.5,0.515,0.534,1.3,1.8,0.728,0.9,3.7,4.6,1.4,0.9,0.6,1.4,1.8,9.2,,2021,0
208.0,Furkan Korkmaz,23.0,PHI,SG,55.0,11.0,19.3,3.1,7.7,0.401,1.8,4.9,0.375,1.3,2.8,0.445,0.52,1.1,1.5,0.732,0.3,1.7,2.1,1.5,0.9,0.2,0.8,1.2,9.1,,2021,0
209.0,De'Anthony Melton,22.0,MEM,PG,52.0,1.0,20.1,3.3,7.6,0.438,1.7,4.1,0.412,1.6,3.5,0.467,0.548,0.8,1.0,0.804,0.6,2.5,3.1,2.5,1.2,0.6,1.3,1.6,9.1,,2021,0
210.0,Talen Horton-Tucker,20.0,LAL,SG,65.0,4.0,20.1,3.4,7.5,0.458,0.6,2.0,0.282,2.9,5.5,0.522,0.496,1.5,2.0,0.775,0.4,2.2,2.6,2.8,1.0,0.3,1.6,2.0,9.0,,2021,0
211.0,Robin Lopez,32.0,WAS,C,71.0,9.0,19.1,3.8,6.0,0.633,0.1,0.3,0.278,3.7,5.7,0.649,0.639,1.4,1.9,0.723,2.0,1.8,3.8,0.8,0.2,0.6,1.1,1.5,9.0,,2021,0
212.0,Paul Millsap,35.0,DEN,PF,56.0,36.0,20.8,3.4,7.2,0.476,0.9,2.6,0.343,2.5,4.6,0.55,0.537,1.3,1.8,0.724,1.4,3.3,4.7,1.8,0.9,0.6,0.9,2.0,9.0,,2021,0
213.0,Jaylen Nowell,21.0,MIN,SG,42.0,0.0,18.1,3.4,8.0,0.424,1.2,3.6,0.333,2.2,4.4,0.497,0.499,1.1,1.3,0.818,0.5,1.8,2.3,1.5,0.5,0.3,0.7,1.7,9.0,,2021,0
214.0,Ivica Zubac,23.0,LAC,C,72.0,33.0,22.3,3.6,5.5,0.652,0.0,0.1,0.25,3.6,5.4,0.656,0.654,1.9,2.4,0.789,2.6,4.6,7.2,1.3,0.3,0.9,1.1,2.6,9.0,,2021,0
215.0,DeMarcus Cousins,30.0,2TM,C,41.0,11.0,17.4,3.2,7.4,0.426,1.1,3.3,0.348,2.0,4.1,0.488,0.503,1.4,2.0,0.728,1.3,5.1,6.4,1.9,0.8,0.6,1.6,2.6,8.9,,2021,0
215.0,DeMarcus Cousins,30.0,HOU,C,25.0,11.0,20.2,3.2,8.4,0.376,1.6,4.6,0.336,1.6,3.8,0.426,0.469,1.8,2.4,0.746,1.2,6.4,7.6,2.4,0.8,0.7,1.6,3.0,9.6,,2021,0
215.0,DeMarcus Cousins,30.0,LAC,C,16.0,0.0,12.9,3.2,5.9,0.537,0.5,1.2,0.421,2.7,4.8,0.566,0.579,0.9,1.4,0.682,1.4,3.1,4.5,1.0,0.8,0.4,1.6,2.1,7.8,,2021,0
216.0,Bruce Brown,24.0,BRK,PG,65.0,37.0,22.3,3.6,6.5,0.556,0.3,0.9,0.288,3.4,5.6,0.599,0.576,1.3,1.8,0.735,1.7,3.7,5.4,1.6,0.9,0.4,0.8,2.2,8.8,,2021,0
217.0,Michael Carter-Williams,29.0,ORL,SG,31.0,25.0,25.8,3.4,8.7,0.389,0.5,2.0,0.246,2.9,6.7,0.431,0.417,1.6,2.6,0.613,1.3,3.2,4.5,4.2,0.8,0.5,2.2,2.6,8.8,,2021,0
218.0,Danuel House Jr.,27.0,HOU,SF,36.0,23.0,25.9,3.1,7.6,0.404,1.5,4.3,0.346,1.6,3.2,0.483,0.504,1.1,1.8,0.651,0.5,3.2,3.7,1.9,0.6,0.4,1.0,1.9,8.8,,2021,0
219.0,Jay Scrubb,20.0,LAC,SG,4.0,1.0,21.0,3.5,9.0,0.389,0.5,2.3,0.222,3.0,6.8,0.444,0.417,1.3,1.3,1.0,0.5,3.0,3.5,0.3,1.0,0.0,1.8,1.3,8.8,,2021,0
220.0,George Hill,34.0,2TM,PG,30.0,17.0,22.4,3.2,6.6,0.482,1.0,2.7,0.388,2.1,3.9,0.547,0.561,1.3,1.7,0.8,0.5,1.5,2.0,2.4,0.8,0.2,1.0,1.0,8.7,,2021,0
220.0,George Hill,34.0,OKC,PG,14.0,14.0,26.4,4.4,8.6,0.508,1.6,4.1,0.386,2.8,4.5,0.619,0.6,1.5,1.8,0.84,0.6,1.5,2.1,3.1,0.9,0.1,0.9,0.9,11.8,,2021,0
220.0,George Hill,34.0,PHI,PG,16.0,3.0,18.9,2.1,4.8,0.442,0.6,1.4,0.391,1.6,3.4,0.463,0.5,1.2,1.6,0.76,0.5,1.5,2.0,1.9,0.7,0.2,1.2,1.2,6.0,,2021,0
221.0,Terence Davis,23.0,2TM,SG,61.0,4.0,17.6,3.2,7.5,0.428,1.6,4.4,0.367,1.6,3.1,0.513,0.535,0.7,0.9,0.818,0.3,2.2,2.5,1.4,0.7,0.2,1.0,1.6,8.7,,2021,0
221.0,Terence Davis,23.0,TOR,SG,34.0,4.0,14.5,2.6,6.2,0.414,1.3,3.6,0.361,1.3,2.6,0.489,0.519,0.5,0.5,0.889,0.3,1.7,1.9,1.1,0.5,0.2,0.9,1.4,6.9,,2021,0
221.0,Terence Davis,23.0,SAC,SG,27.0,0.0,21.5,4.0,9.1,0.439,2.0,5.4,0.372,2.0,3.7,0.535,0.549,1.1,1.4,0.784,0.4,2.9,3.3,1.7,1.0,0.3,1.3,1.8,11.1,,2021,0
222.0,Raul Neto,28.0,WAS,PG,64.0,22.0,21.9,3.3,7.0,0.468,1.0,2.6,0.39,2.3,4.4,0.512,0.539,1.2,1.3,0.882,0.4,2.0,2.4,2.3,1.1,0.1,0.8,1.7,8.7,,2021,0
223.0,Isaiah Roby,22.0,OKC,PF,61.0,34.0,23.4,3.4,7.0,0.483,0.5,1.8,0.294,2.9,5.2,0.547,0.52,1.4,1.9,0.744,1.5,4.1,5.6,1.8,0.9,0.6,1.9,2.7,8.7,,2021,0
224.0,Dario Šarić,26.0,PHO,C,50.0,4.0,17.4,3.1,6.8,0.447,0.9,2.7,0.348,2.1,4.1,0.512,0.516,1.7,2.0,0.848,0.9,2.9,3.8,1.3,0.6,0.1,1.1,1.9,8.7,,2021,0
225.0,Moses Brown,21.0,OKC,C,43.0,32.0,21.4,3.4,6.2,0.545,0.0,0.0,,3.4,6.2,0.545,0.545,1.8,2.9,0.619,3.6,5.3,8.9,0.2,0.7,1.1,1.0,2.2,8.6,,2021,0
226.0,T.J. McConnell,28.0,IND,PG,69.0,3.0,26.0,4.0,7.1,0.559,0.2,0.7,0.313,3.8,6.4,0.586,0.574,0.5,0.7,0.688,0.8,2.9,3.7,6.6,1.9,0.3,2.0,1.6,8.6,6MOY-11,2021,0
227.0,Jakob Poeltl,25.0,SAS,C,69.0,51.0,26.7,3.8,6.2,0.616,0.0,0.0,,3.8,6.2,0.616,0.616,0.9,1.8,0.508,3.2,4.8,7.9,1.9,0.7,1.8,1.2,2.5,8.6,,2021,0
228.0,Ricky Rubio,30.0,MIN,PG,68.0,51.0,26.1,2.8,7.3,0.388,1.0,3.1,0.308,1.9,4.2,0.447,0.454,1.9,2.2,0.867,0.4,2.9,3.3,6.4,1.4,0.1,1.6,2.0,8.6,,2021,0
229.0,Svi Mykhailiuk,23.0,2TM,SF,66.0,14.0,20.1,3.2,7.7,0.411,1.6,4.8,0.334,1.6,2.9,0.536,0.515,0.6,0.8,0.76,0.4,2.1,2.5,1.7,0.8,0.2,1.3,1.0,8.5,,2021,0
229.0,Svi Mykhailiuk,23.0,DET,SF,36.0,5.0,17.6,2.3,6.2,0.377,1.6,4.8,0.333,0.8,1.4,0.519,0.504,0.7,0.8,0.8,0.3,1.8,2.1,1.6,0.8,0.2,1.1,0.9,6.9,,2021,0
229.0,Svi Mykhailiuk,23.0,OKC,SF,30.0,9.0,23.0,4.1,9.4,0.438,1.6,4.8,0.336,2.5,4.7,0.543,0.523,0.5,0.7,0.7,0.4,2.5,3.0,1.8,0.8,0.2,1.6,1.0,10.3,,2021,0
230.0,Robert Covington,30.0,POR,PF,70.0,70.0,32.0,2.9,7.3,0.401,1.9,5.1,0.379,1.0,2.2,0.451,0.533,0.7,0.9,0.806,0.9,5.8,6.7,1.7,1.4,1.2,0.9,2.8,8.5,,2021,0
231.0,Gabriel Deck,25.0,OKC,PF,10.0,0.0,21.2,3.2,6.7,0.478,0.2,1.5,0.133,3.0,5.2,0.577,0.493,1.8,2.2,0.818,1.6,2.4,4.0,2.4,0.8,0.0,0.6,0.9,8.4,,2021,0
232.0,James Ennis III,30.0,ORL,SF,41.0,37.0,24.0,2.8,5.9,0.473,1.1,2.5,0.433,1.7,3.4,0.504,0.566,1.7,2.1,0.805,1.0,3.0,4.0,1.5,0.8,0.2,0.9,2.0,8.4,,2021,0
233.0,Cameron Payne,26.0,PHO,PG,60.0,1.0,18.0,3.2,6.6,0.484,1.2,2.8,0.44,2.0,3.8,0.515,0.576,0.8,0.9,0.893,0.3,2.1,2.4,3.6,0.6,0.3,1.0,1.6,8.4,,2021,0
234.0,Luke Kennard,24.0,LAC,SG,63.0,17.0,19.6,3.1,6.6,0.476,1.6,3.6,0.446,1.5,3.0,0.511,0.597,0.4,0.5,0.839,0.2,2.3,2.6,1.7,0.4,0.1,0.8,1.4,8.3,,2021,0
235.0,Mitchell Robinson,22.0,NYK,C,31.0,29.0,27.5,3.7,5.7,0.653,0.0,0.0,,3.7,5.7,0.653,0.653,0.8,1.7,0.491,3.6,4.5,8.1,0.5,1.1,1.5,0.8,2.8,8.3,,2021,0
236.0,Cory Joseph,29.0,2TM,PG,63.0,13.0,23.0,3.2,6.8,0.469,0.7,2.1,0.341,2.5,4.7,0.527,0.522,1.1,1.4,0.818,0.6,2.0,2.5,3.4,1.0,0.3,1.3,2.2,8.2,,2021,0
236.0,Cory Joseph,29.0,SAC,PG,44.0,2.0,21.5,2.5,5.7,0.444,0.7,2.1,0.33,1.8,3.5,0.513,0.506,0.8,1.1,0.766,0.6,1.7,2.3,2.5,0.9,0.2,1.0,2.2,6.6,,2021,0
236.0,Cory Joseph,29.0,DET,PG,19.0,11.0,26.4,4.7,9.3,0.506,0.7,2.0,0.368,3.9,7.3,0.543,0.545,1.9,2.2,0.878,0.5,2.6,3.2,5.5,1.2,0.5,1.8,2.2,12.0,,2021,0
237.0,Sterling Brown,25.0,HOU,SG,51.0,14.0,24.1,2.9,6.6,0.448,1.8,4.2,0.423,1.2,2.4,0.492,0.584,0.5,0.6,0.806,0.7,3.6,4.4,1.4,0.7,0.2,0.8,1.9,8.2,,2021,0
238.0,Aleksej Pokusevski,19.0,OKC,PF,45.0,28.0,24.2,3.1,9.1,0.341,1.3,4.6,0.28,1.8,4.5,0.403,0.412,0.7,0.9,0.738,0.7,4.0,4.7,2.2,0.4,0.9,2.2,1.3,8.2,,2021,0
239.0,Nicolas Batum,32.0,LAC,SF,67.0,38.0,27.4,2.9,6.1,0.464,1.6,4.1,0.404,1.2,2.1,0.579,0.597,0.7,0.9,0.828,0.7,4.0,4.7,2.2,1.0,0.6,0.8,1.5,8.1,,2021,0
240.0,JaMychal Green,30.0,DEN,PF,58.0,5.0,19.3,3.0,6.4,0.463,1.4,3.4,0.399,1.6,3.0,0.534,0.568,0.8,1.0,0.807,1.5,3.3,4.8,0.9,0.4,0.4,0.9,2.5,8.1,,2021,0
241.0,Hassan Whiteside,31.0,SAC,C,36.0,4.0,15.2,3.5,6.2,0.563,0.0,0.0,0.0,3.5,6.2,0.565,0.563,1.1,2.2,0.519,1.7,4.3,6.0,0.6,0.3,1.3,1.1,2.0,8.1,,2021,0
242.0,Mo Bamba,22.0,ORL,C,46.0,5.0,15.8,3.1,6.5,0.472,0.8,2.6,0.322,2.3,4.0,0.568,0.535,1.0,1.4,0.682,1.7,4.1,5.8,0.8,0.3,1.3,0.8,1.9,8.0,,2021,0
243.0,Tyrese Maxey,20.0,PHI,SG,61.0,8.0,15.3,3.2,7.0,0.462,0.5,1.7,0.301,2.7,5.3,0.512,0.498,1.0,1.1,0.871,0.2,1.5,1.7,2.0,0.4,0.2,0.7,1.3,8.0,,2021,0
244.0,Kenrich Williams,26.0,OKC,PF,66.0,13.0,21.6,3.3,6.2,0.533,0.8,1.8,0.444,2.5,4.5,0.568,0.596,0.5,1.0,0.571,1.3,2.9,4.1,2.3,0.8,0.3,1.2,2.2,8.0,,2021,0
245.0,Robert Williams,23.0,BOS,C,52.0,13.0,18.9,3.6,5.0,0.721,0.0,0.0,0.0,3.6,4.9,0.727,0.721,0.9,1.4,0.616,2.6,4.3,6.9,1.8,0.8,1.8,1.0,2.0,8.0,,2021,0
246.0,Austin Rivers,28.0,2TM,SG,36.0,7.0,23.5,2.9,6.8,0.424,1.5,4.1,0.369,1.4,2.7,0.51,0.537,0.6,0.9,0.71,0.2,2.1,2.3,2.3,0.8,0.1,1.0,1.8,7.9,,2021,0
246.0,Austin Rivers,28.0,NYK,SG,21.0,2.0,21.0,2.8,6.4,0.43,1.3,3.7,0.364,1.4,2.8,0.517,0.533,0.5,0.7,0.714,0.2,2.0,2.2,2.0,0.6,0.0,1.0,1.5,7.3,,2021,0
246.0,Austin Rivers,28.0,DEN,SG,15.0,5.0,26.9,3.1,7.3,0.418,1.8,4.8,0.375,1.3,2.5,0.5,0.541,0.8,1.1,0.706,0.2,2.1,2.3,2.6,1.2,0.1,0.9,2.1,8.7,,2021,0
247.0,Isaiah Stewart,19.0,DET,C,68.0,14.0,21.4,3.3,6.0,0.553,0.3,0.9,0.333,3.0,5.1,0.592,0.578,0.9,1.4,0.696,2.3,4.3,6.7,0.9,0.6,1.3,1.0,2.7,7.9,,2021,0
248.0,Willy Hernangómez,26.0,NOP,C,47.0,12.0,18.0,3.2,5.7,0.563,0.0,0.2,0.1,3.2,5.5,0.581,0.565,1.3,2.0,0.667,2.5,4.6,7.1,1.1,0.5,0.5,0.7,1.4,7.8,,2021,0
249.0,Chuma Okeke,22.0,ORL,PF,45.0,19.0,25.2,3.0,7.2,0.417,1.1,3.1,0.348,1.9,4.1,0.47,0.492,0.7,0.9,0.75,0.9,3.1,4.0,2.2,1.1,0.5,0.8,1.1,7.8,,2021,0
250.0,Anfernee Simons,21.0,POR,SG,64.0,0.0,17.3,2.6,6.3,0.419,1.9,4.4,0.426,0.8,1.9,0.403,0.569,0.7,0.9,0.807,0.2,2.0,2.2,1.4,0.3,0.1,0.7,1.5,7.8,,2021,0
251.0,D.J. Augustin,33.0,2TM,PG,57.0,12.0,19.8,2.4,6.0,0.394,1.5,3.8,0.382,0.9,2.2,0.413,0.515,1.5,1.6,0.904,0.4,1.3,1.6,3.3,0.5,0.0,1.1,1.0,7.7,,2021,0
251.0,D.J. Augustin,33.0,MIL,PG,37.0,6.0,19.3,1.9,5.2,0.37,1.3,3.5,0.38,0.6,1.7,0.349,0.497,1.0,1.1,0.9,0.3,1.1,1.4,3.0,0.5,0.0,0.9,0.9,6.1,,2021,0
251.0,D.J. Augustin,33.0,HOU,PG,20.0,6.0,20.8,3.2,7.6,0.424,1.7,4.4,0.386,1.5,3.2,0.476,0.536,2.5,2.7,0.907,0.5,1.8,2.2,3.9,0.4,0.0,1.6,1.2,10.6,,2021,0
252.0,Ben McLemore,27.0,2TM,SG,53.0,5.0,17.1,2.5,6.9,0.37,1.8,5.3,0.346,0.7,1.6,0.447,0.503,0.7,1.0,0.736,0.3,1.6,1.9,0.7,0.4,0.2,0.8,1.7,7.7,,2021,0
252.0,Ben McLemore,27.0,HOU,SG,32.0,4.0,16.8,2.5,7.0,0.357,1.7,5.2,0.331,0.8,1.8,0.431,0.48,0.7,1.0,0.719,0.3,1.7,2.1,0.9,0.6,0.1,0.9,1.6,7.4,,2021,0
252.0,Ben McLemore,27.0,LAL,SG,21.0,1.0,17.5,2.6,6.7,0.39,2.0,5.4,0.368,0.6,1.3,0.481,0.539,0.8,1.0,0.762,0.2,1.4,1.6,0.5,0.1,0.3,0.7,1.8,8.0,,2021,0
253.0,PJ Dozier,24.0,DEN,SG,50.0,6.0,21.8,3.0,7.1,0.417,0.9,3.0,0.315,2.0,4.1,0.49,0.483,0.8,1.3,0.636,0.7,2.9,3.6,1.8,0.6,0.4,0.9,1.7,7.7,,2021,0
254.0,Mike James,30.0,BRK,PG,13.0,1.0,18.2,2.6,7.1,0.37,0.8,2.4,0.355,1.8,4.7,0.377,0.429,1.6,2.1,0.778,0.2,2.2,2.5,4.2,0.5,0.1,1.5,0.8,7.7,,2021,0
255.0,Naji Marshall,23.0,NOP,SF,32.0,10.0,21.9,2.6,6.5,0.392,0.9,2.6,0.349,1.7,3.9,0.421,0.462,1.7,2.3,0.707,0.5,4.2,4.6,2.8,0.8,0.3,1.2,1.8,7.7,,2021,0
256.0,Payton Pritchard,23.0,BOS,SG,66.0,4.0,19.2,2.8,6.3,0.44,1.5,3.8,0.411,1.2,2.6,0.482,0.562,0.6,0.7,0.889,0.5,1.9,2.4,1.8,0.6,0.1,0.8,1.6,7.7,,2021,0
257.0,Tomáš Satoranský,29.0,CHI,SG,58.0,18.0,22.5,2.9,5.7,0.514,0.7,2.0,0.356,2.2,3.6,0.602,0.578,1.2,1.4,0.848,0.5,1.9,2.4,4.7,0.7,0.2,1.7,1.5,7.7,,2021,0
258.0,Isaiah Thomas,31.0,NOP,PG,3.0,0.0,16.0,3.0,9.0,0.333,1.0,4.0,0.25,2.0,5.0,0.4,0.389,0.7,0.7,1.0,0.3,1.0,1.3,1.7,0.3,0.0,2.0,1.0,7.7,,2021,0
259.0,Steven Adams,27.0,NOP,C,58.0,58.0,27.7,3.3,5.3,0.614,0.0,0.1,0.0,3.3,5.3,0.62,0.614,1.0,2.3,0.444,3.7,5.2,8.9,1.9,0.9,0.7,1.3,1.9,7.6,,2021,0
260.0,Garrett Temple,34.0,CHI,SG,56.0,25.0,27.3,2.8,6.8,0.415,1.2,3.6,0.335,1.6,3.2,0.503,0.503,0.7,0.9,0.8,0.5,2.3,2.9,2.2,0.8,0.5,1.0,2.3,7.6,,2021,0
261.0,Tristan Thompson,29.0,BOS,C,54.0,43.0,23.8,3.1,6.0,0.518,0.0,0.1,0.0,3.1,6.0,0.523,0.518,1.3,2.2,0.592,3.1,5.0,8.1,1.2,0.4,0.6,1.1,2.2,7.6,,2021,0
262.0,Patrick Beverley,32.0,LAC,PG,37.0,34.0,22.5,2.5,5.9,0.423,1.5,3.8,0.397,1.0,2.1,0.468,0.55,1.0,1.2,0.8,0.8,2.4,3.2,2.1,0.8,0.8,0.9,2.9,7.5,,2021,0
263.0,Henry Ellenson,24.0,TOR,PF,2.0,0.0,19.0,2.5,7.0,0.357,1.0,4.5,0.222,1.5,2.5,0.6,0.429,1.5,2.0,0.75,1.5,4.5,6.0,2.5,0.0,0.0,0.0,3.5,7.5,,2021,0
264.0,Malachi Flynn,22.0,TOR,PG,47.0,14.0,19.7,2.7,7.2,0.374,1.1,3.6,0.321,1.6,3.7,0.424,0.453,1.0,1.2,0.804,0.2,2.3,2.5,2.9,0.8,0.1,0.9,1.4,7.5,,2021,0
265.0,Jaxson Hayes,20.0,NOP,C,60.0,3.0,16.1,2.9,4.7,0.625,0.1,0.2,0.429,2.8,4.4,0.635,0.636,1.6,2.0,0.775,1.5,2.8,4.3,0.6,0.4,0.6,0.7,1.7,7.5,,2021,0
266.0,DeAndre Jordan,32.0,BRK,C,57.0,43.0,21.9,3.3,4.4,0.763,0.0,0.0,0.0,3.3,4.4,0.766,0.763,0.8,1.6,0.5,2.1,5.4,7.5,1.6,0.3,1.1,1.5,2.0,7.5,,2021,0
267.0,Edmond Sumner,25.0,IND,SG,53.0,24.0,16.2,2.8,5.3,0.525,0.7,1.7,0.398,2.1,3.7,0.582,0.587,1.3,1.6,0.819,0.3,1.4,1.8,0.9,0.6,0.2,1.0,1.7,7.5,,2021,0
268.0,JJ Redick,36.0,2TM,SG,44.0,0.0,16.4,2.4,6.1,0.397,1.5,4.0,0.371,0.9,2.0,0.449,0.521,1.1,1.2,0.942,0.1,1.4,1.5,1.2,0.3,0.1,0.8,1.1,7.4,,2021,0
268.0,JJ Redick,36.0,NOP,SG,31.0,0.0,18.6,2.8,6.9,0.407,1.6,4.5,0.364,1.2,2.4,0.486,0.526,1.5,1.5,0.957,0.1,1.6,1.7,1.3,0.3,0.1,0.8,1.2,8.7,,2021,0
268.0,JJ Redick,36.0,DAL,SG,13.0,0.0,11.3,1.5,4.1,0.358,1.2,2.9,0.395,0.3,1.2,0.267,0.5,0.3,0.4,0.8,0.1,0.8,0.9,0.8,0.2,0.1,0.8,1.0,4.4,,2021,0
269.0,Jalen Harris,22.0,TOR,SG,13.0,2.0,13.2,2.8,5.5,0.5,1.3,2.8,0.472,1.5,2.8,0.528,0.618,0.5,0.7,0.778,0.2,1.2,1.4,1.3,0.6,0.0,1.1,1.2,7.4,,2021,0
270.0,Jalen McDaniels,23.0,CHO,SF,47.0,18.0,19.2,2.8,6.0,0.468,0.7,2.2,0.333,2.1,3.8,0.547,0.53,1.0,1.4,0.703,1.0,2.6,3.6,1.1,0.6,0.4,1.0,2.0,7.4,,2021,0
271.0,JaVale McGee,33.0,2TM,C,46.0,2.0,14.7,3.1,6.1,0.511,0.1,0.5,0.208,3.0,5.6,0.539,0.52,1.0,1.5,0.657,1.7,3.5,5.2,0.8,0.4,1.2,1.3,2.6,7.3,,2021,0
271.0,JaVale McGee,33.0,CLE,C,33.0,1.0,15.2,3.4,6.5,0.521,0.2,0.6,0.25,3.2,5.9,0.549,0.533,1.1,1.7,0.655,1.6,3.5,5.2,1.0,0.5,1.2,1.4,2.4,8.0,,2021,0
271.0,JaVale McGee,33.0,DEN,C,13.0,1.0,13.5,2.5,5.2,0.478,0.0,0.3,0.0,2.5,4.8,0.508,0.478,0.6,0.9,0.667,1.8,3.5,5.3,0.5,0.2,1.1,1.2,3.2,5.5,,2021,0
272.0,Louis King,21.0,SAC,SF,6.0,1.0,14.2,2.8,5.7,0.5,0.7,1.8,0.364,2.2,3.8,0.565,0.559,1.0,1.0,1.0,0.8,2.2,3.0,1.5,1.2,0.5,0.7,1.5,7.3,,2021,0
273.0,Khem Birch,28.0,2TM,C,67.0,22.0,22.8,2.8,5.7,0.497,0.2,0.8,0.25,2.6,4.9,0.537,0.514,1.4,1.9,0.705,2.6,3.2,5.8,1.3,0.7,0.7,0.7,1.7,7.2,,2021,0
273.0,Khem Birch,28.0,ORL,C,48.0,5.0,19.8,2.0,4.4,0.45,0.1,0.4,0.19,1.9,3.9,0.479,0.459,1.3,1.8,0.741,2.4,2.6,5.1,1.1,0.7,0.6,0.5,1.4,5.3,,2021,0
273.0,Khem Birch,28.0,TOR,C,19.0,17.0,30.4,5.0,9.0,0.556,0.5,1.6,0.29,4.5,7.4,0.614,0.582,1.5,2.3,0.636,3.0,4.6,7.6,1.9,0.8,1.2,1.1,2.4,11.9,,2021,0
274.0,James Johnson,33.0,2TM,PF,51.0,12.0,20.5,2.9,6.4,0.446,0.6,2.4,0.258,2.3,4.1,0.556,0.494,0.9,1.5,0.592,0.6,2.8,3.5,1.9,0.8,0.8,1.1,2.4,7.2,,2021,0
274.0,James Johnson,33.0,DAL,PF,29.0,1.0,17.4,2.3,5.0,0.462,0.5,2.1,0.25,1.8,2.9,0.612,0.514,0.6,1.0,0.586,0.5,2.5,3.0,1.7,0.8,0.8,0.9,2.0,5.7,,2021,0
274.0,James Johnson,33.0,NOP,PF,22.0,11.0,24.5,3.6,8.3,0.434,0.7,2.7,0.267,2.9,5.5,0.516,0.478,1.3,2.1,0.596,0.8,3.3,4.1,2.2,0.8,0.9,1.3,2.8,9.2,,2021,0
275.0,Justin Jackson,25.0,2TM,SF,34.0,3.0,17.0,2.6,6.5,0.403,1.1,3.4,0.308,1.6,3.1,0.51,0.484,0.9,1.1,0.838,0.5,1.8,2.3,1.5,0.4,0.1,0.9,0.9,7.2,,2021,0
275.0,Justin Jackson,25.0,OKC,SF,33.0,3.0,16.5,2.6,6.4,0.406,1.0,3.4,0.306,1.6,3.1,0.515,0.486,0.9,1.1,0.857,0.4,1.7,2.2,1.5,0.5,0.1,0.9,0.9,7.2,,2021,0
275.0,Justin Jackson,25.0,MIL,SF,1.0,0.0,33.0,3.0,9.0,0.333,2.0,6.0,0.333,1.0,3.0,0.333,0.444,1.0,2.0,0.5,2.0,4.0,6.0,1.0,0.0,0.0,1.0,1.0,9.0,,2021,0
276.0,Kent Bazemore,31.0,GSW,SF,67.0,18.0,19.9,2.6,5.9,0.449,1.1,2.7,0.408,1.5,3.1,0.486,0.545,0.8,1.2,0.692,0.4,3.0,3.4,1.6,1.0,0.5,1.2,2.4,7.2,,2021,0
277.0,Juancho Hernangómez,25.0,MIN,PF,52.0,6.0,17.3,2.5,5.8,0.435,1.1,3.2,0.327,1.4,2.5,0.573,0.527,1.2,1.9,0.619,0.9,3.1,3.9,0.7,0.4,0.1,0.5,1.0,7.2,,2021,0
278.0,Aaron Holiday,24.0,IND,PG,66.0,8.0,17.8,2.6,6.6,0.39,1.0,2.8,0.368,1.6,3.8,0.406,0.467,1.0,1.3,0.819,0.2,1.1,1.3,1.9,0.7,0.2,1.0,1.4,7.2,,2021,0
279.0,Tony Bradley,23.0,2TM,C,42.0,8.0,16.3,3.1,4.7,0.665,0.0,0.1,0.0,3.1,4.6,0.675,0.665,0.9,1.3,0.691,2.0,3.7,5.7,0.9,0.4,0.7,0.8,1.5,7.1,,2021,0
279.0,Tony Bradley,23.0,PHI,C,20.0,8.0,14.4,2.6,3.8,0.68,0.0,0.1,0.0,2.6,3.7,0.689,0.68,0.4,0.6,0.636,2.0,3.3,5.2,0.9,0.3,0.7,0.3,1.4,5.5,,2021,0
279.0,Tony Bradley,23.0,OKC,C,22.0,0.0,18.0,3.6,5.5,0.656,0.0,0.1,0.0,3.6,5.5,0.667,0.656,1.4,2.0,0.705,2.1,4.0,6.1,0.9,0.4,0.8,1.2,1.5,8.7,,2021,0
280.0,Dewayne Dedmon,31.0,MIA,C,16.0,0.0,13.1,2.9,4.1,0.708,0.1,0.3,0.2,2.8,3.8,0.75,0.715,1.3,1.7,0.741,1.8,3.6,5.4,0.8,0.6,0.4,0.8,2.3,7.1,,2021,0
281.0,Maxi Kleber,29.0,DAL,PF,50.0,40.0,26.8,2.3,5.5,0.422,1.7,4.2,0.41,0.6,1.3,0.46,0.58,0.7,0.7,0.919,0.9,4.3,5.2,1.4,0.5,0.7,0.6,2.1,7.1,,2021,0
282.0,Ignas Brazdeikis,22.0,3TM,SF,13.0,0.0,19.2,2.7,6.4,0.422,0.8,2.2,0.393,1.8,4.2,0.436,0.488,0.8,1.1,0.714,0.8,2.6,3.5,1.3,0.3,0.2,0.9,1.7,7.0,,2021,0
282.0,Ignas Brazdeikis,22.0,NYK,SF,4.0,0.0,1.8,0.0,0.3,0.0,0.0,0.0,,0.0,0.3,0.0,0.0,0.5,0.5,1.0,0.3,0.3,0.5,0.3,0.0,0.0,0.3,0.0,0.5,,2021,0
282.0,Ignas Brazdeikis,22.0,PHI,SF,1.0,0.0,8.0,0.0,3.0,0.0,0.0,1.0,0.0,0.0,2.0,0.0,0.0,0.0,0.0,,0.0,2.0,2.0,0.0,0.0,0.0,0.0,0.0,0.0,,2021,0
282.0,Ignas Brazdeikis,22.0,ORL,SF,8.0,0.0,29.3,4.4,9.9,0.443,1.4,3.4,0.407,3.0,6.5,0.462,0.513,1.0,1.5,0.667,1.3,3.9,5.1,2.0,0.5,0.4,1.4,2.8,11.1,,2021,0
283.0,Daniel Gafford,22.0,2TM,C,54.0,11.0,14.6,2.9,4.2,0.684,0.0,0.0,,2.9,4.2,0.684,0.684,1.3,2.0,0.667,1.7,2.5,4.3,0.5,0.5,1.4,0.8,1.8,7.0,,2021,0
283.0,Daniel Gafford,22.0,CHI,C,31.0,11.0,12.4,1.9,2.8,0.69,0.0,0.0,,1.9,2.8,0.69,0.69,0.9,1.3,0.659,1.4,1.9,3.3,0.5,0.4,1.1,0.7,1.7,4.7,,2021,0
283.0,Daniel Gafford,22.0,WAS,C,23.0,0.0,17.7,4.1,6.0,0.681,0.0,0.0,,4.1,6.0,0.681,0.681,2.0,2.9,0.672,2.2,3.4,5.6,0.5,0.7,1.8,0.8,1.9,10.1,,2021,0
284.0,Draymond Green,30.0,GSW,PF,63.0,63.0,31.5,2.7,6.0,0.447,0.5,2.0,0.27,2.2,4.0,0.535,0.492,1.1,1.4,0.795,0.9,6.3,7.1,8.9,1.7,0.8,3.0,3.1,7.0,"DPOY-3,DEF1",2021,0
285.0,Dwight Howard,35.0,PHI,C,69.0,6.0,17.3,2.6,4.4,0.587,0.1,0.3,0.25,2.5,4.1,0.611,0.596,1.8,3.0,0.576,2.8,5.7,8.4,0.9,0.4,0.9,1.6,2.9,7.0,,2021,0
286.0,Terance Mann,24.0,LAC,SG,67.0,10.0,18.9,2.7,5.2,0.509,0.6,1.4,0.418,2.1,3.9,0.541,0.563,1.2,1.4,0.83,0.8,2.8,3.6,1.6,0.4,0.2,0.6,1.9,7.0,,2021,0
287.0,Royce O'Neale,27.0,UTA,SF,71.0,71.0,31.6,2.5,5.5,0.444,1.5,3.9,0.385,1.0,1.6,0.586,0.58,0.5,0.6,0.848,1.2,5.6,6.8,2.5,0.8,0.5,1.2,2.6,7.0,,2021,0
288.0,R.J. Hampton,19.0,2TM,SG,51.0,1.0,17.4,2.7,6.1,0.435,0.5,1.7,0.31,2.1,4.4,0.482,0.478,1.1,1.6,0.671,0.6,2.9,3.5,1.7,0.4,0.2,1.0,1.2,6.9,,2021,0
288.0,R.J. Hampton,19.0,DEN,SG,25.0,0.0,9.3,1.0,2.4,0.417,0.2,0.7,0.278,0.8,1.7,0.476,0.458,0.4,0.5,0.75,0.4,1.6,2.0,0.6,0.2,0.1,0.4,0.9,2.6,,2021,0
288.0,R.J. Hampton,19.0,ORL,SG,26.0,1.0,25.2,4.3,9.7,0.439,0.8,2.7,0.319,3.4,7.1,0.484,0.482,1.8,2.7,0.657,0.7,4.2,5.0,2.8,0.6,0.3,1.6,1.5,11.2,,2021,0
289.0,Moritz Wagner,23.0,3TM,C,45.0,24.0,16.0,2.3,5.1,0.454,0.7,2.0,0.341,1.6,3.1,0.529,0.522,1.6,1.9,0.816,0.6,2.6,3.2,1.1,0.6,0.4,1.0,2.4,6.9,,2021,0
289.0,Moritz Wagner,23.0,WAS,C,25.0,13.0,15.0,2.5,4.9,0.508,0.5,1.7,0.31,2.0,3.2,0.613,0.561,1.6,2.1,0.788,0.5,2.4,2.9,1.3,0.9,0.3,0.8,2.5,7.1,,2021,0
289.0,Moritz Wagner,23.0,BOS,C,9.0,1.0,6.8,0.4,1.6,0.286,0.2,0.7,0.333,0.2,0.9,0.25,0.357,0.1,0.2,0.5,0.3,1.8,2.1,0.7,0.0,0.1,1.0,1.1,1.2,,2021,0
289.0,Moritz Wagner,23.0,ORL,C,11.0,10.0,26.0,3.5,8.5,0.409,1.5,3.9,0.372,2.0,4.5,0.44,0.495,2.6,3.0,0.879,1.0,3.9,4.9,1.1,0.4,0.8,1.2,3.3,11.0,,2021,0
290.0,Georges Niang,27.0,UTA,PF,72.0,10.0,16.0,2.5,5.6,0.437,1.7,4.1,0.425,0.7,1.6,0.469,0.59,0.3,0.3,0.957,0.4,2.1,2.4,0.8,0.3,0.1,0.7,1.6,6.9,,2021,0
291.0,Gorgui Dieng,31.0,2TM,C,38.0,1.0,14.5,2.2,4.3,0.521,0.8,1.8,0.429,1.4,2.4,0.591,0.613,1.5,1.8,0.866,1.1,2.6,3.7,1.3,0.7,0.4,0.8,1.5,6.8,,2021,0
291.0,Gorgui Dieng,31.0,MEM,C,22.0,1.0,16.9,2.5,4.9,0.519,1.0,2.2,0.479,1.5,2.7,0.55,0.625,1.7,2.0,0.884,1.3,3.2,4.5,1.3,0.8,0.6,1.0,1.7,7.9,,2021,0
291.0,Gorgui Dieng,31.0,SAS,C,16.0,0.0,11.3,1.8,3.4,0.527,0.4,1.4,0.318,1.4,2.1,0.667,0.591,1.3,1.5,0.833,0.8,1.9,2.6,1.2,0.6,0.1,0.6,1.1,5.3,,2021,0
292.0,Pat Connaughton,28.0,MIL,SG,69.0,4.0,22.8,2.4,5.6,0.434,1.5,3.9,0.371,1.0,1.7,0.583,0.565,0.4,0.6,0.775,0.9,3.9,4.8,1.2,0.7,0.3,0.5,1.4,6.8,,2021,0
293.0,Killian Hayes,19.0,DET,PG,26.0,18.0,25.8,2.7,7.7,0.353,0.8,2.8,0.278,2.0,5.0,0.395,0.403,0.5,0.7,0.824,0.2,2.4,2.7,5.3,1.0,0.4,3.2,2.2,6.8,,2021,0
294.0,Derrick Jones Jr.,23.0,POR,SF,58.0,43.0,22.7,2.5,5.2,0.484,0.7,2.3,0.316,1.8,2.9,0.619,0.554,1.0,1.6,0.648,1.3,2.2,3.5,0.8,0.6,0.9,0.6,2.2,6.8,,2021,0
295.0,Jaden McDaniels,20.0,MIN,PF,63.0,27.0,24.0,2.6,5.8,0.447,1.1,3.1,0.364,1.5,2.7,0.544,0.545,0.4,0.7,0.6,0.8,2.9,3.7,1.1,0.6,1.0,0.7,2.7,6.8,,2021,0
296.0,Justise Winslow,24.0,MEM,SF,26.0,1.0,19.5,2.8,8.1,0.352,0.4,2.1,0.185,2.5,6.0,0.41,0.376,0.8,1.3,0.571,0.7,3.8,4.5,1.9,0.6,0.5,1.4,1.8,6.8,,2021,0
297.0,Dennis Smith Jr.,23.0,2TM,PG,23.0,9.0,18.3,2.5,6.3,0.4,0.8,2.5,0.328,1.7,3.8,0.448,0.466,0.8,1.1,0.731,0.5,1.9,2.4,3.3,1.0,0.6,1.1,1.6,6.7,,2021,0
297.0,Dennis Smith Jr.,23.0,NYK,PG,3.0,0.0,9.3,0.7,3.3,0.2,0.0,1.3,0.0,0.7,2.0,0.333,0.2,1.7,2.0,0.833,0.0,0.7,0.7,1.0,1.0,0.0,0.3,1.3,3.0,,2021,0
297.0,Dennis Smith Jr.,23.0,DET,PG,20.0,9.0,19.6,2.8,6.8,0.415,1.0,2.7,0.352,1.9,4.1,0.457,0.485,0.7,1.0,0.7,0.6,2.1,2.7,3.7,1.0,0.7,1.3,1.7,7.3,,2021,0
298.0,Jeff Teague,32.0,2TM,PG,55.0,7.0,17.3,2.2,5.2,0.433,0.7,1.5,0.439,1.6,3.7,0.431,0.496,1.6,1.9,0.848,0.3,1.3,1.6,2.4,0.6,0.2,1.2,1.0,6.7,,2021,0
298.0,Jeff Teague,32.0,BOS,PG,34.0,5.0,18.1,2.3,5.5,0.415,0.8,1.6,0.464,1.5,3.9,0.394,0.484,1.5,1.8,0.836,0.3,1.4,1.7,2.1,0.8,0.2,1.1,1.3,6.9,,2021,0
298.0,Jeff Teague,32.0,MIL,PG,21.0,2.0,15.9,2.1,4.6,0.469,0.5,1.2,0.385,1.7,3.3,0.5,0.521,1.8,2.1,0.864,0.2,1.2,1.5,2.8,0.4,0.2,1.2,0.6,6.6,,2021,0
299.0,Spencer Dinwiddie,27.0,BRK,SG,3.0,3.0,21.3,2.0,5.3,0.375,0.7,2.3,0.286,1.3,3.0,0.444,0.438,2.0,2.0,1.0,0.0,4.3,4.3,3.0,0.7,0.3,1.7,1.3,6.7,,2021,0
300.0,Damyean Dotson,26.0,CLE,SG,46.0,7.0,19.7,2.6,6.4,0.406,1.0,3.5,0.289,1.6,2.9,0.545,0.485,0.5,0.8,0.667,0.1,1.9,2.0,2.0,0.3,0.1,0.9,0.9,6.7,,2021,0
301.0,Markieff Morris,31.0,LAL,PF,61.0,27.0,19.7,2.5,6.2,0.405,1.1,3.4,0.311,1.4,2.8,0.521,0.491,0.6,0.8,0.72,0.8,3.6,4.4,1.2,0.4,0.3,0.9,1.7,6.7,,2021,0
302.0,Abdel Nader,27.0,PHO,SF,24.0,0.0,14.8,2.4,4.8,0.491,0.8,1.8,0.419,1.6,3.0,0.534,0.569,1.2,1.5,0.757,0.3,2.3,2.6,0.8,0.4,0.4,0.8,1.4,6.7,,2021,0
303.0,Ish Smith,32.0,WAS,PG,44.0,1.0,21.0,2.9,6.8,0.434,0.4,1.1,0.367,2.5,5.6,0.448,0.465,0.4,0.8,0.576,0.5,2.9,3.4,3.9,0.7,0.3,0.9,1.4,6.7,,2021,0
304.0,Alex Len,27.0,2TM,C,64.0,42.0,15.3,2.7,4.3,0.615,0.1,0.4,0.32,2.5,4.0,0.644,0.629,1.1,1.8,0.629,1.2,2.8,4.1,0.8,0.3,1.0,0.9,2.0,6.6,,2021,0
304.0,Alex Len,27.0,TOR,C,7.0,2.0,10.9,0.7,1.4,0.5,0.4,0.9,0.5,0.3,0.6,0.5,0.65,0.4,0.9,0.5,0.0,1.6,1.6,0.4,0.1,0.9,1.1,1.4,2.3,,2021,0
304.0,Alex Len,27.0,WAS,C,57.0,40.0,15.8,2.9,4.7,0.619,0.1,0.3,0.263,2.8,4.4,0.647,0.629,1.2,1.9,0.636,1.4,3.0,4.4,0.8,0.3,1.0,0.8,2.1,7.1,,2021,0
305.0,Trey Burke,28.0,DAL,PG,62.0,1.0,14.7,2.4,5.7,0.428,0.9,2.6,0.354,1.5,3.0,0.492,0.51,0.8,0.9,0.895,0.2,0.7,0.9,1.3,0.6,0.1,0.5,1.0,6.6,,2021,0
306.0,Nic Claxton,21.0,BRK,C,32.0,1.0,18.6,2.8,4.5,0.621,0.0,0.2,0.2,2.8,4.4,0.636,0.624,1.0,2.0,0.484,1.3,3.8,5.2,0.9,0.7,1.3,0.6,2.1,6.6,,2021,0
307.0,Frank Kaminsky,27.0,PHO,C,47.0,13.0,15.2,2.6,5.5,0.471,0.7,1.8,0.365,1.9,3.7,0.523,0.531,0.8,1.3,0.617,0.8,3.2,4.0,1.7,0.3,0.4,0.5,1.5,6.6,,2021,0
308.0,Xavier Tillman Sr.,22.0,MEM,PF,59.0,12.0,18.4,2.8,5.1,0.559,0.4,1.1,0.338,2.5,4.0,0.62,0.595,0.6,0.9,0.642,1.3,3.1,4.3,1.3,0.7,0.6,0.8,2.0,6.6,,2021,0
309.0,Nemanja Bjelica,32.0,2TM,PF,37.0,3.0,16.1,2.4,5.3,0.454,0.7,2.3,0.318,1.7,3.0,0.559,0.523,1.0,1.4,0.725,0.8,2.6,3.4,1.9,0.4,0.1,0.9,1.8,6.5,,2021,0
309.0,Nemanja Bjelica,32.0,SAC,PF,26.0,1.0,16.9,2.7,5.8,0.46,0.7,2.2,0.293,2.0,3.5,0.565,0.517,1.2,1.6,0.762,0.9,2.9,3.8,1.9,0.3,0.1,1.1,1.8,7.2,,2021,0
309.0,Nemanja Bjelica,32.0,MIA,PF,11.0,2.0,14.2,1.8,4.2,0.435,0.9,2.5,0.37,0.9,1.7,0.526,0.543,0.5,0.8,0.556,0.5,2.0,2.5,1.8,0.6,0.3,0.5,1.8,5.0,,2021,0
310.0,Marquese Chriss,23.0,GSW,PF,2.0,0.0,13.5,2.5,7.0,0.357,0.5,2.5,0.2,2.0,4.5,0.444,0.393,1.0,2.0,0.5,1.5,5.0,6.5,1.0,0.0,1.0,1.0,1.5,6.5,,2021,0
311.0,Damion Lee,28.0,GSW,SG,57.0,1.0,18.9,2.2,4.8,0.467,1.4,3.4,0.397,0.9,1.4,0.638,0.608,0.7,0.8,0.909,0.4,2.8,3.2,1.3,0.7,0.1,0.5,1.6,6.5,,2021,0
312.0,Chasson Randle,27.0,ORL,PG,41.0,5.0,20.4,2.2,5.8,0.388,1.1,3.2,0.338,1.2,2.6,0.449,0.481,0.9,1.2,0.792,0.2,1.8,2.0,1.8,0.5,0.1,1.1,1.6,6.5,,2021,0
313.0,Denzel Valentine,27.0,CHI,SG,62.0,3.0,16.7,2.5,6.7,0.373,1.3,3.9,0.331,1.2,2.8,0.431,0.469,0.3,0.3,0.941,0.4,2.8,3.2,1.7,0.5,0.1,0.7,1.1,6.5,,2021,0
314.0,Avery Bradley,30.0,2TM,SG,27.0,6.0,22.3,2.4,6.3,0.374,1.2,3.7,0.327,1.1,2.6,0.443,0.471,0.4,0.6,0.8,0.3,1.8,2.1,1.7,0.8,0.1,1.0,2.0,6.4,,2021,0
314.0,Avery Bradley,30.0,MIA,SG,10.0,1.0,21.1,3.1,6.6,0.47,1.6,3.8,0.421,1.5,2.8,0.536,0.591,0.7,0.9,0.778,0.2,1.6,1.8,1.4,0.7,0.1,0.9,2.6,8.5,,2021,0
314.0,Avery Bradley,30.0,HOU,SG,17.0,5.0,23.0,1.9,6.2,0.314,1.0,3.7,0.27,0.9,2.5,0.381,0.395,0.3,0.4,0.833,0.4,1.9,2.3,1.9,0.8,0.1,1.1,1.7,5.2,,2021,0
315.0,Alex Caruso,26.0,LAL,PG,58.0,6.0,21.0,2.3,5.3,0.436,0.9,2.4,0.401,1.3,2.9,0.464,0.526,0.8,1.3,0.645,0.5,2.4,2.9,2.8,1.1,0.3,1.3,1.9,6.4,,2021,0
316.0,Kira Lewis Jr.,19.0,NOP,PG,54.0,0.0,16.7,2.4,6.2,0.386,0.7,2.2,0.333,1.7,4.0,0.415,0.445,0.8,0.9,0.843,0.2,1.1,1.3,2.3,0.7,0.2,0.6,1.6,6.4,,2021,0
317.0,Timothé Luwawu-Cabarrot,25.0,BRK,SF,58.0,7.0,18.1,2.2,6.1,0.365,1.3,4.1,0.314,0.9,2.0,0.47,0.471,0.6,0.7,0.814,0.5,1.7,2.2,1.2,0.6,0.1,0.7,1.7,6.4,,2021,0
318.0,Deni Avdija,20.0,WAS,SF,54.0,32.0,23.3,2.4,5.8,0.417,1.0,3.1,0.315,1.4,2.7,0.535,0.502,0.5,0.8,0.644,0.4,4.4,4.9,1.2,0.6,0.3,0.6,2.6,6.3,,2021,0
319.0,Tyus Jones,24.0,MEM,PG,70.0,9.0,17.5,2.5,5.9,0.431,0.6,2.0,0.321,1.9,3.9,0.487,0.485,0.6,0.6,0.911,0.3,1.7,2.0,3.7,0.9,0.1,0.7,0.4,6.3,,2021,0
320.0,Frank Mason III,26.0,ORL,PG,4.0,1.0,19.8,2.3,6.0,0.375,0.5,1.3,0.4,1.8,4.8,0.368,0.417,1.3,1.8,0.714,0.8,2.3,3.0,3.0,0.0,0.0,1.3,1.8,6.3,,2021,0
321.0,Chimezie Metu,23.0,SAC,C,36.0,6.0,13.6,2.5,5.0,0.508,0.4,1.0,0.351,2.2,3.9,0.549,0.545,0.9,1.2,0.721,0.9,2.3,3.1,0.8,0.4,0.5,0.8,1.6,6.3,,2021,0
322.0,Aron Baynes,34.0,TOR,C,53.0,31.0,18.5,2.5,5.7,0.441,0.5,1.9,0.262,2.0,3.8,0.532,0.485,0.5,0.8,0.707,1.6,3.5,5.2,0.9,0.3,0.4,0.9,2.2,6.1,,2021,0
323.0,Facundo Campazzo,29.0,DEN,PG,65.0,19.0,21.9,1.8,4.8,0.381,1.2,3.3,0.352,0.7,1.5,0.444,0.502,1.2,1.4,0.879,0.3,1.7,2.1,3.6,1.2,0.2,1.1,2.0,6.1,6MOY-15,2021,0
324.0,Robert Franks,24.0,ORL,PF,7.0,0.0,14.4,1.9,4.0,0.464,0.7,2.1,0.333,1.1,1.9,0.615,0.554,1.7,1.9,0.923,0.9,1.1,2.0,0.7,0.4,0.4,0.3,1.1,6.1,,2021,0
325.0,Jaylen Hoard,21.0,OKC,SF,19.0,0.0,16.8,2.3,4.6,0.5,0.0,0.6,0.0,2.3,4.1,0.571,0.5,1.5,2.2,0.683,1.1,2.3,3.4,1.3,0.7,0.3,0.9,1.0,6.1,,2021,0
326.0,Max Strus,24.0,MIA,SF,39.0,0.0,13.0,2.2,4.8,0.455,1.3,3.8,0.338,0.9,1.0,0.897,0.588,0.4,0.6,0.667,0.1,0.9,1.1,0.6,0.3,0.1,0.2,1.1,6.1,,2021,0
327.0,Dakota Mathias,25.0,PHI,SG,8.0,2.0,15.4,2.4,6.0,0.396,1.0,3.3,0.308,1.4,2.8,0.5,0.479,0.3,0.8,0.333,0.1,0.8,0.9,1.6,0.1,0.4,0.1,0.9,6.0,,2021,0
328.0,Dean Wade,24.0,CLE,PF,63.0,19.0,19.2,2.1,4.9,0.431,1.2,3.4,0.366,0.9,1.6,0.571,0.556,0.5,0.6,0.769,0.6,2.8,3.4,1.2,0.6,0.3,0.5,1.2,6.0,,2021,0
329.0,Dwight Powell,29.0,DAL,C,58.0,19.0,16.7,2.1,3.3,0.619,0.1,0.4,0.238,2.0,3.0,0.665,0.631,1.7,2.1,0.782,1.4,2.7,4.0,1.1,0.6,0.5,0.7,2.3,5.9,,2021,0
330.0,Drew Eubanks,23.0,SAS,C,54.0,3.0,14.0,2.1,3.8,0.566,0.0,0.0,1.0,2.1,3.8,0.562,0.571,1.4,2.0,0.726,1.4,3.1,4.5,0.8,0.3,0.9,0.8,1.6,5.8,,2021,0
331.0,DeAndre' Bembry,26.0,TOR,SF,51.0,12.0,19.1,2.3,4.5,0.513,0.3,1.0,0.264,2.0,3.4,0.589,0.544,0.9,1.3,0.682,0.6,2.2,2.9,2.1,1.0,0.4,1.4,1.7,5.7,,2021,0
332.0,Rodney McGruder,29.0,DET,SG,16.0,2.0,12.1,2.3,4.4,0.529,0.7,1.5,0.458,1.6,2.9,0.565,0.607,0.4,0.5,0.75,0.5,0.9,1.4,1.0,0.5,0.1,0.4,0.8,5.7,,2021,0
333.0,Jordan Nwora,22.0,MIL,SF,30.0,2.0,9.1,2.1,4.5,0.459,0.9,2.1,0.452,1.1,2.4,0.466,0.563,0.6,0.8,0.76,0.3,1.7,2.0,0.2,0.5,0.2,0.8,0.7,5.7,,2021,0
334.0,Juan Toscano-Anderson,27.0,GSW,SG,53.0,16.0,20.9,2.3,3.9,0.579,0.7,1.7,0.402,1.6,2.2,0.718,0.667,0.4,0.6,0.71,0.5,3.9,4.4,2.8,0.8,0.5,1.2,2.1,5.7,,2021,0
335.0,Yogi Ferrell,27.0,2TM,PG,10.0,0.0,13.6,2.0,5.7,0.351,0.9,2.8,0.321,1.1,2.9,0.379,0.43,0.7,0.9,0.778,0.5,1.4,1.9,2.2,0.7,0.3,0.3,1.1,5.6,,2021,0
335.0,Yogi Ferrell,27.0,CLE,PG,2.0,0.0,20.0,4.0,10.5,0.381,1.5,4.5,0.333,2.5,6.0,0.417,0.452,0.0,1.0,0.0,1.5,2.0,3.5,2.5,1.5,0.5,1.5,2.0,9.5,,2021,0
335.0,Yogi Ferrell,27.0,LAC,PG,8.0,0.0,12.0,1.5,4.5,0.333,0.8,2.4,0.316,0.8,2.1,0.353,0.417,0.9,0.9,1.0,0.3,1.3,1.5,2.1,0.5,0.3,0.0,0.9,4.6,,2021,0
336.0,Freddie Gillespie,23.0,TOR,PF,20.0,2.0,19.6,2.2,4.2,0.524,0.0,0.0,,2.2,4.2,0.524,0.524,1.2,1.7,0.697,2.1,2.8,4.9,0.5,0.7,1.0,0.6,2.2,5.6,,2021,0
337.0,Donta Hall,23.0,ORL,PF,13.0,0.0,13.8,1.9,2.7,0.714,0.0,0.0,,1.9,2.7,0.714,0.714,1.8,2.6,0.676,1.8,2.9,4.8,0.8,0.4,0.8,0.6,1.4,5.6,,2021,0
338.0,Saben Lee,21.0,DET,PG,48.0,7.0,16.3,2.1,4.4,0.471,0.2,0.5,0.348,1.9,3.9,0.487,0.49,1.3,1.9,0.685,0.4,1.6,2.0,3.6,0.7,0.3,1.1,1.6,5.6,,2021,0
339.0,Mychal Mulder,26.0,GSW,PG,60.0,6.0,12.8,2.0,4.4,0.449,1.4,3.6,0.397,0.6,0.9,0.667,0.609,0.2,0.4,0.636,0.1,0.9,1.0,0.4,0.2,0.2,0.3,0.9,5.6,,2021,0
340.0,Torrey Craig,30.0,2TM,SF,50.0,8.0,16.1,2.2,4.5,0.48,0.8,2.1,0.368,1.4,2.4,0.579,0.566,0.3,0.4,0.773,1.1,2.8,3.9,1.0,0.6,0.5,0.5,1.7,5.5,,2021,0
340.0,Torrey Craig,30.0,MIL,SF,18.0,0.0,11.2,1.0,2.6,0.391,0.4,1.2,0.364,0.6,1.3,0.417,0.478,0.1,0.1,0.5,0.7,1.7,2.4,0.9,0.5,0.4,0.3,1.3,2.5,,2021,0
340.0,Torrey Craig,30.0,PHO,SF,32.0,8.0,18.8,2.8,5.7,0.503,1.0,2.6,0.369,1.9,3.0,0.619,0.588,0.5,0.6,0.8,1.4,3.4,4.8,1.0,0.6,0.6,0.6,1.8,7.2,,2021,0
341.0,Brad Wanamaker,31.0,2TM,PG,61.0,0.0,17.3,1.9,4.9,0.385,0.3,1.4,0.188,1.6,3.5,0.463,0.411,1.5,1.7,0.891,0.3,1.4,1.7,2.9,0.7,0.2,1.2,1.5,5.5,,2021,0
341.0,Brad Wanamaker,31.0,GSW,PG,39.0,0.0,16.0,1.6,4.4,0.353,0.3,1.6,0.213,1.2,2.9,0.429,0.39,1.3,1.4,0.893,0.2,1.5,1.7,2.5,0.7,0.2,0.9,1.4,4.7,,2021,0
341.0,Brad Wanamaker,31.0,CHO,PG,22.0,0.0,19.5,2.5,5.7,0.429,0.1,1.1,0.125,2.3,4.6,0.5,0.44,1.8,2.0,0.889,0.5,1.3,1.8,3.4,0.8,0.2,1.5,1.8,6.9,,2021,0
342.0,Jabari Parker,25.0,2TM,PF,13.0,0.0,12.7,2.3,4.2,0.545,0.2,0.8,0.182,2.2,3.4,0.636,0.564,0.8,1.0,0.769,0.8,2.5,3.2,0.8,0.1,0.4,0.8,1.0,5.5,,2021,0
342.0,Jabari Parker,25.0,SAC,PF,3.0,0.0,9.0,1.3,2.3,0.571,0.0,0.3,0.0,1.3,2.0,0.667,0.571,0.0,0.0,,0.3,1.7,2.0,0.3,0.0,0.3,1.0,1.3,2.7,,2021,0
342.0,Jabari Parker,25.0,BOS,PF,10.0,0.0,13.8,2.6,4.8,0.542,0.2,1.0,0.2,2.4,3.8,0.632,0.563,1.0,1.3,0.769,0.9,2.7,3.6,1.0,0.1,0.4,0.7,0.9,6.4,,2021,0
343.0,Anthony Lamb,23.0,HOU,SF,24.0,3.0,17.3,1.9,4.9,0.39,1.0,3.0,0.324,1.0,2.0,0.489,0.487,0.8,0.9,0.857,1.1,1.8,2.9,1.0,0.3,0.2,0.8,1.4,5.5,,2021,0
344.0,Garrison Mathews,24.0,WAS,SG,64.0,24.0,16.2,1.5,3.7,0.409,1.2,3.1,0.384,0.3,0.6,0.538,0.57,1.3,1.5,0.884,0.3,1.1,1.4,0.4,0.5,0.1,0.2,1.7,5.5,,2021,0
345.0,Devin Vassell,20.0,SAS,SF,62.0,7.0,17.0,2.0,4.9,0.406,0.8,2.4,0.347,1.1,2.5,0.464,0.492,0.7,0.8,0.843,0.4,2.4,2.8,0.9,0.7,0.3,0.4,1.4,5.5,,2021,0
346.0,Rajon Rondo,34.0,2TM,PG,45.0,3.0,17.1,2.1,4.8,0.442,0.8,2.0,0.404,1.3,2.8,0.468,0.526,0.4,0.4,0.941,0.4,2.0,2.4,4.4,0.8,0.1,1.8,1.2,5.4,,2021,0
346.0,Rajon Rondo,34.0,ATL,PG,27.0,2.0,14.9,1.6,4.1,0.4,0.6,1.7,0.378,1.0,2.4,0.415,0.477,0.0,0.1,0.5,0.1,1.9,2.0,3.5,0.7,0.1,1.4,0.9,3.9,,2021,0
346.0,Rajon Rondo,34.0,LAC,PG,18.0,1.0,20.4,2.8,5.8,0.486,1.1,2.4,0.432,1.8,3.4,0.525,0.576,0.8,0.8,1.0,0.8,2.3,3.1,5.8,1.0,0.1,2.2,1.6,7.6,,2021,0
347.0,Derrick Favors,29.0,UTA,C,68.0,0.0,15.3,2.3,3.6,0.638,0.0,0.0,0.0,2.3,3.5,0.643,0.638,0.9,1.2,0.738,2.0,3.5,5.5,0.6,0.5,1.0,0.5,2.1,5.4,,2021,0
348.0,Taj Gibson,35.0,NYK,C,45.0,3.0,20.8,2.2,3.5,0.627,0.1,0.3,0.2,2.1,3.2,0.671,0.636,0.9,1.2,0.727,2.2,3.4,5.6,0.8,0.7,1.1,0.5,2.2,5.4,,2021,0
349.0,Tyler Johnson,28.0,BRK,SG,39.0,3.0,17.5,1.8,4.7,0.393,1.2,3.4,0.364,0.6,1.3,0.471,0.525,0.5,0.5,0.857,0.2,1.8,2.0,1.2,0.4,0.0,0.4,1.1,5.4,,2021,0
350.0,Jahlil Okafor,25.0,DET,C,27.0,2.0,12.9,2.3,3.8,0.618,0.1,0.3,0.222,2.3,3.4,0.656,0.627,0.6,0.9,0.708,0.9,1.6,2.4,0.5,0.2,0.2,0.8,1.4,5.4,,2021,0
351.0,Josh Okogie,22.0,MIN,SG,59.0,37.0,20.3,1.7,4.3,0.402,0.5,1.8,0.269,1.2,2.5,0.5,0.459,1.4,1.8,0.769,1.1,1.6,2.6,1.1,0.9,0.5,0.7,2.1,5.4,,2021,0
352.0,Justin Patton,23.0,HOU,C,13.0,6.0,19.0,2.2,5.4,0.414,0.7,2.6,0.265,1.5,2.8,0.556,0.479,0.2,0.3,0.75,1.1,2.7,3.8,1.1,0.9,1.1,0.3,2.6,5.4,,2021,0
353.0,Jarred Vanderbilt,21.0,MIN,PF,64.0,30.0,17.8,2.2,3.7,0.606,0.0,0.1,0.2,2.2,3.6,0.615,0.608,0.9,1.6,0.559,1.8,3.9,5.8,1.2,1.0,0.7,0.8,1.9,5.4,,2021,0
354.0,Mason Jones,22.0,2TM,SG,32.0,1.0,10.4,1.6,3.8,0.423,0.8,2.1,0.364,0.9,1.8,0.491,0.52,1.3,2.0,0.625,0.2,1.5,1.7,1.3,0.2,0.0,0.9,0.8,5.3,,2021,0
354.0,Mason Jones,22.0,HOU,SG,26.0,1.0,11.8,1.8,4.4,0.412,0.9,2.5,0.359,0.9,1.9,0.48,0.513,1.3,2.2,0.614,0.2,1.8,2.0,1.5,0.2,0.0,1.1,0.8,5.8,,2021,0
354.0,Mason Jones,22.0,PHI,SG,6.0,0.0,4.5,0.8,1.5,0.556,0.2,0.3,0.5,0.7,1.2,0.571,0.611,0.8,1.2,0.714,0.5,0.2,0.7,0.5,0.2,0.0,0.2,0.3,2.7,,2021,0
355.0,Willie Cauley-Stein,27.0,DAL,C,53.0,16.0,17.1,2.2,3.4,0.632,0.0,0.2,0.091,2.2,3.2,0.667,0.635,0.9,1.5,0.628,1.2,3.2,4.5,0.7,0.4,0.8,0.5,2.4,5.3,,2021,0
356.0,Jarrett Culver,21.0,MIN,SG,34.0,7.0,14.7,2.0,4.9,0.411,0.4,1.6,0.245,1.6,3.4,0.487,0.449,0.9,1.4,0.604,1.0,2.1,3.1,0.7,0.5,0.3,0.8,1.7,5.3,,2021,0
357.0,Glenn Robinson III,27.0,SAC,SF,23.0,2.0,16.0,1.8,4.3,0.424,0.7,1.9,0.364,1.1,2.4,0.473,0.505,0.9,1.0,0.913,0.5,1.5,2.0,0.9,0.2,0.1,0.5,1.0,5.3,,2021,0
358.0,Tony Snell,29.0,ATL,SG,47.0,23.0,21.1,1.9,3.6,0.515,1.3,2.3,0.569,0.6,1.3,0.419,0.696,0.2,0.2,1.0,0.4,2.0,2.4,1.3,0.3,0.2,0.4,1.6,5.3,,2021,0
359.0,Maurice Harkless,27.0,2TM,SF,37.0,23.0,20.9,1.9,4.5,0.418,0.6,2.3,0.274,1.2,2.2,0.568,0.488,0.9,1.2,0.767,0.4,2.1,2.4,1.2,0.8,0.5,0.6,2.3,5.2,,2021,0
359.0,Maurice Harkless,27.0,MIA,SF,11.0,3.0,11.3,0.5,1.2,0.385,0.5,1.0,0.455,0.0,0.2,0.0,0.577,0.0,0.2,0.0,0.2,1.0,1.2,0.6,0.2,0.4,0.3,1.3,1.4,,2021,0
359.0,Maurice Harkless,27.0,SAC,PF,26.0,20.0,24.9,2.5,5.8,0.421,0.7,2.8,0.247,1.8,3.0,0.582,0.48,1.3,1.6,0.805,0.4,2.5,2.9,1.4,1.1,0.6,0.7,2.8,6.9,,2021,0
360.0,D.J. Wilson,24.0,2TM,PF,35.0,1.0,12.4,1.9,4.8,0.405,0.9,2.5,0.345,1.1,2.3,0.469,0.494,0.5,0.7,0.68,0.6,2.6,3.2,0.7,0.3,0.5,0.6,1.3,5.2,,2021,0
360.0,D.J. Wilson,24.0,MIL,PF,12.0,0.0,8.8,1.3,3.6,0.372,0.8,2.3,0.357,0.5,1.3,0.4,0.488,0.1,0.2,0.5,0.3,1.8,2.1,0.3,0.1,0.3,0.3,1.1,3.6,,2021,0
360.0,D.J. Wilson,24.0,HOU,PF,23.0,1.0,14.3,2.3,5.4,0.416,0.9,2.6,0.339,1.4,2.9,0.485,0.496,0.7,1.0,0.696,0.7,3.0,3.8,0.9,0.4,0.5,0.8,1.3,6.1,,2021,0
361.0,Alize Johnson,24.0,BRK,PF,18.0,0.0,10.5,2.2,3.8,0.588,0.1,0.3,0.167,2.2,3.4,0.629,0.596,0.7,0.7,1.0,1.5,3.5,5.0,0.8,0.3,0.3,0.5,0.9,5.2,,2021,0
362.0,Patrick Patterson,31.0,LAC,PF,38.0,5.0,15.3,1.9,4.3,0.436,1.1,2.9,0.357,0.8,1.4,0.604,0.558,0.3,0.4,0.765,0.5,1.5,2.0,0.8,0.4,0.2,0.3,1.2,5.2,,2021,0
363.0,Dylan Windler,24.0,CLE,SF,31.0,0.0,16.5,1.8,4.2,0.438,0.8,2.5,0.338,1.0,1.7,0.585,0.538,0.7,0.9,0.778,0.6,2.8,3.5,1.1,0.6,0.4,1.0,1.2,5.2,,2021,0
364.0,Isaiah Hartenstein,22.0,2TM,C,46.0,2.0,12.2,2.0,3.7,0.55,0.0,0.1,0.333,2.0,3.6,0.558,0.556,1.0,1.5,0.648,1.4,2.5,3.9,1.2,0.4,0.8,1.0,2.3,5.1,,2021,0
364.0,Isaiah Hartenstein,22.0,DEN,C,30.0,0.0,9.1,1.4,2.7,0.513,0.0,0.0,,1.4,2.7,0.513,0.513,0.7,1.2,0.611,1.3,1.5,2.8,0.5,0.4,0.7,0.7,2.0,3.5,,2021,0
364.0,Isaiah Hartenstein,22.0,CLE,C,16.0,2.0,17.9,3.3,5.7,0.582,0.1,0.4,0.333,3.2,5.3,0.6,0.593,1.5,2.2,0.686,1.6,4.4,6.0,2.5,0.5,1.2,1.4,2.8,8.3,,2021,0
365.0,Goga Bitadze,21.0,IND,C,45.0,3.0,12.5,1.8,4.3,0.428,0.4,1.8,0.253,1.4,2.6,0.548,0.479,1.0,1.4,0.738,1.3,2.0,3.3,0.8,0.2,1.3,0.4,2.1,5.1,,2021,0
366.0,Sekou Doumbouya,20.0,DET,PF,56.0,11.0,15.5,1.9,5.0,0.379,0.5,2.1,0.226,1.4,3.0,0.485,0.426,0.8,1.1,0.703,0.7,1.9,2.6,0.8,0.4,0.2,0.8,1.7,5.1,,2021,0
367.0,Jake Layman,26.0,MIN,SF,45.0,11.0,13.9,2.0,4.1,0.495,0.5,1.7,0.295,1.5,2.4,0.642,0.557,0.6,0.8,0.703,0.3,1.2,1.5,0.6,0.6,0.4,0.6,1.0,5.1,,2021,0
368.0,Nerlens Noel,26.0,NYK,C,64.0,41.0,24.2,2.1,3.5,0.614,0.0,0.0,0.0,2.1,3.4,0.623,0.614,0.8,1.1,0.714,2.2,4.2,6.4,0.7,1.1,2.2,1.0,2.8,5.1,,2021,0
369.0,Precious Achiuwa,21.0,MIA,PF,61.0,4.0,12.1,2.0,3.7,0.544,0.0,0.0,0.0,2.0,3.7,0.546,0.544,0.9,1.8,0.509,1.2,2.2,3.4,0.5,0.3,0.5,0.7,1.5,5.0,,2021,0
370.0,Bismack Biyombo,28.0,CHO,C,66.0,36.0,20.4,2.2,3.7,0.587,0.0,0.0,0.0,2.2,3.7,0.589,0.587,0.7,1.6,0.448,2.1,3.2,5.3,1.2,0.3,1.1,1.1,2.1,5.0,,2021,0
371.0,Marc Gasol,36.0,LAL,C,52.0,42.0,19.1,1.7,3.7,0.454,1.0,2.3,0.41,0.7,1.4,0.528,0.582,0.7,1.0,0.72,0.7,3.4,4.1,2.1,0.5,1.1,1.0,2.2,5.0,,2021,0
372.0,Trey Lyles,25.0,SAS,PF,23.0,9.0,15.6,1.9,3.9,0.478,0.6,1.7,0.35,1.3,2.2,0.58,0.556,0.7,1.0,0.652,0.4,3.3,3.7,0.6,0.3,0.0,0.3,0.6,5.0,,2021,0
373.0,Caleb Martin,25.0,CHO,SF,53.0,3.0,15.4,1.8,4.8,0.375,0.6,2.4,0.248,1.2,2.5,0.496,0.436,0.8,1.2,0.641,0.6,2.1,2.7,1.3,0.7,0.2,0.6,1.2,5.0,,2021,0
374.0,Jordan McLaughlin,24.0,MIN,PG,51.0,2.0,18.4,2.0,4.7,0.413,0.6,1.8,0.359,1.3,2.9,0.447,0.481,0.5,0.6,0.767,0.4,1.7,2.1,3.8,1.0,0.1,1.0,0.9,5.0,,2021,0
375.0,Tyler Cook,23.0,2TM,SF,32.0,1.0,13.7,2.2,3.2,0.67,0.0,0.1,0.5,2.1,3.2,0.673,0.675,0.5,1.1,0.486,0.9,2.1,3.0,0.5,0.3,0.1,0.7,1.1,4.9,,2021,0
375.0,Tyler Cook,23.0,BRK,PF,4.0,0.0,4.3,0.3,0.8,0.333,0.0,0.0,,0.3,0.8,0.333,0.333,0.0,0.0,,0.3,0.3,0.5,0.5,0.0,0.0,0.3,0.5,0.5,,2021,0
375.0,Tyler Cook,23.0,DET,SF,28.0,1.0,15.0,2.4,3.6,0.68,0.0,0.1,0.5,2.4,3.5,0.684,0.685,0.6,1.3,0.486,1.0,2.4,3.3,0.5,0.3,0.1,0.7,1.2,5.5,,2021,0
376.0,Brandon Goodwin,25.0,ATL,PG,47.0,5.0,13.2,1.8,4.7,0.377,0.7,2.2,0.311,1.1,2.6,0.433,0.448,0.6,0.9,0.651,0.2,1.3,1.5,2.0,0.4,0.0,0.8,0.9,4.9,,2021,0
377.0,E'Twaun Moore,31.0,PHO,SG,27.0,1.0,14.4,2.0,4.5,0.455,0.4,1.3,0.314,1.6,3.2,0.512,0.5,0.4,0.5,0.857,0.5,1.1,1.7,1.5,0.6,0.2,0.9,1.2,4.9,,2021,0
378.0,Jerome Robinson,23.0,WAS,SG,17.0,6.0,17.9,1.6,5.6,0.295,0.6,2.5,0.262,1.0,3.1,0.321,0.353,0.9,1.2,0.8,0.2,2.0,2.2,1.5,0.7,0.4,1.1,1.8,4.9,,2021,0
379.0,Langston Galloway,29.0,PHO,SG,40.0,0.0,11.0,1.7,3.7,0.449,0.9,2.1,0.424,0.8,1.6,0.484,0.571,0.6,0.6,0.957,0.2,0.9,1.1,0.7,0.2,0.0,0.3,0.6,4.8,,2021,0
380.0,Wesley Matthews,34.0,LAL,SG,58.0,10.0,19.5,1.5,4.3,0.353,1.1,3.4,0.335,0.4,0.9,0.418,0.484,0.6,0.7,0.854,0.3,1.3,1.6,0.9,0.7,0.3,0.4,1.4,4.8,,2021,0
381.0,Gabe Vincent,24.0,MIA,PG,50.0,7.0,13.1,1.8,4.7,0.378,0.9,3.0,0.309,0.8,1.7,0.5,0.476,0.4,0.5,0.87,0.2,0.9,1.1,1.3,0.4,0.0,0.7,1.6,4.8,,2021,0
382.0,Damian Jones,25.0,3TM,C,39.0,10.0,14.0,1.8,2.6,0.68,0.0,0.1,0.2,1.8,2.5,0.704,0.684,1.1,1.5,0.724,0.9,2.2,3.1,0.7,0.3,0.7,0.7,2.0,4.7,,2021,0
382.0,Damian Jones,25.0,PHO,C,14.0,0.0,6.7,0.6,1.1,0.5,0.0,0.1,0.0,0.6,1.1,0.533,0.5,0.4,0.8,0.545,0.5,0.8,1.3,0.3,0.1,0.4,0.4,1.4,1.6,,2021,0
382.0,Damian Jones,25.0,LAL,C,8.0,6.0,14.0,2.0,2.1,0.941,0.0,0.0,,2.0,2.1,0.941,0.941,1.4,1.5,0.917,1.0,2.3,3.3,0.1,0.1,0.9,0.6,2.8,5.4,,2021,0
382.0,Damian Jones,25.0,SAC,C,17.0,4.0,20.1,2.7,4.1,0.657,0.1,0.2,0.25,2.6,3.9,0.682,0.664,1.5,2.1,0.714,1.2,3.3,4.5,1.4,0.5,1.0,0.9,2.1,6.9,,2021,0
383.0,Troy Brown Jr.,21.0,2TM,SF,34.0,0.0,15.4,1.8,4.2,0.431,0.6,2.1,0.314,1.2,2.2,0.541,0.507,0.4,0.6,0.714,0.6,2.5,3.1,0.9,0.3,0.2,0.6,1.4,4.7,,2021,0
383.0,Troy Brown Jr.,21.0,WAS,SF,21.0,0.0,13.7,1.6,4.2,0.371,0.7,2.2,0.304,0.9,2.0,0.442,0.449,0.5,0.7,0.667,0.5,2.4,2.9,0.9,0.1,0.2,0.8,1.4,4.3,,2021,0
383.0,Troy Brown Jr.,21.0,CHI,SF,13.0,0.0,18.2,2.2,4.2,0.527,0.6,1.8,0.333,1.6,2.4,0.677,0.6,0.4,0.5,0.833,0.7,2.7,3.4,0.8,0.5,0.2,0.4,1.5,5.5,,2021,0
384.0,Boban Marjanović,32.0,DAL,C,33.0,3.0,8.2,1.9,3.7,0.508,0.0,0.2,0.125,1.8,3.5,0.535,0.512,0.9,1.2,0.816,1.4,2.5,3.9,0.3,0.1,0.2,0.4,0.9,4.7,,2021,0
385.0,Aaron Nesmith,21.0,BOS,SF,46.0,1.0,14.5,1.7,3.9,0.438,0.9,2.3,0.37,0.8,1.5,0.543,0.551,0.5,0.6,0.786,0.6,2.2,2.8,0.5,0.3,0.2,0.5,1.9,4.7,,2021,0
386.0,Grant Williams,22.0,BOS,PF,63.0,9.0,18.1,1.7,3.9,0.437,0.8,2.0,0.372,1.0,1.9,0.508,0.534,0.5,0.8,0.588,0.8,2.1,2.8,1.0,0.5,0.4,0.9,2.6,4.7,,2021,0
387.0,Nassir Little,20.0,POR,PF,48.0,2.0,13.3,1.6,3.5,0.467,0.6,1.7,0.35,1.0,1.8,0.575,0.551,0.8,0.9,0.8,0.7,2.0,2.7,0.5,0.1,0.3,0.4,1.1,4.6,,2021,0
388.0,Semi Ojeleye,26.0,BOS,PF,56.0,15.0,17.0,1.6,3.9,0.403,1.0,2.8,0.367,0.6,1.1,0.492,0.534,0.4,0.6,0.75,0.6,2.1,2.6,0.7,0.3,0.0,0.4,1.0,4.6,,2021,0
389.0,Onyeka Okongwu,20.0,ATL,C,50.0,4.0,12.0,1.9,3.0,0.644,0.0,0.1,0.0,1.9,2.9,0.658,0.644,0.7,1.1,0.632,1.2,2.0,3.3,0.4,0.5,0.7,0.6,2.0,4.6,,2021,0
390.0,JaKarr Sampson,27.0,IND,PF,29.0,4.0,10.9,1.9,3.9,0.496,0.1,0.5,0.2,1.8,3.4,0.541,0.509,0.7,1.0,0.655,0.9,1.7,2.7,0.1,0.1,0.5,0.5,1.8,4.6,,2021,0
391.0,Rodney Hood,28.0,2TM,SF,55.0,5.0,17.1,1.7,4.7,0.362,0.6,2.1,0.301,1.1,2.7,0.408,0.427,0.4,0.5,0.857,0.4,1.5,1.9,1.0,0.4,0.1,0.7,1.3,4.5,,2021,0
391.0,Rodney Hood,28.0,POR,SF,38.0,5.0,19.1,1.9,5.3,0.363,0.7,2.2,0.298,1.3,3.1,0.41,0.425,0.2,0.3,0.75,0.5,1.4,1.9,1.2,0.5,0.1,0.8,1.6,4.7,,2021,0
391.0,Rodney Hood,28.0,TOR,SF,17.0,0.0,12.7,1.2,3.5,0.356,0.5,1.7,0.31,0.7,1.8,0.4,0.432,0.9,0.9,0.938,0.3,1.5,1.8,0.4,0.2,0.2,0.3,0.9,3.9,,2021,0
392.0,Solomon Hill,29.0,ATL,PF,71.0,16.0,21.3,1.5,4.2,0.359,1.0,3.0,0.321,0.5,1.2,0.453,0.473,0.5,0.6,0.761,0.6,2.4,3.0,1.1,0.7,0.2,0.6,1.6,4.5,,2021,0
393.0,Kelan Martin,25.0,IND,SF,35.0,0.0,9.2,1.8,3.9,0.449,0.7,1.7,0.4,1.1,2.2,0.487,0.536,0.3,0.3,0.9,0.5,1.7,2.2,0.5,0.3,0.3,0.5,1.0,4.5,,2021,0
394.0,Al-Farouq Aminu,30.0,2TM,PF,23.0,14.0,18.9,1.7,4.3,0.384,0.3,1.6,0.216,1.3,2.7,0.484,0.424,0.8,1.0,0.818,1.0,3.8,4.8,1.3,0.8,0.4,1.2,1.3,4.4,,2021,0
394.0,Al-Farouq Aminu,30.0,ORL,PF,17.0,14.0,21.6,2.1,5.2,0.404,0.4,1.8,0.226,1.7,3.4,0.5,0.444,0.8,1.0,0.824,1.2,4.2,5.4,1.7,1.0,0.5,1.5,1.3,5.5,,2021,0
394.0,Al-Farouq Aminu,30.0,CHI,PF,6.0,0.0,11.2,0.3,1.7,0.2,0.2,1.0,0.167,0.2,0.7,0.25,0.25,0.7,0.8,0.8,0.3,2.8,3.2,0.3,0.3,0.0,0.5,1.2,1.5,,2021,0
395.0,Charlie Brown Jr.,23.0,OKC,SG,9.0,1.0,16.9,1.4,4.8,0.302,0.6,2.3,0.238,0.9,2.4,0.364,0.36,1.0,1.1,0.9,0.3,1.6,1.9,1.0,0.4,0.2,0.7,2.1,4.4,,2021,0
396.0,Andre Iguodala,37.0,MIA,SF,63.0,5.0,21.3,1.5,3.9,0.383,1.0,2.9,0.33,0.6,1.0,0.53,0.504,0.4,0.6,0.658,0.6,2.9,3.5,2.3,0.9,0.6,1.1,1.4,4.4,,2021,0
397.0,Stanley Johnson,24.0,TOR,PF,61.0,13.0,16.5,1.5,3.8,0.382,0.7,2.2,0.328,0.7,1.6,0.458,0.479,0.7,0.9,0.8,0.5,2.0,2.5,1.5,0.9,0.3,0.9,1.9,4.4,,2021,0
398.0,Yuta Watanabe,26.0,TOR,SF,50.0,4.0,14.5,1.6,3.6,0.439,0.7,1.8,0.4,0.9,1.8,0.478,0.539,0.5,0.6,0.828,0.7,2.5,3.2,0.8,0.5,0.4,0.4,1.1,4.4,,2021,0
399.0,Chandler Hutchison,24.0,2TM,SF,25.0,1.0,13.8,1.6,4.1,0.379,0.3,0.9,0.364,1.2,3.2,0.383,0.417,0.8,1.0,0.84,0.2,2.9,3.1,0.7,0.5,0.2,0.8,1.3,4.3,,2021,0
399.0,Chandler Hutchison,24.0,CHI,SF,7.0,0.0,9.1,0.7,2.6,0.278,0.1,0.4,0.333,0.6,2.1,0.267,0.306,0.3,0.3,1.0,0.1,2.7,2.9,0.6,0.1,0.0,0.7,1.3,1.9,,2021,0
399.0,Chandler Hutchison,24.0,WAS,SF,18.0,1.0,15.7,1.9,4.7,0.4,0.4,1.1,0.368,1.5,3.7,0.409,0.441,1.1,1.3,0.826,0.3,2.9,3.2,0.7,0.6,0.3,0.8,1.3,5.2,,2021,0
400.0,Devin Cannady,24.0,ORL,PG,8.0,0.0,9.3,1.4,3.5,0.393,0.8,2.0,0.375,0.6,1.5,0.417,0.5,0.8,0.9,0.857,0.0,0.6,0.6,0.1,0.6,0.1,0.3,1.1,4.3,,2021,0
401.0,John Konchar,24.0,MEM,SG,43.0,0.0,13.4,1.6,3.2,0.5,0.5,1.3,0.375,1.1,1.9,0.585,0.576,0.6,0.7,0.833,0.8,2.2,3.0,1.1,0.7,0.2,0.4,0.9,4.3,,2021,0
402.0,Mike Scott,32.0,PHI,PF,51.0,12.0,16.7,1.5,4.1,0.36,1.0,3.0,0.342,0.5,1.1,0.411,0.486,0.2,0.2,0.667,0.2,2.1,2.4,0.8,0.5,0.3,0.4,1.4,4.2,,2021,0
403.0,DaQuan Jeffries,23.0,2TM,SG,31.0,5.0,15.9,1.6,3.9,0.417,0.6,2.2,0.299,1.0,1.7,0.566,0.5,0.2,0.3,0.875,0.6,1.7,2.3,0.7,0.5,0.3,0.5,1.5,4.1,,2021,0
403.0,DaQuan Jeffries,23.0,SAC,SG,18.0,2.0,12.9,1.3,3.2,0.421,0.5,1.6,0.321,0.8,1.6,0.517,0.5,0.3,0.4,0.857,0.5,1.1,1.6,0.3,0.4,0.2,0.4,1.3,3.5,,2021,0
403.0,DaQuan Jeffries,23.0,HOU,SG,13.0,3.0,20.1,2.0,4.8,0.413,0.8,3.0,0.282,1.2,1.8,0.625,0.5,0.1,0.1,1.0,0.8,2.5,3.2,1.2,0.6,0.5,0.5,1.9,4.9,,2021,0
404.0,Jevon Carter,25.0,PHO,PG,60.0,1.0,12.0,1.6,3.7,0.422,0.9,2.5,0.371,0.6,1.2,0.528,0.547,0.1,0.1,0.571,0.3,1.3,1.5,1.2,0.5,0.2,0.3,0.9,4.1,,2021,0
405.0,Josh Hall,20.0,OKC,SF,21.0,1.0,16.0,1.4,4.7,0.303,0.2,1.8,0.108,1.2,3.0,0.419,0.323,1.0,2.1,0.5,0.3,2.5,2.8,1.3,0.2,0.0,1.2,1.8,4.1,,2021,0
406.0,Kevon Looney,24.0,GSW,C,61.0,34.0,19.0,1.8,3.2,0.548,0.1,0.3,0.235,1.7,3.0,0.578,0.558,0.5,0.8,0.646,1.9,3.4,5.3,2.0,0.3,0.4,0.6,2.2,4.1,,2021,0
407.0,Nico Mannion,19.0,GSW,PG,30.0,1.0,12.1,1.3,3.8,0.342,0.7,2.0,0.367,0.6,1.8,0.315,0.439,0.8,0.9,0.821,0.2,1.3,1.5,2.3,0.5,0.0,1.0,1.0,4.1,,2021,0
408.0,Darius Miller,30.0,OKC,SF,18.0,0.0,10.9,1.2,2.7,0.458,0.9,2.3,0.405,0.3,0.3,0.833,0.635,0.7,0.7,1.0,0.1,1.2,1.3,1.2,0.7,0.3,0.4,0.7,4.1,,2021,0
409.0,Lamar Stevens,23.0,CLE,PF,40.0,0.0,12.5,1.6,3.4,0.456,0.1,0.6,0.16,1.5,2.8,0.523,0.471,0.9,1.3,0.725,0.6,1.8,2.4,0.6,0.4,0.3,0.6,1.3,4.1,,2021,0
410.0,Obi Toppin,22.0,NYK,PF,62.0,0.0,11.0,1.7,3.4,0.498,0.4,1.4,0.306,1.3,2.0,0.629,0.56,0.3,0.4,0.731,0.4,1.8,2.2,0.5,0.3,0.2,0.4,0.9,4.1,,2021,0
411.0,Paul Watson,26.0,TOR,SF,27.0,2.0,11.0,1.4,3.0,0.463,1.1,2.4,0.469,0.3,0.7,0.444,0.646,0.2,0.3,0.625,0.1,1.5,1.7,0.6,0.2,0.1,0.3,1.3,4.1,,2021,0
412.0,Jordan Bone,23.0,ORL,PG,14.0,0.0,14.0,1.6,3.9,0.426,0.7,2.3,0.313,0.9,1.6,0.591,0.519,0.0,0.0,,0.3,1.4,1.7,1.3,0.1,0.0,0.2,0.8,4.0,,2021,0
413.0,Chris Chiozza,25.0,BRK,PG,22.0,1.0,10.5,1.4,4.0,0.352,0.6,1.9,0.31,0.8,2.1,0.391,0.426,0.6,0.8,0.765,0.1,1.0,1.1,3.0,0.3,0.3,0.7,0.9,4.0,,2021,0
414.0,Carsen Edwards,22.0,BOS,SG,31.0,1.0,8.9,1.5,3.6,0.423,0.6,2.0,0.286,0.9,1.5,0.604,0.505,0.4,0.4,0.846,0.1,0.7,0.8,0.5,0.2,0.0,0.2,0.8,4.0,,2021,0
415.0,Udonis Haslem,40.0,MIA,C,1.0,0.0,3.0,2.0,2.0,1.0,0.0,0.0,,2.0,2.0,1.0,1.0,0.0,0.0,,0.0,1.0,1.0,0.0,0.0,0.0,0.0,0.0,4.0,,2021,0
416.0,Cody Martin,25.0,CHO,SF,52.0,10.0,16.3,1.6,3.6,0.441,0.3,1.1,0.276,1.3,2.5,0.515,0.484,0.5,0.8,0.581,1.0,2.1,3.1,1.7,0.7,0.2,0.8,1.0,4.0,,2021,0
417.0,Brodric Thomas,24.0,2TM,SG,32.0,1.0,12.5,1.2,3.4,0.361,0.5,1.8,0.271,0.7,1.5,0.469,0.435,1.0,1.4,0.674,0.3,1.4,1.7,0.9,0.5,0.3,0.7,1.3,3.9,,2021,0
417.0,Brodric Thomas,24.0,HOU,SG,4.0,0.0,6.0,0.5,1.8,0.286,0.3,1.5,0.167,0.3,0.3,1.0,0.357,1.3,1.8,0.714,0.3,0.8,1.0,1.0,0.3,0.3,1.0,1.3,2.5,,2021,0
417.0,Brodric Thomas,24.0,CLE,SG,28.0,1.0,13.4,1.3,3.6,0.366,0.5,1.9,0.283,0.8,1.7,0.458,0.441,0.9,1.4,0.667,0.3,1.5,1.8,0.9,0.5,0.3,0.6,1.3,4.1,,2021,0
418.0,Justin James,24.0,SAC,SF,36.0,0.0,8.6,1.4,3.1,0.468,0.4,1.1,0.368,1.1,2.0,0.521,0.532,0.6,1.0,0.583,0.3,0.6,0.8,0.6,0.2,0.1,0.4,0.6,3.9,,2021,0
419.0,Kevin Knox,21.0,NYK,SF,42.0,0.0,11.0,1.3,3.4,0.392,0.8,2.1,0.393,0.5,1.3,0.389,0.514,0.4,0.5,0.8,0.2,1.2,1.5,0.5,0.3,0.1,0.4,0.9,3.9,,2021,0
420.0,Matisse Thybulle,23.0,PHI,SG,65.0,8.0,20.0,1.6,3.7,0.42,0.7,2.2,0.301,0.9,1.5,0.59,0.508,0.1,0.3,0.444,0.5,1.4,1.9,1.0,1.6,1.1,0.5,2.0,3.9,"DPOY-11,DEF2",2021,0
421.0,Dante Exum,25.0,CLE,SG,6.0,3.0,19.3,1.7,4.3,0.385,0.3,1.8,0.182,1.3,2.5,0.533,0.423,0.2,0.3,0.5,0.3,2.5,2.8,2.2,0.7,0.3,1.2,1.5,3.8,,2021,0
422.0,Ersan İlyasova,33.0,UTA,PF,17.0,1.0,8.7,1.2,3.2,0.389,1.1,2.4,0.439,0.2,0.8,0.231,0.556,0.3,0.3,1.0,0.4,1.3,1.7,0.2,0.6,0.2,0.5,1.7,3.8,,2021,0
423.0,Nathan Knight,23.0,ATL,PF,33.0,0.0,8.5,1.1,3.0,0.37,0.2,1.0,0.182,0.9,2.0,0.463,0.4,1.3,1.7,0.8,0.8,1.4,2.2,0.2,0.3,0.3,0.5,0.7,3.8,,2021,0
424.0,Thon Maker,23.0,CLE,C,8.0,0.0,9.5,1.3,2.3,0.556,0.0,0.3,0.0,1.3,2.0,0.625,0.556,1.3,1.4,0.909,1.0,1.3,2.3,0.5,0.3,0.5,0.4,0.9,3.8,,2021,0
425.0,Skylar Mays,23.0,ATL,SG,33.0,0.0,8.2,1.3,3.0,0.449,0.4,1.2,0.35,0.9,1.8,0.517,0.52,0.7,0.8,0.88,0.3,0.8,1.1,0.9,0.4,0.1,0.3,0.5,3.8,,2021,0
426.0,Tremont Waters,23.0,BOS,PG,26.0,3.0,9.2,1.3,3.2,0.405,0.6,1.5,0.395,0.7,1.8,0.413,0.494,0.6,0.7,0.941,0.2,0.6,0.8,2.4,0.6,0.0,1.0,0.7,3.8,,2021,0
427.0,P.J. Tucker,35.0,2TM,PF,52.0,33.0,26.1,1.3,3.4,0.373,0.8,2.3,0.336,0.5,1.1,0.448,0.486,0.4,0.5,0.75,1.0,2.9,3.9,1.2,0.8,0.4,0.8,2.4,3.7,,2021,0
427.0,P.J. Tucker,35.0,HOU,PF,32.0,32.0,30.0,1.5,4.1,0.366,0.8,2.7,0.314,0.7,1.4,0.467,0.469,0.6,0.7,0.783,1.0,3.6,4.6,1.4,0.9,0.6,1.0,2.8,4.4,,2021,0
427.0,P.J. Tucker,35.0,MIL,PF,20.0,1.0,19.9,0.9,2.3,0.391,0.7,1.7,0.394,0.3,0.7,0.385,0.533,0.2,0.3,0.6,0.9,1.9,2.8,0.8,0.5,0.1,0.4,1.7,2.6,,2021,0
428.0,Isaiah Joe,21.0,PHI,SG,41.0,1.0,9.3,1.2,3.2,0.361,1.0,2.6,0.368,0.2,0.7,0.333,0.508,0.4,0.6,0.75,0.1,0.7,0.9,0.5,0.3,0.1,0.3,0.8,3.7,,2021,0
429.0,Luka Šamanić,21.0,SAS,PF,33.0,4.0,9.3,1.4,3.2,0.448,0.4,1.3,0.279,1.1,1.9,0.565,0.505,0.5,0.9,0.552,0.5,1.6,2.1,0.5,0.2,0.2,0.6,1.3,3.7,,2021,0
430.0,Javonte Green,27.0,2TM,SF,41.0,2.0,11.5,1.3,2.5,0.52,0.2,0.7,0.333,1.0,1.8,0.597,0.569,0.7,1.0,0.75,0.6,1.1,1.7,0.4,0.7,0.1,0.5,1.1,3.6,,2021,0
430.0,Javonte Green,27.0,BOS,SF,25.0,2.0,13.8,1.6,2.8,0.549,0.3,0.9,0.318,1.3,2.0,0.653,0.599,0.8,1.2,0.667,0.8,1.3,2.1,0.4,0.7,0.1,0.5,1.3,4.2,,2021,0
430.0,Javonte Green,27.0,CHI,SG,16.0,0.0,8.0,0.9,1.9,0.452,0.2,0.5,0.375,0.7,1.4,0.478,0.5,0.6,0.6,1.0,0.4,0.8,1.2,0.4,0.6,0.3,0.4,0.8,2.6,,2021,0
431.0,Luke Kornet,25.0,2TM,C,31.0,2.0,11.2,1.4,3.3,0.436,0.5,1.9,0.254,0.9,1.4,0.69,0.51,0.1,0.2,0.5,0.5,1.7,2.2,0.8,0.1,1.0,0.2,0.6,3.4,,2021,0
431.0,Luke Kornet,25.0,CHI,C,13.0,0.0,7.2,0.7,2.1,0.333,0.5,1.8,0.261,0.2,0.3,0.75,0.444,0.2,0.3,0.5,0.1,1.1,1.2,0.3,0.2,0.5,0.1,0.1,2.0,,2021,0
431.0,Luke Kornet,25.0,BOS,C,18.0,2.0,14.1,1.9,4.1,0.473,0.5,2.0,0.25,1.4,2.1,0.684,0.534,0.1,0.1,0.5,0.7,2.2,2.9,1.1,0.1,1.4,0.3,1.1,4.4,,2021,0
432.0,Wenyen Gabriel,23.0,NOP,PF,21.0,0.0,11.5,1.1,2.9,0.4,0.6,1.5,0.406,0.5,1.3,0.393,0.508,0.5,0.8,0.647,1.0,1.6,2.6,0.5,0.4,0.4,0.7,1.5,3.4,,2021,0
433.0,Paul Reed,21.0,PHI,PF,26.0,0.0,6.8,1.6,3.0,0.538,0.0,0.2,0.0,1.6,2.8,0.583,0.538,0.2,0.3,0.5,1.2,1.2,2.3,0.5,0.4,0.5,0.5,1.1,3.4,,2021,0
434.0,Quinn Cook,27.0,2TM,PG,23.0,0.0,6.8,1.3,3.0,0.426,0.5,1.1,0.423,0.8,1.8,0.429,0.507,0.3,0.3,0.875,0.1,0.7,0.7,0.8,0.2,0.0,0.3,0.4,3.3,,2021,0
434.0,Quinn Cook,27.0,LAL,PG,16.0,0.0,3.9,0.8,1.6,0.462,0.3,0.8,0.385,0.4,0.8,0.538,0.558,0.3,0.3,0.8,0.0,0.3,0.3,0.3,0.1,0.1,0.2,0.1,2.1,,2021,0
434.0,Quinn Cook,27.0,CLE,PG,7.0,0.0,13.6,2.4,6.0,0.405,0.9,1.9,0.462,1.6,4.1,0.379,0.476,0.4,0.4,1.0,0.3,1.4,1.7,1.9,0.4,0.0,0.6,1.1,6.1,,2021,0
435.0,Meyers Leonard,28.0,MIA,C,3.0,2.0,9.7,1.0,2.3,0.429,1.0,2.3,0.429,0.0,0.0,,0.643,0.3,0.7,0.5,0.0,2.3,2.3,0.7,0.0,0.0,0.7,1.7,3.3,,2021,0
436.0,Amir Coffey,23.0,LAC,SG,44.0,1.0,9.0,1.0,2.3,0.437,0.5,1.3,0.411,0.5,1.1,0.468,0.549,0.6,0.9,0.711,0.2,0.8,1.0,0.5,0.2,0.0,0.3,0.7,3.2,,2021,0
437.0,Zeke Nnaji,20.0,DEN,PF,42.0,1.0,9.5,1.2,2.5,0.481,0.6,1.4,0.407,0.6,1.1,0.578,0.596,0.3,0.4,0.8,0.3,1.2,1.5,0.2,0.2,0.1,0.2,0.7,3.2,,2021,0
438.0,Killian Tillie,22.0,MEM,C,18.0,1.0,10.1,1.1,3.2,0.333,0.6,1.8,0.303,0.5,1.3,0.375,0.421,0.5,0.6,0.818,0.3,1.0,1.3,0.4,0.3,0.4,0.1,1.1,3.2,,2021,0
439.0,Matt Thomas,26.0,2TM,SG,45.0,0.0,7.2,1.1,2.8,0.394,0.6,1.8,0.338,0.5,1.0,0.489,0.5,0.3,0.3,0.857,0.2,0.8,1.0,0.4,0.1,0.0,0.3,0.4,3.1,,2021,0
439.0,Matt Thomas,26.0,TOR,SG,26.0,0.0,7.4,0.9,2.4,0.387,0.7,1.6,0.415,0.3,0.8,0.333,0.524,0.2,0.3,0.857,0.1,0.7,0.8,0.3,0.1,0.0,0.2,0.4,2.7,,2021,0
439.0,Matt Thomas,26.0,UTA,SG,19.0,0.0,7.1,1.4,3.4,0.4,0.5,2.1,0.256,0.8,1.4,0.615,0.477,0.3,0.4,0.857,0.2,1.0,1.2,0.5,0.1,0.0,0.4,0.4,3.6,,2021,0
440.0,Gary Clark,26.0,3TM,SF,39.0,11.0,16.8,1.0,3.4,0.303,0.8,2.8,0.287,0.2,0.6,0.375,0.42,0.2,0.3,0.8,0.8,2.1,2.9,0.8,0.3,0.2,0.4,0.9,3.1,,2021,0
440.0,Gary Clark,26.0,ORL,SF,35.0,11.0,18.2,1.1,3.7,0.305,0.9,3.1,0.287,0.3,0.7,0.391,0.424,0.2,0.3,0.8,0.9,2.3,3.2,0.9,0.3,0.2,0.5,1.0,3.4,,2021,0
440.0,Gary Clark,26.0,DEN,SF,2.0,0.0,2.0,0.0,0.0,,0.0,0.0,,0.0,0.0,,,0.0,0.0,,0.0,0.5,0.5,0.0,0.0,0.0,0.0,0.0,0.0,,2021,0
440.0,Gary Clark,26.0,PHI,PF,2.0,0.0,6.5,0.0,0.5,0.0,0.0,0.0,,0.0,0.5,0.0,0.0,0.0,0.0,,0.0,1.0,1.0,0.5,0.5,0.0,0.0,0.5,0.0,,2021,0
441.0,Ryan Arcidiacono,26.0,CHI,PG,44.0,0.0,10.2,1.1,2.7,0.419,0.6,1.5,0.373,0.5,1.1,0.48,0.526,0.3,0.5,0.65,0.1,1.4,1.5,1.3,0.2,0.0,0.2,1.1,3.1,,2021,0
442.0,Mamadi Diakite,24.0,MIL,PF,14.0,1.0,10.1,1.1,2.9,0.4,0.1,0.6,0.125,1.1,2.3,0.469,0.413,0.8,1.0,0.786,0.6,1.9,2.4,0.6,0.5,0.4,0.2,1.1,3.1,,2021,0
443.0,Anthony Gill,28.0,WAS,PF,26.0,4.0,8.4,1.2,2.3,0.5,0.3,0.9,0.292,0.9,1.4,0.639,0.558,0.5,0.6,0.813,0.6,1.3,2.0,0.4,0.4,0.2,0.3,1.0,3.1,,2021,0
444.0,Romeo Langford,21.0,BOS,SG,18.0,4.0,15.7,1.2,3.3,0.356,0.3,1.0,0.278,0.9,2.3,0.39,0.398,0.5,0.7,0.75,0.7,1.3,1.9,0.7,0.3,0.3,0.6,1.3,3.1,,2021,0
445.0,Alfonzo McKinnie,28.0,LAL,SF,39.0,0.0,6.6,1.2,2.4,0.516,0.4,1.0,0.41,0.8,1.4,0.593,0.602,0.3,0.5,0.556,0.6,0.8,1.4,0.2,0.2,0.0,0.1,0.7,3.1,,2021,0
446.0,Jahmi'us Ramsey,19.0,SAC,SG,13.0,0.0,7.2,1.2,2.9,0.395,0.4,1.5,0.263,0.8,1.5,0.526,0.461,0.4,0.4,1.0,0.2,0.6,0.8,0.5,0.3,0.1,0.2,0.6,3.1,,2021,0
447.0,Cameron Reynolds,25.0,2TM,SF,5.0,0.0,8.0,1.2,3.6,0.333,0.6,2.4,0.25,0.6,1.2,0.5,0.417,0.0,0.0,,0.4,0.6,1.0,0.4,0.0,0.0,0.0,0.4,3.0,,2021,0
447.0,Cameron Reynolds,25.0,SAS,SF,3.0,0.0,2.0,0.3,0.7,0.5,0.0,0.0,,0.3,0.7,0.5,0.5,0.0,0.0,,0.0,0.0,0.0,0.0,0.0,0.0,0.0,0.0,0.7,,2021,0
447.0,Cameron Reynolds,25.0,HOU,SF,2.0,0.0,17.0,2.5,8.0,0.313,1.5,6.0,0.25,1.0,2.0,0.5,0.406,0.0,0.0,,1.0,1.5,2.5,1.0,0.0,0.0,0.0,1.0,6.5,,2021,0
448.0,Nicolò Melli,30.0,2TM,PF,45.0,4.0,12.6,1.0,3.1,0.326,0.5,1.9,0.271,0.5,1.2,0.411,0.408,0.4,0.6,0.76,0.6,2.1,2.7,1.0,0.3,0.1,0.3,1.3,3.0,,2021,0
448.0,Nicolò Melli,30.0,NOP,PF,22.0,0.0,11.0,0.7,2.7,0.254,0.3,1.7,0.189,0.4,1.0,0.364,0.314,0.3,0.3,0.857,0.5,2.0,2.6,1.1,0.4,0.0,0.3,1.3,2.0,,2021,0
448.0,Nicolò Melli,30.0,DAL,PF,23.0,4.0,14.1,1.3,3.6,0.378,0.7,2.1,0.333,0.7,1.5,0.441,0.476,0.6,0.8,0.722,0.7,2.1,2.8,0.8,0.2,0.1,0.2,1.3,4.0,,2021,0
449.0,Sam Merrill,24.0,MIL,SG,30.0,2.0,7.8,1.1,2.4,0.444,0.7,1.6,0.447,0.4,0.8,0.44,0.59,0.1,0.1,1.0,0.2,0.8,1.0,0.7,0.3,0.0,0.3,0.6,3.0,,2021,0
450.0,Reggie Perry,20.0,BRK,PF,26.0,0.0,8.1,1.2,3.0,0.41,0.2,0.8,0.19,1.1,2.2,0.491,0.436,0.4,0.5,0.769,1.0,1.8,2.8,0.5,0.2,0.2,0.6,1.5,3.0,,2021,0
451.0,Thanasis Antetokounmpo,28.0,MIL,SF,57.0,3.0,9.7,1.2,2.4,0.489,0.1,0.5,0.241,1.1,1.9,0.556,0.515,0.4,0.9,0.51,0.9,1.2,2.2,0.8,0.4,0.2,0.8,1.3,2.9,,2021,0
452.0,Trent Forrest,22.0,UTA,PG,30.0,0.0,10.1,1.1,2.4,0.451,0.2,0.9,0.192,0.9,1.5,0.6,0.486,0.6,0.6,1.0,0.4,1.1,1.5,1.5,0.3,0.1,0.7,0.7,2.9,,2021,0
453.0,Bruno Caboclo,25.0,HOU,PF,6.0,0.0,6.0,1.3,2.8,0.471,0.0,0.8,0.0,1.3,2.0,0.667,0.471,0.2,0.3,0.5,0.5,1.8,2.3,0.2,0.0,0.3,0.7,1.0,2.8,,2021,0
454.0,Matthew Dellavedova,30.0,CLE,PG,13.0,1.0,17.2,1.1,4.3,0.25,0.3,1.9,0.16,0.8,2.4,0.323,0.286,0.3,0.3,1.0,0.5,1.4,1.8,4.5,0.3,0.1,0.5,1.6,2.8,,2021,0
455.0,Harry Giles,22.0,POR,C,38.0,0.0,9.2,1.1,2.6,0.433,0.2,0.6,0.348,0.9,1.9,0.459,0.474,0.4,0.7,0.593,0.8,2.7,3.5,0.8,0.2,0.3,0.5,1.4,2.8,,2021,0
456.0,Kyle Guy,23.0,SAC,PG,31.0,0.0,7.6,0.9,2.8,0.33,0.4,1.5,0.283,0.5,1.4,0.381,0.403,0.5,0.6,0.8,0.2,1.0,1.1,1.0,0.2,0.0,0.4,0.6,2.8,,2021,0
457.0,Markus Howard,21.0,DEN,SG,37.0,1.0,5.5,1.1,2.9,0.377,0.5,1.8,0.277,0.6,1.1,0.537,0.462,0.2,0.2,0.778,0.0,0.5,0.6,0.5,0.1,0.0,0.5,0.6,2.8,,2021,0
458.0,Didi Louzada,21.0,NOP,SF,3.0,0.0,18.7,1.0,4.3,0.231,0.7,2.7,0.25,0.3,1.7,0.2,0.308,0.0,0.0,,0.3,0.7,1.0,1.0,0.7,0.0,1.0,1.7,2.7,,2021,0
459.0,Frank Ntilikina,22.0,NYK,PG,33.0,4.0,9.8,0.9,2.4,0.367,0.7,1.5,0.479,0.2,0.9,0.194,0.513,0.2,0.5,0.444,0.2,0.8,0.9,0.6,0.5,0.1,0.3,1.4,2.7,,2021,0
460.0,Keita Bates-Diop,25.0,SAS,SF,30.0,0.0,8.2,1.0,2.2,0.448,0.2,0.6,0.294,0.8,1.7,0.5,0.485,0.5,0.7,0.667,0.3,1.3,1.6,0.4,0.4,0.2,0.2,0.4,2.6,,2021,0
461.0,Amida Brimah,26.0,IND,C,5.0,0.0,5.8,1.0,1.6,0.625,0.0,0.0,,1.0,1.6,0.625,0.625,0.6,0.6,1.0,0.4,1.2,1.6,0.2,0.0,1.0,0.8,0.8,2.6,,2021,0
462.0,Josh Green,20.0,DAL,SG,39.0,5.0,11.4,1.1,2.4,0.452,0.1,0.6,0.16,1.0,1.7,0.559,0.473,0.3,0.6,0.565,0.7,1.3,2.0,0.7,0.4,0.1,0.4,0.9,2.6,,2021,0
463.0,Grant Riller,23.0,CHO,PG,7.0,0.0,3.9,1.1,1.7,0.667,0.3,0.6,0.5,0.9,1.1,0.75,0.75,0.0,0.0,,0.0,0.1,0.1,0.4,0.1,0.0,0.1,0.0,2.6,,2021,0
464.0,Anderson Varejão,38.0,CLE,C,5.0,0.0,7.2,0.8,3.2,0.25,0.0,0.2,0.0,0.8,3.0,0.267,0.25,1.0,1.8,0.556,1.4,2.6,4.0,0.6,0.0,0.4,0.2,0.6,2.6,,2021,0
465.0,Jordan Bell,26.0,2TM,C,6.0,1.0,13.7,1.2,3.7,0.318,0.0,0.3,0.0,1.2,3.3,0.35,0.318,0.2,0.3,0.5,1.2,2.8,4.0,1.2,0.5,0.8,0.7,1.2,2.5,,2021,0
465.0,Jordan Bell,26.0,WAS,C,5.0,1.0,13.4,1.4,4.0,0.35,0.0,0.4,0.0,1.4,3.6,0.389,0.35,0.0,0.0,,1.2,2.6,3.8,1.0,0.6,0.6,0.6,1.0,2.8,,2021,0
465.0,Jordan Bell,26.0,GSW,C,1.0,0.0,15.0,0.0,2.0,0.0,0.0,0.0,,0.0,2.0,0.0,0.0,1.0,2.0,0.5,1.0,4.0,5.0,2.0,0.0,2.0,1.0,2.0,1.0,,2021,0
466.0,Tacko Fall,25.0,BOS,C,19.0,0.0,7.2,1.1,1.5,0.724,0.0,0.0,,1.1,1.5,0.724,0.724,0.3,0.8,0.333,0.8,1.9,2.7,0.2,0.1,1.1,0.3,1.2,2.5,,2021,0
467.0,Rondae Hollis-Jefferson,26.0,POR,PF,11.0,1.0,9.7,0.8,1.6,0.5,0.0,0.1,0.0,0.8,1.5,0.529,0.5,0.8,1.5,0.563,1.0,1.4,2.4,1.2,0.2,0.4,0.2,1.4,2.5,,2021,0
468.0,Tre Jones,21.0,SAS,PG,37.0,1.0,7.3,1.0,2.1,0.474,0.1,0.1,0.6,0.9,2.0,0.466,0.494,0.5,0.5,0.895,0.2,0.4,0.6,1.1,0.2,0.0,0.4,0.4,2.5,,2021,0
469.0,KZ Okpala,21.0,MIA,PF,37.0,9.0,12.1,1.0,2.6,0.375,0.3,1.4,0.24,0.6,1.2,0.522,0.438,0.2,0.4,0.533,0.6,1.3,1.8,0.5,0.3,0.3,0.4,1.6,2.5,,2021,0
470.0,Gary Payton II,28.0,GSW,PG,10.0,0.0,4.0,1.0,1.3,0.769,0.2,0.4,0.5,0.8,0.9,0.889,0.846,0.3,0.4,0.75,0.2,0.9,1.1,0.1,0.6,0.1,0.1,0.8,2.5,,2021,0
471.0,Mfiondu Kabengele,23.0,2TM,PF,39.0,0.0,7.2,0.8,2.3,0.371,0.3,1.3,0.26,0.5,1.0,0.513,0.444,0.4,0.5,0.8,0.3,1.2,1.5,0.4,0.2,0.3,0.4,0.9,2.4,,2021,0
471.0,Mfiondu Kabengele,23.0,LAC,PF,23.0,0.0,4.1,0.4,1.4,0.281,0.2,0.8,0.222,0.2,0.6,0.357,0.344,0.2,0.3,0.833,0.0,0.6,0.6,0.2,0.1,0.1,0.3,0.8,1.2,,2021,0
471.0,Mfiondu Kabengele,23.0,CLE,PF,16.0,0.0,11.6,1.5,3.6,0.421,0.6,2.0,0.281,0.9,1.6,0.6,0.5,0.7,0.9,0.786,0.7,2.2,2.9,0.8,0.4,0.6,0.6,1.1,4.3,,2021,0
472.0,Wes Iwundu,26.0,2TM,SF,41.0,4.0,13.1,0.8,2.5,0.333,0.1,1.0,0.122,0.7,1.5,0.475,0.358,0.6,0.8,0.839,0.4,1.8,2.2,0.4,0.4,0.1,0.5,1.2,2.4,,2021,0
472.0,Wes Iwundu,26.0,DAL,SF,23.0,3.0,12.5,0.7,2.3,0.327,0.1,1.0,0.13,0.6,1.3,0.483,0.356,0.5,0.6,0.857,0.3,1.7,1.9,0.4,0.4,0.1,0.3,1.1,2.1,,2021,0
472.0,Wes Iwundu,26.0,NOP,SF,18.0,1.0,13.9,0.9,2.8,0.34,0.1,1.0,0.111,0.8,1.8,0.469,0.36,0.8,0.9,0.824,0.5,2.1,2.6,0.4,0.3,0.1,0.7,1.3,2.8,,2021,0
473.0,Vernon Carey Jr.,19.0,CHO,C,19.0,4.0,6.1,0.9,1.9,0.5,0.1,0.4,0.143,0.9,1.5,0.586,0.514,0.5,0.6,0.818,0.3,1.1,1.4,0.1,0.1,0.3,0.3,0.7,2.4,,2021,0
474.0,Jeremiah Martin,24.0,CLE,PG,9.0,0.0,8.3,1.0,3.7,0.273,0.3,1.3,0.25,0.7,2.3,0.286,0.318,0.1,0.6,0.2,0.2,0.6,0.8,0.4,0.6,0.2,0.7,0.1,2.4,,2021,0
475.0,Rayjon Tucker,23.0,PHI,PG,14.0,0.0,4.9,0.6,1.3,0.5,0.1,0.5,0.286,0.5,0.8,0.636,0.556,1.0,1.4,0.737,0.1,0.7,0.8,0.4,0.1,0.0,0.3,0.6,2.4,,2021,0
476.0,Jarrell Brantley,24.0,UTA,PF,28.0,0.0,4.9,0.9,1.9,0.481,0.4,1.0,0.429,0.5,0.9,0.542,0.596,0.1,0.1,1.0,0.3,0.6,1.0,0.5,0.3,0.1,0.3,0.6,2.3,,2021,0
477.0,CJ Elleby,20.0,POR,SF,30.0,0.0,6.4,0.8,2.2,0.379,0.2,1.1,0.206,0.6,1.1,0.563,0.432,0.4,0.5,0.733,0.4,0.7,1.1,0.3,0.2,0.1,0.2,0.9,2.3,,2021,0
478.0,Justin Robinson,23.0,OKC,PG,9.0,0.0,9.8,0.8,2.3,0.333,0.4,1.6,0.286,0.3,0.8,0.429,0.429,0.3,0.6,0.6,0.1,0.7,0.8,1.0,0.3,0.0,0.2,1.1,2.3,,2021,0
479.0,Quinndary Weatherspoon,24.0,SAS,SG,20.0,0.0,6.1,0.8,1.8,0.457,0.1,0.3,0.167,0.8,1.5,0.517,0.471,0.7,0.8,0.813,0.2,0.4,0.6,0.4,0.4,0.1,0.5,0.9,2.3,,2021,0
480.0,Bol Bol,21.0,DEN,PF,32.0,2.0,5.0,0.8,1.8,0.431,0.3,0.8,0.375,0.5,1.1,0.471,0.509,0.3,0.5,0.667,0.0,0.8,0.8,0.2,0.1,0.3,0.4,0.4,2.2,,2021,0
481.0,Sean McDermott,24.0,MEM,SF,18.0,0.0,8.8,0.7,1.8,0.394,0.3,1.2,0.227,0.4,0.6,0.727,0.47,0.4,0.4,1.0,0.3,0.7,1.1,0.2,0.1,0.2,0.2,0.4,2.2,,2021,0
482.0,Shaquille Harrison,27.0,2TM,SG,34.0,0.0,9.8,0.8,2.3,0.333,0.1,0.5,0.188,0.7,1.8,0.371,0.353,0.5,0.6,0.818,0.2,1.2,1.4,0.7,0.5,0.1,0.3,1.0,2.1,,2021,0
482.0,Shaquille Harrison,27.0,UTA,SG,17.0,0.0,3.3,0.4,1.2,0.3,0.0,0.1,0.0,0.4,1.1,0.333,0.3,0.3,0.4,0.833,0.2,0.4,0.5,0.5,0.1,0.0,0.3,0.2,1.0,,2021,0
482.0,Shaquille Harrison,27.0,DEN,SG,17.0,0.0,16.3,1.2,3.4,0.345,0.2,0.8,0.214,1.0,2.6,0.386,0.371,0.8,0.9,0.813,0.2,2.1,2.3,0.9,0.9,0.3,0.4,1.8,3.3,,2021,0
483.0,Chris Silva,24.0,2TM,PF,15.0,0.0,6.1,0.7,1.1,0.625,0.1,0.1,1.0,0.6,1.0,0.6,0.656,0.7,1.0,0.733,0.5,1.3,1.8,0.4,0.1,0.4,0.7,1.6,2.1,,2021,0
483.0,Chris Silva,24.0,MIA,PF,11.0,0.0,7.5,0.8,1.2,0.692,0.1,0.1,1.0,0.7,1.1,0.667,0.731,1.0,1.4,0.733,0.6,1.6,2.3,0.5,0.1,0.5,0.8,1.8,2.7,,2021,0
483.0,Chris Silva,24.0,SAC,PF,4.0,0.0,2.3,0.3,0.8,0.333,0.0,0.0,,0.3,0.8,0.333,0.333,0.0,0.0,,0.0,0.5,0.5,0.0,0.0,0.3,0.3,1.0,0.5,,2021,0
484.0,Vlatko Čančar,23.0,DEN,PF,41.0,1.0,6.9,0.8,1.8,0.458,0.2,0.8,0.273,0.6,1.0,0.615,0.521,0.2,0.3,0.769,0.3,1.0,1.2,0.3,0.3,0.0,0.3,0.4,2.1,,2021,0
485.0,Ed Davis,31.0,MIN,C,23.0,7.0,13.0,0.8,1.9,0.432,0.0,0.0,,0.8,1.9,0.432,0.432,0.4,0.5,0.833,2.0,3.0,5.0,0.9,0.6,0.6,0.3,2.4,2.1,,2021,0
486.0,Devon Dotson,21.0,CHI,PG,11.0,0.0,4.5,1.0,1.9,0.524,0.1,0.6,0.143,0.9,1.3,0.714,0.548,0.0,0.0,,0.2,0.3,0.5,0.6,0.4,0.0,0.0,0.3,2.1,,2021,0
487.0,Deividas Sirvydis,20.0,DET,SG,20.0,0.0,6.7,0.7,2.0,0.35,0.5,1.4,0.357,0.2,0.6,0.333,0.475,0.2,0.3,0.5,0.0,1.5,1.5,0.3,0.1,0.0,0.3,0.5,2.1,,2021,0
488.0,Sindarius Thornwell,26.0,2TM,SG,21.0,1.0,10.3,0.7,2.2,0.326,0.3,1.1,0.304,0.4,1.1,0.348,0.402,0.2,0.4,0.5,0.1,0.7,0.9,1.0,0.6,0.1,0.3,0.7,2.0,,2021,0
488.0,Sindarius Thornwell,26.0,NOP,SG,14.0,1.0,5.2,0.5,1.5,0.333,0.2,0.6,0.333,0.3,0.9,0.333,0.405,0.0,0.1,0.0,0.1,0.3,0.4,0.3,0.4,0.1,0.3,0.2,1.2,,2021,0
488.0,Sindarius Thornwell,26.0,ORL,SG,7.0,0.0,20.6,1.1,3.6,0.32,0.6,2.0,0.286,0.6,1.6,0.364,0.4,0.6,0.9,0.667,0.3,1.6,1.9,2.4,1.1,0.1,0.4,1.7,3.4,,2021,0
489.0,Isaac Bonga,21.0,WAS,SF,40.0,8.0,10.8,0.8,2.0,0.37,0.3,1.2,0.277,0.4,0.9,0.5,0.451,0.1,0.2,0.625,0.5,1.2,1.7,0.6,0.3,0.2,0.6,1.6,2.0,,2021,0
490.0,Devontae Cacok,24.0,LAL,PF,20.0,1.0,4.9,0.9,1.5,0.586,0.0,0.0,,0.9,1.5,0.586,0.586,0.3,0.6,0.455,0.6,1.0,1.6,0.1,0.3,0.2,0.3,0.4,2.0,,2021,0
491.0,Nate Hinton,21.0,DAL,SG,21.0,0.0,4.4,0.7,2.0,0.357,0.2,0.9,0.211,0.5,1.1,0.478,0.405,0.3,0.5,0.7,0.0,0.4,0.4,0.4,0.3,0.1,0.2,0.4,2.0,,2021,0
492.0,Jontay Porter,21.0,MEM,PF,11.0,0.0,4.9,0.7,1.4,0.533,0.3,0.7,0.375,0.5,0.6,0.714,0.633,0.3,0.5,0.6,0.4,0.9,1.3,0.1,0.3,0.1,0.6,1.1,2.0,,2021,0
493.0,Jalen Smith,20.0,PHO,PF,27.0,1.0,5.8,0.8,1.9,0.44,0.1,0.6,0.235,0.7,1.2,0.545,0.48,0.2,0.3,0.714,0.3,1.1,1.4,0.1,0.0,0.2,0.3,0.6,2.0,,2021,0
494.0,Ray Spalding,23.0,HOU,C,2.0,0.0,9.5,1.0,2.0,0.5,0.0,0.5,0.0,1.0,1.5,0.667,0.5,0.0,1.0,0.0,1.0,1.0,2.0,0.0,0.0,1.0,1.5,1.5,2.0,,2021,0
495.0,Miye Oni,23.0,UTA,SG,54.0,0.0,9.6,0.6,1.8,0.354,0.6,1.6,0.341,0.1,0.2,0.455,0.505,0.1,0.1,0.833,0.4,1.1,1.6,0.5,0.2,0.1,0.3,1.1,1.9,,2021,0
496.0,Alen Smailagić,20.0,GSW,PF,15.0,1.0,5.6,0.7,1.8,0.407,0.3,0.7,0.4,0.5,1.1,0.412,0.481,0.1,0.4,0.333,0.4,0.7,1.1,0.3,0.2,0.3,0.3,0.7,1.9,,2021,0
497.0,Cassius Winston,22.0,WAS,PG,22.0,0.0,4.5,0.6,1.5,0.424,0.4,0.8,0.471,0.3,0.7,0.375,0.545,0.2,0.3,0.833,0.0,0.4,0.4,0.5,0.1,0.0,0.2,0.4,1.9,,2021,0
498.0,Daniel Oturu,21.0,LAC,C,30.0,0.0,5.4,0.7,1.7,0.423,0.0,0.2,0.2,0.7,1.6,0.447,0.433,0.3,0.4,0.75,0.7,0.9,1.6,0.3,0.1,0.2,0.3,0.8,1.8,,2021,0
499.0,Axel Toupane,28.0,MIL,SF,8.0,1.0,7.6,0.5,1.4,0.364,0.1,0.3,0.5,0.4,1.1,0.333,0.409,0.6,0.9,0.714,0.0,0.8,0.8,0.5,0.3,0.4,0.0,0.8,1.8,,2021,0
500.0,Elijah Hughes,22.0,UTA,SF,18.0,0.0,3.6,0.6,1.7,0.333,0.4,1.3,0.348,0.1,0.4,0.286,0.467,0.2,0.2,0.75,0.1,0.4,0.5,0.3,0.1,0.1,0.3,0.1,1.7,,2021,0
501.0,T.J. Leaf,23.0,POR,PF,7.0,0.0,5.0,0.7,1.4,0.5,0.0,0.0,,0.7,1.4,0.5,0.5,0.3,0.3,1.0,0.0,0.7,0.7,0.1,0.3,0.1,0.3,0.1,1.7,,2021,0
502.0,James Nunnally,30.0,NOP,SF,9.0,0.0,5.3,0.6,1.4,0.385,0.4,1.3,0.333,0.1,0.1,1.0,0.538,0.1,0.2,0.5,0.2,0.8,1.0,0.3,0.0,0.0,0.2,0.1,1.7,,2021,0
503.0,Tim Frazier,30.0,MEM,PG,5.0,0.0,12.4,0.6,4.0,0.15,0.0,1.6,0.0,0.6,2.4,0.25,0.15,0.4,1.2,0.333,0.0,1.6,1.6,3.2,0.4,0.2,0.8,1.4,1.6,,2021,0
504.0,Rodions Kurucs,22.0,3TM,SF,21.0,0.0,6.0,0.5,1.5,0.344,0.3,1.0,0.286,0.2,0.5,0.455,0.438,0.1,0.2,0.75,0.2,0.9,1.1,0.5,0.4,0.2,0.6,0.8,1.5,,2021,0
504.0,Rodions Kurucs,22.0,BRK,PF,5.0,0.0,3.2,0.2,0.6,0.333,0.2,0.4,0.5,0.0,0.2,0.0,0.5,0.0,0.0,,0.0,0.6,0.6,0.4,0.0,0.0,0.0,0.2,0.6,,2021,0
504.0,Rodions Kurucs,22.0,HOU,SF,11.0,0.0,6.8,0.5,1.9,0.238,0.2,1.4,0.133,0.3,0.5,0.5,0.286,0.1,0.2,0.5,0.2,0.8,1.0,0.4,0.5,0.4,0.8,0.6,1.2,,2021,0
504.0,Rodions Kurucs,22.0,MIL,SF,5.0,0.0,6.8,1.0,1.6,0.625,0.6,0.8,0.75,0.4,0.8,0.5,0.813,0.4,0.4,1.0,0.6,1.2,1.8,0.8,0.6,0.0,0.8,1.6,3.0,,2021,0
505.0,Norvel Pelle,27.0,3TM,C,13.0,0.0,6.5,0.6,1.2,0.533,0.0,0.0,,0.6,1.2,0.533,0.533,0.3,0.5,0.667,0.5,1.0,1.5,0.2,0.1,0.7,0.2,1.1,1.5,,2021,0
505.0,Norvel Pelle,27.0,BRK,C,3.0,0.0,9.3,1.0,2.3,0.429,0.0,0.0,,1.0,2.3,0.429,0.429,0.0,0.0,,1.0,1.3,2.3,0.0,0.0,1.0,1.0,3.0,2.0,,2021,0
505.0,Norvel Pelle,27.0,SAC,C,1.0,0.0,4.0,0.0,1.0,0.0,0.0,0.0,,0.0,1.0,0.0,0.0,3.0,4.0,0.75,1.0,0.0,1.0,1.0,0.0,0.0,0.0,1.0,3.0,,2021,0
505.0,Norvel Pelle,27.0,NYK,C,9.0,0.0,5.8,0.6,0.8,0.714,0.0,0.0,,0.6,0.8,0.714,0.714,0.1,0.2,0.5,0.2,1.0,1.2,0.1,0.1,0.7,0.0,0.4,1.2,,2021,0
506.0,Bruno Fernando,22.0,ATL,C,33.0,0.0,6.8,0.5,1.3,0.409,0.0,0.1,0.0,0.5,1.3,0.429,0.409,0.5,0.7,0.682,0.5,1.9,2.4,0.3,0.1,0.1,0.6,0.7,1.5,,2021,0
507.0,Cassius Stanley,21.0,IND,SG,24.0,0.0,3.9,0.5,1.8,0.302,0.1,0.5,0.231,0.4,1.3,0.333,0.337,0.3,0.4,0.778,0.3,0.5,0.8,0.0,0.0,0.1,0.0,0.6,1.5,,2021,0
508.0,Anthony Tolliver,35.0,PHI,PF,11.0,0.0,9.0,0.4,1.5,0.235,0.4,1.3,0.286,0.0,0.3,0.0,0.353,0.5,0.5,0.833,0.3,0.6,0.9,0.2,0.3,0.2,0.3,0.6,1.5,,2021,0
509.0,Robert Woodard II,21.0,SAC,SF,13.0,0.0,3.5,0.6,1.5,0.4,0.1,0.5,0.167,0.5,1.1,0.5,0.425,0.2,0.6,0.375,0.3,0.9,1.2,0.2,0.0,0.2,0.1,0.3,1.5,,2021,0
510.0,Nate Darling,22.0,CHO,SG,7.0,0.0,3.7,0.3,1.0,0.286,0.3,1.0,0.286,0.0,0.0,,0.429,0.4,0.4,1.0,0.1,0.0,0.1,0.1,0.0,0.1,0.1,0.1,1.3,,2021,0
511.0,Kris Dunn,26.0,ATL,PG,4.0,0.0,11.3,0.3,3.0,0.083,0.0,0.5,0.0,0.3,2.5,0.1,0.083,0.8,1.0,0.75,0.0,1.5,1.5,0.5,0.5,0.5,0.8,2.5,1.3,,2021,0
512.0,Cristiano Felício,28.0,CHI,C,18.0,0.0,4.7,0.4,0.7,0.538,0.0,0.1,0.0,0.4,0.6,0.636,0.538,0.5,0.9,0.563,0.6,0.9,1.4,0.5,0.2,0.0,0.2,0.6,1.3,,2021,0
513.0,Jalen Lecque,20.0,IND,PG,4.0,0.0,3.0,0.3,2.3,0.111,0.0,0.3,0.0,0.3,2.0,0.125,0.111,0.8,0.8,1.0,0.5,0.8,1.3,0.5,0.0,0.0,0.0,0.0,1.3,,2021,0
514.0,Marques Bolden,22.0,CLE,C,6.0,0.0,4.8,0.2,0.5,0.333,0.0,0.0,,0.2,0.5,0.333,0.333,0.8,1.3,0.625,0.5,0.5,1.0,0.0,0.3,0.3,0.3,0.0,1.2,,2021,0
515.0,Juwan Morgan,23.0,UTA,PF,29.0,0.0,5.1,0.5,1.0,0.467,0.1,0.4,0.308,0.3,0.6,0.588,0.533,0.1,0.2,0.429,0.3,0.7,1.0,0.3,0.1,0.0,0.1,0.7,1.2,,2021,0
516.0,Andre Roberson,29.0,BRK,SG,5.0,0.0,12.6,0.4,2.8,0.143,0.2,1.6,0.125,0.2,1.2,0.167,0.179,0.2,0.4,0.5,1.4,1.6,3.0,0.8,0.6,0.2,0.4,0.8,1.2,,2021,0
517.0,Udoka Azubuike,21.0,UTA,C,15.0,0.0,3.8,0.3,0.6,0.444,0.0,0.0,,0.3,0.6,0.444,0.444,0.5,0.7,0.8,0.3,0.6,0.9,0.0,0.1,0.3,0.2,0.6,1.1,,2021,0
518.0,Karim Mané,20.0,ORL,PG,10.0,0.0,8.8,0.3,1.3,0.231,0.1,0.2,0.5,0.2,1.1,0.182,0.269,0.4,0.5,0.8,0.1,1.3,1.4,0.4,0.0,0.2,0.3,1.0,1.1,,2021,0
519.0,Adam Mokoka,22.0,CHI,SG,14.0,0.0,4.0,0.5,1.4,0.368,0.1,0.7,0.1,0.4,0.6,0.667,0.395,0.0,0.1,0.0,0.1,0.3,0.4,0.4,0.1,0.1,0.4,0.4,1.1,,2021,0
520.0,Tyler Bey,22.0,DAL,SF,18.0,0.0,3.9,0.4,1.2,0.318,0.1,0.2,0.25,0.3,1.0,0.333,0.341,0.2,0.3,0.6,0.4,0.6,1.1,0.2,0.0,0.1,0.2,0.3,1.0,,2021,0
521.0,Malik Fitts,23.0,LAC,PF,3.0,0.0,3.7,0.3,1.0,0.333,0.3,0.7,0.5,0.0,0.3,0.0,0.5,0.0,0.0,,0.0,1.0,1.0,0.0,0.0,0.0,0.0,1.0,1.0,,2021,0
522.0,Patrick McCaw,25.0,TOR,SF,5.0,0.0,6.6,0.2,0.2,1.0,0.0,0.0,,0.2,0.2,1.0,1.0,0.6,0.6,1.0,0.2,0.4,0.6,0.8,0.4,0.0,0.0,1.2,1.0,,2021,0
523.0,Iman Shumpert,30.0,BRK,SG,2.0,0.0,5.5,0.5,2.0,0.25,0.0,1.5,0.0,0.5,0.5,1.0,0.25,0.0,0.0,,0.5,0.0,0.5,0.0,0.5,0.0,0.5,0.0,1.0,,2021,0
524.0,Tyrell Terry,20.0,DAL,PG,11.0,0.0,5.1,0.5,1.5,0.313,0.0,0.6,0.0,0.5,0.8,0.556,0.313,0.1,0.3,0.333,0.0,0.5,0.5,0.5,0.5,0.0,0.2,0.2,1.0,,2021,0
525.0,Kostas Antetokounmpo,23.0,LAL,PF,15.0,0.0,3.7,0.2,0.7,0.3,0.0,0.0,,0.2,0.7,0.3,0.3,0.4,0.9,0.462,0.3,1.0,1.3,0.1,0.1,0.3,0.7,0.5,0.8,,2021,0
526.0,Vincent Poirier,27.0,PHI,C,10.0,0.0,3.9,0.3,1.2,0.25,0.0,0.1,0.0,0.3,1.1,0.273,0.25,0.2,0.6,0.333,0.6,0.8,1.4,0.2,0.0,0.3,0.4,0.8,0.8,,2021,0
527.0,Nick Richards,23.0,CHO,PF,18.0,0.0,3.5,0.2,0.5,0.444,0.0,0.1,0.0,0.2,0.4,0.5,0.444,0.4,0.6,0.636,0.2,0.4,0.6,0.1,0.0,0.0,0.2,0.4,0.8,,2021,0
528.0,Keljin Blevins,25.0,POR,SF,17.0,0.0,4.4,0.3,1.2,0.25,0.1,0.5,0.25,0.2,0.7,0.25,0.3,0.0,0.0,,0.2,0.4,0.6,0.2,0.1,0.0,0.3,0.5,0.7,,2021,0
529.0,Ty-Shon Alexander,22.0,PHO,SG,15.0,0.0,3.1,0.2,0.8,0.25,0.1,0.6,0.222,0.1,0.2,0.333,0.333,0.1,0.1,0.5,0.1,0.5,0.7,0.4,0.0,0.1,0.2,0.1,0.6,,2021,0
530.0,Brian Bowen,22.0,IND,SF,6.0,0.0,2.5,0.2,0.7,0.25,0.0,0.2,0.0,0.2,0.5,0.333,0.25,0.2,0.2,1.0,0.0,0.5,0.5,0.0,0.0,0.0,0.0,0.2,0.5,,2021,0
531.0,Jared Dudley,35.0,LAL,PF,12.0,0.0,6.8,0.2,0.8,0.222,0.2,0.5,0.333,0.0,0.3,0.0,0.333,0.0,0.0,,0.3,1.4,1.8,0.4,0.1,0.1,0.2,0.6,0.5,,2021,0
532.0,Jared Harper,23.0,NYK,PG,8.0,0.0,2.0,0.0,0.5,0.0,0.0,0.1,0.0,0.0,0.4,0.0,0.0,0.4,0.5,0.75,0.0,0.3,0.3,0.1,0.0,0.0,0.4,0.1,0.4,,2021,0
533.0,Jaylen Adams,24.0,MIL,PG,7.0,0.0,2.6,0.1,1.1,0.125,0.0,0.3,0.0,0.1,0.9,0.167,0.125,0.0,0.0,,0.0,0.4,0.4,0.3,0.0,0.0,0.0,0.1,0.3,,2021,0
534.0,Terrance Ferguson,22.0,PHI,SG,13.0,0.0,3.8,0.1,0.5,0.143,0.0,0.4,0.0,0.1,0.2,0.5,0.143,0.0,0.0,,0.0,0.1,0.1,0.2,0.1,0.0,0.3,0.5,0.2,,2021,0
535.0,Theo Pinson,25.0,NYK,SG,17.0,0.0,2.0,0.1,0.5,0.111,0.0,0.5,0.0,0.1,0.1,1.0,0.111,0.0,0.0,,0.0,0.3,0.3,0.1,0.0,0.0,0.1,0.2,0.1,,2021,0
536.0,Ashton Hagans,21.0,MIN,PG,2.0,0.0,2.0,0.0,0.0,,0.0,0.0,,0.0,0.0,,,0.0,0.0,,0.0,0.0,0.0,0.0,0.0,0.0,0.5,0.0,0.0,,2021,0
537.0,Will Magnay,22.0,NOP,C,1.0,0.0,3.0,0.0,1.0,0.0,0.0,1.0,0.0,0.0,0.0,,0.0,0.0,0.0,,0.0,0.0,0.0,0.0,0.0,0.0,1.0,1.0,0.0,,2021,0
538.0,Anžejs Pasečņiks,25.0,WAS,C,1.0,0.0,6.0,0.0,1.0,0.0,0.0,1.0,0.0,0.0,0.0,,0.0,0.0,0.0,,1.0,0.0,1.0,1.0,0.0,0.0,5.0,2.0,0.0,,2021,0
539.0,Noah Vonleh,25.0,BRK,C,4.0,0.0,2.8,0.0,0.8,0.0,0.0,0.5,0.0,0.0,0.3,0.0,0.0,0.0,0.0,,0.0,0.3,0.3,0.3,0.0,0.0,0.5,0.5,0.0,,2021,0
540.0,Greg Whittington,27.0,DEN,PF,4.0,0.0,3.0,0.0,0.8,0.0,0.0,0.5,0.0,0.0,0.3,0.0,0.0,0.0,0.0,,0.0,0.0,0.0,0.0,0.0,0.0,0.0,0.0,0.0,,2021,0
26.0,CJ McCollum,30.0,POR,SG,36.0,36.0,35.2,8.1,18.5,0.436,3.1,8.0,0.384,5.0,10.4,0.476,0.52,1.3,1.9,0.706,0.9,3.3,4.3,4.5,1.0,0.6,1.9,2.1,20.5,,2022,1
27.0,James Harden,32.0,PHI,PG,21.0,21.0,37.7,5.5,13.6,0.402,2.2,6.7,0.326,3.3,6.9,0.476,0.483,7.9,8.9,0.892,0.6,6.5,7.1,10.5,1.2,0.2,3.4,2.3,21.0,,2022,1
29.0,Jimmy Butler,32.0,MIA,SF,57.0,57.0,33.9,7.0,14.5,0.48,0.5,2.0,0.233,6.5,12.5,0.52,0.496,6.9,8.0,0.87,1.8,4.1,5.9,5.5,1.6,0.5,2.1,1.5,21.4,AS,2022,1
30.0,Anthony Edwards,20.0,MIN,SG,72.0,72.0,34.3,7.6,17.3,0.441,3.0,8.4,0.357,4.6,8.9,0.519,0.527,3.1,3.9,0.786,0.9,3.9,4.8,3.8,1.5,0.6,2.6,2.3,21.3,,2022,1
31.0,Dejounte Murray,25.0,SAS,PG,68.0,68.0,34.8,8.4,18.3,0.462,1.4,4.3,0.327,7.0,13.9,0.504,0.5,2.9,3.6,0.794,1.2,7.1,8.3,9.2,2.0,0.3,2.6,2.0,21.1,AS,2022,1
32.0,Tyler Herro,22.0,MIA,SG,66.0,10.0,32.6,7.6,17.0,0.447,2.7,6.7,0.399,4.9,10.3,0.477,0.525,2.9,3.3,0.868,0.5,4.5,5.0,4.0,0.7,0.1,2.6,1.4,20.7,6MOY-1,2022,1
33.0,Klay Thompson,31.0,GSW,SG,32.0,32.0,29.4,7.7,17.9,0.429,3.6,9.3,0.385,4.1,8.7,0.477,0.529,1.4,1.6,0.902,0.5,3.4,3.9,2.8,0.5,0.5,1.3,1.7,20.4,,2022,1
34.0,Fred VanVleet,27.0,TOR,PG,65.0,65.0,37.9,6.8,16.9,0.403,3.7,9.9,0.377,3.1,7.0,0.44,0.513,3.0,3.4,0.874,0.7,3.8,4.4,6.7,1.7,0.5,2.6,2.5,20.3,AS,2022,1
35.0,Kristaps Porziņģis,26.0,2TM,PF,51.0,51.0,29.0,6.9,15.0,0.459,1.5,4.9,0.31,5.4,10.1,0.532,0.51,4.9,5.6,0.867,2.0,6.1,8.1,2.3,0.7,1.6,1.6,2.7,20.2,,2022,1
35.0,Kristaps Porziņģis,26.0,DAL,PF,34.0,34.0,29.5,6.7,14.9,0.451,1.4,5.1,0.283,5.3,9.9,0.537,0.499,4.3,5.0,0.865,1.9,5.8,7.7,2.0,0.7,1.7,1.6,2.6,19.2,,2022,0
36.0,Miles Bridges,23.0,CHO,PF,80.0,80.0,35.5,7.5,15.2,0.491,1.9,5.8,0.331,5.5,9.4,0.59,0.554,3.3,4.2,0.802,1.1,5.9,7.0,3.8,0.9,0.8,1.9,2.4,20.2,,2022,1
37.0,LaMelo Ball,20.0,CHO,PG,75.0,75.0,32.3,7.2,16.7,0.429,2.9,7.5,0.389,4.2,9.2,0.462,0.517,2.8,3.2,0.872,1.4,5.2,6.7,7.6,1.6,0.4,3.3,3.2,20.1,AS,2022,1
38.0,Khris Middleton,30.0,MIL,SF,66.0,66.0,32.4,6.8,15.5,0.443,2.5,6.6,0.373,4.4,8.9,0.494,0.522,3.9,4.4,0.89,0.6,4.8,5.4,5.4,1.2,0.3,2.9,2.4,20.1,AS,2022,1
39.0,Julius Randle,27.0,NYK,PF,72.0,72.0,35.3,7.1,17.3,0.411,1.7,5.4,0.308,5.4,11.9,0.458,0.459,4.2,5.6,0.756,1.7,8.2,9.9,5.1,0.7,0.5,3.4,2.8,20.1,,2022,1
40.0,RJ Barrett,21.0,NYK,SF,70.0,70.0,34.5,7.0,17.1,0.408,2.0,5.8,0.342,5.0,11.3,0.442,0.466,4.1,5.8,0.714,0.9,4.9,5.8,3.0,0.6,0.2,2.2,2.0,20.0,,2022,1
41.0,Terry Rozier,27.0,CHO,SG,73.0,73.0,33.7,7.1,16.0,0.444,3.0,8.1,0.374,4.1,7.9,0.516,0.539,2.1,2.4,0.852,0.8,3.5,4.3,4.5,1.3,0.3,1.3,1.6,19.3,,2022,0
42.0,Jerami Grant,27.0,DET,PF,47.0,47.0,31.9,6.3,14.9,0.426,1.9,5.4,0.358,4.4,9.5,0.465,0.491,4.6,5.5,0.838,0.6,3.5,4.1,2.4,0.9,1.0,1.8,2.3,19.2,,2022,0
43.0,Bam Adebayo,24.0,MIA,C,56.0,56.0,32.6,7.3,13.0,0.557,0.0,0.1,0.0,7.3,12.9,0.562,0.557,4.6,6.1,0.753,2.4,7.6,10.1,3.4,1.4,0.8,2.6,3.1,19.1,"DPOY-4,DEF2",2022,0
44.0,Malcolm Brogdon,29.0,IND,PG,36.0,36.0,33.5,6.8,15.1,0.448,1.6,5.2,0.312,5.1,9.9,0.518,0.501,4.0,4.6,0.856,0.9,4.2,5.1,5.9,0.8,0.4,2.1,2.0,19.1,,2022,0
45.0,Norman Powell,28.0,2TM,SG,45.0,41.0,32.4,6.2,13.4,0.461,2.4,5.6,0.419,3.8,7.8,0.491,0.549,4.2,5.2,0.811,0.4,2.8,3.2,2.1,0.9,0.5,1.5,2.4,19.0,,2022,0
45.0,Norman Powell,28.0,POR,SF,40.0,39.0,33.3,6.2,13.6,0.456,2.3,5.7,0.406,3.9,7.8,0.492,0.542,4.0,5.0,0.803,0.4,2.9,3.3,2.1,1.0,0.4,1.6,2.3,18.7,,2022,0
45.0,Norman Powell,28.0,LAC,SG,5.0,2.0,25.0,6.4,12.6,0.508,2.6,4.8,0.542,3.8,7.8,0.487,0.611,6.0,7.0,0.857,0.6,2.2,2.8,2.8,0.4,0.8,1.4,2.8,21.4,,2022,1
46.0,Domantas Sabonis,25.0,2TM,PF,62.0,61.0,34.5,7.1,12.5,0.573,0.6,2.0,0.312,6.5,10.5,0.623,0.598,4.0,5.4,0.741,3.2,8.9,12.1,5.2,1.0,0.4,3.1,3.3,18.9,,2022,0
46.0,Domantas Sabonis,25.0,IND,PF,47.0,46.0,34.7,7.0,12.1,0.58,0.7,2.3,0.324,6.3,9.9,0.639,0.61,4.1,5.5,0.74,3.3,8.8,12.1,5.0,1.0,0.5,3.0,3.1,18.9,,2022,0
46.0,Domantas Sabonis,25.0,SAC,PF,15.0,15.0,33.6,7.5,13.5,0.554,0.3,1.1,0.235,7.2,12.3,0.584,0.564,3.7,4.9,0.743,3.1,9.3,12.3,5.8,0.9,0.3,3.5,3.8,18.9,,2022,0
47.0,Jordan Poole,22.0,GSW,SG,76.0,51.0,30.0,6.2,13.9,0.448,2.8,7.6,0.364,3.5,6.3,0.55,0.548,3.2,3.5,0.925,0.4,3.0,3.4,4.0,0.8,0.3,2.5,2.7,18.5,,2022,0
48.0,Russell Westbrook,33.0,LAL,PG,78.0,78.0,34.3,7.0,15.8,0.444,1.0,3.4,0.298,6.0,12.4,0.485,0.476,3.4,5.1,0.667,1.4,6.0,7.4,7.1,1.0,0.3,3.8,3.0,18.5,,2022,0
49.0,Dillon Brooks,26.0,MEM,SF,32.0,31.0,27.7,7.1,16.4,0.432,1.4,4.7,0.309,5.7,11.8,0.48,0.475,2.8,3.3,0.849,0.9,2.3,3.2,2.8,1.1,0.3,1.6,3.3,18.4,,2022,0
50.0,Jrue Holiday,31.0,MIL,PG,67.0,64.0,33.0,7.1,14.2,0.501,2.0,4.8,0.411,5.2,9.4,0.547,0.57,2.0,2.7,0.761,1.0,3.5,4.5,6.8,1.6,0.4,2.7,2.0,18.3,"DPOY-8,DEF2",2022,0
51.0,Gary Trent Jr.,23.0,TOR,SG,70.0,69.0,35.0,6.4,15.5,0.414,3.0,7.8,0.383,3.4,7.7,0.445,0.511,2.5,2.9,0.853,0.4,2.4,2.7,2.0,1.7,0.3,1.0,2.1,18.3,,2022,0
52.0,Desmond Bane,23.0,MEM,SG,76.0,76.0,29.8,6.7,14.5,0.461,3.0,6.9,0.436,3.7,7.6,0.484,0.565,1.8,2.0,0.903,0.6,3.8,4.4,2.7,1.2,0.4,1.5,2.6,18.2,,2022,0
53.0,Bojan Bogdanović,32.0,UTA,PF,69.0,69.0,30.9,6.1,13.4,0.455,2.6,6.8,0.387,3.5,6.7,0.524,0.552,3.2,3.8,0.858,0.8,3.4,4.3,1.7,0.5,0.0,1.7,1.7,18.1,,2022,0
54.0,D'Angelo Russell,25.0,MIN,PG,65.0,65.0,32.0,6.2,15.0,0.411,2.7,8.0,0.34,3.5,7.0,0.492,0.502,3.0,3.7,0.825,0.4,2.9,3.3,7.1,1.0,0.3,2.5,2.0,18.1,,2022,0
55.0,Christian Wood,26.0,HOU,C,68.0,67.0,30.8,6.5,12.9,0.501,1.9,4.9,0.39,4.5,8.0,0.57,0.576,3.0,4.9,0.623,1.6,8.5,10.1,2.3,0.8,1.0,1.9,2.5,17.9,,2022,0
56.0,Jonas Valančiūnas,29.0,NOP,C,74.0,74.0,30.3,6.9,12.7,0.544,0.8,2.1,0.361,6.1,10.5,0.581,0.574,3.2,3.9,0.82,3.1,8.3,11.4,2.6,0.6,0.8,2.4,3.3,17.8,,2022,0
57.0,Nikola Vučević,31.0,CHI,C,73.0,73.0,33.1,7.5,15.8,0.473,1.4,4.5,0.314,6.1,11.3,0.537,0.518,1.3,1.7,0.76,1.9,9.1,11.0,3.2,1.0,1.0,1.9,2.5,17.6,,2022,0
58.0,Tyrese Maxey,21.0,PHI,PG,75.0,74.0,35.3,6.4,13.3,0.485,1.8,4.1,0.427,4.7,9.1,0.512,0.552,2.8,3.3,0.866,0.3,2.9,3.2,4.3,0.7,0.4,1.2,2.1,17.5,,2022,0
59.0,Cade Cunningham,20.0,DET,SG,64.0,64.0,32.6,6.7,16.1,0.416,1.8,5.7,0.314,4.9,10.4,0.472,0.471,2.2,2.6,0.845,0.9,4.6,5.5,5.6,1.2,0.7,3.7,3.1,17.4,ROY-3,2022,0
60.0,Jalen Green,19.0,HOU,SG,67.0,67.0,31.9,6.1,14.2,0.426,2.3,6.8,0.343,3.7,7.4,0.502,0.508,2.8,3.5,0.797,0.5,2.9,3.4,2.6,0.7,0.3,2.0,1.5,17.3,ROY-4,2022,0
61.0,Anfernee Simons,22.0,POR,SG,57.0,30.0,29.5,6.2,14.0,0.443,3.1,7.8,0.405,3.1,6.2,0.49,0.555,1.8,2.0,0.888,0.5,2.2,2.6,3.9,0.5,0.1,2.0,1.9,17.3,,2022,0
62.0,Deandre Ayton,23.0,PHO,C,58.0,58.0,29.5,7.6,12.0,0.634,0.1,0.3,0.368,7.5,11.7,0.642,0.639,1.8,2.4,0.746,2.6,7.7,10.2,1.4,0.7,0.7,1.6,2.4,17.2,,2022,0
63.0,Luguentz Dort,22.0,OKC,SG,51.0,51.0,32.6,5.7,14.2,0.404,2.5,7.7,0.332,3.2,6.6,0.487,0.493,3.2,3.7,0.843,0.7,3.4,4.2,1.7,0.9,0.4,1.7,2.9,17.2,,2022,0
64.0,Tobias Harris,29.0,PHI,PF,73.0,73.0,34.8,6.8,14.0,0.482,1.4,3.8,0.367,5.4,10.2,0.525,0.532,2.3,2.8,0.842,1.1,5.7,6.8,3.5,0.6,0.6,1.6,2.2,17.2,,2022,0
65.0,Andrew Wiggins,26.0,GSW,SF,73.0,73.0,31.9,6.5,14.0,0.466,2.2,5.5,0.393,4.4,8.5,0.513,0.543,2.0,3.2,0.634,1.2,3.3,4.5,2.2,1.0,0.7,1.5,2.2,17.2,AS,2022,0
66.0,OG Anunoby,24.0,TOR,SF,48.0,48.0,36.0,6.4,14.5,0.443,2.4,6.6,0.363,4.0,7.9,0.511,0.526,1.9,2.5,0.754,1.5,4.0,5.5,2.6,1.5,0.5,1.7,2.7,17.1,,2022,0
67.0,Kyle Kuzma,26.0,WAS,PF,66.0,66.0,33.4,6.4,14.2,0.452,1.9,5.7,0.341,4.5,8.5,0.526,0.52,2.4,3.3,0.712,1.1,7.4,8.5,3.5,0.6,0.9,2.6,1.9,17.1,,2022,0
68.0,Caris LeVert,27.0,2TM,SG,58.0,49.0,30.7,6.5,14.7,0.444,1.4,4.4,0.32,5.1,10.3,0.497,0.492,2.5,3.3,0.756,0.7,2.9,3.7,4.3,0.9,0.4,1.9,2.3,17.0,,2022,0
68.0,Caris LeVert,27.0,IND,SG,39.0,39.0,31.1,7.1,15.9,0.447,1.6,4.8,0.323,5.6,11.1,0.501,0.496,2.8,3.7,0.76,0.8,3.1,3.8,4.4,0.9,0.5,1.9,2.3,18.7,,2022,0
68.0,Caris LeVert,27.0,CLE,SG,19.0,10.0,29.8,5.3,12.2,0.435,1.1,3.5,0.313,4.2,8.7,0.485,0.481,1.8,2.5,0.745,0.7,2.7,3.4,3.9,0.8,0.3,1.7,2.1,13.6,,2022,0
69.0,Keldon Johnson,22.0,SAS,SF,75.0,74.0,31.9,6.3,13.5,0.466,2.1,5.3,0.398,4.2,8.2,0.51,0.545,2.4,3.1,0.756,1.1,5.0,6.1,2.1,0.8,0.2,1.2,2.0,17.0,,2022,0
70.0,Reggie Jackson,31.0,LAC,SG,75.0,75.0,31.2,6.4,16.3,0.392,2.2,6.8,0.326,4.2,9.5,0.439,0.46,1.8,2.2,0.847,0.5,3.1,3.6,4.8,0.7,0.2,2.3,2.1,16.8,,2022,0
71.0,Harrison Barnes,29.0,SAC,PF,77.0,77.0,33.5,5.1,10.8,0.469,1.8,4.7,0.394,3.2,6.2,0.525,0.554,4.4,5.4,0.826,1.1,4.5,5.6,2.4,0.7,0.2,1.5,1.2,16.4,,2022,0
72.0,Cole Anthony,21.0,ORL,PG,65.0,65.0,31.7,5.5,14.0,0.391,2.0,6.0,0.338,3.5,8.0,0.432,0.464,3.3,3.9,0.854,0.5,4.9,5.4,5.7,0.7,0.3,2.6,2.6,16.3,,2022,0
73.0,Jalen Brunson,25.0,DAL,SG,79.0,61.0,31.9,6.4,12.8,0.502,1.2,3.2,0.373,5.2,9.6,0.545,0.549,2.3,2.7,0.84,0.5,3.4,3.9,4.8,0.8,0.0,1.6,1.9,16.3,,2022,0
74.0,Jaren Jackson Jr.,22.0,MEM,PF,78.0,78.0,27.3,5.5,13.3,0.415,1.6,5.1,0.319,3.9,8.1,0.476,0.477,3.6,4.4,0.823,1.5,4.3,5.8,1.1,0.9,2.3,1.7,3.5,16.3,"DPOY-5,DEF1",2022,0
75.0,John Collins,24.0,ATL,PF,54.0,53.0,30.8,6.3,11.9,0.526,1.2,3.3,0.364,5.1,8.7,0.588,0.576,2.5,3.1,0.793,1.7,6.1,7.8,1.8,0.6,1.0,1.1,3.0,16.2,,2022,0
76.0,Jarrett Allen,23.0,CLE,C,56.0,56.0,32.3,6.6,9.7,0.677,0.0,0.2,0.1,6.6,9.6,0.688,0.678,2.9,4.2,0.708,3.4,7.3,10.8,1.6,0.8,1.3,1.7,1.7,16.1,AS,2022,0
77.0,Saddiq Bey,22.0,DET,SF,82.0,82.0,33.0,5.5,13.9,0.396,2.6,7.4,0.346,2.9,6.4,0.454,0.489,2.6,3.1,0.827,1.3,4.1,5.4,2.8,0.9,0.2,1.2,1.6,16.1,,2022,0
78.0,Jordan Clarkson,29.0,UTA,SG,79.0,1.0,27.1,5.9,14.1,0.419,2.4,7.6,0.318,3.5,6.5,0.535,0.504,1.8,2.2,0.828,0.8,2.6,3.5,2.5,0.8,0.2,1.6,1.9,16.0,6MOY-4,2022,0
79.0,Collin Sexton,23.0,CLE,SG,11.0,11.0,28.7,6.2,13.7,0.45,1.0,4.1,0.244,5.2,9.6,0.538,0.487,2.6,3.5,0.744,1.2,2.1,3.3,2.1,0.9,0.0,2.8,2.3,16.0,,2022,0
80.0,Gordon Hayward,31.0,CHO,SF,49.0,48.0,31.9,5.8,12.6,0.459,1.8,4.5,0.391,4.0,8.1,0.496,0.528,2.6,3.0,0.846,0.8,3.8,4.6,3.6,1.0,0.4,1.7,1.7,15.9,,2022,0
81.0,Buddy Hield,29.0,2TM,SG,81.0,32.0,30.9,5.5,13.6,0.406,3.2,8.8,0.366,2.3,4.7,0.482,0.526,1.4,1.6,0.874,0.8,3.5,4.4,2.8,0.9,0.3,1.9,2.3,15.6,,2022,0
81.0,Buddy Hield,29.0,SAC,SG,55.0,6.0,28.6,4.8,12.6,0.382,3.3,9.0,0.368,1.5,3.6,0.419,0.514,1.5,1.7,0.87,0.8,3.2,4.0,1.9,0.9,0.3,1.6,2.1,14.4,,2022,0
81.0,Buddy Hield,29.0,IND,SG,26.0,26.0,35.6,7.0,15.6,0.447,3.1,8.5,0.362,3.9,7.1,0.549,0.546,1.2,1.3,0.886,0.9,4.2,5.1,4.8,1.0,0.4,2.4,2.7,18.2,,2022,0
82.0,Rudy Gobert,29.0,UTA,C,66.0,66.0,32.1,5.5,7.7,0.713,0.0,0.1,0.0,5.5,7.6,0.718,0.713,4.6,6.7,0.69,3.7,11.0,14.7,1.1,0.7,2.1,1.8,2.7,15.6,"DPOY-3,AS,DEF1",2022,0
83.0,Kevin Porter Jr.,21.0,HOU,PG,61.0,61.0,31.3,5.5,13.2,0.415,2.5,6.8,0.375,3.0,6.5,0.456,0.511,2.0,3.2,0.642,0.7,3.7,4.4,6.2,1.1,0.4,3.1,2.6,15.6,,2022,0
84.0,Marcus Morris,32.0,LAC,PF,54.0,54.0,29.0,5.6,12.8,0.434,1.9,5.1,0.367,3.7,7.7,0.478,0.507,2.4,2.7,0.872,0.5,3.9,4.4,2.1,0.5,0.3,1.3,2.1,15.4,,2022,0
85.0,Tyrese Haliburton,21.0,2TM,PG,77.0,77.0,35.0,5.6,11.8,0.473,2.1,5.1,0.414,3.5,6.8,0.517,0.562,2.1,2.5,0.842,0.8,3.2,4.0,8.2,1.7,0.6,2.6,1.6,15.3,,2022,0
85.0,Tyrese Haliburton,21.0,SAC,SG,51.0,51.0,34.5,5.3,11.5,0.457,2.0,4.9,0.413,3.2,6.5,0.491,0.546,1.7,2.0,0.837,0.8,3.1,3.9,7.4,1.7,0.7,2.3,1.4,14.3,,2022,0
85.0,Tyrese Haliburton,21.0,IND,PG,26.0,26.0,36.1,6.2,12.4,0.502,2.2,5.3,0.416,4.0,7.2,0.565,0.59,2.8,3.3,0.849,0.8,3.5,4.3,9.6,1.8,0.6,3.2,1.9,17.5,,2022,0
86.0,Scottie Barnes,20.0,TOR,PF,74.0,74.0,35.4,6.2,12.6,0.492,0.8,2.6,0.301,5.4,10.0,0.543,0.524,2.1,2.9,0.735,2.6,4.9,7.5,3.5,1.1,0.7,1.8,2.6,15.3,ROY-1,2022,0
87.0,Franz Wagner,20.0,ORL,SF,79.0,79.0,30.7,5.8,12.3,0.468,1.2,3.4,0.354,4.6,8.9,0.511,0.517,2.4,2.8,0.863,1.1,3.4,4.5,2.9,0.9,0.4,1.5,2.1,15.2,ROY-5,2022,0
88.0,Bogdan Bogdanović,29.0,ATL,SG,63.0,27.0,29.3,5.4,12.6,0.431,2.7,7.3,0.368,2.7,5.3,0.516,0.537,1.5,1.8,0.843,0.5,3.5,4.0,3.1,1.1,0.2,1.1,2.1,15.1,6MOY-6,2022,0
89.0,Wendell Carter Jr.,22.0,ORL,PF,62.0,61.0,29.9,5.8,11.0,0.525,1.1,3.5,0.327,4.7,7.6,0.615,0.576,2.3,3.3,0.691,2.2,8.2,10.5,2.8,0.6,0.7,1.9,2.7,15.0,,2022,0
90.0,Seth Curry,31.0,2TM,SG,64.0,64.0,33.4,5.6,11.5,0.487,2.5,5.8,0.422,3.2,5.7,0.553,0.594,1.3,1.5,0.872,0.3,2.8,3.1,3.6,0.8,0.2,1.7,2.3,15.0,,2022,0
90.0,Seth Curry,31.0,PHI,SG,45.0,45.0,34.8,5.7,11.7,0.485,2.2,5.6,0.4,3.5,6.2,0.561,0.58,1.4,1.6,0.877,0.4,3.0,3.4,4.0,0.8,0.2,1.9,2.2,15.0,,2022,0
90.0,Seth Curry,31.0,BRK,SG,19.0,19.0,29.9,5.5,11.1,0.493,3.1,6.5,0.468,2.4,4.6,0.529,0.63,0.9,1.1,0.857,0.2,2.4,2.6,2.6,0.9,0.2,1.3,2.5,14.9,,2022,0
91.0,Aaron Gordon,26.0,DEN,PF,75.0,75.0,31.7,5.8,11.1,0.52,1.2,3.5,0.335,4.6,7.7,0.605,0.573,2.3,3.1,0.743,1.7,4.2,5.9,2.5,0.6,0.6,1.8,2.0,15.0,,2022,0
92.0,Evan Mobley,20.0,CLE,PF,69.0,69.0,33.8,6.1,12.0,0.508,0.3,1.3,0.25,5.8,10.7,0.541,0.522,2.4,3.7,0.663,2.1,6.2,8.3,2.5,0.8,1.7,1.9,2.1,15.0,ROY-2,2022,0
93.0,Jusuf Nurkić,27.0,POR,C,56.0,56.0,28.2,5.7,10.7,0.535,0.3,1.0,0.268,5.5,9.7,0.563,0.548,3.3,4.8,0.69,3.0,8.1,11.1,2.8,1.1,0.6,2.6,3.4,15.0,,2022,0
94.0,Kelly Oubre Jr.,26.0,CHO,SF,76.0,13.0,26.3,5.4,12.3,0.44,2.5,7.3,0.345,2.9,5.0,0.578,0.542,1.7,2.5,0.667,1.0,2.9,4.0,1.1,1.0,0.4,0.9,2.5,15.0,6MOY-7,2022,0
95.0,Josh Hart,26.0,2TM,SG,54.0,53.0,33.2,5.3,10.5,0.504,1.4,3.9,0.343,4.0,6.6,0.601,0.569,3.0,3.9,0.758,1.1,6.0,7.2,4.1,1.1,0.2,2.1,2.8,14.9,,2022,0
95.0,Josh Hart,26.0,NOP,SG,41.0,40.0,33.5,4.8,9.4,0.505,1.0,3.2,0.323,3.7,6.2,0.598,0.56,2.8,3.8,0.753,1.3,6.5,7.8,4.1,1.1,0.3,2.0,2.9,13.4,,2022,0
95.0,Josh Hart,26.0,POR,SG,13.0,13.0,32.1,7.1,14.1,0.503,2.4,6.4,0.373,4.7,7.7,0.61,0.587,3.4,4.4,0.772,0.7,4.7,5.4,4.3,1.2,0.2,2.5,2.5,19.9,,2022,0
96.0,Lauri Markkanen,24.0,CLE,SF,61.0,61.0,30.8,5.1,11.5,0.445,2.2,6.2,0.358,2.9,5.3,0.548,0.542,2.3,2.6,0.868,1.0,4.7,5.7,1.3,0.7,0.5,0.9,2.1,14.8,,2022,0
97.0,Will Barton,31.0,DEN,SG,71.0,71.0,32.1,5.5,12.6,0.438,2.2,6.1,0.365,3.3,6.6,0.504,0.525,1.4,1.8,0.803,0.6,4.2,4.8,3.9,0.8,0.4,1.8,1.6,14.7,,2022,0
98.0,Jaylen Hoard,22.0,OKC,SF,7.0,5.0,34.3,6.3,12.9,0.489,1.3,3.6,0.36,5.0,9.3,0.538,0.539,0.9,2.0,0.429,4.3,7.7,12.0,2.4,0.9,0.7,1.1,2.0,14.7,,2022,0
99.0,Chris Paul,36.0,PHO,PG,65.0,65.0,32.9,5.6,11.3,0.493,1.0,3.1,0.317,4.6,8.3,0.559,0.536,2.6,3.1,0.837,0.3,4.0,4.4,10.8,1.9,0.3,2.4,2.1,14.7,"MVP-9,AS,NBA3",2022,0
100.0,Bobby Portis,26.0,MIL,C,72.0,59.0,28.2,5.8,12.1,0.479,1.8,4.7,0.393,3.9,7.4,0.533,0.555,1.2,1.6,0.752,2.5,6.6,9.1,1.2,0.7,0.7,1.3,2.4,14.6,,2022,0
101.0,Mikal Bridges,25.0,PHO,SF,82.0,82.0,34.8,5.6,10.5,0.534,1.4,3.8,0.369,4.2,6.7,0.628,0.601,1.6,1.9,0.834,0.9,3.3,4.2,2.3,1.2,0.4,0.8,1.8,14.2,"DPOY-2,DEF1",2022,0
102.0,Tim Hardaway Jr.,29.0,DAL,SG,42.0,20.0,29.6,5.0,12.6,0.394,2.4,7.2,0.336,2.5,5.4,0.473,0.491,1.9,2.5,0.757,0.3,3.4,3.7,2.2,0.9,0.1,0.8,1.8,14.2,,2022,0
103.0,Evan Fournier,29.0,NYK,SG,80.0,80.0,29.5,5.0,12.1,0.417,3.0,7.7,0.389,2.0,4.3,0.465,0.541,1.0,1.4,0.708,0.4,2.2,2.6,2.1,1.0,0.3,1.3,2.3,14.1,,2022,0
104.0,Malik Monk,23.0,LAL,SG,76.0,37.0,28.1,5.1,10.9,0.473,2.3,5.8,0.391,2.9,5.1,0.568,0.578,1.2,1.5,0.795,0.5,2.9,3.4,2.9,0.8,0.4,1.6,1.8,13.8,,2022,0
105.0,Spencer Dinwiddie,28.0,2TM,PG,67.0,51.0,29.6,4.6,11.0,0.416,1.7,4.9,0.339,2.9,6.0,0.479,0.493,2.9,3.8,0.774,0.7,3.5,4.2,5.2,0.7,0.2,1.6,2.2,13.7,,2022,0
105.0,Spencer Dinwiddie,28.0,WAS,PG,44.0,44.0,30.2,4.2,11.2,0.376,1.6,5.1,0.31,2.6,6.0,0.432,0.447,2.6,3.3,0.811,0.8,3.9,4.7,5.8,0.6,0.2,1.7,2.4,12.6,,2022,0
105.0,Spencer Dinwiddie,28.0,DAL,PG,23.0,7.0,28.3,5.3,10.6,0.498,1.8,4.5,0.404,3.4,6.0,0.568,0.584,3.4,4.7,0.725,0.4,2.7,3.1,3.9,0.7,0.3,1.3,1.9,15.8,,2022,0
106.0,Mike Conley,34.0,UTA,PG,72.0,72.0,28.6,4.8,11.0,0.435,2.3,5.8,0.408,2.4,5.2,0.464,0.542,1.8,2.3,0.796,0.7,2.4,3.0,5.3,1.3,0.3,1.7,2.0,13.7,,2022,0
107.0,Kevin Love,33.0,CLE,C,74.0,4.0,22.5,4.4,10.3,0.43,2.5,6.4,0.392,1.9,3.8,0.493,0.553,2.2,2.7,0.838,1.2,6.1,7.2,2.2,0.4,0.2,1.3,1.4,13.6,6MOY-2,2022,0
108.0,Dennis Schröder,28.0,2TM,PG,64.0,29.0,28.7,4.9,11.3,0.431,1.3,3.9,0.344,3.5,7.4,0.477,0.49,2.5,2.9,0.853,0.5,2.8,3.3,4.6,0.8,0.1,2.2,2.4,13.5,,2022,0
108.0,Dennis Schröder,28.0,BOS,PG,49.0,25.0,29.2,5.2,11.9,0.44,1.4,3.9,0.349,3.9,8.0,0.485,0.497,2.5,3.0,0.848,0.6,2.8,3.3,4.2,0.8,0.1,2.1,2.4,14.4,,2022,0
108.0,Dennis Schröder,28.0,HOU,PG,15.0,4.0,26.9,3.7,9.3,0.393,1.3,3.9,0.328,2.4,5.5,0.439,0.461,2.3,2.6,0.872,0.4,2.9,3.3,5.9,0.8,0.2,2.6,2.5,10.9,,2022,0
109.0,Jakob Poeltl,26.0,SAS,C,68.0,67.0,29.0,6.0,9.8,0.618,0.0,0.0,1.0,6.0,9.7,0.618,0.619,1.4,2.8,0.495,3.9,5.5,9.3,2.8,0.7,1.7,1.6,3.1,13.5,,2022,0
110.0,Eric Gordon,33.0,HOU,SG,57.0,46.0,29.3,4.7,9.9,0.475,2.2,5.3,0.412,2.5,4.6,0.548,0.585,1.8,2.4,0.778,0.3,1.7,2.0,2.7,0.5,0.3,1.9,1.1,13.4,,2022,0
111.0,De'Andre Hunter,24.0,ATL,SF,53.0,52.0,29.8,4.8,10.8,0.442,1.4,3.7,0.379,3.4,7.2,0.474,0.506,2.4,3.1,0.765,0.5,2.8,3.3,1.3,0.7,0.4,1.3,2.9,13.4,,2022,0
112.0,Kyle Lowry,35.0,MIA,PG,63.0,63.0,33.9,4.4,10.0,0.44,2.3,6.1,0.377,2.1,3.9,0.539,0.555,2.3,2.8,0.851,0.5,4.0,4.5,7.5,1.1,0.3,2.7,2.8,13.4,,2022,0
113.0,Carmelo Anthony,37.0,LAL,PF,69.0,3.0,26.0,4.6,10.5,0.441,2.2,5.8,0.375,2.5,4.7,0.521,0.544,1.9,2.3,0.83,0.9,3.3,4.2,1.0,0.7,0.8,0.9,2.4,13.3,,2022,0
114.0,Derrick White,27.0,2TM,SG,75.0,52.0,29.3,4.5,10.7,0.421,1.5,4.9,0.312,3.0,5.7,0.515,0.493,2.7,3.1,0.864,0.5,3.0,3.5,4.9,0.9,0.8,1.6,2.3,13.2,,2022,0
114.0,Derrick White,27.0,SAS,SG,49.0,48.0,30.3,5.0,11.6,0.426,1.7,5.3,0.314,3.3,6.4,0.519,0.497,2.8,3.3,0.869,0.5,3.0,3.5,5.6,1.0,0.9,1.8,2.4,14.4,,2022,0
114.0,Derrick White,27.0,BOS,SG,26.0,4.0,27.4,3.6,8.8,0.409,1.3,4.3,0.306,2.3,4.6,0.504,0.483,2.5,2.9,0.853,0.5,2.9,3.4,3.5,0.6,0.6,1.2,2.2,11.0,,2022,0
115.0,Kentavious Caldwell-Pope,28.0,WAS,SG,77.0,77.0,30.2,4.7,10.8,0.435,2.1,5.3,0.39,2.6,5.5,0.48,0.531,1.8,2.0,0.89,0.5,2.9,3.4,1.9,1.1,0.3,1.3,1.8,13.2,,2022,0
116.0,Montrezl Harrell,28.0,2TM,C,71.0,3.0,23.1,5.0,7.8,0.645,0.1,0.2,0.235,5.0,7.6,0.658,0.649,3.0,4.2,0.716,2.1,4.0,6.1,2.0,0.4,0.6,1.0,1.9,13.1,6MOY-9,2022,0
116.0,Montrezl Harrell,28.0,WAS,C,46.0,3.0,24.3,5.4,8.3,0.645,0.1,0.3,0.267,5.3,8.0,0.66,0.65,3.2,4.5,0.727,2.1,4.6,6.7,2.1,0.4,0.7,1.1,1.9,14.1,,2022,0
116.0,Montrezl Harrell,28.0,CHO,C,25.0,0.0,21.0,4.4,6.9,0.645,0.0,0.1,0.0,4.4,6.8,0.653,0.645,2.5,3.6,0.692,2.1,2.8,4.9,2.0,0.4,0.5,0.9,2.0,11.4,,2022,0
117.0,Chris Duarte,24.0,IND,SG,55.0,39.0,28.0,4.9,11.3,0.432,1.7,4.6,0.369,3.2,6.7,0.475,0.507,1.6,2.0,0.804,0.7,3.4,4.1,2.1,1.0,0.2,1.6,1.7,13.1,,2022,0
118.0,Ricky Rubio,31.0,CLE,PG,34.0,8.0,28.5,4.4,12.1,0.363,1.7,5.1,0.339,2.6,7.0,0.38,0.434,2.6,3.0,0.854,0.4,3.7,4.1,6.6,1.4,0.2,2.6,2.2,13.1,,2022,0
119.0,Lonzo Ball,24.0,CHI,PG,35.0,35.0,34.6,4.6,10.9,0.423,3.1,7.4,0.423,1.5,3.5,0.423,0.567,0.6,0.8,0.75,1.0,4.4,5.4,5.1,1.8,0.9,2.3,2.4,13.0,,2022,0
120.0,LaMarcus Aldridge,36.0,BRK,C,47.0,12.0,22.3,5.4,9.7,0.55,0.3,1.0,0.304,5.1,8.8,0.578,0.566,1.9,2.2,0.873,1.6,3.9,5.5,0.9,0.3,1.0,0.9,1.7,12.9,,2022,0
121.0,Myles Turner,25.0,IND,C,42.0,42.0,29.4,4.8,9.4,0.509,1.5,4.4,0.333,3.3,5.0,0.662,0.587,1.9,2.5,0.752,1.5,5.5,7.1,1.0,0.7,2.8,1.3,2.8,12.9,,2022,0
122.0,Brandon Williams,22.0,POR,PG,24.0,16.0,26.7,4.4,11.8,0.372,1.3,4.4,0.292,3.1,7.3,0.42,0.427,2.8,4.0,0.701,0.8,2.3,3.1,3.9,1.0,0.4,2.4,2.2,12.9,,2022,0
123.0,Coby White,21.0,CHI,PG,61.0,17.0,27.5,4.6,10.6,0.433,2.2,5.8,0.385,2.3,4.8,0.491,0.539,1.3,1.5,0.857,0.3,2.7,3.0,2.9,0.5,0.2,1.1,2.2,12.7,,2022,0
124.0,Monte Morris,26.0,DEN,PG,75.0,74.0,29.9,5.0,10.3,0.484,1.7,4.2,0.395,3.3,6.1,0.545,0.564,1.0,1.1,0.869,0.4,2.7,3.0,4.4,0.7,0.2,1.0,1.2,12.6,,2022,0
125.0,Josh Giddey,19.0,OKC,SF,54.0,54.0,31.5,5.2,12.4,0.419,1.0,3.9,0.263,4.2,8.5,0.492,0.461,1.0,1.5,0.709,1.8,6.0,7.8,6.4,0.9,0.4,3.2,1.6,12.5,,2022,0
126.0,Cameron Johnson,25.0,PHO,PF,66.0,16.0,26.2,4.2,9.2,0.46,2.5,5.9,0.425,1.7,3.3,0.523,0.596,1.5,1.7,0.86,0.6,3.5,4.1,1.5,0.9,0.2,0.7,1.7,12.5,6MOY-3,2022,0
127.0,Brook Lopez,33.0,MIL,C,13.0,11.0,22.9,4.7,10.1,0.466,1.5,4.1,0.358,3.2,6.0,0.538,0.538,1.5,1.8,0.87,1.5,2.6,4.1,0.5,0.6,1.2,0.9,2.6,12.4,,2022,0
128.0,Victor Oladipo,29.0,MIA,SG,8.0,1.0,21.6,4.4,9.1,0.479,1.9,4.5,0.417,2.5,4.6,0.541,0.582,1.8,2.4,0.737,0.4,2.5,2.9,3.5,0.6,0.1,2.0,1.6,12.4,,2022,0
129.0,Devin Vassell,21.0,SAS,SF,71.0,32.0,27.3,4.6,10.8,0.427,1.9,5.4,0.361,2.7,5.4,0.492,0.516,1.2,1.4,0.838,0.6,3.7,4.3,1.9,1.1,0.6,0.8,2.0,12.3,,2022,0
130.0,Malik Beasley,25.0,MIN,SG,79.0,18.0,25.0,4.2,10.8,0.391,3.0,8.1,0.377,1.2,2.7,0.432,0.532,0.6,0.8,0.817,0.3,2.5,2.9,1.5,0.5,0.2,0.5,1.1,12.1,,2022,0
131.0,Kevin Huerter,23.0,ATL,SF,74.0,60.0,29.6,4.7,10.3,0.454,2.2,5.6,0.389,2.5,4.7,0.53,0.559,0.6,0.7,0.808,0.4,3.0,3.4,2.7,0.7,0.4,1.2,2.5,12.1,,2022,0
132.0,Marcus Smart,27.0,BOS,PG,71.0,71.0,32.3,4.2,10.1,0.418,1.7,5.1,0.331,2.5,5.0,0.506,0.501,2.0,2.5,0.793,0.6,3.2,3.8,5.9,1.7,0.3,2.2,2.3,12.1,"DPOY-1,DEF1",2022,0
133.0,Lonnie Walker IV,23.0,SAS,SG,70.0,6.0,23.0,4.4,10.9,0.407,1.6,5.0,0.314,2.9,5.9,0.487,0.48,1.7,2.1,0.784,0.3,2.3,2.6,2.2,0.6,0.3,1.0,1.4,12.1,,2022,0
134.0,Derrick Rose,33.0,NYK,PG,26.0,4.0,24.5,4.7,10.5,0.445,1.4,3.5,0.402,3.3,7.0,0.467,0.513,1.2,1.2,0.968,0.8,2.2,3.0,4.0,0.8,0.5,1.5,0.6,12.0,,2022,0
135.0,Devonte' Graham,26.0,NOP,PG,76.0,63.0,28.4,3.9,10.7,0.363,2.5,7.4,0.341,1.4,3.3,0.413,0.481,1.6,1.8,0.843,0.5,1.8,2.3,4.2,0.9,0.2,1.4,1.3,11.9,,2022,0
136.0,Luke Kennard,25.0,LAC,SG,70.0,13.0,27.4,4.1,9.1,0.449,2.7,6.0,0.449,1.4,3.1,0.449,0.598,1.0,1.1,0.896,0.3,3.0,3.3,2.1,0.6,0.1,0.9,1.4,11.9,6MOY-5,2022,0
137.0,Jalen Suggs,20.0,ORL,PG,48.0,45.0,27.2,4.1,11.4,0.361,0.9,4.1,0.214,3.3,7.3,0.443,0.4,2.6,3.4,0.773,0.5,3.0,3.6,4.4,1.2,0.4,3.0,3.0,11.8,,2022,0
138.0,Jae'Sean Tate,26.0,HOU,PF,78.0,77.0,26.4,4.7,9.3,0.498,0.8,2.6,0.312,3.8,6.8,0.569,0.541,1.7,2.4,0.707,1.7,3.7,5.4,2.8,0.9,0.5,1.8,3.7,11.8,,2022,0
139.0,Alec Burks,30.0,NYK,SG,81.0,44.0,28.6,3.5,9.0,0.391,1.9,4.8,0.404,1.6,4.2,0.378,0.499,2.7,3.3,0.822,0.6,4.3,4.9,3.0,1.0,0.3,1.1,2.7,11.7,,2022,0
140.0,Danilo Gallinari,33.0,ATL,PF,66.0,18.0,25.3,3.9,9.0,0.434,1.7,4.5,0.381,2.2,4.6,0.485,0.528,2.1,2.4,0.904,0.5,4.1,4.7,1.5,0.4,0.2,0.6,1.4,11.7,,2022,0
141.0,Kemba Walker,31.0,NYK,PG,37.0,37.0,25.6,4.0,10.0,0.403,2.0,5.4,0.367,2.1,4.6,0.444,0.501,1.6,1.9,0.845,0.4,2.6,3.0,3.5,0.7,0.2,1.3,1.0,11.6,,2022,0
142.0,Davion Mitchell,23.0,SAC,PG,75.0,19.0,27.7,4.7,11.2,0.418,1.3,4.3,0.316,3.3,7.0,0.48,0.477,0.7,1.1,0.659,0.4,1.8,2.2,4.2,0.7,0.3,1.5,1.9,11.5,,2022,0
143.0,Cameron Oliver,25.0,ATL,SF,2.0,0.0,21.5,5.0,7.5,0.667,0.5,1.5,0.333,4.5,6.0,0.75,0.7,1.0,1.5,0.667,1.0,2.0,3.0,1.5,0.5,0.5,0.0,2.5,11.5,,2022,0
144.0,Patty Mills,33.0,BRK,SG,81.0,48.0,29.0,4.0,9.8,0.408,2.8,7.0,0.4,1.2,2.8,0.429,0.551,0.6,0.7,0.814,0.2,1.7,1.9,2.3,0.6,0.2,0.9,1.4,11.4,,2022,0
145.0,Marvin Bagley III,22.0,2TM,PF,48.0,25.0,24.0,4.7,9.3,0.504,0.5,2.0,0.237,4.2,7.3,0.579,0.53,1.4,2.1,0.663,2.2,4.9,7.0,0.8,0.5,0.4,0.8,1.9,11.3,,2022,0
145.0,Marvin Bagley III,22.0,SAC,PF,30.0,17.0,22.1,3.8,8.2,0.463,0.5,2.1,0.242,3.3,6.1,0.538,0.494,1.2,1.6,0.745,2.2,4.9,7.2,0.6,0.3,0.4,0.7,1.7,9.3,,2022,0
145.0,Marvin Bagley III,22.0,DET,PF,18.0,8.0,27.2,6.2,11.1,0.555,0.4,1.9,0.229,5.7,9.2,0.624,0.575,1.8,3.0,0.593,2.1,4.7,6.8,1.1,0.7,0.4,1.0,2.4,14.6,,2022,0
146.0,Rui Hachimura,23.0,WAS,PF,42.0,13.0,22.5,4.5,9.1,0.491,1.3,2.9,0.447,3.1,6.1,0.512,0.563,1.1,1.6,0.697,0.6,3.2,3.8,1.1,0.5,0.2,0.8,1.3,11.3,,2022,0
147.0,Joe Harris,30.0,BRK,SF,14.0,14.0,30.2,4.0,8.9,0.452,2.9,6.3,0.466,1.1,2.6,0.417,0.617,0.4,0.4,0.833,0.4,3.6,4.0,1.0,0.5,0.1,1.1,2.2,11.3,,2022,0
148.0,Doug McDermott,30.0,SAS,PF,51.0,51.0,24.0,4.2,9.1,0.462,2.1,5.0,0.422,2.1,4.1,0.512,0.578,0.8,1.0,0.784,0.4,1.9,2.3,1.3,0.3,0.1,0.8,1.5,11.3,,2022,0
149.0,Immanuel Quickley,22.0,NYK,PG,78.0,3.0,23.1,3.6,9.3,0.392,1.8,5.1,0.346,1.9,4.2,0.448,0.487,2.3,2.6,0.881,0.4,2.8,3.2,3.5,0.7,0.0,1.3,2.1,11.3,6MOY-10,2022,0
150.0,Grayson Allen,26.0,MIL,SG,66.0,61.0,27.3,3.9,8.6,0.448,2.4,5.9,0.409,1.5,2.7,0.533,0.588,1.0,1.1,0.865,0.5,2.9,3.4,1.5,0.7,0.3,0.7,1.5,11.1,,2022,0
151.0,Clint Capela,27.0,ATL,C,74.0,73.0,27.6,5.0,8.2,0.613,0.0,0.0,0.0,5.0,8.1,0.614,0.613,1.1,2.3,0.473,3.8,8.1,11.9,1.2,0.7,1.3,0.6,2.2,11.1,,2022,0
152.0,Gary Harris,27.0,ORL,SG,61.0,30.0,28.4,3.9,9.1,0.434,1.9,5.0,0.384,2.0,4.1,0.494,0.539,1.4,1.6,0.874,0.6,1.4,2.0,1.8,1.0,0.1,1.0,1.8,11.1,,2022,0
153.0,Hamidou Diallo,23.0,DET,SG,58.0,29.0,21.9,4.5,9.1,0.496,0.4,1.6,0.247,4.1,7.5,0.55,0.518,1.6,2.4,0.65,1.2,3.6,4.8,1.3,1.2,0.3,1.0,2.5,11.0,,2022,0
154.0,Dorian Finney-Smith,28.0,DAL,PF,80.0,80.0,33.1,4.1,8.7,0.471,2.2,5.4,0.395,1.9,3.2,0.599,0.595,0.7,1.0,0.675,1.5,3.2,4.7,1.9,1.1,0.5,1.0,2.3,11.0,,2022,0
155.0,Zavier Simpson,24.0,OKC,PG,4.0,4.0,43.5,4.8,13.0,0.365,0.3,2.0,0.125,4.5,11.0,0.409,0.375,1.3,1.3,1.0,0.5,4.8,5.3,7.5,1.3,1.0,2.5,3.8,11.0,,2022,0
156.0,Duncan Robinson,27.0,MIA,SG,79.0,68.0,25.9,3.7,9.2,0.399,2.9,7.9,0.372,0.7,1.3,0.569,0.559,0.6,0.8,0.836,0.3,2.3,2.6,1.6,0.5,0.2,0.8,2.5,10.9,,2022,0
157.0,Darius Bazley,21.0,OKC,PF,69.0,53.0,27.9,4.0,9.4,0.422,1.2,3.9,0.297,2.8,5.5,0.511,0.484,1.7,2.5,0.688,1.0,5.3,6.3,1.4,0.8,1.0,1.3,1.0,10.8,,2022,0
158.0,Markelle Fultz,23.0,ORL,PG,18.0,3.0,20.0,4.6,9.7,0.474,0.2,0.9,0.235,4.4,8.8,0.5,0.486,1.4,1.7,0.806,0.2,2.5,2.7,5.5,1.1,0.3,2.2,1.2,10.8,,2022,0
159.0,Terance Mann,25.0,LAC,SF,81.0,33.0,28.6,4.1,8.5,0.484,0.9,2.6,0.365,3.2,6.0,0.535,0.539,1.6,2.0,0.78,1.3,4.0,5.2,2.6,0.7,0.3,1.0,2.2,10.8,,2022,0
160.0,De'Anthony Melton,23.0,MEM,SG,73.0,15.0,22.7,3.8,9.5,0.404,1.9,5.1,0.374,1.9,4.4,0.44,0.504,1.2,1.6,0.75,0.9,3.6,4.5,2.7,1.4,0.5,1.5,1.8,10.8,6MOY-8,2022,0
161.0,Cameron Payne,27.0,PHO,PG,58.0,12.0,22.0,4.1,10.1,0.409,1.2,3.6,0.336,2.9,6.5,0.449,0.469,1.3,1.5,0.843,0.4,2.6,3.0,4.9,0.7,0.3,1.8,2.1,10.8,,2022,0
162.0,Melvin Frazier,25.0,OKC,SG,3.0,0.0,40.0,4.3,16.0,0.271,0.3,7.0,0.048,4.0,9.0,0.444,0.281,1.7,2.3,0.714,1.7,2.7,4.3,0.3,0.3,0.0,1.0,2.7,10.7,,2022,0
163.0,Cedi Osman,26.0,CLE,SF,66.0,3.0,22.2,3.7,8.7,0.432,1.9,5.4,0.357,1.8,3.2,0.559,0.544,1.3,2.0,0.664,0.4,1.8,2.2,2.0,0.8,0.2,1.0,1.9,10.7,,2022,0
164.0,Nickeil Alexander-Walker,23.0,2TM,SG,65.0,21.0,22.6,3.9,10.5,0.372,1.6,5.2,0.311,2.3,5.3,0.433,0.449,1.2,1.7,0.743,0.6,2.3,2.9,2.4,0.7,0.4,1.4,1.6,10.6,,2022,0
164.0,Nickeil Alexander-Walker,23.0,NOP,SG,50.0,19.0,26.3,4.7,12.6,0.375,1.9,6.1,0.311,2.8,6.5,0.434,0.45,1.4,1.9,0.722,0.7,2.6,3.3,2.8,0.8,0.4,1.7,1.8,12.8,,2022,0
164.0,Nickeil Alexander-Walker,23.0,UTA,SG,15.0,2.0,9.9,1.1,3.2,0.333,0.7,2.2,0.303,0.4,1.0,0.4,0.438,0.7,0.8,0.917,0.1,1.5,1.5,1.1,0.3,0.3,0.5,1.0,3.5,,2022,0
165.0,Mo Bamba,23.0,ORL,C,71.0,69.0,25.7,4.2,8.7,0.48,1.5,4.0,0.381,2.7,4.7,0.563,0.566,0.8,1.0,0.781,2.1,6.0,8.1,1.2,0.5,1.7,1.1,2.6,10.6,,2022,0
166.0,Frank Jackson,23.0,DET,PG,53.0,7.0,22.0,3.7,9.1,0.402,1.6,5.3,0.308,2.0,3.8,0.529,0.491,1.6,2.0,0.827,0.4,1.3,1.6,1.0,0.5,0.2,0.7,1.7,10.6,,2022,0
167.0,Frank Kaminsky,28.0,PHO,C,9.0,0.0,20.1,4.0,7.3,0.545,0.6,1.7,0.333,3.4,5.7,0.608,0.583,2.0,2.2,0.9,1.2,3.3,4.6,1.4,0.9,0.8,0.6,1.6,10.6,,2022,0
168.0,Max Strus,25.0,MIA,SF,68.0,16.0,23.3,3.7,8.3,0.441,2.7,6.5,0.41,1.0,1.8,0.557,0.602,0.6,0.8,0.792,0.4,2.6,3.0,1.4,0.4,0.2,0.8,1.7,10.6,,2022,0
169.0,Trey Lyles,26.0,2TM,PF,75.0,23.0,20.5,3.5,7.5,0.466,0.9,2.8,0.321,2.6,4.7,0.552,0.526,2.6,3.2,0.802,1.2,3.9,5.1,1.2,0.4,0.4,1.0,1.6,10.5,,2022,0
169.0,Trey Lyles,26.0,DET,PF,51.0,3.0,19.4,3.4,7.5,0.456,0.9,2.9,0.301,2.6,4.7,0.55,0.513,2.7,3.5,0.784,1.2,3.6,4.8,1.1,0.4,0.5,1.1,1.8,10.4,,2022,0
169.0,Trey Lyles,26.0,SAC,PF,24.0,20.0,22.8,3.6,7.4,0.489,1.0,2.6,0.365,2.7,4.8,0.557,0.553,2.4,2.8,0.851,1.2,4.4,5.6,1.3,0.3,0.3,0.8,1.3,10.6,,2022,0
170.0,Brandon Clarke,25.0,MEM,PF,64.0,1.0,19.5,4.5,7.0,0.644,0.1,0.3,0.227,4.4,6.6,0.666,0.65,1.3,2.0,0.654,2.1,3.2,5.3,1.3,0.6,1.1,0.5,1.9,10.4,6MOY-11,2022,0
171.0,Terence Davis,24.0,SAC,SG,30.0,11.0,17.9,3.8,8.9,0.423,1.6,5.0,0.329,2.1,3.9,0.542,0.515,1.2,1.5,0.818,0.4,2.8,3.1,1.3,0.8,0.4,1.1,2.3,10.4,,2022,0
172.0,Richaun Holmes,28.0,SAC,C,45.0,37.0,23.9,4.4,6.7,0.66,0.0,0.1,0.4,4.4,6.6,0.664,0.663,1.6,2.0,0.778,2.1,5.0,7.0,1.1,0.4,0.9,1.2,2.8,10.4,,2022,0
173.0,Tre Mann,20.0,OKC,PG,60.0,26.0,22.8,3.9,9.8,0.393,1.6,4.5,0.36,2.2,5.3,0.421,0.476,1.1,1.4,0.793,0.4,2.4,2.9,1.5,0.8,0.2,1.2,1.7,10.4,,2022,0
174.0,Jeff Green,35.0,DEN,PF,75.0,63.0,24.7,3.7,7.1,0.524,0.7,2.2,0.315,3.0,4.8,0.62,0.574,2.2,2.6,0.833,0.5,2.5,3.1,1.3,0.4,0.4,0.9,2.0,10.3,,2022,0
175.0,P.J. Washington,23.0,CHO,C,65.0,28.0,27.2,3.8,8.2,0.47,1.7,4.6,0.365,2.2,3.6,0.606,0.573,0.9,1.2,0.716,1.3,3.9,5.2,2.3,0.9,0.9,1.3,2.3,10.3,,2022,0
176.0,Ivica Zubac,24.0,LAC,C,76.0,76.0,24.4,4.1,6.5,0.626,0.0,0.0,,4.1,6.5,0.626,0.626,2.2,3.0,0.727,2.9,5.6,8.5,1.6,0.5,1.0,1.5,2.7,10.3,,2022,0
177.0,Josh Richardson,28.0,2TM,SG,65.0,7.0,24.6,3.6,8.2,0.438,1.6,3.8,0.415,2.0,4.4,0.458,0.534,1.5,1.7,0.889,0.6,2.2,2.8,1.8,0.9,0.4,1.0,1.8,10.2,,2022,0
177.0,Josh Richardson,28.0,BOS,SG,44.0,0.0,24.7,3.5,7.8,0.443,1.4,3.5,0.397,2.0,4.3,0.481,0.534,1.4,1.6,0.859,0.6,2.3,2.8,1.5,0.8,0.5,0.9,1.9,9.7,,2022,0
177.0,Josh Richardson,28.0,SAS,SG,21.0,7.0,24.4,3.9,9.1,0.429,1.9,4.3,0.444,2.0,4.8,0.416,0.534,1.7,1.8,0.946,0.8,2.1,2.9,2.3,1.0,0.3,1.3,1.6,11.4,,2022,0
178.0,Al Horford,35.0,BOS,C,69.0,69.0,29.1,3.9,8.2,0.467,1.3,3.8,0.336,2.6,4.4,0.582,0.546,1.2,1.4,0.842,1.6,6.1,7.7,3.4,0.7,1.3,0.9,1.9,10.2,DPOY-9,2022,0
179.0,Ben McLemore,28.0,POR,SG,64.0,6.0,20.1,3.4,8.4,0.401,2.4,6.5,0.362,1.0,1.9,0.533,0.541,1.1,1.4,0.818,0.2,1.4,1.6,0.9,0.6,0.2,0.9,1.6,10.2,,2022,0
180.0,Cam Reddish,22.0,2TM,SF,49.0,7.0,20.7,3.4,8.3,0.404,1.3,3.8,0.359,2.0,4.6,0.442,0.485,2.1,2.3,0.902,0.5,1.6,2.1,1.0,1.0,0.3,1.2,1.2,10.1,,2022,0
180.0,Cam Reddish,22.0,ATL,SF,34.0,7.0,23.4,4.1,10.1,0.402,1.7,4.5,0.379,2.4,5.6,0.421,0.487,2.1,2.4,0.9,0.6,1.9,2.5,1.1,1.0,0.3,1.3,1.3,11.9,,2022,0
180.0,Cam Reddish,22.0,NYK,SF,15.0,0.0,14.3,1.8,4.3,0.415,0.5,2.1,0.258,1.3,2.3,0.559,0.477,1.9,2.1,0.906,0.3,1.1,1.4,0.7,0.8,0.3,0.9,1.0,6.1,,2022,0
181.0,Justin Holiday,32.0,2TM,SF,74.0,65.0,27.8,3.5,8.9,0.394,2.4,6.5,0.367,1.1,2.4,0.467,0.528,0.7,0.8,0.806,0.4,2.2,2.6,1.7,0.8,0.4,0.9,2.1,10.1,,2022,0
181.0,Justin Holiday,32.0,IND,SF,49.0,40.0,28.9,3.9,9.3,0.415,2.6,6.9,0.378,1.3,2.5,0.516,0.553,0.7,0.8,0.829,0.4,2.4,2.8,1.8,0.7,0.4,1.0,2.1,11.0,,2022,0
181.0,Justin Holiday,32.0,SAC,SG,25.0,25.0,25.6,2.8,8.2,0.348,2.0,5.8,0.342,0.8,2.3,0.362,0.471,0.6,0.8,0.762,0.4,1.8,2.2,1.5,0.8,0.6,0.8,2.0,8.3,,2022,0
182.0,Bones Hyland,21.0,DEN,SG,69.0,4.0,19.0,3.3,8.3,0.403,1.9,5.2,0.366,1.4,3.1,0.465,0.518,1.6,1.8,0.856,0.2,2.5,2.7,2.8,0.6,0.3,1.2,2.2,10.1,,2022,0
183.0,Isaiah Roby,23.0,OKC,PF,45.0,28.0,21.1,3.7,7.2,0.514,1.0,2.2,0.444,2.7,5.0,0.545,0.582,1.7,2.6,0.672,1.7,3.2,4.8,1.6,0.8,0.8,1.0,2.4,10.1,,2022,0
184.0,Devin Cannady,25.0,ORL,PG,5.0,0.0,29.0,3.0,8.8,0.341,3.0,7.4,0.405,0.0,1.4,0.0,0.511,1.0,1.4,0.714,0.2,1.0,1.2,2.0,1.0,0.6,1.0,1.8,10.0,,2022,0
185.0,Talen Horton-Tucker,21.0,LAL,SG,60.0,19.0,25.2,3.7,9.0,0.416,0.8,3.0,0.269,2.9,5.9,0.492,0.462,1.7,2.1,0.8,0.6,2.6,3.2,2.7,1.0,0.5,1.4,2.5,10.0,,2022,0
186.0,Garrison Mathews,25.0,HOU,SG,65.0,33.0,26.3,2.8,7.1,0.399,2.1,5.9,0.36,0.7,1.2,0.6,0.55,2.2,2.8,0.794,0.5,2.4,2.9,1.0,0.9,0.4,0.6,2.6,10.0,,2022,0
187.0,Terrence Ross,30.0,ORL,SG,63.0,0.0,23.0,3.5,8.8,0.397,1.2,4.2,0.292,2.3,4.6,0.493,0.467,1.8,2.1,0.862,0.3,2.2,2.6,1.8,0.4,0.2,1.2,1.1,10.0,,2022,0
188.0,Robert Williams,24.0,BOS,C,61.0,61.0,29.6,4.4,6.0,0.736,0.0,0.0,0.0,4.4,6.0,0.738,0.736,1.1,1.5,0.722,3.9,5.7,9.6,2.0,0.9,2.2,1.0,2.2,10.0,"DPOY-7,DEF2",2022,0
189.0,Eric Bledsoe,32.0,LAC,PG,54.0,29.0,25.2,3.6,8.7,0.421,0.9,3.0,0.313,2.7,5.6,0.479,0.475,1.6,2.2,0.761,0.5,2.9,3.4,4.2,1.3,0.4,2.1,1.6,9.9,,2022,0
190.0,Pat Connaughton,29.0,MIL,SF,65.0,19.0,26.0,3.5,7.6,0.458,2.2,5.7,0.395,1.2,1.9,0.643,0.605,0.7,0.8,0.833,0.7,3.5,4.2,1.3,0.9,0.2,0.5,1.3,9.9,,2022,0
191.0,Michael Porter Jr.,23.0,DEN,SF,9.0,9.0,29.4,4.1,11.4,0.359,1.1,5.3,0.208,3.0,6.1,0.491,0.408,0.6,1.0,0.556,1.0,5.6,6.6,1.9,1.1,0.2,1.3,1.8,9.9,,2022,0
192.0,Duane Washington Jr.,21.0,IND,PG,48.0,7.0,20.2,3.6,8.9,0.405,1.7,4.5,0.377,1.9,4.4,0.434,0.5,1.0,1.3,0.754,0.1,1.6,1.7,1.8,0.5,0.1,1.2,1.4,9.9,,2022,0
193.0,Nassir Little,21.0,POR,SF,42.0,23.0,25.9,3.5,7.5,0.46,1.2,3.7,0.331,2.2,3.8,0.584,0.541,1.6,2.2,0.734,1.4,4.2,5.6,1.3,0.6,0.9,1.0,2.0,9.8,,2022,0
194.0,Alperen Şengün,19.0,HOU,C,72.0,13.0,20.7,3.5,7.3,0.474,0.4,1.6,0.248,3.1,5.7,0.539,0.502,2.3,3.2,0.711,1.9,3.5,5.5,2.6,0.8,0.9,2.0,3.0,9.6,,2022,0
195.0,Terry Taylor,22.0,IND,PF,33.0,7.0,21.6,4.1,6.7,0.614,0.4,1.2,0.316,3.7,5.5,0.676,0.641,1.1,1.5,0.706,2.9,2.3,5.2,1.2,0.4,0.2,0.7,1.8,9.6,,2022,0
196.0,Herbert Jones,23.0,NOP,PF,78.0,69.0,29.9,3.5,7.4,0.476,0.7,2.2,0.337,2.8,5.2,0.533,0.525,1.8,2.1,0.84,1.3,2.5,3.8,2.1,1.7,0.8,1.3,3.1,9.5,ROY-6,2022,0
197.0,Chris Boucher,29.0,TOR,SF,80.0,9.0,21.1,3.4,7.2,0.464,0.9,2.9,0.297,2.5,4.4,0.575,0.523,1.9,2.4,0.777,2.2,3.9,6.2,0.3,0.6,0.9,0.5,2.2,9.4,,2022,0
198.0,Jae Crowder,31.0,PHO,PF,67.0,67.0,28.1,3.2,8.1,0.399,1.9,5.4,0.348,1.3,2.7,0.503,0.516,1.1,1.3,0.789,0.4,4.8,5.3,1.9,1.4,0.4,0.8,2.6,9.4,,2022,0
199.0,Daniel Gafford,23.0,WAS,C,72.0,53.0,20.1,4.0,5.7,0.693,0.0,0.0,0.0,4.0,5.7,0.695,0.693,1.5,2.1,0.699,2.2,3.5,5.7,0.9,0.4,1.4,0.9,2.4,9.4,,2022,0
200.0,Jaxson Hayes,21.0,NOP,C,70.0,28.0,20.0,3.5,5.7,0.616,0.3,0.8,0.351,3.2,4.9,0.66,0.641,2.1,2.7,0.766,1.6,2.9,4.5,0.6,0.5,0.8,0.8,2.2,9.3,,2022,0
201.0,Jonathan Kuminga,19.0,GSW,SF,70.0,12.0,16.9,3.4,6.6,0.513,0.7,2.1,0.336,2.7,4.4,0.598,0.567,1.9,2.7,0.684,0.8,2.6,3.3,0.9,0.4,0.3,1.1,2.1,9.3,,2022,0
202.0,Jalen Smith,21.0,2TM,PF,51.0,8.0,18.1,3.5,6.9,0.503,0.8,2.4,0.328,2.7,4.5,0.596,0.56,1.5,2.0,0.765,2.0,4.0,6.0,0.5,0.3,0.8,0.8,1.9,9.2,,2022,0
202.0,Jalen Smith,21.0,PHO,PF,29.0,4.0,13.2,2.2,4.7,0.46,0.3,1.3,0.231,1.9,3.4,0.551,0.493,1.4,1.8,0.769,1.9,2.9,4.8,0.2,0.2,0.6,0.8,1.8,6.0,,2022,0
202.0,Jalen Smith,21.0,IND,PF,22.0,4.0,24.7,5.1,9.7,0.531,1.4,3.8,0.373,3.7,5.9,0.631,0.603,1.7,2.3,0.76,2.1,5.5,7.6,0.8,0.4,1.0,0.9,2.0,13.4,,2022,0
203.0,Reggie Perry,21.0,2TM,PF,10.0,1.0,18.7,4.0,7.9,0.506,0.3,1.6,0.188,3.7,6.3,0.587,0.525,0.9,1.5,0.6,1.5,3.2,4.7,1.2,0.9,0.6,1.1,3.3,9.2,,2022,0
203.0,Reggie Perry,21.0,POR,PF,9.0,1.0,19.7,4.3,8.7,0.5,0.3,1.8,0.188,4.0,6.9,0.581,0.519,1.0,1.7,0.6,1.7,3.4,5.1,1.3,1.0,0.7,1.2,3.3,10.0,,2022,0
203.0,Reggie Perry,21.0,IND,PF,1.0,0.0,10.0,1.0,1.0,1.0,0.0,0.0,,1.0,1.0,1.0,1.0,0.0,0.0,,0.0,1.0,1.0,0.0,0.0,0.0,0.0,3.0,2.0,,2022,0
204.0,Patrick Beverley,33.0,MIN,PG,58.0,54.0,25.4,3.1,7.5,0.406,1.4,4.2,0.343,1.6,3.3,0.485,0.501,1.7,2.3,0.722,1.1,3.1,4.1,4.6,1.2,0.9,1.3,3.0,9.2,,2022,0
205.0,Caleb Martin,26.0,MIA,SF,60.0,12.0,22.9,3.5,6.8,0.507,1.1,2.6,0.413,2.4,4.3,0.565,0.585,1.2,1.6,0.763,1.2,2.7,3.8,1.1,1.0,0.5,0.9,1.7,9.2,,2022,0
206.0,Jaden McDaniels,21.0,MIN,PF,70.0,31.0,25.8,3.6,7.9,0.46,1.1,3.6,0.317,2.5,4.3,0.579,0.532,0.8,1.0,0.803,1.1,3.1,4.2,1.1,0.7,0.8,1.1,3.2,9.2,,2022,0
207.0,JaVale McGee,34.0,PHO,C,74.0,17.0,15.8,3.9,6.2,0.629,0.0,0.1,0.222,3.9,6.1,0.637,0.631,1.4,2.0,0.699,2.2,4.5,6.7,0.6,0.3,1.1,1.3,2.4,9.2,,2022,0
208.0,Georges Niang,28.0,PHI,PF,76.0,7.0,22.8,3.2,7.4,0.437,2.1,5.1,0.403,1.2,2.3,0.511,0.575,0.7,0.8,0.881,0.3,2.3,2.7,1.3,0.4,0.2,0.8,2.5,9.2,,2022,0
209.0,Precious Achiuwa,22.0,TOR,C,73.0,28.0,23.6,3.6,8.3,0.439,0.8,2.1,0.359,2.9,6.1,0.468,0.486,1.1,1.8,0.595,2.0,4.5,6.5,1.1,0.5,0.6,1.2,2.1,9.1,,2022,0
210.0,Oshae Brissett,23.0,IND,SF,67.0,25.0,23.3,3.1,7.6,0.411,1.2,3.5,0.35,1.9,4.0,0.465,0.493,1.7,2.4,0.695,1.6,3.7,5.3,1.1,0.7,0.4,0.8,1.7,9.1,,2022,0
211.0,Willy Hernangómez,27.0,NOP,C,50.0,8.0,16.8,3.4,6.5,0.52,0.1,0.2,0.333,3.3,6.3,0.527,0.526,2.2,2.8,0.773,2.9,3.9,6.8,1.3,0.4,0.4,1.0,1.9,9.1,,2022,0
212.0,Kelly Olynyk,30.0,DET,C,40.0,1.0,19.1,3.2,7.2,0.448,1.0,3.0,0.336,2.2,4.2,0.527,0.517,1.7,2.2,0.775,1.4,3.1,4.4,2.8,0.8,0.5,1.5,2.5,9.1,,2022,0
213.0,Donte DiVincenzo,25.0,2TM,SG,42.0,1.0,24.0,2.8,8.0,0.351,1.8,5.2,0.339,1.0,2.8,0.373,0.461,1.7,2.0,0.843,1.0,3.1,4.0,2.8,1.1,0.2,1.7,1.6,9.0,,2022,0
213.0,Donte DiVincenzo,25.0,MIL,SG,17.0,0.0,20.1,2.3,6.9,0.331,1.2,4.4,0.284,1.1,2.6,0.409,0.419,1.4,1.6,0.852,1.1,2.5,3.5,1.7,0.6,0.2,1.6,1.5,7.2,,2022,0
213.0,Donte DiVincenzo,25.0,SAC,SG,25.0,1.0,26.6,3.2,8.7,0.362,2.1,5.8,0.368,1.0,3.0,0.351,0.484,1.9,2.2,0.839,0.9,3.5,4.4,3.6,1.5,0.2,1.8,1.7,10.3,,2022,0
214.0,DeMarcus Cousins,31.0,2TM,C,48.0,7.0,15.0,3.1,6.8,0.46,0.8,2.5,0.303,2.3,4.2,0.554,0.517,2.0,2.6,0.76,1.5,4.1,5.6,1.5,0.7,0.4,1.8,2.9,9.0,,2022,0
214.0,DeMarcus Cousins,31.0,MIL,C,17.0,5.0,16.9,3.2,6.9,0.466,0.8,2.8,0.271,2.5,4.1,0.6,0.521,1.8,2.2,0.816,1.4,4.4,5.8,1.1,0.9,0.5,0.9,2.7,9.1,,2022,0
214.0,DeMarcus Cousins,31.0,DEN,C,31.0,2.0,13.9,3.0,6.6,0.456,0.8,2.4,0.324,2.3,4.3,0.53,0.515,2.1,2.8,0.736,1.6,3.9,5.5,1.7,0.6,0.4,2.2,3.0,8.9,,2022,0
215.0,Bruce Brown,25.0,BRK,SF,72.0,45.0,24.6,3.6,7.0,0.506,0.5,1.3,0.404,3.0,5.7,0.529,0.543,1.3,1.8,0.758,1.4,3.4,4.8,2.1,1.1,0.7,0.8,2.4,9.0,,2022,0
216.0,Amir Coffey,24.0,LAC,SG,69.0,30.0,22.7,3.1,6.8,0.453,1.4,3.7,0.378,1.7,3.1,0.542,0.556,1.5,1.7,0.863,0.4,2.5,2.9,1.8,0.6,0.2,0.7,1.3,9.0,,2022,0
217.0,Obi Toppin,23.0,NYK,PF,72.0,10.0,17.1,3.5,6.6,0.531,0.7,2.3,0.308,2.8,4.2,0.655,0.586,1.3,1.7,0.758,1.0,2.8,3.7,1.1,0.3,0.5,0.8,1.4,9.0,,2022,0
218.0,Moritz Wagner,24.0,ORL,C,63.0,3.0,15.2,3.1,6.3,0.497,1.0,3.2,0.328,2.1,3.1,0.672,0.581,1.7,2.0,0.806,0.7,3.0,3.7,1.4,0.3,0.2,0.9,2.0,9.0,,2022,0
219.0,Patrick Williams,20.0,CHI,PF,17.0,9.0,24.8,3.2,6.0,0.529,0.9,1.7,0.517,2.3,4.3,0.534,0.603,1.8,2.4,0.732,1.0,3.1,4.1,0.9,0.5,0.5,0.9,1.6,9.0,,2022,0
220.0,Chimezie Metu,24.0,SAC,C,60.0,20.0,21.3,3.4,7.5,0.452,1.0,3.1,0.306,2.4,4.4,0.555,0.516,1.2,1.5,0.78,0.6,5.0,5.6,1.0,0.9,0.5,1.0,1.6,8.9,,2022,0
221.0,Bryn Forbes,28.0,2TM,SG,75.0,2.0,17.1,3.1,7.2,0.429,1.6,3.9,0.414,1.5,3.3,0.447,0.542,1.1,1.2,0.908,0.1,1.1,1.2,1.0,0.3,0.1,0.7,1.3,8.8,,2022,0
221.0,Bryn Forbes,28.0,SAS,SG,40.0,1.0,16.9,3.2,7.4,0.432,1.6,3.8,0.417,1.6,3.6,0.448,0.539,1.1,1.2,0.898,0.1,1.5,1.6,1.0,0.4,0.1,0.8,1.1,9.1,,2022,0
221.0,Bryn Forbes,28.0,DEN,SG,35.0,1.0,17.4,2.9,6.9,0.424,1.7,4.1,0.41,1.3,2.8,0.444,0.545,1.0,1.1,0.921,0.2,0.7,0.9,1.0,0.2,0.1,0.7,1.5,8.6,,2022,0
222.0,Ayo Dosunmu,22.0,CHI,SG,77.0,40.0,27.4,3.6,6.9,0.52,0.9,2.4,0.376,2.7,4.5,0.596,0.585,0.7,1.0,0.679,0.4,2.4,2.8,3.3,0.8,0.4,1.4,2.4,8.8,,2022,0
223.0,KJ Martin,21.0,HOU,SF,79.0,2.0,21.0,3.5,6.6,0.533,0.8,2.1,0.357,2.8,4.5,0.617,0.591,1.0,1.6,0.634,1.0,2.7,3.8,1.3,0.4,0.5,0.8,1.4,8.8,,2022,0
224.0,Isaac Okoro,21.0,CLE,SF,67.0,61.0,29.6,3.1,6.4,0.48,0.8,2.3,0.35,2.3,4.1,0.555,0.544,1.8,2.3,0.768,1.1,1.9,3.0,1.8,0.8,0.3,0.9,2.4,8.8,,2022,0
225.0,Nic Claxton,22.0,BRK,C,47.0,19.0,20.7,3.8,5.6,0.674,0.0,0.0,,3.8,5.6,0.674,0.674,1.1,2.0,0.581,1.9,3.7,5.6,0.9,0.5,1.1,0.8,2.3,8.7,,2022,0
226.0,Tyus Jones,25.0,MEM,PG,73.0,23.0,21.2,3.4,7.6,0.451,1.1,2.8,0.39,2.3,4.8,0.487,0.524,0.7,0.9,0.818,0.2,2.2,2.4,4.4,0.9,0.0,0.6,0.4,8.7,6MOY-11,2022,0
227.0,Dwight Powell,30.0,DAL,C,82.0,71.0,21.9,3.3,4.9,0.671,0.2,0.5,0.351,3.1,4.4,0.703,0.687,2.0,2.6,0.783,2.1,2.8,4.9,1.2,0.5,0.5,0.8,2.7,8.7,,2022,0
228.0,Gabe Vincent,25.0,MIA,PG,68.0,27.0,23.4,3.1,7.5,0.417,1.8,4.8,0.368,1.4,2.8,0.5,0.533,0.6,0.8,0.815,0.3,1.5,1.9,3.1,0.9,0.2,1.4,2.3,8.7,,2022,0
229.0,Reggie Bullock,30.0,DAL,SF,68.0,37.0,28.0,3.0,7.4,0.401,2.1,5.8,0.36,0.9,1.6,0.55,0.542,0.6,0.7,0.833,0.5,3.1,3.5,1.2,0.6,0.2,0.6,1.6,8.6,,2022,0
230.0,Chuma Okeke,23.0,ORL,PF,70.0,20.0,25.0,3.1,8.2,0.376,1.7,5.3,0.318,1.4,2.9,0.48,0.478,0.8,0.9,0.846,0.7,4.3,5.0,1.7,1.4,0.6,0.8,1.4,8.6,,2022,0
231.0,Robert Covington,31.0,2TM,PF,71.0,42.0,27.3,2.9,7.0,0.42,1.8,4.8,0.378,1.1,2.2,0.509,0.548,0.8,1.0,0.841,0.8,4.7,5.5,1.3,1.5,1.3,1.1,2.7,8.5,,2022,0
231.0,Robert Covington,31.0,POR,PF,48.0,40.0,29.8,2.7,7.0,0.381,1.6,4.8,0.343,1.0,2.2,0.462,0.499,0.6,0.8,0.833,0.9,4.9,5.7,1.4,1.5,1.3,1.2,2.8,7.6,,2022,0
231.0,Robert Covington,31.0,LAC,PF,23.0,2.0,22.1,3.5,7.0,0.5,2.1,4.7,0.45,1.4,2.3,0.604,0.651,1.2,1.4,0.848,0.8,4.3,5.1,1.0,1.3,1.2,0.7,2.5,10.4,,2022,0
232.0,T.J. McConnell,29.0,IND,PG,27.0,8.0,24.1,3.7,7.7,0.481,0.4,1.2,0.303,3.3,6.5,0.514,0.505,0.7,0.9,0.826,0.7,2.6,3.3,4.9,1.1,0.4,1.1,2.0,8.5,,2022,0
233.0,Jaylen Nowell,22.0,MIN,SG,62.0,1.0,15.7,3.2,6.7,0.475,1.0,2.6,0.394,2.1,4.1,0.526,0.551,1.2,1.5,0.783,0.4,1.6,2.0,2.1,0.4,0.2,0.6,1.2,8.5,,2022,0
234.0,Mitchell Robinson,23.0,NYK,C,72.0,62.0,25.7,3.6,4.8,0.761,0.0,0.0,,3.6,4.8,0.761,0.761,1.2,2.5,0.486,4.1,4.5,8.6,0.5,0.8,1.8,0.8,2.7,8.5,,2022,0
235.0,Cam Thomas,20.0,BRK,SG,67.0,2.0,17.6,3.3,7.5,0.433,0.7,2.6,0.27,2.6,4.9,0.52,0.48,1.3,1.6,0.829,0.2,2.2,2.4,1.2,0.5,0.1,0.8,1.0,8.5,,2022,0
236.0,Isaiah Thomas,32.0,3TM,PG,22.0,1.0,15.1,3.0,7.6,0.401,1.3,3.8,0.337,1.8,3.8,0.464,0.485,1.0,1.2,0.846,0.2,1.1,1.3,1.5,0.3,0.2,0.7,1.5,8.4,,2022,0
236.0,Isaiah Thomas,32.0,LAL,PG,4.0,1.0,25.3,3.0,9.8,0.308,1.3,5.5,0.227,1.8,4.3,0.412,0.372,2.0,2.8,0.727,0.3,1.8,2.0,1.5,0.0,0.5,1.3,3.0,9.3,,2022,0
236.0,Isaiah Thomas,32.0,DAL,PG,1.0,0.0,13.0,3.0,8.0,0.375,0.0,3.0,0.0,3.0,5.0,0.6,0.375,0.0,0.0,,0.0,0.0,0.0,4.0,0.0,0.0,0.0,0.0,6.0,,2022,0
236.0,Isaiah Thomas,32.0,CHO,PG,17.0,0.0,12.9,3.1,7.1,0.433,1.4,3.4,0.397,1.7,3.6,0.468,0.529,0.8,0.9,0.933,0.2,1.1,1.2,1.4,0.4,0.2,0.6,1.3,8.3,,2022,0
237.0,Deni Avdija,21.0,WAS,SF,82.0,8.0,24.2,3.0,7.1,0.432,1.0,3.2,0.317,2.0,3.9,0.525,0.503,1.3,1.7,0.757,0.6,4.5,5.2,2.0,0.7,0.5,1.1,2.3,8.4,,2022,0
238.0,Lance Stephenson,31.0,2TM,SG,46.0,1.0,17.7,3.2,7.0,0.455,0.6,2.0,0.3,2.6,5.1,0.515,0.497,1.4,1.7,0.788,0.3,2.5,2.8,3.6,0.5,0.1,1.6,2.1,8.3,,2022,0
238.0,Lance Stephenson,31.0,ATL,SG,6.0,0.0,11.7,0.8,2.2,0.385,0.0,0.5,0.0,0.8,1.7,0.5,0.385,0.2,0.3,0.5,0.2,2.3,2.5,1.8,0.0,0.0,0.7,1.3,1.8,,2022,0
238.0,Lance Stephenson,31.0,IND,PG,40.0,1.0,18.6,3.6,7.8,0.458,0.7,2.2,0.31,2.9,5.6,0.516,0.502,1.6,2.0,0.795,0.3,2.5,2.8,3.9,0.6,0.1,1.7,2.2,9.3,,2022,0
239.0,Nicolas Batum,33.0,LAC,PF,59.0,54.0,24.8,3.0,6.6,0.463,1.8,4.6,0.4,1.2,2.0,0.607,0.602,0.4,0.6,0.658,0.5,3.8,4.3,1.7,1.0,0.7,0.7,1.4,8.3,,2022,0
240.0,Isaiah Hartenstein,23.0,LAC,C,68.0,0.0,17.9,3.4,5.4,0.626,0.2,0.4,0.467,3.2,4.9,0.64,0.645,1.3,1.9,0.689,1.7,3.2,4.9,2.4,0.7,1.1,1.2,2.5,8.3,,2022,0
241.0,Isaiah Jackson,20.0,IND,C,36.0,15.0,15.0,3.2,5.7,0.563,0.1,0.4,0.313,3.1,5.3,0.584,0.575,1.7,2.4,0.682,1.7,2.5,4.1,0.3,0.7,1.4,1.1,2.6,8.3,,2022,0
242.0,Naz Reid,22.0,MIN,C,77.0,6.0,15.8,3.0,6.2,0.489,0.7,2.2,0.343,2.3,4.0,0.568,0.549,1.5,1.9,0.765,1.3,2.6,3.9,0.9,0.5,0.9,1.1,2.2,8.3,,2022,0
243.0,Landry Shamet,24.0,PHO,SG,69.0,14.0,20.8,2.8,7.0,0.394,1.8,4.8,0.368,1.0,2.2,0.45,0.521,1.0,1.2,0.84,0.2,1.6,1.8,1.6,0.4,0.1,0.6,1.3,8.3,,2022,0
244.0,Isaiah Stewart,20.0,DET,C,71.0,71.0,25.6,3.5,6.9,0.51,0.2,0.6,0.326,3.3,6.3,0.529,0.526,1.0,1.5,0.718,3.2,5.5,8.7,1.2,0.3,1.1,1.2,3.0,8.3,,2022,0
245.0,Aaron Wiggins,23.0,OKC,SG,50.0,35.0,24.2,3.1,6.7,0.463,0.8,2.8,0.304,2.3,4.0,0.573,0.525,1.2,1.7,0.729,1.0,2.5,3.6,1.4,0.6,0.2,1.1,1.9,8.3,,2022,0
246.0,Daniel Theis,29.0,2TM,C,47.0,27.0,20.8,3.2,6.2,0.519,0.7,2.3,0.308,2.5,3.9,0.641,0.576,1.0,1.5,0.681,1.3,3.6,4.9,0.9,0.4,0.7,1.0,2.4,8.2,,2022,0
246.0,Daniel Theis,29.0,HOU,C,26.0,21.0,22.5,3.2,6.9,0.469,0.9,3.0,0.291,2.3,3.8,0.61,0.534,1.0,1.5,0.675,1.2,3.8,5.0,0.8,0.4,0.7,1.2,2.4,8.4,,2022,0
246.0,Daniel Theis,29.0,BOS,C,21.0,6.0,18.7,3.2,5.3,0.598,0.5,1.3,0.357,2.7,4.0,0.679,0.643,1.0,1.5,0.688,1.3,3.4,4.7,1.0,0.4,0.7,0.7,2.3,7.9,,2022,0
247.0,Corey Kispert,22.0,WAS,SF,77.0,36.0,23.4,3.0,6.7,0.455,1.5,4.2,0.35,1.6,2.5,0.629,0.564,0.7,0.8,0.871,0.7,2.0,2.7,1.1,0.5,0.3,0.6,1.2,8.2,,2022,0
248.0,Shake Milton,25.0,PHI,SG,55.0,6.0,21.4,3.1,7.3,0.429,0.8,2.4,0.323,2.4,4.9,0.481,0.483,1.1,1.3,0.836,0.5,2.0,2.6,2.5,0.5,0.3,0.8,1.8,8.2,,2022,0
249.0,Onyeka Okongwu,21.0,ATL,C,48.0,6.0,20.7,3.3,4.7,0.69,0.0,0.0,,3.3,4.7,0.69,0.69,1.7,2.3,0.727,2.4,3.5,5.9,1.1,0.6,1.3,0.9,3.1,8.2,,2022,0
250.0,Otto Porter Jr.,28.0,GSW,PF,63.0,15.0,22.2,3.1,6.6,0.464,1.3,3.4,0.37,1.8,3.2,0.565,0.56,0.8,1.0,0.803,1.4,4.4,5.7,1.5,1.1,0.5,0.6,1.3,8.2,,2022,0
251.0,Hassan Whiteside,32.0,UTA,C,65.0,8.0,17.9,3.3,5.1,0.652,0.0,0.0,,3.3,5.1,0.652,0.652,1.6,2.6,0.623,2.6,5.0,7.6,0.4,0.3,1.6,0.8,2.8,8.2,,2022,0
252.0,Rudy Gay,35.0,UTA,PF,55.0,1.0,18.9,2.9,6.9,0.414,1.3,3.7,0.345,1.6,3.2,0.494,0.507,1.1,1.4,0.785,1.0,3.4,4.4,1.0,0.5,0.3,0.9,1.7,8.1,,2022,0
253.0,Damian Jones,26.0,SAC,C,56.0,15.0,18.2,3.1,4.8,0.658,0.2,0.5,0.345,2.9,4.2,0.696,0.677,1.7,2.3,0.718,1.3,3.1,4.4,1.2,0.5,0.8,1.1,2.3,8.1,,2022,0
254.0,Ziaire Williams,20.0,MEM,SF,62.0,31.0,21.7,3.1,6.8,0.45,1.2,3.9,0.314,1.9,2.9,0.632,0.54,0.7,0.9,0.782,0.4,1.7,2.1,1.0,0.6,0.2,0.7,1.8,8.1,,2022,0
255.0,Cory Joseph,30.0,DET,PG,65.0,39.0,24.6,2.7,6.2,0.445,1.0,2.4,0.414,1.7,3.7,0.465,0.526,1.5,1.7,0.885,0.4,2.2,2.7,3.6,0.6,0.3,1.3,2.3,8.0,,2022,0
256.0,Mike Muscala,30.0,OKC,C,43.0,0.0,13.8,2.6,5.8,0.456,1.6,3.8,0.429,1.0,2.0,0.506,0.597,1.1,1.3,0.842,0.5,2.5,3.0,0.5,0.4,0.6,0.3,1.3,8.0,,2022,0
257.0,Malik Newman,24.0,CLE,PG,1.0,0.0,8.0,3.0,5.0,0.6,0.0,1.0,0.0,3.0,4.0,0.75,0.6,2.0,2.0,1.0,0.0,1.0,1.0,1.0,0.0,0.0,1.0,0.0,8.0,,2022,0
258.0,Lindy Waters III,24.0,OKC,SG,25.0,1.0,18.6,2.8,7.0,0.406,2.1,5.8,0.363,0.7,1.2,0.621,0.557,0.2,0.2,0.8,0.2,2.7,2.9,1.0,0.8,0.3,0.4,1.2,8.0,,2022,0
259.0,Andre Drummond,28.0,2TM,C,73.0,36.0,19.7,3.4,5.9,0.57,0.0,0.0,0.0,3.4,5.9,0.574,0.57,1.2,2.2,0.524,3.1,6.2,9.3,1.8,1.1,0.9,1.6,2.6,7.9,,2022,0
259.0,Andre Drummond,28.0,PHI,C,49.0,12.0,18.4,2.6,4.9,0.538,0.0,0.0,0.0,2.6,4.8,0.542,0.538,0.9,1.7,0.512,2.8,6.1,8.8,2.0,1.1,0.9,1.6,2.5,6.1,,2022,0
259.0,Andre Drummond,28.0,BRK,C,24.0,24.0,22.3,5.0,8.1,0.61,0.0,0.0,0.0,5.0,8.1,0.613,0.61,1.8,3.4,0.537,3.9,6.4,10.3,1.4,0.9,1.0,1.5,3.0,11.8,,2022,0
260.0,Josh Christopher,20.0,HOU,SG,74.0,2.0,18.0,3.0,6.8,0.448,0.8,2.6,0.296,2.3,4.2,0.54,0.504,1.1,1.5,0.735,0.7,1.8,2.5,2.0,0.9,0.2,1.5,1.3,7.9,,2022,0
261.0,Jordan Nwora,23.0,MIL,SF,62.0,13.0,19.1,3.0,7.5,0.403,1.3,3.7,0.348,1.7,3.8,0.455,0.488,0.6,0.7,0.837,0.6,3.0,3.6,1.0,0.4,0.3,0.9,1.3,7.9,,2022,0
262.0,Zach Collins,24.0,SAS,C,28.0,4.0,17.9,2.7,5.5,0.49,0.5,1.5,0.341,2.2,4.1,0.544,0.535,1.9,2.3,0.8,1.6,3.8,5.5,2.2,0.5,0.8,1.6,2.4,7.8,,2022,0
263.0,Grant Williams,23.0,BOS,PF,77.0,21.0,24.4,2.7,5.6,0.475,1.4,3.4,0.411,1.3,2.3,0.569,0.597,1.1,1.2,0.905,0.8,2.7,3.6,1.0,0.5,0.7,0.8,2.4,7.8,,2022,0
264.0,Drew Eubanks,24.0,2TM,C,71.0,31.0,17.5,3.1,5.2,0.596,0.1,0.3,0.217,3.0,4.9,0.621,0.602,1.4,1.8,0.762,1.8,3.5,5.4,1.2,0.4,0.6,1.1,1.7,7.7,,2022,0
264.0,Drew Eubanks,24.0,SAS,C,49.0,9.0,12.1,1.7,3.2,0.528,0.0,0.2,0.125,1.7,3.1,0.55,0.531,1.2,1.6,0.747,1.3,2.7,4.0,1.0,0.3,0.6,0.9,1.2,4.7,,2022,0
264.0,Drew Eubanks,24.0,POR,C,22.0,22.0,29.5,6.2,9.6,0.646,0.2,0.7,0.267,6.0,9.0,0.675,0.656,1.8,2.3,0.784,3.0,5.5,8.5,1.6,0.8,0.5,1.6,2.8,14.5,,2022,0
265.0,Cody Martin,26.0,CHO,SF,71.0,11.0,26.3,2.9,6.0,0.482,0.9,2.2,0.384,2.0,3.7,0.542,0.554,1.1,1.5,0.701,1.2,2.9,4.0,2.5,1.2,0.5,0.9,1.6,7.7,,2022,0
266.0,Kyle Anderson,28.0,MEM,PF,69.0,11.0,21.5,3.0,6.8,0.446,0.5,1.6,0.33,2.5,5.2,0.481,0.484,1.0,1.5,0.638,1.0,4.3,5.3,2.7,1.1,0.7,1.0,1.6,7.6,,2022,0
267.0,Kris Dunn,27.0,POR,PG,14.0,3.0,24.0,3.1,7.3,0.431,0.1,0.8,0.091,3.1,6.5,0.473,0.436,1.2,1.3,0.944,0.6,2.9,3.5,5.6,1.6,0.2,2.3,2.7,7.6,,2022,0
268.0,R.J. Hampton,20.0,ORL,SG,64.0,14.0,21.9,2.7,7.1,0.383,1.0,2.9,0.35,1.7,4.3,0.405,0.453,1.2,1.8,0.641,0.4,2.7,3.0,2.5,0.7,0.2,1.4,1.6,7.6,,2022,0
269.0,Furkan Korkmaz,24.0,PHI,SG,67.0,19.0,21.1,2.7,7.0,0.387,1.1,4.0,0.289,1.6,3.0,0.515,0.469,1.0,1.3,0.81,0.3,2.3,2.6,1.9,0.5,0.1,0.7,0.9,7.6,,2022,0
270.0,Markieff Morris,32.0,MIA,PF,17.0,1.0,17.5,3.2,6.7,0.474,0.8,2.3,0.333,2.4,4.4,0.547,0.531,0.5,0.5,0.889,1.0,1.6,2.6,1.4,0.4,0.1,1.2,1.9,7.6,,2022,0
271.0,Aleksej Pokusevski,20.0,OKC,PF,61.0,12.0,20.2,3.0,7.5,0.408,0.9,3.2,0.289,2.1,4.2,0.498,0.47,0.6,0.8,0.7,1.2,4.0,5.2,2.1,0.6,0.6,1.5,1.4,7.6,,2022,0
272.0,P.J. Tucker,36.0,MIA,PF,71.0,70.0,27.9,2.9,6.0,0.484,1.1,2.7,0.415,1.8,3.3,0.54,0.577,0.6,0.9,0.738,1.4,4.0,5.5,2.1,0.8,0.2,0.9,2.3,7.6,,2022,0
273.0,Trendon Watford,21.0,POR,SF,48.0,10.0,18.1,3.0,5.6,0.532,0.2,0.8,0.237,2.8,4.8,0.581,0.549,1.5,2.0,0.755,1.2,3.0,4.1,1.7,0.5,0.6,0.9,2.4,7.6,,2022,0
274.0,Goran Dragić,35.0,2TM,PG,21.0,8.0,23.7,2.7,7.2,0.377,0.8,3.0,0.254,2.0,4.2,0.466,0.43,1.3,1.6,0.818,0.6,2.5,3.1,4.1,0.9,0.2,1.6,2.1,7.5,,2022,0
274.0,Goran Dragić,35.0,TOR,PG,5.0,2.0,18.0,2.6,6.8,0.382,0.8,2.8,0.286,1.8,4.0,0.45,0.441,2.0,2.0,1.0,0.4,2.4,2.8,1.8,1.0,0.2,0.2,1.6,8.0,,2022,0
274.0,Goran Dragić,35.0,BRK,PG,16.0,6.0,25.5,2.8,7.3,0.376,0.8,3.1,0.245,2.0,4.3,0.471,0.427,1.1,1.4,0.739,0.7,2.5,3.2,4.8,0.9,0.2,2.1,2.3,7.3,,2022,0
275.0,Draymond Green,31.0,GSW,PF,46.0,44.0,28.9,2.9,5.6,0.525,0.3,1.2,0.296,2.6,4.4,0.586,0.556,1.3,2.0,0.659,1.0,6.3,7.3,7.0,1.3,1.1,3.0,3.0,7.5,"DPOY-10,AS,DEF2",2022,0
276.0,Raul Neto,29.0,WAS,PG,70.0,19.0,19.6,2.9,6.3,0.463,0.5,1.7,0.292,2.4,4.6,0.526,0.502,1.2,1.5,0.769,0.2,1.7,1.9,3.1,0.8,0.0,1.1,1.5,7.5,,2022,0
277.0,Jeremiah Robinson-Earl,21.0,OKC,C,49.0,36.0,22.2,2.7,6.6,0.414,1.2,3.4,0.352,1.6,3.2,0.478,0.503,0.8,1.1,0.741,1.5,4.1,5.6,1.0,0.6,0.3,0.8,1.5,7.5,,2022,0
278.0,D.J. Wilson,25.0,TOR,PF,4.0,1.0,13.5,2.8,3.8,0.733,0.0,0.5,0.0,2.8,3.3,0.846,0.733,2.0,2.5,0.8,0.3,3.8,4.0,1.3,1.3,0.3,0.5,1.5,7.5,,2022,0
279.0,Thomas Bryant,24.0,WAS,C,27.0,9.0,16.3,2.9,5.5,0.52,0.4,1.6,0.286,2.4,3.9,0.613,0.561,1.3,1.5,0.875,1.0,3.0,4.0,0.9,0.2,0.8,0.7,1.6,7.4,,2022,0
280.0,Alex Caruso,27.0,CHI,SG,41.0,18.0,28.0,2.5,6.2,0.398,1.0,3.1,0.333,1.5,3.2,0.462,0.48,1.4,1.8,0.795,0.8,2.8,3.6,4.0,1.7,0.4,1.4,2.6,7.4,,2022,0
281.0,Jared Harper,24.0,NOP,PG,5.0,0.0,8.6,2.8,5.2,0.538,1.0,2.4,0.417,1.8,2.8,0.643,0.635,0.8,0.8,1.0,0.4,0.0,0.4,2.8,0.8,0.2,0.4,1.0,7.4,,2022,0
282.0,Damion Lee,29.0,GSW,SG,63.0,5.0,19.9,2.7,6.1,0.441,1.0,3.0,0.337,1.7,3.1,0.541,0.523,1.0,1.2,0.88,0.4,2.8,3.2,1.0,0.6,0.1,0.6,1.5,7.4,,2022,0
283.0,Royce O'Neale,28.0,UTA,SF,77.0,77.0,31.2,2.6,5.8,0.457,1.5,4.0,0.389,1.1,1.8,0.609,0.591,0.6,0.7,0.804,0.8,3.9,4.8,2.5,1.1,0.4,1.0,2.4,7.4,,2022,0
284.0,Kenrich Williams,27.0,OKC,SF,49.0,0.0,21.9,3.0,6.5,0.461,0.8,2.5,0.339,2.1,4.0,0.536,0.525,0.6,1.1,0.545,1.5,3.0,4.5,2.2,0.9,0.2,0.9,1.7,7.4,,2022,0
285.0,Jeremy Lamb,29.0,2TM,SF,56.0,0.0,16.7,2.4,6.2,0.383,1.0,3.0,0.324,1.4,3.2,0.441,0.463,1.6,1.9,0.84,0.5,2.3,2.8,1.4,0.6,0.4,0.7,1.1,7.3,,2022,0
285.0,Jeremy Lamb,29.0,IND,SF,39.0,0.0,15.7,2.2,5.8,0.373,1.0,3.0,0.333,1.2,2.8,0.414,0.458,1.7,2.1,0.838,0.4,2.0,2.4,1.3,0.6,0.4,0.6,1.1,7.1,,2022,0
285.0,Jeremy Lamb,29.0,SAC,SG,17.0,0.0,18.9,2.8,7.0,0.403,0.9,3.1,0.302,1.9,3.9,0.485,0.471,1.3,1.5,0.846,0.6,2.9,3.5,1.8,0.5,0.5,0.8,0.9,7.9,,2022,0
286.0,Wes Iwundu,27.0,ATL,SF,3.0,1.0,27.3,2.7,6.0,0.444,1.0,1.7,0.6,1.7,4.3,0.385,0.528,1.0,1.3,0.75,1.0,3.3,4.3,0.0,0.3,0.0,0.3,2.7,7.3,,2022,0
287.0,Taurean Prince,27.0,MIN,PF,69.0,8.0,17.1,2.6,5.7,0.454,1.2,3.3,0.376,1.3,2.3,0.565,0.564,0.9,1.2,0.756,0.4,2.1,2.5,1.0,0.7,0.3,0.8,1.7,7.3,,2022,0
288.0,Austin Reaves,23.0,LAL,SG,61.0,19.0,23.2,2.4,5.2,0.459,0.9,2.7,0.317,1.5,2.5,0.616,0.542,1.6,1.9,0.839,0.7,2.4,3.2,1.8,0.5,0.3,0.7,1.4,7.3,,2022,0
289.0,Keon Johnson,19.0,2TM,SG,37.0,12.0,18.8,2.6,7.4,0.353,0.9,2.7,0.34,1.7,4.6,0.36,0.415,1.1,1.4,0.804,0.6,1.5,2.2,2.1,0.8,0.3,1.2,1.9,7.2,,2022,0
289.0,Keon Johnson,19.0,LAC,SG,15.0,0.0,9.0,1.1,3.4,0.333,0.2,0.7,0.273,0.9,2.7,0.35,0.363,1.1,1.4,0.762,0.4,1.0,1.4,0.9,0.5,0.1,0.5,1.4,3.5,,2022,0
289.0,Keon Johnson,19.0,POR,SG,22.0,12.0,25.5,3.6,10.0,0.357,1.4,4.0,0.348,2.2,6.0,0.364,0.428,1.1,1.4,0.833,0.8,1.9,2.7,2.9,1.0,0.5,1.8,2.2,9.7,,2022,0
290.0,Braxton Key,24.0,2TM,SF,11.0,0.0,17.9,3.0,6.5,0.458,0.5,1.9,0.286,2.5,4.6,0.529,0.5,0.6,1.2,0.538,1.2,3.4,4.5,1.0,0.9,1.0,1.0,2.4,7.2,,2022,0
290.0,Braxton Key,24.0,PHI,SF,2.0,0.0,3.0,0.5,1.0,0.5,0.0,0.5,0.0,0.5,0.5,1.0,0.5,0.0,0.0,,0.5,0.5,1.0,0.5,0.5,0.0,1.0,0.5,1.0,,2022,0
290.0,Braxton Key,24.0,DET,SF,9.0,0.0,21.2,3.6,7.8,0.457,0.7,2.2,0.3,2.9,5.6,0.52,0.5,0.8,1.4,0.538,1.3,4.0,5.3,1.1,1.0,1.2,1.0,2.8,8.6,,2022,0
291.0,Javonte Green,28.0,CHI,SF,65.0,45.0,23.4,2.7,5.0,0.542,0.6,1.6,0.356,2.2,3.4,0.625,0.597,1.2,1.5,0.833,1.4,2.8,4.2,0.9,1.0,0.5,0.5,2.0,7.2,,2022,0
292.0,Joe Ingles,34.0,UTA,SF,45.0,15.0,24.9,2.6,6.3,0.404,1.7,5.0,0.347,0.8,1.3,0.617,0.54,0.4,0.5,0.773,0.3,2.6,2.9,3.5,0.5,0.1,1.0,1.8,7.2,,2022,0
293.0,Ty Jerome,24.0,OKC,SG,48.0,4.0,16.7,2.6,6.8,0.378,1.1,3.9,0.29,1.5,3.0,0.493,0.46,0.8,1.0,0.809,0.4,1.2,1.6,2.3,0.6,0.1,0.8,1.5,7.1,,2022,0
294.0,Robin Lopez,33.0,ORL,C,36.0,9.0,17.0,3.1,5.5,0.553,0.1,0.2,0.333,3.0,5.4,0.56,0.558,0.9,1.5,0.593,1.9,1.6,3.5,1.5,0.1,0.5,1.2,1.9,7.1,,2022,0
295.0,Théo Maledon,20.0,OKC,PG,51.0,7.0,17.8,2.3,6.2,0.375,0.9,2.9,0.293,1.5,3.3,0.449,0.445,1.5,2.0,0.79,0.4,2.2,2.6,2.2,0.6,0.2,1.3,1.3,7.1,,2022,0
296.0,Gary Payton II,29.0,GSW,SG,71.0,16.0,17.6,3.0,4.8,0.616,0.6,1.7,0.358,2.4,3.2,0.754,0.679,0.5,0.8,0.603,1.0,2.5,3.5,0.9,1.4,0.3,0.6,1.8,7.1,,2022,0
297.0,Larry Nance Jr.,29.0,2TM,PF,46.0,11.0,22.6,2.8,5.4,0.522,0.5,1.5,0.329,2.3,3.8,0.599,0.569,0.9,1.2,0.702,1.6,3.8,5.4,1.8,0.9,0.4,0.8,1.8,7.0,,2022,0
297.0,Larry Nance Jr.,29.0,POR,C,37.0,11.0,23.2,2.8,5.4,0.515,0.5,1.7,0.306,2.2,3.7,0.61,0.563,0.9,1.3,0.653,1.6,4.1,5.6,2.0,1.0,0.4,0.7,1.8,6.9,,2022,0
297.0,Larry Nance Jr.,29.0,NOP,PF,9.0,0.0,20.2,3.0,5.4,0.551,0.4,0.9,0.5,2.6,4.6,0.561,0.592,0.9,0.9,1.0,1.6,2.8,4.3,0.9,0.6,0.8,1.1,1.9,7.3,,2022,0
298.0,Goga Bitadze,22.0,IND,C,50.0,16.0,14.6,2.6,5.0,0.52,0.5,1.6,0.288,2.2,3.4,0.628,0.565,1.3,1.9,0.681,1.6,2.0,3.5,1.1,0.4,0.8,0.9,2.1,7.0,,2022,0
299.0,Sekou Doumbouya,21.0,LAL,PF,2.0,0.0,8.0,2.5,4.0,0.625,0.5,1.0,0.5,2.0,3.0,0.667,0.688,1.5,2.0,0.75,1.0,2.0,3.0,0.0,1.5,1.0,1.0,0.5,7.0,,2022,0
300.0,Maxi Kleber,30.0,DAL,PF,59.0,21.0,24.6,2.4,6.0,0.398,1.4,4.3,0.325,1.0,1.7,0.586,0.516,0.8,1.1,0.708,1.2,4.7,5.9,1.2,0.5,1.0,0.8,2.3,7.0,6MOY-11,2022,0
301.0,Olivier Sarr,22.0,OKC,C,22.0,2.0,19.1,2.6,4.6,0.574,0.6,1.3,0.448,2.0,3.3,0.625,0.639,1.1,1.3,0.828,1.5,2.7,4.2,0.9,0.3,0.7,1.0,2.4,7.0,,2022,0
302.0,Steven Adams,28.0,MEM,C,76.0,75.0,26.3,2.8,5.1,0.547,0.0,0.0,0.0,2.8,5.0,0.548,0.547,1.4,2.6,0.543,4.6,5.4,10.0,3.4,0.9,0.8,1.5,2.0,6.9,,2022,0
303.0,Killian Hayes,20.0,DET,PG,66.0,40.0,25.0,2.7,7.0,0.383,0.7,2.5,0.263,2.0,4.4,0.452,0.431,0.9,1.1,0.77,0.5,2.6,3.2,4.2,1.2,0.5,1.7,2.8,6.9,,2022,0
304.0,Jarred Vanderbilt,22.0,MIN,PF,74.0,67.0,25.4,2.9,4.9,0.587,0.0,0.2,0.143,2.8,4.7,0.605,0.59,1.2,1.8,0.656,2.9,5.5,8.4,1.3,1.3,0.6,1.0,2.4,6.9,,2022,0
305.0,Serge Ibaka,32.0,2TM,C,54.0,12.0,16.2,2.7,5.5,0.5,0.7,1.8,0.374,2.1,3.6,0.563,0.563,0.6,0.8,0.727,1.1,3.5,4.6,0.9,0.2,0.6,0.8,1.9,6.8,,2022,0
305.0,Serge Ibaka,32.0,LAC,C,35.0,10.0,15.4,2.7,5.5,0.49,0.7,1.8,0.387,2.0,3.7,0.538,0.552,0.6,0.8,0.69,1.1,3.1,4.3,1.0,0.2,0.7,0.9,1.6,6.6,,2022,0
305.0,Serge Ibaka,32.0,MIL,C,19.0,2.0,17.8,2.8,5.5,0.519,0.7,1.9,0.351,2.2,3.5,0.612,0.582,0.6,0.8,0.8,1.2,4.1,5.3,0.7,0.2,0.4,0.5,2.4,7.0,,2022,0
306.0,Mason Jones,23.0,LAL,SG,4.0,0.0,12.8,1.8,3.8,0.467,0.3,1.0,0.25,1.5,2.8,0.545,0.5,3.0,3.8,0.8,0.3,2.3,2.5,1.0,0.5,0.0,0.3,2.0,6.8,,2022,0
307.0,Brandon Boston Jr.,20.0,LAC,SG,51.0,0.0,14.9,2.5,6.4,0.385,0.7,2.2,0.306,1.8,4.2,0.425,0.437,1.2,1.4,0.819,0.3,1.8,2.2,1.0,0.5,0.3,0.6,0.8,6.7,,2022,0
308.0,Wayne Ellington,34.0,LAL,SG,43.0,9.0,18.8,2.3,5.5,0.414,1.9,4.9,0.389,0.4,0.6,0.615,0.586,0.2,0.3,0.818,0.2,1.6,1.8,0.7,0.5,0.1,0.4,1.0,6.7,,2022,0
309.0,Stanley Johnson,25.0,LAL,PF,48.0,27.0,22.8,2.4,5.2,0.466,0.7,2.2,0.314,1.8,3.0,0.575,0.532,1.1,1.5,0.716,0.7,2.5,3.2,1.7,0.9,0.3,0.7,2.3,6.7,,2022,0
310.0,Georgios Kalaitzakis,23.0,2TM,SF,13.0,4.0,16.5,2.4,5.2,0.463,0.8,2.0,0.385,1.6,3.2,0.512,0.537,1.1,2.3,0.467,0.5,1.2,1.6,0.9,0.8,0.2,1.5,1.5,6.6,,2022,0
310.0,Georgios Kalaitzakis,23.0,MIL,SF,9.0,0.0,5.3,0.6,1.2,0.455,0.2,0.4,0.5,0.3,0.8,0.429,0.545,0.4,1.0,0.444,0.4,0.4,0.9,0.0,0.1,0.1,0.4,0.9,1.8,,2022,0
310.0,Georgios Kalaitzakis,23.0,OKC,SF,4.0,4.0,41.5,6.5,14.0,0.464,2.0,5.5,0.364,4.5,8.5,0.529,0.536,2.5,5.3,0.476,0.5,2.8,3.3,3.0,2.5,0.3,4.0,2.8,17.5,,2022,0
311.0,Torrey Craig,31.0,2TM,SF,78.0,16.0,20.5,2.6,5.7,0.454,1.0,3.0,0.329,1.6,2.7,0.594,0.541,0.5,0.7,0.75,1.1,2.9,4.0,1.2,0.6,0.5,0.9,1.9,6.6,,2022,0
311.0,Torrey Craig,31.0,IND,SF,51.0,14.0,20.3,2.5,5.5,0.456,0.9,2.7,0.333,1.6,2.8,0.573,0.537,0.5,0.7,0.771,1.2,2.7,3.8,1.1,0.5,0.4,0.8,1.9,6.5,,2022,0
311.0,Torrey Craig,31.0,PHO,SF,27.0,2.0,20.8,2.7,5.9,0.45,1.1,3.6,0.323,1.5,2.4,0.641,0.547,0.4,0.6,0.706,1.0,3.3,4.3,1.2,0.8,0.6,1.0,2.1,6.9,,2022,0
312.0,Zeke Nnaji,21.0,DEN,PF,41.0,1.0,17.0,2.3,4.5,0.516,0.9,2.0,0.463,1.4,2.6,0.557,0.616,1.0,1.6,0.631,1.4,2.2,3.6,0.4,0.4,0.3,0.6,1.9,6.6,,2022,0
313.0,B.J. Johnson,26.0,ORL,SF,4.0,0.0,16.3,2.8,6.3,0.44,1.0,2.5,0.4,1.8,3.8,0.467,0.52,0.0,0.0,,1.5,2.3,3.8,0.0,0.0,0.3,0.0,1.0,6.5,,2022,0
314.0,Mason Plumlee,31.0,CHO,C,73.0,73.0,24.6,2.8,4.4,0.641,0.0,0.0,0.0,2.8,4.4,0.645,0.641,0.9,2.3,0.392,2.4,5.3,7.7,3.1,0.8,0.7,1.4,3.1,6.5,,2022,0
315.0,Josh Jackson,24.0,2TM,SF,51.0,3.0,16.3,2.4,5.9,0.4,0.6,2.5,0.254,1.7,3.3,0.512,0.455,1.1,1.5,0.714,0.4,2.4,2.8,1.1,0.5,0.4,0.9,1.7,6.4,,2022,0
315.0,Josh Jackson,24.0,DET,SF,39.0,3.0,18.1,2.6,6.4,0.41,0.8,2.9,0.265,1.9,3.5,0.529,0.47,1.0,1.4,0.714,0.4,2.7,3.2,1.3,0.5,0.5,1.0,1.8,7.1,,2022,0
315.0,Josh Jackson,24.0,SAC,SF,12.0,0.0,10.3,1.4,4.1,0.347,0.3,1.4,0.176,1.2,2.7,0.438,0.378,1.3,1.8,0.714,0.3,1.2,1.5,0.4,0.4,0.3,0.8,1.4,4.3,,2022,0
316.0,Justin Anderson,28.0,2TM,SF,16.0,6.0,19.8,2.3,5.9,0.379,0.9,3.7,0.254,1.3,2.3,0.583,0.458,0.9,1.2,0.789,0.3,2.6,2.9,2.1,0.5,0.4,0.5,1.4,6.4,,2022,0
316.0,Justin Anderson,28.0,CLE,SF,3.0,0.0,15.7,1.3,2.7,0.5,0.7,2.0,0.333,0.7,0.7,1.0,0.625,1.0,1.3,0.75,0.0,2.0,2.0,2.0,0.3,0.0,0.7,1.3,4.3,,2022,0
316.0,Justin Anderson,28.0,IND,SF,13.0,6.0,20.7,2.5,6.7,0.368,1.0,4.1,0.245,1.5,2.6,0.559,0.443,0.9,1.2,0.8,0.3,2.8,3.1,2.1,0.5,0.5,0.5,1.4,6.8,,2022,0
317.0,Avery Bradley,31.0,LAL,SG,62.0,45.0,22.7,2.4,5.6,0.423,1.3,3.4,0.39,1.1,2.3,0.471,0.54,0.3,0.3,0.889,0.5,1.7,2.2,0.8,0.9,0.1,0.6,1.9,6.4,,2022,0
318.0,JaMychal Green,31.0,DEN,PF,67.0,8.0,16.2,2.4,4.9,0.486,0.5,1.9,0.266,1.9,3.0,0.621,0.537,1.2,1.4,0.871,1.2,3.0,4.2,0.9,0.6,0.4,0.9,2.4,6.4,,2022,0
319.0,Blake Griffin,32.0,BRK,C,56.0,24.0,17.1,2.4,5.6,0.425,0.7,2.6,0.262,1.7,3.0,0.565,0.486,1.0,1.4,0.724,1.1,3.0,4.1,1.9,0.5,0.3,0.6,1.7,6.4,,2022,0
320.0,Brandon Knight,30.0,DAL,PG,5.0,0.0,13.0,2.0,5.0,0.4,0.8,3.4,0.235,1.2,1.6,0.75,0.48,1.6,1.6,1.0,0.0,1.6,1.6,1.6,0.2,0.0,0.8,1.0,6.4,,2022,0
321.0,Isaiah Livers,23.0,DET,SF,19.0,5.0,20.2,2.2,4.7,0.456,1.4,3.4,0.422,0.7,1.4,0.538,0.606,0.6,0.7,0.857,0.8,2.2,3.0,1.1,0.7,0.4,0.8,1.9,6.4,,2022,0
322.0,Ish Smith,33.0,2TM,PG,65.0,1.0,17.3,2.8,6.6,0.43,0.4,1.0,0.373,2.5,5.6,0.441,0.459,0.2,0.4,0.625,0.4,1.8,2.2,3.8,0.7,0.4,1.2,1.2,6.3,,2022,0
322.0,Ish Smith,33.0,CHO,PG,37.0,1.0,13.8,2.0,5.0,0.395,0.3,0.7,0.4,1.7,4.3,0.394,0.422,0.3,0.5,0.632,0.3,1.2,1.5,2.6,0.5,0.3,1.0,0.9,4.5,,2022,0
322.0,Ish Smith,33.0,WAS,PG,28.0,0.0,22.0,4.0,8.8,0.457,0.5,1.5,0.357,3.5,7.3,0.478,0.488,0.1,0.2,0.6,0.5,2.5,3.0,5.2,1.0,0.5,1.5,1.6,8.6,,2022,0
323.0,Aaron Holiday,25.0,2TM,PG,63.0,15.0,16.2,2.4,5.4,0.447,0.6,1.6,0.379,1.8,3.7,0.477,0.504,0.9,1.1,0.868,0.4,1.6,1.9,2.4,0.7,0.1,1.1,1.5,6.3,,2022,0
323.0,Aaron Holiday,25.0,WAS,PG,41.0,14.0,16.2,2.4,5.2,0.467,0.6,1.6,0.343,1.9,3.6,0.524,0.521,0.7,0.9,0.8,0.2,1.4,1.6,1.9,0.6,0.2,1.0,1.5,6.1,,2022,0
323.0,Aaron Holiday,25.0,PHO,PG,22.0,1.0,16.3,2.3,5.6,0.411,0.7,1.6,0.444,1.6,4.0,0.398,0.476,1.4,1.5,0.939,0.7,1.8,2.5,3.4,0.8,0.0,1.3,1.5,6.8,,2022,0
324.0,Dewayne Dedmon,32.0,MIA,C,67.0,15.0,15.9,2.4,4.3,0.566,0.3,0.7,0.404,2.2,3.6,0.597,0.598,1.1,1.5,0.75,1.6,4.2,5.8,0.7,0.4,0.6,1.0,2.6,6.3,,2022,0
325.0,Hassani Gravett,25.0,ORL,PG,8.0,3.0,21.4,2.3,4.8,0.474,1.4,3.3,0.423,0.9,1.5,0.583,0.618,0.4,0.5,0.75,0.1,2.5,2.6,2.5,0.6,0.1,1.1,1.6,6.3,,2022,0
326.0,Derrick Walton,26.0,DET,PG,3.0,3.0,36.0,2.0,8.7,0.231,1.0,4.3,0.231,1.0,4.3,0.231,0.288,1.3,1.3,1.0,0.7,2.7,3.3,7.0,2.3,1.3,3.7,2.7,6.3,,2022,0
327.0,Lou Williams,35.0,ATL,PG,56.0,0.0,14.3,2.2,5.7,0.391,0.7,1.8,0.363,1.6,3.9,0.404,0.448,1.2,1.4,0.859,0.3,1.3,1.6,1.9,0.5,0.1,0.8,0.9,6.3,,2022,0
328.0,Chaundee Brown Jr.,23.0,2TM,SG,5.0,2.0,20.8,2.0,6.4,0.313,1.2,3.6,0.333,0.8,2.8,0.286,0.406,1.0,1.2,0.833,0.2,3.0,3.2,0.8,0.4,0.0,0.2,1.4,6.2,,2022,0
328.0,Chaundee Brown Jr.,23.0,LAL,SF,2.0,0.0,10.5,0.5,3.5,0.143,0.0,1.5,0.0,0.5,2.0,0.25,0.143,0.0,0.0,,0.0,1.0,1.0,0.0,0.0,0.0,0.5,0.0,1.0,,2022,0
328.0,Chaundee Brown Jr.,23.0,ATL,SG,3.0,2.0,27.7,3.0,8.3,0.36,2.0,5.0,0.4,1.0,3.3,0.3,0.48,1.7,2.0,0.833,0.3,4.3,4.7,1.3,0.7,0.0,0.0,2.3,9.7,,2022,0
329.0,Thaddeus Young,33.0,2TM,PF,52.0,1.0,16.3,2.7,5.2,0.518,0.3,0.9,0.354,2.4,4.3,0.554,0.55,0.4,0.9,0.469,1.5,2.5,4.0,2.0,1.0,0.3,1.0,1.6,6.2,,2022,0
329.0,Thaddeus Young,33.0,SAS,PF,26.0,1.0,14.2,2.8,4.9,0.578,0.0,0.2,0.0,2.8,4.7,0.602,0.578,0.4,0.8,0.455,1.5,2.0,3.6,2.3,0.9,0.3,1.2,1.5,6.1,,2022,0
329.0,Thaddeus Young,33.0,TOR,PF,26.0,0.0,18.3,2.6,5.5,0.465,0.7,1.7,0.395,1.9,3.9,0.495,0.524,0.5,1.0,0.481,1.5,2.9,4.4,1.7,1.2,0.4,0.8,1.7,6.3,,2022,0
330.0,George Hill,35.0,MIL,PG,54.0,17.0,23.2,2.2,5.1,0.429,0.8,2.5,0.306,1.4,2.6,0.546,0.504,1.1,1.1,0.919,0.7,2.2,2.9,2.2,0.8,0.1,0.8,1.3,6.2,,2022,0
331.0,Dwight Howard,36.0,LAL,C,60.0,27.0,16.2,2.2,3.7,0.612,0.1,0.3,0.533,2.1,3.4,0.618,0.63,1.6,2.4,0.658,2.0,4.0,5.9,0.6,0.6,0.6,0.8,1.9,6.2,,2022,0
332.0,Vit Krejci,21.0,OKC,SG,30.0,8.0,23.0,2.3,5.6,0.407,1.1,3.3,0.327,1.2,2.3,0.522,0.503,0.6,0.7,0.864,0.6,2.8,3.4,1.9,0.6,0.3,1.0,2.2,6.2,,2022,0
333.0,Jalen McDaniels,24.0,CHO,SF,55.0,2.0,16.3,2.2,4.6,0.484,0.7,2.0,0.38,1.5,2.7,0.562,0.565,1.0,1.3,0.736,0.7,2.4,3.1,1.1,0.5,0.4,0.7,1.7,6.2,,2022,0
334.0,Payton Pritchard,24.0,BOS,PG,71.0,2.0,14.1,2.3,5.3,0.429,1.4,3.5,0.412,0.8,1.8,0.461,0.564,0.3,0.3,1.0,0.5,1.4,1.9,2.0,0.4,0.1,0.6,0.9,6.2,,2022,0
335.0,Day'Ron Sharpe,20.0,BRK,PF,32.0,8.0,12.2,2.7,4.7,0.577,0.1,0.2,0.286,2.6,4.4,0.592,0.584,0.8,1.3,0.585,2.5,2.5,5.0,0.5,0.3,0.5,0.9,1.9,6.2,,2022,0
336.0,Jose Alvarado,23.0,NOP,PG,54.0,1.0,15.4,2.4,5.4,0.446,0.6,2.0,0.291,1.8,3.4,0.538,0.5,0.7,1.0,0.679,0.5,1.4,1.9,2.8,1.3,0.1,0.7,1.4,6.1,,2022,0
337.0,Nemanja Bjelica,33.0,GSW,C,71.0,0.0,16.1,2.3,4.8,0.468,0.8,2.1,0.362,1.5,2.7,0.549,0.547,0.8,1.1,0.728,0.9,3.3,4.1,2.2,0.6,0.4,1.2,1.8,6.1,,2022,0
338.0,Lamar Stevens,24.0,CLE,PF,63.0,13.0,16.1,2.5,5.1,0.489,0.3,1.0,0.277,2.2,4.0,0.543,0.517,0.8,1.2,0.707,0.7,1.9,2.6,0.7,0.5,0.3,0.7,1.7,6.1,,2022,0
339.0,Tristan Thompson,30.0,3TM,C,57.0,6.0,15.7,2.5,4.7,0.528,0.0,0.1,0.333,2.5,4.6,0.53,0.53,1.1,2.0,0.526,2.1,2.9,5.1,0.6,0.4,0.4,0.8,1.7,6.0,,2022,0
339.0,Tristan Thompson,30.0,SAC,C,30.0,3.0,15.2,2.5,5.0,0.503,0.0,0.0,1.0,2.5,5.0,0.5,0.507,1.1,2.0,0.533,2.4,3.0,5.4,0.6,0.4,0.4,1.0,1.7,6.2,,2022,0
339.0,Tristan Thompson,30.0,IND,C,4.0,0.0,16.5,3.3,6.0,0.542,0.0,0.0,,3.3,6.0,0.542,0.542,0.8,2.0,0.375,1.8,2.8,4.5,0.5,0.0,0.5,1.0,1.8,7.3,,2022,0
339.0,Tristan Thompson,30.0,CHI,C,23.0,3.0,16.3,2.3,4.0,0.565,0.0,0.1,0.0,2.3,3.9,0.578,0.565,1.1,2.1,0.542,1.8,3.0,4.7,0.6,0.5,0.3,0.5,1.7,5.7,,2022,0
340.0,Quentin Grimes,21.0,NYK,SG,46.0,6.0,17.1,2.1,5.1,0.404,1.6,4.1,0.381,0.5,1.0,0.5,0.557,0.3,0.4,0.684,0.5,1.5,2.0,1.0,0.7,0.2,0.6,1.6,6.0,,2022,0
341.0,Tre Jones,22.0,SAS,PG,69.0,11.0,16.6,2.4,4.9,0.49,0.1,0.7,0.196,2.3,4.2,0.542,0.504,1.0,1.3,0.78,0.4,1.8,2.2,3.4,0.6,0.1,0.7,1.1,6.0,,2022,0
342.0,Alex Len,28.0,SAC,C,39.0,10.0,15.9,2.4,4.5,0.534,0.2,0.5,0.286,2.3,4.0,0.568,0.551,1.1,1.6,0.651,1.3,2.8,4.1,1.2,0.3,0.6,1.1,2.6,6.0,,2022,0
343.0,Kevon Looney,25.0,GSW,C,82.0,80.0,21.1,2.5,4.4,0.571,0.0,0.0,0.0,2.5,4.4,0.573,0.571,0.9,1.5,0.6,2.5,4.7,7.3,2.0,0.6,0.6,0.8,2.6,6.0,,2022,0
344.0,Austin Rivers,29.0,DEN,SG,67.0,18.0,22.1,2.2,5.2,0.417,1.2,3.4,0.342,1.0,1.8,0.563,0.53,0.5,0.7,0.727,0.3,1.4,1.7,1.3,0.8,0.1,0.8,1.8,6.0,,2022,0
345.0,Danuel House Jr.,28.0,3TM,SF,42.0,7.0,17.3,1.9,4.7,0.404,1.0,2.8,0.376,0.9,1.9,0.444,0.515,1.0,1.4,0.759,0.4,2.2,2.6,1.0,0.5,0.4,0.8,1.2,5.9,,2022,0
345.0,Danuel House Jr.,28.0,HOU,SF,16.0,1.0,14.6,1.6,4.6,0.338,0.6,2.1,0.294,0.9,2.5,0.375,0.405,1.1,1.2,0.895,0.3,2.4,2.7,1.2,0.3,0.3,1.1,1.0,4.8,,2022,0
345.0,Danuel House Jr.,28.0,NYK,SF,1.0,0.0,3.0,0.0,1.0,0.0,0.0,1.0,0.0,0.0,0.0,,0.0,0.0,0.0,,0.0,0.0,0.0,0.0,0.0,0.0,0.0,0.0,0.0,,2022,0
345.0,Danuel House Jr.,28.0,UTA,SF,25.0,6.0,19.6,2.2,4.9,0.447,1.4,3.3,0.415,0.8,1.6,0.512,0.585,1.1,1.6,0.692,0.6,2.2,2.7,1.0,0.6,0.5,0.6,1.4,6.8,,2022,0
346.0,Kessler Edwards,21.0,BRK,SF,48.0,23.0,20.6,2.3,5.6,0.412,1.0,2.8,0.353,1.3,2.7,0.473,0.502,0.3,0.4,0.842,0.9,2.7,3.6,0.6,0.6,0.5,0.9,1.8,5.9,,2022,0
347.0,Danny Green,34.0,PHI,SF,62.0,28.0,21.8,2.0,5.2,0.394,1.7,4.4,0.38,0.4,0.8,0.469,0.555,0.2,0.2,0.786,0.5,2.0,2.5,1.0,1.0,0.6,0.7,1.7,5.9,,2022,0
348.0,Kira Lewis Jr.,20.0,NOP,PG,24.0,0.0,14.2,2.5,6.1,0.404,0.5,2.4,0.224,1.9,3.7,0.523,0.449,0.4,0.5,0.833,0.4,1.3,1.6,2.0,0.5,0.0,1.1,0.7,5.9,,2022,0
349.0,Bismack Biyombo,29.0,PHO,C,36.0,3.0,14.1,2.4,4.0,0.593,0.0,0.0,,2.4,4.0,0.593,0.593,1.1,2.0,0.535,1.8,2.9,4.6,0.6,0.3,0.7,0.7,1.9,5.8,,2022,0
350.0,Carsen Edwards,23.0,DET,SG,4.0,0.0,19.8,2.3,7.5,0.3,1.0,4.0,0.25,1.3,3.5,0.357,0.367,0.3,0.3,1.0,0.5,1.0,1.5,3.5,0.5,0.0,1.3,1.0,5.8,,2022,0
351.0,CJ Elleby,21.0,POR,SF,58.0,28.0,20.2,2.1,5.3,0.393,0.6,2.2,0.294,1.4,3.1,0.462,0.453,1.0,1.4,0.714,1.1,2.8,3.9,1.5,0.6,0.3,1.0,2.0,5.8,,2022,0
352.0,Luka Garza,23.0,DET,C,32.0,5.0,12.2,2.1,4.6,0.449,0.5,1.5,0.327,1.6,3.1,0.51,0.503,1.2,1.9,0.623,1.8,1.3,3.1,0.6,0.3,0.2,0.6,1.7,5.8,,2022,0
353.0,Xavier Moon,27.0,LAC,SG,10.0,0.0,13.7,2.5,5.1,0.49,0.5,1.4,0.357,2.0,3.7,0.541,0.539,0.3,0.5,0.6,0.2,1.2,1.4,2.4,0.7,0.3,0.6,0.9,5.8,,2022,0
354.0,Eric Paschall,25.0,UTA,PF,58.0,3.0,12.7,2.0,4.1,0.485,0.7,1.9,0.37,1.3,2.2,0.583,0.57,1.1,1.5,0.767,0.5,1.3,1.8,0.6,0.2,0.1,0.5,0.9,5.8,,2022,0
355.0,Joshua Primo,19.0,SAS,SF,50.0,16.0,19.3,2.0,5.4,0.374,0.8,2.7,0.307,1.2,2.7,0.444,0.452,0.9,1.2,0.746,0.6,1.6,2.3,1.6,0.4,0.5,1.1,1.6,5.8,,2022,0
356.0,Cassius Stanley,22.0,DET,SG,9.0,1.0,17.2,2.1,5.1,0.413,0.4,1.9,0.235,1.7,3.2,0.517,0.457,1.1,1.1,1.0,0.6,1.6,2.1,0.4,0.6,0.2,0.7,1.9,5.8,,2022,0
357.0,Justise Winslow,25.0,2TM,PF,48.0,11.0,16.1,2.3,5.4,0.428,0.3,1.4,0.227,2.0,4.0,0.497,0.457,0.8,1.4,0.591,1.0,3.2,4.2,1.8,0.7,0.5,1.0,1.4,5.7,,2022,0
357.0,Justise Winslow,25.0,LAC,PF,37.0,1.0,13.0,1.7,3.8,0.447,0.1,0.8,0.172,1.6,3.0,0.518,0.465,0.7,1.1,0.61,0.8,2.8,3.6,1.4,0.6,0.5,1.0,1.2,4.2,,2022,0
357.0,Justise Winslow,25.0,POR,PF,11.0,10.0,26.8,4.3,10.5,0.405,0.9,3.4,0.27,3.4,7.2,0.468,0.448,1.3,2.3,0.56,1.8,4.5,6.3,2.9,1.3,0.6,1.1,1.9,10.7,,2022,0
358.0,Kelan Martin,26.0,2TM,SF,30.0,1.0,15.0,2.3,5.7,0.409,0.7,2.5,0.293,1.6,3.2,0.5,0.474,0.3,0.4,0.692,0.6,1.3,1.8,0.7,0.4,0.3,0.5,1.2,5.7,,2022,0
358.0,Kelan Martin,26.0,IND,SF,27.0,1.0,16.4,2.6,6.2,0.417,0.8,2.7,0.297,1.8,3.5,0.511,0.482,0.3,0.5,0.692,0.6,1.4,2.0,0.8,0.5,0.3,0.5,1.3,6.3,,2022,0
358.0,Kelan Martin,26.0,BOS,SF,3.0,0.0,2.0,0.0,1.0,0.0,0.0,0.3,0.0,0.0,0.7,0.0,0.0,0.0,0.0,,0.3,0.3,0.7,0.0,0.0,0.0,0.0,0.0,0.0,,2022,0
359.0,Keita Bates-Diop,26.0,SAS,SF,59.0,14.0,16.2,2.3,4.5,0.517,0.3,0.9,0.309,2.0,3.5,0.572,0.549,0.8,1.0,0.754,1.1,2.9,3.9,0.7,0.5,0.2,0.8,1.0,5.7,,2022,0
360.0,Naji Marshall,24.0,NOP,SF,55.0,4.0,13.4,2.0,4.9,0.405,0.4,1.9,0.2,1.6,3.0,0.537,0.444,1.3,1.7,0.796,0.7,1.9,2.6,1.1,0.6,0.1,0.8,1.3,5.7,,2022,0
361.0,Matisse Thybulle,24.0,PHI,SG,66.0,50.0,25.5,2.3,4.5,0.5,0.7,2.2,0.313,1.6,2.4,0.673,0.575,0.5,0.7,0.791,0.6,1.7,2.3,1.1,1.7,1.1,0.6,2.4,5.7,"DPOY-11,DEF2",2022,0
362.0,Dāvis Bertāns,29.0,2TM,PF,56.0,0.0,14.4,1.8,4.9,0.36,1.4,4.1,0.335,0.4,0.8,0.489,0.5,0.6,0.7,0.9,0.2,1.9,2.1,0.6,0.3,0.2,0.3,1.5,5.6,,2022,0
362.0,Dāvis Bertāns,29.0,WAS,PF,34.0,0.0,14.7,1.8,5.0,0.351,1.4,4.2,0.319,0.4,0.8,0.519,0.485,0.8,0.9,0.933,0.2,1.6,1.8,0.5,0.3,0.2,0.4,1.6,5.7,,2022,0
362.0,Dāvis Bertāns,29.0,DAL,PF,22.0,0.0,13.9,1.8,4.7,0.375,1.4,3.9,0.36,0.4,0.8,0.444,0.524,0.4,0.5,0.8,0.3,2.3,2.5,0.7,0.3,0.3,0.2,1.4,5.3,,2022,0
363.0,Derrick Jones Jr.,24.0,CHI,PF,51.0,8.0,17.6,2.1,3.8,0.538,0.4,1.2,0.328,1.7,2.6,0.634,0.59,1.1,1.4,0.8,1.2,2.1,3.3,0.6,0.5,0.6,0.6,2.1,5.6,,2022,0
364.0,Saben Lee,22.0,DET,PG,37.0,0.0,16.3,1.9,4.8,0.39,0.4,1.6,0.233,1.5,3.2,0.47,0.429,1.5,1.9,0.789,0.5,1.9,2.4,2.9,1.0,0.3,1.0,1.2,5.6,,2022,0
365.0,Dennis Smith Jr.,24.0,POR,PG,37.0,4.0,17.2,2.1,5.1,0.418,0.2,0.7,0.222,2.0,4.4,0.451,0.434,1.1,1.7,0.656,0.5,1.8,2.4,3.6,1.2,0.3,1.4,1.4,5.6,,2022,0
366.0,Keifer Sykes,28.0,IND,PG,32.0,11.0,17.7,2.2,5.9,0.363,0.8,2.8,0.3,1.3,3.1,0.42,0.434,0.5,0.5,0.882,0.3,1.2,1.4,1.9,0.4,0.1,1.0,1.6,5.6,,2022,0
367.0,James Johnson,34.0,BRK,PF,62.0,10.0,19.2,2.3,5.0,0.469,0.4,1.4,0.271,2.0,3.6,0.545,0.507,0.5,0.9,0.527,0.8,2.6,3.5,2.1,0.5,0.5,0.8,2.6,5.5,,2022,0
368.0,Greg Monroe,31.0,4TM,C,14.0,0.0,13.9,2.3,4.1,0.561,0.0,0.0,,2.3,4.1,0.561,0.561,0.9,1.6,0.522,2.1,2.4,4.6,1.6,0.6,0.7,0.9,1.7,5.4,,2022,0
368.0,Greg Monroe,31.0,MIN,C,4.0,0.0,20.3,3.3,5.5,0.591,0.0,0.0,,3.3,5.5,0.591,0.591,0.8,1.8,0.429,1.5,4.5,6.0,4.0,1.0,1.5,1.8,2.3,7.3,,2022,0
368.0,Greg Monroe,31.0,WAS,C,2.0,0.0,9.0,2.0,4.0,0.5,0.0,0.0,,2.0,4.0,0.5,0.5,0.0,0.0,,3.5,1.5,5.0,0.5,0.5,0.5,1.0,1.0,4.0,,2022,0
368.0,Greg Monroe,31.0,MIL,C,5.0,0.0,14.0,2.2,4.4,0.5,0.0,0.0,,2.2,4.4,0.5,0.5,1.0,1.8,0.556,2.2,2.0,4.2,0.4,0.6,0.4,0.6,1.4,5.4,,2022,0
368.0,Greg Monroe,31.0,UTA,C,3.0,0.0,8.7,1.3,1.7,0.8,0.0,0.0,,1.3,1.7,0.8,0.8,1.3,2.3,0.571,2.0,1.0,3.0,1.0,0.0,0.3,0.0,2.0,4.0,,2022,0
369.0,Wenyen Gabriel,24.0,3TM,PF,26.0,5.0,13.8,2.1,4.2,0.491,0.3,1.1,0.286,1.8,3.2,0.561,0.527,1.0,1.6,0.595,1.5,2.2,3.7,0.5,0.2,0.4,0.6,2.6,5.4,,2022,0
369.0,Wenyen Gabriel,24.0,BRK,PF,1.0,0.0,1.0,0.0,0.0,,0.0,0.0,,0.0,0.0,,,0.0,0.0,,0.0,1.0,1.0,0.0,0.0,0.0,0.0,0.0,0.0,,2022,0
369.0,Wenyen Gabriel,24.0,LAC,PF,6.0,0.0,7.7,0.8,2.2,0.385,0.3,0.8,0.4,0.5,1.3,0.375,0.462,0.3,0.7,0.5,0.8,1.5,2.3,0.3,0.2,0.3,0.5,1.8,2.3,,2022,0
369.0,Wenyen Gabriel,24.0,LAL,PF,19.0,5.0,16.4,2.6,5.1,0.505,0.3,1.2,0.261,2.3,3.9,0.581,0.536,1.2,2.0,0.605,1.8,2.5,4.3,0.6,0.2,0.5,0.7,3.0,6.7,,2022,0
370.0,PJ Dozier,25.0,DEN,SG,18.0,0.0,18.9,2.0,5.5,0.364,0.8,2.7,0.313,1.2,2.8,0.412,0.439,0.6,0.7,0.769,0.8,2.7,3.5,1.6,0.6,0.3,0.7,1.8,5.4,,2022,0
371.0,Rodney McGruder,30.0,DET,SG,51.0,2.0,14.8,1.9,4.4,0.436,1.1,2.9,0.397,0.8,1.5,0.506,0.564,0.4,0.5,0.731,0.6,1.6,2.2,0.9,0.4,0.1,0.5,1.1,5.4,,2022,0
372.0,Trey Murphy III,21.0,NOP,SF,62.0,1.0,13.9,1.8,4.5,0.394,1.1,3.0,0.382,0.6,1.5,0.418,0.522,0.7,0.8,0.882,0.8,1.6,2.4,0.6,0.4,0.1,0.3,1.0,5.4,,2022,0
373.0,Armoni Brooks,23.0,2TM,SG,54.0,11.0,15.6,1.8,5.4,0.339,1.4,4.6,0.297,0.4,0.7,0.6,0.467,0.3,0.4,0.857,0.4,1.5,1.9,1.1,0.5,0.2,0.5,1.4,5.3,,2022,0
373.0,Armoni Brooks,23.0,HOU,SG,41.0,8.0,16.8,2.1,6.1,0.347,1.6,5.2,0.3,0.6,0.9,0.605,0.474,0.4,0.5,0.842,0.3,1.7,2.0,1.2,0.5,0.2,0.6,1.5,6.2,,2022,0
373.0,Armoni Brooks,23.0,TOR,PG,13.0,3.0,11.8,0.8,2.9,0.289,0.8,2.8,0.278,0.1,0.2,0.5,0.421,0.2,0.2,1.0,0.6,1.1,1.7,1.0,0.5,0.2,0.3,1.1,2.6,,2022,0
374.0,D.J. Augustin,34.0,2TM,PG,55.0,2.0,16.1,1.7,4.0,0.423,1.2,3.0,0.415,0.5,1.1,0.448,0.577,0.7,0.8,0.884,0.2,1.0,1.2,1.9,0.3,0.0,1.0,0.7,5.3,,2022,0
374.0,D.J. Augustin,34.0,HOU,PG,34.0,2.0,15.0,1.6,4.0,0.404,1.1,2.8,0.406,0.5,1.2,0.4,0.548,1.0,1.1,0.868,0.2,1.0,1.2,2.2,0.3,0.0,1.3,0.5,5.4,,2022,0
374.0,D.J. Augustin,34.0,LAL,PG,21.0,0.0,17.8,1.9,4.1,0.453,1.4,3.2,0.426,0.5,0.9,0.556,0.622,0.2,0.2,1.0,0.2,1.1,1.3,1.6,0.3,0.0,0.5,1.0,5.3,,2022,0
375.0,Derrick Favors,30.0,OKC,C,39.0,18.0,16.7,2.4,4.7,0.516,0.1,0.4,0.125,2.4,4.3,0.554,0.522,0.4,0.6,0.64,1.5,3.2,4.7,0.6,0.4,0.3,0.2,1.6,5.3,,2022,0
376.0,Dean Wade,25.0,CLE,PF,51.0,28.0,19.2,1.9,4.3,0.456,1.0,2.8,0.359,0.9,1.5,0.64,0.574,0.4,0.6,0.667,0.6,2.3,2.9,1.0,0.6,0.1,0.3,1.7,5.3,,2022,0
377.0,Omer Yurtseven,23.0,MIA,C,56.0,12.0,12.6,2.3,4.4,0.526,0.0,0.2,0.091,2.3,4.2,0.547,0.528,0.7,1.1,0.623,1.5,3.7,5.3,0.9,0.3,0.4,0.7,1.5,5.3,,2022,0
378.0,Garrett Temple,35.0,NOP,SG,59.0,16.0,18.6,1.9,5.0,0.376,1.0,3.1,0.319,0.9,1.9,0.473,0.476,0.5,0.7,0.683,0.5,1.9,2.4,1.3,0.7,0.4,0.7,1.4,5.2,,2022,0
379.0,Cody Zeller,29.0,POR,C,27.0,0.0,13.1,1.9,3.3,0.567,0.0,0.1,0.0,1.9,3.2,0.593,0.567,1.4,1.8,0.776,1.9,2.8,4.6,0.8,0.3,0.2,0.7,2.1,5.2,,2022,0
380.0,DeAndre' Bembry,27.0,2TM,SF,56.0,20.0,18.3,2.2,3.9,0.561,0.3,0.6,0.417,1.9,3.3,0.589,0.595,0.4,0.6,0.6,0.8,2.2,2.9,1.2,0.9,0.4,0.6,2.0,5.1,,2022,0
380.0,DeAndre' Bembry,27.0,BRK,SF,48.0,20.0,19.8,2.5,4.4,0.568,0.3,0.8,0.417,2.2,3.7,0.599,0.603,0.4,0.7,0.6,0.8,2.4,3.2,1.3,1.0,0.5,0.6,2.2,5.8,,2022,0
380.0,DeAndre' Bembry,27.0,MIL,SF,8.0,0.0,9.6,0.4,1.0,0.375,0.0,0.0,,0.4,1.0,0.375,0.375,0.0,0.0,,0.5,0.9,1.4,0.8,0.3,0.0,0.1,1.1,0.8,,2022,0
381.0,Trey Burke,29.0,DAL,PG,42.0,0.0,10.5,2.0,5.1,0.391,0.6,2.0,0.317,1.4,3.2,0.436,0.451,0.5,0.5,0.87,0.1,0.7,0.8,1.4,0.3,0.0,0.6,0.9,5.1,,2022,0
382.0,Facundo Campazzo,30.0,DEN,PG,65.0,4.0,18.2,1.6,4.6,0.361,0.9,3.0,0.301,0.8,1.6,0.476,0.459,0.9,1.2,0.769,0.4,1.4,1.8,3.4,1.0,0.4,1.0,1.9,5.1,,2022,0
383.0,Wesley Matthews,35.0,MIL,SG,49.0,14.0,20.4,1.8,4.5,0.395,1.1,3.2,0.338,0.7,1.3,0.54,0.516,0.4,0.6,0.786,0.6,1.3,1.9,0.7,0.5,0.2,0.4,1.8,5.1,,2022,0
384.0,David Nwaba,29.0,HOU,SF,46.0,4.0,13.2,1.8,3.8,0.483,0.3,1.1,0.306,1.5,2.8,0.551,0.526,1.0,1.5,0.716,0.9,2.4,3.3,0.8,0.6,0.4,0.5,1.2,5.1,,2022,0
385.0,Ignas Brazdeikis,23.0,ORL,SF,42.0,1.0,12.8,1.9,4.5,0.431,0.6,2.1,0.31,1.3,2.4,0.535,0.503,0.5,0.8,0.656,0.5,1.2,1.7,0.9,0.2,0.1,0.4,1.1,5.0,,2022,0
386.0,Jock Landale,26.0,SAS,C,54.0,1.0,10.9,1.9,3.8,0.495,0.5,1.6,0.326,1.3,2.1,0.626,0.566,0.6,0.8,0.829,1.2,1.4,2.6,0.8,0.2,0.3,0.6,1.0,4.9,,2022,0
387.0,Rajon Rondo,35.0,2TM,PG,39.0,1.0,17.9,1.7,4.5,0.386,0.8,2.3,0.352,0.9,2.3,0.42,0.474,0.5,0.7,0.731,0.4,2.4,2.8,4.4,0.8,0.2,1.7,1.4,4.8,,2022,0
387.0,Rajon Rondo,35.0,LAL,PG,18.0,0.0,16.1,1.3,3.9,0.324,0.4,1.7,0.267,0.8,2.3,0.366,0.38,0.1,0.1,0.5,0.6,2.2,2.7,3.7,0.7,0.3,1.9,1.4,3.1,,2022,0
387.0,Rajon Rondo,35.0,CLE,PG,21.0,1.0,19.5,2.1,5.0,0.429,1.1,2.8,0.397,1.0,2.2,0.468,0.538,0.9,1.1,0.75,0.2,2.6,2.8,4.9,0.9,0.0,1.6,1.5,6.2,,2022,0
388.0,Brandon Goodwin,26.0,CLE,PG,36.0,5.0,13.9,1.8,4.3,0.416,0.5,1.5,0.345,1.3,2.8,0.455,0.477,0.7,1.1,0.632,0.4,1.5,1.9,2.5,0.7,0.0,1.0,1.1,4.8,,2022,0
389.0,Josh Green,21.0,DAL,SG,67.0,3.0,15.5,1.9,3.8,0.508,0.4,1.2,0.359,1.5,2.7,0.573,0.563,0.5,0.7,0.689,0.8,1.6,2.4,1.2,0.7,0.2,0.7,1.7,4.8,,2022,0
390.0,John Konchar,25.0,MEM,SG,72.0,7.0,17.9,1.9,3.6,0.515,0.7,1.8,0.413,1.2,1.9,0.61,0.615,0.4,0.7,0.551,1.2,3.4,4.6,1.5,0.6,0.3,0.4,1.3,4.8,,2022,0
391.0,Xavier Tillman Sr.,23.0,MEM,PF,53.0,2.0,13.2,1.8,4.1,0.454,0.2,0.9,0.204,1.7,3.2,0.527,0.477,0.9,1.3,0.648,1.2,1.8,3.0,1.2,0.9,0.3,0.6,1.2,4.8,,2022,0
392.0,Udoka Azubuike,22.0,UTA,C,17.0,6.0,11.5,2.2,2.9,0.755,0.0,0.0,,2.2,2.9,0.755,0.755,0.4,0.6,0.545,1.1,3.1,4.2,0.0,0.1,0.6,0.7,1.5,4.7,,2022,0
393.0,Greg Brown III,20.0,POR,SF,48.0,6.0,13.3,1.7,4.0,0.426,0.4,1.3,0.311,1.3,2.7,0.481,0.476,0.9,1.4,0.677,0.8,2.0,2.8,0.7,0.5,0.5,0.8,1.9,4.7,,2022,0
394.0,David Duke Jr.,22.0,BRK,PG,22.0,7.0,15.5,1.8,4.9,0.361,0.4,1.7,0.243,1.4,3.2,0.423,0.403,0.8,1.0,0.81,1.4,1.7,3.0,0.8,0.6,0.3,0.4,1.6,4.7,,2022,0
395.0,Cameron McGriff,24.0,POR,SF,3.0,0.0,15.3,1.7,4.7,0.357,0.7,2.0,0.333,1.0,2.7,0.375,0.429,0.7,0.7,1.0,2.0,3.0,5.0,1.0,0.0,0.3,0.0,2.3,4.7,,2022,0
396.0,James Bouknight,21.0,CHO,SG,31.0,0.0,9.8,1.6,4.5,0.348,0.5,1.6,0.347,1.0,3.0,0.348,0.408,0.9,1.0,0.871,0.7,1.0,1.7,0.8,0.2,0.0,0.5,0.9,4.6,,2022,0
397.0,Maurice Harkless,28.0,SAC,SF,47.0,24.0,18.4,1.8,3.9,0.459,0.7,2.1,0.307,1.1,1.7,0.65,0.544,0.4,0.6,0.714,0.3,2.1,2.4,0.5,0.6,0.5,0.7,1.6,4.6,,2022,0
398.0,Svi Mykhailiuk,24.0,TOR,SF,56.0,5.0,12.8,1.6,4.2,0.389,0.7,2.4,0.306,0.9,1.8,0.5,0.476,0.6,0.7,0.865,0.4,1.3,1.6,0.8,0.5,0.1,0.6,1.0,4.6,,2022,0
399.0,Romeo Langford,22.0,2TM,SG,48.0,5.0,16.1,1.7,4.0,0.435,0.6,1.8,0.341,1.1,2.2,0.509,0.51,0.5,0.9,0.548,0.6,1.6,2.3,0.4,0.5,0.3,0.3,1.0,4.5,,2022,0
399.0,Romeo Langford,22.0,BOS,SG,44.0,5.0,16.5,1.8,4.2,0.429,0.7,1.9,0.349,1.1,2.3,0.495,0.508,0.5,0.8,0.588,0.7,1.7,2.4,0.4,0.5,0.4,0.4,1.0,4.7,,2022,0
399.0,Romeo Langford,22.0,SAS,SG,4.0,0.0,10.8,1.0,1.8,0.571,0.0,0.5,0.0,1.0,1.3,0.8,0.571,0.8,2.0,0.375,0.0,1.0,1.0,0.5,0.3,0.0,0.0,0.3,2.8,,2022,0
400.0,Khem Birch,29.0,TOR,C,55.0,28.0,18.0,1.8,3.6,0.485,0.0,0.3,0.0,1.8,3.4,0.522,0.485,1.0,1.3,0.746,2.2,2.1,4.3,1.0,0.5,0.5,0.5,1.9,4.5,,2022,0
401.0,Marquese Chriss,24.0,DAL,PF,34.0,0.0,10.2,1.8,3.9,0.463,0.2,0.7,0.32,1.6,3.2,0.495,0.493,0.6,1.0,0.667,1.0,2.1,3.0,0.5,0.4,0.4,0.5,1.9,4.5,,2022,0
402.0,Louis King,22.0,SAC,SF,10.0,0.0,10.4,1.5,4.7,0.319,0.8,2.7,0.296,0.7,2.0,0.35,0.404,0.7,1.0,0.7,0.0,1.2,1.2,0.9,0.2,0.1,0.0,1.4,4.5,,2022,0
403.0,Taj Gibson,36.0,NYK,C,52.0,4.0,18.2,1.7,3.2,0.518,0.3,0.7,0.395,1.4,2.5,0.555,0.563,0.8,1.0,0.808,1.7,2.7,4.4,0.6,0.4,0.8,0.5,2.6,4.4,,2022,0
404.0,Timothé Luwawu-Cabarrot,26.0,ATL,SF,52.0,18.0,13.2,1.4,3.6,0.398,0.8,2.3,0.361,0.6,1.2,0.469,0.516,0.7,0.8,0.854,0.3,1.3,1.6,0.8,0.3,0.1,0.4,1.5,4.4,,2022,0
405.0,Moses Moody,19.0,GSW,SG,52.0,11.0,11.7,1.5,3.5,0.437,0.8,2.1,0.364,0.8,1.4,0.548,0.546,0.5,0.7,0.778,0.3,1.2,1.5,0.4,0.1,0.2,0.3,0.8,4.4,,2022,0
406.0,Jabari Parker,26.0,BOS,PF,12.0,0.0,9.3,1.5,3.2,0.474,0.7,1.3,0.5,0.8,1.8,0.455,0.579,0.8,0.8,1.0,0.4,1.9,2.3,0.5,0.3,0.1,0.7,1.1,4.4,,2022,0
407.0,Davon Reed,26.0,DEN,SG,48.0,5.0,13.9,1.7,3.4,0.503,0.8,1.8,0.43,0.9,1.6,0.587,0.618,0.2,0.3,0.667,0.3,2.0,2.3,1.1,0.5,0.2,0.3,1.3,4.4,,2022,0
408.0,Delon Wright,29.0,ATL,SG,77.0,8.0,18.9,1.6,3.5,0.454,0.6,1.5,0.379,1.0,2.0,0.51,0.535,0.7,0.8,0.857,0.6,2.2,2.9,2.4,1.2,0.2,0.6,0.7,4.4,,2022,0
409.0,Moses Brown,22.0,2TM,C,40.0,6.0,8.6,1.6,2.7,0.593,0.0,0.0,,1.6,2.7,0.593,0.593,1.1,1.8,0.597,1.0,2.4,3.4,0.0,0.2,0.4,0.5,1.3,4.3,,2022,0
409.0,Moses Brown,22.0,DAL,C,26.0,1.0,6.5,1.0,1.9,0.54,0.0,0.0,,1.0,1.9,0.54,0.54,1.0,1.7,0.628,0.6,1.7,2.3,0.0,0.1,0.3,0.5,1.1,3.1,,2022,0
409.0,Moses Brown,22.0,CLE,C,14.0,5.0,12.6,2.6,4.1,0.638,0.0,0.0,,2.6,4.1,0.638,0.638,1.1,2.1,0.552,1.6,3.6,5.3,0.0,0.3,0.5,0.4,1.8,6.4,,2022,0
410.0,DeAndre Jordan,33.0,2TM,C,48.0,20.0,13.0,1.9,3.0,0.643,0.0,0.0,,1.9,3.0,0.643,0.643,0.5,0.8,0.55,1.7,3.8,5.5,0.4,0.3,0.7,0.8,1.5,4.3,,2022,0
410.0,DeAndre Jordan,33.0,LAL,C,32.0,19.0,12.8,1.9,2.8,0.674,0.0,0.0,,1.9,2.8,0.674,0.674,0.4,0.8,0.462,1.6,3.8,5.4,0.4,0.3,0.8,0.7,1.6,4.1,,2022,0
410.0,DeAndre Jordan,33.0,PHI,C,16.0,1.0,13.4,2.0,3.4,0.593,0.0,0.0,,2.0,3.4,0.593,0.593,0.6,0.9,0.714,2.0,3.8,5.8,0.5,0.1,0.6,1.0,1.3,4.6,,2022,0
411.0,Troy Brown Jr.,22.0,CHI,SF,66.0,7.0,16.0,1.6,3.9,0.419,0.7,2.0,0.353,0.9,1.9,0.488,0.51,0.3,0.4,0.769,0.6,2.5,3.1,1.0,0.5,0.1,0.4,0.9,4.3,,2022,0
412.0,Mamadi Diakite,25.0,OKC,PF,13.0,3.0,14.5,1.9,3.6,0.532,0.0,0.4,0.0,1.9,3.2,0.595,0.532,0.5,0.8,0.545,1.3,3.2,4.5,0.2,0.4,0.7,0.5,2.5,4.3,,2022,0
413.0,Malachi Flynn,23.0,TOR,PG,44.0,5.0,12.2,1.6,4.2,0.393,0.7,2.0,0.333,1.0,2.1,0.452,0.475,0.3,0.5,0.625,0.2,1.2,1.4,1.6,0.5,0.1,0.3,1.0,4.3,,2022,0
414.0,Boban Marjanović,33.0,DAL,C,23.0,0.0,5.6,1.8,3.0,0.6,0.0,0.2,0.25,1.8,2.9,0.621,0.607,0.6,1.0,0.591,0.3,1.3,1.7,0.1,0.0,0.1,0.7,1.0,4.3,,2022,0
415.0,Trevelin Queen,24.0,HOU,SG,10.0,0.0,7.4,1.5,3.3,0.455,0.9,2.4,0.375,0.6,0.9,0.667,0.591,0.4,0.4,1.0,0.7,0.9,1.6,0.4,0.5,0.1,0.7,0.6,4.3,,2022,0
416.0,Yuta Watanabe,27.0,TOR,SF,38.0,4.0,11.7,1.5,3.6,0.406,0.7,2.1,0.342,0.8,1.6,0.492,0.504,0.6,1.1,0.6,0.5,1.9,2.4,0.6,0.3,0.4,0.5,1.0,4.3,,2022,0
417.0,Rayjon Tucker,24.0,2TM,SG,5.0,0.0,14.2,1.2,1.8,0.667,0.8,1.0,0.8,0.4,0.8,0.5,0.889,1.0,1.4,0.714,0.6,1.0,1.6,2.0,0.8,0.0,0.2,1.0,4.2,,2022,0
417.0,Rayjon Tucker,24.0,DEN,SG,3.0,0.0,9.7,0.3,0.7,0.5,0.3,0.7,0.5,0.0,0.0,,0.75,1.0,1.3,0.75,0.3,1.0,1.3,1.3,0.3,0.0,0.0,1.0,2.0,,2022,0
417.0,Rayjon Tucker,24.0,MIL,SG,2.0,0.0,21.0,2.5,3.5,0.714,1.5,1.5,1.0,1.0,2.0,0.5,0.929,1.0,1.5,0.667,1.0,1.0,2.0,3.0,1.5,0.0,0.5,1.0,7.5,,2022,0
418.0,Jevon Carter,26.0,2TM,PG,66.0,3.0,13.7,1.5,3.8,0.387,1.0,2.6,0.388,0.5,1.3,0.386,0.518,0.2,0.3,0.833,0.2,1.5,1.7,1.5,0.4,0.2,0.5,1.0,4.2,,2022,0
418.0,Jevon Carter,26.0,BRK,PG,46.0,1.0,12.0,1.3,3.8,0.333,0.9,2.8,0.331,0.3,1.0,0.34,0.454,0.2,0.2,0.7,0.2,1.3,1.5,1.0,0.3,0.2,0.6,1.0,3.6,,2022,0
418.0,Jevon Carter,26.0,MIL,PG,20.0,2.0,17.7,2.0,4.0,0.506,1.2,2.2,0.558,0.8,1.8,0.444,0.658,0.4,0.4,1.0,0.3,1.9,2.2,2.5,0.5,0.2,0.4,1.1,5.6,,2022,0
419.0,Sam Merrill,25.0,MEM,SG,6.0,0.0,9.7,1.3,4.0,0.333,1.2,3.8,0.304,0.2,0.2,1.0,0.479,0.3,0.7,0.5,0.2,1.0,1.2,0.7,0.0,0.0,0.3,0.5,4.2,,2022,0
420.0,Lindell Wigginton,23.0,MIL,PG,19.0,0.0,10.5,1.4,3.2,0.426,0.5,1.4,0.346,0.9,1.8,0.486,0.5,1.0,1.8,0.543,0.2,1.2,1.3,1.2,0.3,0.1,0.6,0.9,4.2,,2022,0
421.0,James Ennis III,31.0,3TM,SF,7.0,0.0,8.0,1.6,3.4,0.458,0.4,1.1,0.375,1.1,2.3,0.5,0.521,0.6,0.7,0.8,0.7,1.0,1.7,0.4,0.3,0.3,0.3,0.7,4.1,,2022,0
421.0,James Ennis III,31.0,BRK,SF,2.0,0.0,7.0,1.0,3.5,0.286,0.5,1.0,0.5,0.5,2.5,0.2,0.357,0.0,0.0,,1.0,1.5,2.5,0.0,0.5,0.5,0.0,0.0,2.5,,2022,0
421.0,James Ennis III,31.0,LAC,SF,2.0,0.0,14.0,3.5,5.5,0.636,1.0,2.0,0.5,2.5,3.5,0.714,0.727,2.0,2.0,1.0,1.0,1.5,2.5,0.0,0.5,0.5,0.5,2.0,10.0,,2022,0
421.0,James Ennis III,31.0,DEN,SF,3.0,0.0,4.7,0.7,2.0,0.333,0.0,0.7,0.0,0.7,1.3,0.5,0.333,0.0,0.3,0.0,0.3,0.3,0.7,1.0,0.0,0.0,0.3,0.3,1.3,,2022,0
422.0,Mychal Mulder,27.0,2TM,PG,17.0,3.0,14.1,1.4,4.5,0.312,1.0,3.2,0.315,0.4,1.4,0.304,0.422,0.2,0.2,1.0,0.1,1.3,1.4,0.3,0.2,0.1,0.5,0.8,4.1,,2022,0
422.0,Mychal Mulder,27.0,ORL,PG,15.0,2.0,13.0,1.3,4.5,0.299,0.9,3.1,0.283,0.5,1.4,0.333,0.396,0.1,0.1,1.0,0.1,1.3,1.4,0.2,0.3,0.1,0.5,0.8,3.7,,2022,0
422.0,Mychal Mulder,27.0,MIA,PG,2.0,1.0,22.0,2.0,5.0,0.4,2.0,4.0,0.5,0.0,1.0,0.0,0.6,1.0,1.0,1.0,0.0,1.5,1.5,1.0,0.0,0.5,0.0,0.5,7.0,,2022,0
423.0,Santi Aldama,21.0,MEM,PF,32.0,0.0,11.3,1.7,4.1,0.402,0.2,1.5,0.125,1.5,2.6,0.56,0.424,0.6,1.0,0.625,1.0,1.7,2.7,0.7,0.2,0.3,0.5,1.1,4.1,,2022,0
424.0,Vlatko Čančar,24.0,DEN,PF,15.0,1.0,11.7,1.5,2.7,0.561,0.5,0.8,0.583,1.1,1.9,0.552,0.646,0.6,0.9,0.643,0.5,1.5,2.1,1.1,0.1,0.2,0.6,1.2,4.1,,2022,0
425.0,Anthony Gill,29.0,WAS,PF,44.0,0.0,10.5,1.4,2.5,0.569,0.3,0.6,0.538,1.1,1.9,0.578,0.633,1.0,1.2,0.808,0.8,1.2,1.9,0.6,0.1,0.3,0.4,1.3,4.1,,2022,0
426.0,Markus Howard,22.0,DEN,SG,31.0,0.0,5.7,1.3,3.3,0.386,0.9,2.3,0.4,0.4,1.0,0.355,0.525,0.6,0.7,0.87,0.1,0.3,0.4,0.2,0.3,0.0,0.2,0.5,4.1,,2022,0
427.0,Frank Ntilikina,23.0,DAL,SG,58.0,5.0,11.8,1.5,3.8,0.399,0.7,1.9,0.342,0.9,1.9,0.455,0.484,0.4,0.4,0.96,0.2,1.2,1.4,1.2,0.5,0.1,0.5,1.1,4.1,,2022,0
428.0,Juan Toscano-Anderson,28.0,GSW,SF,73.0,6.0,13.6,1.6,3.2,0.489,0.4,1.2,0.322,1.2,2.0,0.588,0.549,0.5,1.0,0.571,0.4,2.0,2.4,1.7,0.7,0.2,0.9,1.6,4.1,,2022,0
429.0,Mac McClung,23.0,2TM,PG,2.0,0.0,12.5,1.5,3.0,0.5,0.5,1.5,0.333,1.0,1.5,0.667,0.583,0.5,0.5,1.0,0.0,1.5,1.5,0.5,0.5,0.5,1.5,2.5,4.0,,2022,0
429.0,Mac McClung,23.0,CHI,PG,1.0,0.0,3.0,1.0,1.0,1.0,0.0,0.0,,1.0,1.0,1.0,1.0,0.0,0.0,,0.0,0.0,0.0,0.0,0.0,0.0,1.0,0.0,2.0,,2022,0
429.0,Mac McClung,23.0,LAL,SG,1.0,0.0,22.0,2.0,5.0,0.4,1.0,3.0,0.333,1.0,2.0,0.5,0.5,1.0,1.0,1.0,0.0,3.0,3.0,1.0,1.0,1.0,2.0,5.0,6.0,,2022,0
430.0,Trevor Ariza,36.0,LAL,SF,24.0,11.0,19.3,1.4,4.1,0.333,0.8,3.1,0.27,0.5,1.0,0.52,0.434,0.4,0.8,0.556,0.4,3.0,3.4,1.1,0.5,0.3,0.5,0.8,4.0,,2022,0
431.0,Scotty Hopson,32.0,OKC,SG,1.0,0.0,18.0,2.0,4.0,0.5,0.0,1.0,0.0,2.0,3.0,0.667,0.5,0.0,0.0,,0.0,1.0,1.0,1.0,0.0,0.0,2.0,1.0,4.0,,2022,0
432.0,Andre Iguodala,38.0,GSW,SF,31.0,0.0,19.5,1.5,3.9,0.38,0.5,2.4,0.23,0.9,1.5,0.617,0.45,0.5,0.6,0.75,0.7,2.5,3.2,3.7,0.9,0.7,0.9,1.1,4.0,,2022,0
433.0,Micah Potter,23.0,DET,C,3.0,0.0,10.3,1.7,3.7,0.455,0.0,0.7,0.0,1.7,3.0,0.556,0.455,0.7,0.7,1.0,1.3,1.7,3.0,0.0,0.3,0.3,0.3,1.3,4.0,,2022,0
434.0,Matt Thomas,27.0,CHI,SG,40.0,0.0,11.5,1.4,3.4,0.41,0.9,2.3,0.385,0.5,1.1,0.465,0.541,0.4,0.5,0.8,0.1,1.2,1.3,0.5,0.2,0.1,0.2,0.5,4.0,,2022,0
435.0,Gabe York,28.0,IND,SG,2.0,0.0,10.5,1.0,3.5,0.286,0.5,3.0,0.167,0.5,0.5,1.0,0.357,1.5,2.5,0.6,0.0,1.0,1.0,2.0,1.0,0.5,0.5,2.0,4.0,,2022,0
436.0,Didi Louzada,22.0,2TM,SF,9.0,1.0,14.3,1.3,3.7,0.364,1.0,2.6,0.391,0.3,1.1,0.3,0.5,0.2,0.2,1.0,0.6,1.3,1.9,0.6,0.2,0.2,0.6,1.4,3.9,,2022,0
436.0,Didi Louzada,22.0,NOP,SF,2.0,0.0,3.5,0.0,1.5,0.0,0.0,1.5,0.0,0.0,0.0,,0.0,0.0,0.0,,1.0,0.0,1.0,0.5,0.0,0.0,0.0,0.0,0.0,,2022,0
436.0,Didi Louzada,22.0,POR,SG,7.0,1.0,17.4,1.7,4.3,0.4,1.3,2.9,0.45,0.4,1.4,0.3,0.55,0.3,0.3,1.0,0.4,1.7,2.1,0.6,0.3,0.3,0.7,1.9,5.0,,2022,0
437.0,Kyle Guy,24.0,MIA,SG,19.0,0.0,9.8,1.4,3.4,0.4,0.7,2.1,0.35,0.6,1.3,0.48,0.508,0.4,0.6,0.667,0.2,0.7,0.9,0.9,0.4,0.1,0.7,0.6,3.9,,2022,0
438.0,Malcolm Hill,26.0,2TM,SG,19.0,0.0,11.2,1.3,2.7,0.462,0.7,1.9,0.361,0.6,0.8,0.688,0.587,0.6,0.7,0.786,0.6,1.3,1.8,0.4,0.4,0.2,0.2,1.3,3.8,,2022,0
438.0,Malcolm Hill,26.0,ATL,SG,3.0,0.0,15.3,1.7,2.7,0.625,1.0,1.7,0.6,0.7,1.0,0.667,0.813,1.3,1.3,1.0,0.7,1.3,2.0,0.3,1.3,0.3,0.0,2.3,5.7,,2022,0
438.0,Malcolm Hill,26.0,CHI,SF,16.0,0.0,10.4,1.2,2.8,0.432,0.6,1.9,0.323,0.6,0.8,0.692,0.545,0.4,0.6,0.7,0.6,1.3,1.8,0.4,0.2,0.1,0.2,1.1,3.4,,2022,0
439.0,Jared Butler,21.0,UTA,SG,42.0,1.0,8.6,1.5,3.6,0.404,0.7,2.1,0.318,0.8,1.5,0.524,0.497,0.3,0.4,0.688,0.1,1.0,1.1,1.5,0.4,0.2,0.8,1.1,3.8,,2022,0
440.0,Sandro Mamukelashvili,22.0,MIL,PF,41.0,3.0,9.9,1.4,2.8,0.496,0.5,1.3,0.423,0.9,1.5,0.556,0.591,0.4,0.5,0.818,0.9,1.1,2.0,0.5,0.2,0.2,0.4,0.7,3.8,,2022,0
441.0,Jordan McLaughlin,25.0,MIN,PG,62.0,3.0,14.5,1.4,3.2,0.44,0.4,1.4,0.318,1.0,1.9,0.53,0.508,0.5,0.6,0.75,0.4,1.2,1.5,2.9,0.9,0.2,0.6,0.9,3.8,,2022,0
442.0,Aaron Nesmith,22.0,BOS,SF,52.0,3.0,11.0,1.4,3.5,0.396,0.6,2.2,0.27,0.8,1.3,0.612,0.481,0.4,0.5,0.808,0.3,1.4,1.7,0.4,0.4,0.1,0.6,1.3,3.8,,2022,0
443.0,Jamorko Pickett,24.0,DET,PF,13.0,0.0,13.5,1.4,3.8,0.36,1.0,3.0,0.333,0.4,0.8,0.455,0.49,0.1,0.2,0.5,0.5,2.0,2.5,0.5,0.0,0.5,0.4,0.9,3.8,,2022,0
444.0,Admiral Schofield,24.0,ORL,SF,38.0,1.0,12.3,1.4,3.4,0.419,0.7,2.1,0.329,0.7,1.3,0.56,0.519,0.3,0.4,0.8,0.4,1.9,2.3,0.7,0.1,0.1,0.6,1.5,3.8,,2022,0
445.0,Cheick Diallo,25.0,DET,C,3.0,0.0,10.3,1.0,2.7,0.375,0.0,0.0,,1.0,2.7,0.375,0.375,1.7,2.0,0.833,1.3,2.7,4.0,0.0,0.3,0.0,0.3,2.0,3.7,,2022,0
446.0,Enes Freedom,29.0,BOS,C,35.0,1.0,11.7,1.5,2.8,0.526,0.1,0.1,0.4,1.4,2.6,0.533,0.536,0.7,0.8,0.857,1.7,2.8,4.6,0.2,0.1,0.4,0.6,1.2,3.7,,2022,0
447.0,Nathan Knight,24.0,MIN,PF,37.0,2.0,7.2,1.2,2.4,0.511,0.1,0.4,0.308,1.1,2.0,0.547,0.534,1.2,1.6,0.733,0.9,1.4,2.3,0.6,0.2,0.2,0.5,1.1,3.7,,2022,0
448.0,KZ Okpala,22.0,MIA,PF,21.0,0.0,11.6,1.4,3.3,0.435,0.4,1.2,0.346,1.0,2.0,0.488,0.5,0.4,0.5,0.727,0.5,1.4,2.0,0.7,0.2,0.3,0.2,1.2,3.7,,2022,0
449.0,Brad Wanamaker,32.0,2TM,PG,23.0,2.0,13.9,1.2,3.3,0.364,0.2,0.7,0.235,1.0,2.6,0.4,0.39,1.0,1.1,0.92,0.3,1.4,1.7,2.4,0.3,0.3,1.0,2.0,3.6,,2022,0
449.0,Brad Wanamaker,32.0,IND,PG,22.0,1.0,13.3,1.2,3.3,0.361,0.2,0.8,0.235,1.0,2.5,0.4,0.389,0.9,1.0,0.909,0.3,1.3,1.6,2.2,0.2,0.3,1.0,1.9,3.5,,2022,0
449.0,Brad Wanamaker,32.0,WAS,PG,1.0,1.0,27.0,2.0,5.0,0.4,0.0,0.0,,2.0,5.0,0.4,0.4,3.0,3.0,1.0,0.0,4.0,4.0,7.0,2.0,0.0,0.0,3.0,7.0,,2022,0
450.0,Tomáš Satoranský,30.0,3TM,SG,55.0,13.0,16.5,1.3,3.5,0.377,0.2,1.0,0.208,1.1,2.5,0.442,0.406,0.8,1.0,0.796,0.5,1.8,2.3,3.3,0.5,0.1,0.8,1.3,3.6,,2022,0
450.0,Tomáš Satoranský,30.0,NOP,SG,32.0,3.0,15.0,1.0,3.3,0.299,0.2,1.0,0.161,0.8,2.4,0.355,0.322,0.6,0.8,0.76,0.6,1.4,2.0,2.4,0.4,0.0,0.7,1.0,2.8,,2022,0
450.0,Tomáš Satoranský,30.0,SAS,SF,1.0,0.0,9.0,0.0,0.0,,0.0,0.0,,0.0,0.0,,,3.0,4.0,0.75,0.0,1.0,1.0,0.0,0.0,0.0,0.0,0.0,3.0,,2022,0
450.0,Tomáš Satoranský,30.0,WAS,PG,22.0,10.0,18.9,1.8,3.8,0.476,0.3,1.0,0.273,1.5,2.8,0.548,0.512,1.0,1.1,0.84,0.4,2.4,2.8,4.9,0.7,0.2,1.0,1.7,4.9,,2022,0
451.0,Thanasis Antetokounmpo,29.0,MIL,SF,48.0,6.0,9.9,1.5,2.7,0.547,0.0,0.3,0.143,1.4,2.4,0.596,0.555,0.6,1.0,0.63,0.8,1.3,2.1,0.5,0.3,0.3,0.5,1.4,3.6,,2022,0
452.0,Isaiah Joe,22.0,PHI,SG,55.0,1.0,11.1,1.1,3.2,0.35,0.8,2.5,0.333,0.3,0.8,0.405,0.477,0.5,0.6,0.935,0.1,0.9,1.0,0.6,0.3,0.1,0.3,0.9,3.6,,2022,0
453.0,Tony Snell,30.0,2TM,SG,53.0,12.0,15.5,1.3,3.2,0.404,0.8,2.4,0.352,0.5,0.8,0.558,0.535,0.1,0.1,1.0,0.3,1.6,1.9,0.5,0.3,0.2,0.4,1.3,3.5,,2022,0
453.0,Tony Snell,30.0,POR,SG,38.0,10.0,14.4,0.9,2.6,0.371,0.6,2.0,0.32,0.3,0.6,0.545,0.495,0.1,0.1,1.0,0.3,1.6,1.9,0.5,0.2,0.2,0.3,1.2,2.6,,2022,0
453.0,Tony Snell,30.0,NOP,SG,15.0,2.0,18.5,2.2,4.9,0.446,1.4,3.5,0.396,0.8,1.4,0.571,0.588,0.1,0.1,1.0,0.3,1.7,2.1,0.5,0.5,0.1,0.5,1.7,5.9,,2022,0
454.0,Elijah Hughes,23.0,2TM,SG,36.0,4.0,12.1,1.3,4.0,0.326,0.7,2.6,0.263,0.6,1.4,0.449,0.413,0.2,0.3,0.778,0.2,1.4,1.6,0.6,0.4,0.2,0.5,1.1,3.5,,2022,0
454.0,Elijah Hughes,23.0,UTA,SF,14.0,1.0,8.0,1.1,2.6,0.417,0.7,2.0,0.357,0.4,0.6,0.625,0.556,0.2,0.2,1.0,0.1,1.1,1.2,0.4,0.3,0.1,0.5,0.5,3.1,,2022,0
454.0,Elijah Hughes,23.0,POR,SG,22.0,3.0,14.6,1.5,4.9,0.296,0.7,3.0,0.224,0.8,1.9,0.415,0.366,0.2,0.3,0.667,0.2,1.7,1.9,0.7,0.5,0.3,0.5,1.5,3.8,,2022,0
455.0,Paul Millsap,36.0,2TM,C,33.0,1.0,11.4,1.4,3.5,0.391,0.2,1.1,0.229,1.1,2.4,0.463,0.426,0.5,0.7,0.708,1.2,2.2,3.5,0.9,0.3,0.4,0.6,2.0,3.5,,2022,0
455.0,Paul Millsap,36.0,BRK,C,24.0,0.0,11.3,1.3,3.5,0.376,0.3,1.1,0.222,1.1,2.4,0.448,0.412,0.5,0.7,0.706,1.2,2.5,3.7,1.0,0.2,0.5,0.5,2.0,3.4,,2022,0
455.0,Paul Millsap,36.0,PHI,C,9.0,1.0,11.8,1.4,3.3,0.433,0.2,0.9,0.25,1.2,2.4,0.5,0.467,0.6,0.8,0.714,1.3,1.4,2.8,0.6,0.6,0.2,0.9,2.1,3.7,,2022,0
456.0,Jarrett Culver,22.0,MEM,SG,37.0,0.0,9.1,1.4,3.6,0.378,0.3,1.3,0.255,1.1,2.4,0.443,0.422,0.4,0.9,0.471,0.4,0.9,1.3,0.9,0.5,0.1,0.5,1.1,3.5,,2022,0
457.0,Gorgui Dieng,32.0,ATL,C,44.0,3.0,8.4,1.2,2.5,0.473,0.7,1.5,0.426,0.5,1.0,0.545,0.603,0.4,0.6,0.731,0.7,2.0,2.8,0.8,0.3,0.3,0.5,1.2,3.5,,2022,0
458.0,Alfonzo McKinnie,29.0,CHI,SF,17.0,3.0,12.1,1.4,3.6,0.393,0.5,1.6,0.333,0.9,2.0,0.441,0.467,0.1,0.5,0.25,0.8,1.2,1.9,0.3,0.1,0.2,0.4,1.5,3.5,,2022,0
459.0,Kent Bazemore,32.0,LAL,SF,39.0,14.0,14.0,1.2,3.6,0.324,0.7,2.1,0.363,0.4,1.5,0.271,0.428,0.3,0.4,0.765,0.3,1.4,1.8,0.9,0.6,0.2,0.5,1.8,3.4,,2022,0
460.0,Tyler Cook,24.0,CHI,PF,20.0,2.0,10.0,1.2,1.9,0.605,0.0,0.0,,1.2,1.9,0.605,0.605,1.1,1.6,0.656,0.8,1.9,2.7,0.2,0.2,0.2,0.4,1.4,3.4,,2022,0
461.0,Nerlens Noel,27.0,NYK,C,25.0,11.0,22.5,1.3,2.4,0.533,0.0,0.1,0.0,1.3,2.3,0.561,0.533,0.8,1.2,0.7,1.9,3.7,5.6,0.9,1.2,1.2,0.8,2.7,3.4,,2022,0
462.0,Paul Watson,27.0,OKC,SF,9.0,3.0,17.3,1.3,3.9,0.343,0.7,2.9,0.231,0.7,1.0,0.667,0.429,0.1,0.2,0.5,0.3,2.7,3.0,0.9,0.3,0.3,0.4,1.1,3.4,,2022,0
463.0,Juancho Hernangómez,26.0,3TM,PF,40.0,9.0,11.1,1.1,2.7,0.415,0.6,1.7,0.348,0.5,0.9,0.541,0.528,0.5,0.9,0.559,0.7,1.8,2.5,0.5,0.4,0.3,0.4,0.6,3.3,,2022,0
463.0,Juancho Hernangómez,26.0,BOS,PF,18.0,0.0,5.3,0.3,1.5,0.185,0.2,1.0,0.167,0.1,0.5,0.222,0.241,0.3,0.5,0.667,0.5,0.9,1.4,0.2,0.2,0.1,0.3,0.4,1.1,,2022,0
463.0,Juancho Hernangómez,26.0,SAS,PF,5.0,0.0,10.2,0.4,1.2,0.333,0.0,0.6,0.0,0.4,0.6,0.667,0.333,0.6,0.8,0.75,0.8,2.2,3.0,0.6,0.2,0.2,0.4,0.0,1.4,,2022,0
463.0,Juancho Hernangómez,26.0,UTA,PF,17.0,9.0,17.5,2.2,4.3,0.507,1.2,2.8,0.438,0.9,1.5,0.64,0.651,0.6,1.2,0.476,0.9,2.6,3.5,0.8,0.5,0.4,0.5,1.1,6.2,,2022,0
464.0,Semi Ojeleye,27.0,2TM,PF,30.0,0.0,13.5,1.0,3.3,0.303,0.5,1.7,0.3,0.5,1.6,0.306,0.379,0.8,1.0,0.793,0.9,1.6,2.5,0.3,0.2,0.2,0.3,1.0,3.3,,2022,0
464.0,Semi Ojeleye,27.0,MIL,PF,20.0,0.0,15.4,0.9,3.5,0.257,0.6,2.1,0.268,0.4,1.5,0.241,0.336,0.5,0.7,0.769,1.3,1.7,2.9,0.3,0.3,0.3,0.3,1.3,2.9,,2022,0
464.0,Semi Ojeleye,27.0,LAC,PF,10.0,0.0,9.8,1.2,2.9,0.414,0.4,0.9,0.444,0.8,2.0,0.4,0.483,1.3,1.6,0.813,0.2,1.4,1.6,0.4,0.2,0.1,0.4,0.4,4.1,,2022,0
465.0,Tremont Waters,24.0,2TM,PG,3.0,0.0,16.7,1.3,4.7,0.286,0.7,3.0,0.222,0.7,1.7,0.4,0.357,0.0,0.0,,0.0,1.3,1.3,2.3,1.7,0.0,1.3,1.3,3.3,,2022,0
465.0,Tremont Waters,24.0,TOR,PG,2.0,0.0,21.0,1.5,6.0,0.25,1.0,4.5,0.222,0.5,1.5,0.333,0.333,0.0,0.0,,0.0,2.0,2.0,3.5,2.0,0.0,2.0,1.0,4.0,,2022,0
465.0,Tremont Waters,24.0,WAS,PG,1.0,0.0,8.0,1.0,2.0,0.5,0.0,0.0,,1.0,2.0,0.5,0.5,0.0,0.0,,0.0,0.0,0.0,0.0,1.0,0.0,0.0,2.0,2.0,,2022,0
466.0,Tim Frazier,31.0,2TM,PG,12.0,3.0,17.3,1.2,3.8,0.311,0.5,1.4,0.353,0.7,2.3,0.286,0.378,0.4,0.8,0.556,0.4,1.2,1.6,2.8,0.3,0.1,1.3,2.3,3.3,,2022,0
466.0,Tim Frazier,31.0,ORL,PG,10.0,3.0,20.0,1.3,4.3,0.302,0.6,1.7,0.353,0.7,2.6,0.269,0.372,0.5,0.9,0.556,0.5,1.4,1.9,3.3,0.3,0.1,1.3,2.4,3.7,,2022,0
466.0,Tim Frazier,31.0,CLE,PG,2.0,0.0,4.0,0.5,1.0,0.5,0.0,0.0,,0.5,1.0,0.5,0.5,0.0,0.0,,0.0,0.0,0.0,0.5,0.0,0.0,1.0,1.5,1.0,,2022,0
467.0,Sterling Brown,26.0,DAL,SG,49.0,3.0,12.8,1.2,3.2,0.381,0.6,1.9,0.304,0.6,1.3,0.492,0.471,0.3,0.3,0.933,0.5,2.5,3.0,0.7,0.3,0.1,0.5,1.1,3.3,,2022,0
468.0,Trent Forrest,23.0,UTA,PG,60.0,6.0,12.8,1.3,2.6,0.49,0.1,0.5,0.185,1.2,2.1,0.555,0.506,0.6,0.8,0.792,0.4,1.3,1.7,1.8,0.5,0.1,0.8,0.7,3.3,,2022,0
469.0,Gabriel Lundberg,27.0,PHO,SG,4.0,0.0,11.0,1.3,4.8,0.263,0.8,2.0,0.375,0.5,2.8,0.182,0.342,0.0,0.0,,0.5,1.3,1.8,2.8,0.8,0.0,0.8,1.8,3.3,,2022,0
470.0,Killian Tillie,23.0,MEM,C,36.0,3.0,12.8,1.2,3.5,0.339,0.8,2.4,0.314,0.4,1.1,0.39,0.445,0.1,0.2,0.625,0.6,1.1,1.7,0.6,0.6,0.4,0.4,1.6,3.3,,2022,0
471.0,Dalano Banton,22.0,TOR,PG,64.0,1.0,10.9,1.3,3.2,0.411,0.2,0.8,0.255,1.1,2.4,0.464,0.443,0.4,0.7,0.591,0.6,1.3,1.9,1.5,0.4,0.2,0.8,1.1,3.2,,2022,0
472.0,Daishen Nix,19.0,HOU,SG,24.0,0.0,10.9,1.1,2.8,0.403,0.3,1.1,0.269,0.8,1.7,0.488,0.455,0.7,1.3,0.533,0.3,1.1,1.4,1.7,0.6,0.0,1.1,0.9,3.2,,2022,0
473.0,Jahmi'us Ramsey,20.0,SAC,SG,19.0,0.0,7.1,1.3,3.1,0.414,0.3,0.9,0.278,1.0,2.1,0.475,0.457,0.4,0.7,0.5,0.2,0.5,0.7,0.4,0.1,0.1,0.3,0.5,3.2,,2022,0
474.0,Justin Robinson,24.0,3TM,PG,25.0,0.0,12.2,1.1,3.7,0.301,0.7,2.4,0.295,0.4,1.3,0.313,0.398,0.2,0.3,0.5,0.2,0.7,0.8,1.3,0.4,0.0,0.7,1.1,3.1,,2022,0
474.0,Justin Robinson,24.0,MIL,PG,17.0,0.0,11.6,1.1,3.4,0.316,0.6,2.2,0.27,0.5,1.2,0.4,0.404,0.1,0.1,1.0,0.1,0.6,0.8,1.2,0.5,0.0,0.6,1.0,2.8,,2022,0
474.0,Justin Robinson,24.0,SAC,PG,3.0,0.0,5.0,0.3,2.7,0.125,0.0,1.0,0.0,0.3,1.7,0.2,0.125,0.0,0.0,,0.0,0.3,0.3,0.7,0.0,0.0,0.3,0.7,0.7,,2022,0
474.0,Justin Robinson,24.0,DET,PG,5.0,0.0,18.2,1.8,5.6,0.321,1.6,4.2,0.381,0.2,1.4,0.143,0.464,0.4,1.2,0.333,0.4,1.0,1.4,1.8,0.2,0.2,1.0,1.6,5.6,,2022,0
475.0,Kevin Knox,22.0,2TM,SF,30.0,0.0,7.4,1.0,2.8,0.365,0.5,1.8,0.278,0.5,1.0,0.516,0.453,0.5,0.7,0.727,0.5,1.0,1.5,0.3,0.1,0.1,0.2,0.6,3.1,,2022,0
475.0,Kevin Knox,22.0,NYK,SF,13.0,0.0,8.5,1.2,3.1,0.375,0.8,2.2,0.357,0.4,0.9,0.417,0.5,0.5,0.8,0.7,0.6,1.1,1.7,0.2,0.2,0.1,0.4,0.4,3.6,,2022,0
475.0,Kevin Knox,22.0,ATL,SF,17.0,0.0,6.5,0.9,2.6,0.356,0.3,1.5,0.192,0.6,1.1,0.579,0.411,0.5,0.7,0.75,0.4,0.9,1.3,0.4,0.1,0.1,0.1,0.8,2.7,,2022,0
476.0,Rodney Hood,29.0,2TM,SF,52.0,0.0,13.6,1.1,3.0,0.369,0.6,1.8,0.33,0.5,1.3,0.424,0.465,0.3,0.4,0.895,0.3,1.2,1.5,0.7,0.3,0.1,0.2,0.6,3.1,,2022,0
476.0,Rodney Hood,29.0,MIL,PF,39.0,0.0,14.9,1.2,3.4,0.351,0.6,2.1,0.3,0.6,1.3,0.431,0.443,0.3,0.4,0.929,0.3,1.4,1.7,0.8,0.3,0.1,0.2,0.7,3.3,,2022,0
476.0,Rodney Hood,29.0,LAC,SF,13.0,0.0,9.8,0.9,2.0,0.462,0.5,0.8,0.545,0.5,1.2,0.4,0.577,0.3,0.4,0.8,0.2,0.6,0.8,0.6,0.2,0.2,0.3,0.3,2.6,,2022,0
477.0,Keljin Blevins,26.0,POR,SF,31.0,1.0,11.3,1.1,3.6,0.306,0.7,2.3,0.292,0.4,1.3,0.333,0.401,0.2,0.4,0.545,0.5,0.9,1.5,0.6,0.4,0.0,0.5,0.9,3.1,,2022,0
478.0,Devontae Cacok,25.0,SAS,PF,15.0,0.0,8.1,1.4,2.1,0.677,0.0,0.0,,1.4,2.1,0.677,0.677,0.3,0.5,0.571,0.5,2.3,2.8,0.4,0.5,0.5,0.2,1.1,3.1,,2022,0
479.0,Paul Reed,22.0,PHI,C,38.0,2.0,7.9,1.4,2.5,0.563,0.1,0.2,0.25,1.4,2.3,0.591,0.573,0.2,0.4,0.429,1.2,1.3,2.4,0.4,0.9,0.4,0.3,1.5,3.1,,2022,0
480.0,Javonte Smart,22.0,2TM,PG,17.0,1.0,11.8,1.1,3.5,0.317,0.5,1.6,0.296,0.6,1.9,0.333,0.383,0.3,0.4,0.833,0.3,1.1,1.4,0.9,0.4,0.2,0.6,0.7,3.0,,2022,0
480.0,Javonte Smart,22.0,MIL,PG,13.0,1.0,12.3,0.8,3.3,0.256,0.3,1.4,0.222,0.5,1.9,0.28,0.302,0.4,0.5,0.833,0.3,1.2,1.5,1.1,0.3,0.2,0.7,0.8,2.4,,2022,0
480.0,Javonte Smart,22.0,MIA,PG,4.0,0.0,10.0,2.0,4.3,0.471,1.0,2.3,0.444,1.0,2.0,0.5,0.588,0.0,0.0,,0.3,1.0,1.3,0.5,0.5,0.3,0.5,0.3,5.0,,2022,0
481.0,Paris Bass,26.0,PHO,SF,2.0,0.0,3.5,1.0,3.0,0.333,0.0,1.0,0.0,1.0,2.0,0.5,0.333,1.0,1.0,1.0,1.0,1.0,2.0,0.0,0.5,0.0,1.0,1.0,3.0,,2022,0
482.0,Charles Bassey,21.0,PHI,C,23.0,0.0,7.3,1.3,2.0,0.638,0.0,0.2,0.0,1.3,1.9,0.698,0.638,0.4,0.5,0.75,1.0,1.7,2.7,0.3,0.2,0.7,0.3,1.4,3.0,,2022,0
483.0,Tony Bradley,24.0,CHI,C,55.0,7.0,10.0,1.3,2.2,0.585,0.0,0.0,,1.3,2.2,0.585,0.585,0.3,0.5,0.655,1.2,2.2,3.4,0.5,0.2,0.6,0.6,1.1,3.0,,2022,0
484.0,Daniel Oturu,22.0,TOR,C,3.0,0.0,9.0,1.0,2.0,0.5,0.0,0.3,0.0,1.0,1.7,0.6,0.5,1.0,1.7,0.6,0.3,1.3,1.7,0.0,0.0,0.7,0.0,0.3,3.0,,2022,0
485.0,Elfrid Payton,27.0,PHO,PG,50.0,1.0,11.0,1.3,3.5,0.383,0.1,0.4,0.222,1.3,3.1,0.401,0.394,0.2,0.6,0.375,0.4,1.3,1.8,2.0,0.5,0.1,0.9,0.8,3.0,,2022,0
486.0,Neemias Queta,22.0,SAC,C,15.0,0.0,8.0,1.1,2.5,0.447,0.0,0.0,,1.1,2.5,0.447,0.447,0.7,1.1,0.647,0.9,1.1,2.1,0.4,0.1,0.5,0.4,1.2,3.0,,2022,0
487.0,Nick Richards,24.0,CHO,C,50.0,5.0,7.3,1.2,1.8,0.667,0.0,0.0,,1.2,1.8,0.667,0.667,0.6,0.9,0.698,0.7,1.0,1.7,0.3,0.2,0.4,0.5,1.0,3.0,,2022,0
488.0,Matt Ryan,24.0,BOS,SF,1.0,0.0,5.0,1.0,5.0,0.2,1.0,5.0,0.2,0.0,0.0,,0.3,0.0,0.0,,0.0,0.0,0.0,0.0,1.0,0.0,0.0,0.0,3.0,,2022,0
489.0,Tre Scott,25.0,CLE,SF,2.0,0.0,5.5,1.5,3.0,0.5,0.0,0.5,0.0,1.5,2.5,0.6,0.5,0.0,0.0,,0.5,0.5,1.0,0.0,0.5,0.5,0.0,1.0,3.0,,2022,0
490.0,Bruno Fernando,23.0,2TM,C,30.0,0.0,5.1,1.2,1.8,0.655,0.0,0.1,0.5,1.2,1.8,0.66,0.664,0.5,0.8,0.625,0.6,1.2,1.8,0.2,0.0,0.4,0.5,0.8,2.9,,2022,0
490.0,Bruno Fernando,23.0,BOS,C,20.0,0.0,2.9,0.4,0.7,0.5,0.1,0.1,1.0,0.3,0.7,0.462,0.536,0.2,0.3,0.8,0.4,0.4,0.8,0.2,0.0,0.2,0.3,0.3,1.0,,2022,0
490.0,Bruno Fernando,23.0,HOU,C,10.0,0.0,9.4,2.9,4.1,0.707,0.0,0.1,0.0,2.9,4.0,0.725,0.707,1.1,1.9,0.579,1.1,2.9,4.0,0.3,0.1,0.8,0.9,1.8,6.9,,2022,0
491.0,Vernon Carey Jr.,20.0,2TM,C,7.0,1.0,6.3,1.0,1.9,0.538,0.0,0.0,,1.0,1.9,0.538,0.538,0.9,1.9,0.462,1.1,0.6,1.7,0.0,0.3,0.1,0.4,0.6,2.9,,2022,0
491.0,Vernon Carey Jr.,20.0,CHO,C,4.0,1.0,4.3,0.8,1.5,0.5,0.0,0.0,,0.8,1.5,0.5,0.5,0.5,0.8,0.667,0.8,0.5,1.3,0.0,0.3,0.0,0.3,0.3,2.0,,2022,0
491.0,Vernon Carey Jr.,20.0,WAS,C,3.0,0.0,9.0,1.3,2.3,0.571,0.0,0.0,,1.3,2.3,0.571,0.571,1.3,3.3,0.4,1.7,0.7,2.3,0.0,0.3,0.3,0.7,1.0,4.0,,2022,0
492.0,Skylar Mays,24.0,ATL,SG,28.0,5.0,7.9,1.1,2.3,0.5,0.3,0.9,0.32,0.9,1.4,0.615,0.563,0.3,0.3,0.889,0.2,0.7,0.9,0.6,0.3,0.0,0.4,0.3,2.9,,2022,0
493.0,Denzel Valentine,28.0,2TM,SG,24.0,0.0,9.3,1.0,2.8,0.379,0.8,2.0,0.404,0.3,0.8,0.316,0.523,0.0,0.0,,0.4,1.4,1.8,0.5,0.3,0.0,0.5,0.8,2.9,,2022,0
493.0,Denzel Valentine,28.0,CLE,SG,22.0,0.0,9.3,1.0,2.8,0.371,0.8,2.0,0.409,0.2,0.8,0.278,0.516,0.0,0.0,,0.4,1.3,1.7,0.5,0.3,0.0,0.5,0.8,2.9,,2022,0
493.0,Denzel Valentine,28.0,UTA,SG,2.0,0.0,9.0,1.0,2.0,0.5,0.5,1.5,0.333,0.5,0.5,1.0,0.625,0.0,0.0,,0.0,2.0,2.0,0.0,0.5,0.0,1.0,1.5,2.5,,2022,0
494.0,Tyler Johnson,29.0,2TM,PG,6.0,0.0,15.2,1.0,3.3,0.3,0.8,2.2,0.385,0.2,1.2,0.143,0.425,0.0,0.0,,0.5,1.5,2.0,1.2,0.5,0.5,0.3,1.2,2.8,,2022,0
494.0,Tyler Johnson,29.0,PHI,PG,3.0,0.0,12.7,1.3,3.3,0.4,1.0,2.3,0.429,0.3,1.0,0.333,0.55,0.0,0.0,,0.3,1.7,2.0,0.7,0.3,0.3,0.3,1.3,3.7,,2022,0
494.0,Tyler Johnson,29.0,SAS,PG,3.0,0.0,17.7,0.7,3.3,0.2,0.7,2.0,0.333,0.0,1.3,0.0,0.3,0.0,0.0,,0.7,1.3,2.0,1.7,0.7,0.7,0.3,1.0,2.0,,2022,0
495.0,Aleem Ford,24.0,ORL,SF,5.0,0.0,14.8,1.2,4.0,0.3,0.4,3.0,0.133,0.8,1.0,0.8,0.35,0.0,0.0,,0.4,2.6,3.0,0.4,0.2,0.0,0.8,1.4,2.8,,2022,0
496.0,Tyrone Wallace,27.0,NOP,SG,6.0,0.0,12.5,1.2,3.3,0.35,0.3,1.3,0.25,0.8,2.0,0.417,0.4,0.2,0.8,0.2,0.0,1.3,1.3,0.2,0.5,0.2,0.3,1.2,2.8,,2022,0
497.0,Gary Clark,27.0,NOP,PF,38.0,1.0,9.9,0.9,2.3,0.375,0.7,1.8,0.4,0.1,0.5,0.278,0.534,0.2,0.3,0.7,0.6,1.8,2.4,0.5,0.3,0.2,0.3,0.5,2.7,,2022,0
498.0,Josh Okogie,23.0,MIN,SG,49.0,6.0,10.5,0.9,2.1,0.404,0.3,1.0,0.298,0.6,1.2,0.491,0.471,0.7,1.0,0.686,0.6,0.8,1.4,0.5,0.5,0.2,0.5,1.1,2.7,,2022,0
499.0,Jay Scrubb,21.0,LAC,SG,18.0,0.0,6.7,1.0,2.6,0.391,0.3,1.2,0.286,0.7,1.4,0.48,0.457,0.4,0.6,0.7,0.1,0.8,0.9,0.4,0.2,0.2,0.4,0.5,2.7,,2022,0
500.0,Quinndary Weatherspoon,25.0,GSW,SG,11.0,0.0,6.6,1.1,1.9,0.571,0.1,0.5,0.2,1.0,1.5,0.688,0.595,0.5,0.5,1.0,0.2,1.1,1.3,0.5,0.1,0.1,0.3,1.4,2.7,,2022,0
501.0,Chris Silva,25.0,2TM,PF,10.0,0.0,9.1,0.8,1.5,0.533,0.0,0.0,,0.8,1.5,0.533,0.533,1.0,1.2,0.833,1.3,2.3,3.6,0.7,0.0,0.1,0.8,2.0,2.6,,2022,0
501.0,Chris Silva,25.0,MIN,PF,1.0,0.0,3.0,0.0,0.0,,0.0,0.0,,0.0,0.0,,,0.0,0.0,,0.0,1.0,1.0,0.0,0.0,0.0,0.0,0.0,0.0,,2022,0
501.0,Chris Silva,25.0,MIA,PF,9.0,0.0,9.8,0.9,1.7,0.533,0.0,0.0,,0.9,1.7,0.533,0.533,1.1,1.3,0.833,1.4,2.4,3.9,0.8,0.0,0.1,0.9,2.2,2.9,,2022,0
502.0,Gabriel Deck,26.0,OKC,PF,7.0,0.0,8.0,1.1,2.0,0.571,0.3,0.6,0.5,0.9,1.4,0.6,0.643,0.0,0.0,,0.1,0.7,0.9,0.7,0.1,0.0,0.3,0.3,2.6,,2022,0
503.0,Devon Dotson,22.0,CHI,PG,11.0,0.0,7.7,1.0,2.1,0.478,0.2,0.8,0.222,0.8,1.3,0.643,0.522,0.5,0.8,0.556,0.1,0.7,0.8,1.4,0.1,0.0,0.5,1.0,2.6,,2022,0
504.0,Juwan Morgan,24.0,2TM,PF,2.0,0.0,15.5,1.0,1.5,0.667,0.5,1.0,0.5,0.5,0.5,1.0,0.833,0.0,0.0,,1.0,1.0,2.0,0.5,0.0,0.0,0.0,1.5,2.5,,2022,0
504.0,Juwan Morgan,24.0,TOR,PF,1.0,0.0,27.0,2.0,3.0,0.667,1.0,2.0,0.5,1.0,1.0,1.0,0.833,0.0,0.0,,2.0,2.0,4.0,1.0,0.0,0.0,0.0,3.0,5.0,,2022,0
504.0,Juwan Morgan,24.0,BOS,PF,1.0,0.0,4.0,0.0,0.0,,0.0,0.0,,0.0,0.0,,,0.0,0.0,,0.0,0.0,0.0,0.0,0.0,0.0,0.0,0.0,0.0,,2022,0
505.0,Udonis Haslem,41.0,MIA,C,13.0,0.0,6.4,1.1,2.4,0.452,0.1,0.3,0.25,1.0,2.1,0.481,0.468,0.2,0.2,1.0,0.3,1.6,1.9,0.3,0.1,0.1,0.4,1.2,2.5,,2022,0
506.0,Sam Hauser,24.0,BOS,SF,26.0,0.0,6.1,0.9,1.9,0.46,0.7,1.7,0.432,0.2,0.2,0.667,0.65,0.0,0.0,,0.2,0.9,1.1,0.4,0.0,0.1,0.1,0.3,2.5,,2022,0
507.0,Theo Pinson,26.0,DAL,SF,19.0,0.0,7.8,0.7,2.1,0.359,0.5,1.6,0.333,0.2,0.5,0.444,0.487,0.5,0.5,1.0,0.1,1.0,1.1,0.9,0.3,0.1,0.3,0.6,2.5,,2022,0
508.0,Bol Bol,22.0,DEN,PF,14.0,0.0,5.8,1.1,1.9,0.556,0.1,0.3,0.25,1.0,1.6,0.609,0.574,0.1,0.4,0.4,0.3,1.1,1.4,0.4,0.1,0.1,0.3,0.3,2.4,,2022,0
509.0,Jalen Johnson,20.0,ATL,PF,22.0,0.0,5.5,1.0,1.9,0.537,0.1,0.6,0.231,0.9,1.3,0.679,0.573,0.2,0.3,0.714,0.1,1.1,1.2,0.1,0.1,0.1,0.4,0.4,2.4,,2022,0
510.0,Jake Layman,27.0,MIN,SF,34.0,1.0,6.8,0.9,2.1,0.411,0.2,1.0,0.229,0.6,1.1,0.579,0.466,0.4,0.5,0.722,0.2,0.9,1.1,0.3,0.2,0.1,0.3,0.4,2.4,,2022,0
511.0,Abdel Nader,28.0,PHO,SF,14.0,0.0,10.4,0.9,2.5,0.343,0.3,1.0,0.286,0.6,1.5,0.381,0.4,0.4,0.7,0.6,0.3,1.6,1.9,0.5,0.6,0.3,0.8,1.4,2.4,,2022,0
512.0,Ish Wainright,27.0,PHO,PF,45.0,0.0,8.0,0.9,2.3,0.394,0.4,1.3,0.322,0.5,1.0,0.489,0.486,0.2,0.3,0.583,0.6,0.6,1.2,0.3,0.4,0.1,0.3,1.1,2.4,,2022,0
513.0,Nik Stauskas,28.0,2TM,SG,8.0,0.0,4.9,0.6,1.8,0.357,0.5,1.3,0.4,0.1,0.5,0.25,0.5,0.5,0.8,0.667,0.1,0.3,0.4,0.3,0.0,0.0,0.1,0.1,2.3,,2022,0
513.0,Nik Stauskas,28.0,MIA,SG,2.0,0.0,12.0,1.5,4.0,0.375,1.0,2.0,0.5,0.5,2.0,0.25,0.5,1.5,2.0,0.75,0.5,1.0,1.5,0.5,0.0,0.0,0.0,0.5,5.5,,2022,0
513.0,Nik Stauskas,28.0,BOS,SG,6.0,0.0,2.5,0.3,1.0,0.333,0.3,1.0,0.333,0.0,0.0,,0.5,0.2,0.3,0.5,0.0,0.0,0.0,0.2,0.0,0.0,0.2,0.0,1.2,,2022,0
514.0,Justin Champagnie,20.0,TOR,SF,36.0,0.0,7.8,0.9,1.9,0.463,0.3,0.8,0.357,0.6,1.1,0.538,0.537,0.3,0.3,1.0,1.0,1.0,2.0,0.3,0.2,0.1,0.2,0.9,2.3,,2022,0
515.0,Freddie Gillespie,24.0,ORL,PF,9.0,2.0,13.2,1.0,2.4,0.409,0.0,0.1,0.0,1.0,2.3,0.429,0.409,0.3,0.8,0.429,1.4,2.6,4.0,0.6,0.3,1.0,0.6,2.0,2.3,,2022,0
516.0,Haywood Highsmith,25.0,MIA,SF,19.0,1.0,8.6,0.8,2.4,0.348,0.5,1.5,0.321,0.4,0.9,0.389,0.446,0.1,0.3,0.4,0.5,0.8,1.4,0.3,0.1,0.2,0.2,0.7,2.3,,2022,0
517.0,Miles McBride,21.0,NYK,PG,40.0,2.0,9.3,0.8,2.7,0.296,0.4,1.7,0.25,0.4,1.0,0.375,0.375,0.2,0.3,0.667,0.1,1.0,1.1,1.0,0.4,0.0,0.1,1.1,2.2,,2022,0
518.0,Jericho Sims,23.0,NYK,PF,41.0,5.0,13.5,1.0,1.3,0.722,0.0,0.0,,1.0,1.3,0.722,0.722,0.3,0.7,0.414,1.5,2.6,4.1,0.5,0.3,0.5,0.5,1.6,2.2,,2022,0
519.0,Dylan Windler,25.0,CLE,SF,50.0,0.0,9.2,0.7,2.0,0.378,0.4,1.4,0.3,0.3,0.6,0.571,0.485,0.3,0.4,0.833,0.4,1.4,1.8,0.7,0.3,0.1,0.3,0.9,2.2,,2022,0
520.0,Jeff Dowtin,24.0,3TM,PG,9.0,0.0,12.0,0.9,2.9,0.308,0.1,1.0,0.111,0.8,1.9,0.412,0.327,0.2,0.2,1.0,0.9,1.1,2.0,1.1,0.6,0.1,0.6,0.6,2.1,,2022,0
520.0,Jeff Dowtin,24.0,GSW,PG,4.0,0.0,7.0,0.8,1.5,0.5,0.0,0.3,0.0,0.8,1.3,0.6,0.5,0.0,0.0,,0.3,1.5,1.8,0.8,0.0,0.3,0.3,0.5,1.5,,2022,0
520.0,Jeff Dowtin,24.0,MIL,PG,1.0,0.0,3.0,0.0,1.0,0.0,0.0,1.0,0.0,0.0,0.0,,0.0,0.0,0.0,,0.0,0.0,0.0,0.0,0.0,0.0,0.0,0.0,0.0,,2022,0
520.0,Jeff Dowtin,24.0,ORL,PG,4.0,0.0,19.3,1.3,4.8,0.263,0.3,1.8,0.143,1.0,3.0,0.333,0.289,0.5,0.5,1.0,1.8,1.0,2.8,1.8,1.3,0.0,1.0,0.8,3.3,,2022,0
521.0,Justin Jackson,26.0,2TM,SF,7.0,0.0,5.3,0.7,2.1,0.333,0.4,1.3,0.333,0.3,0.9,0.333,0.433,0.3,0.3,1.0,0.1,0.9,1.0,0.3,0.0,0.0,0.1,0.4,2.1,,2022,0
521.0,Justin Jackson,26.0,BOS,SF,1.0,0.0,2.0,0.0,1.0,0.0,0.0,0.0,,0.0,1.0,0.0,0.0,2.0,2.0,1.0,0.0,0.0,0.0,0.0,0.0,0.0,0.0,0.0,2.0,,2022,0
521.0,Justin Jackson,26.0,PHO,SF,6.0,0.0,5.8,0.8,2.3,0.357,0.5,1.5,0.333,0.3,0.8,0.4,0.464,0.0,0.0,,0.2,1.0,1.2,0.3,0.0,0.0,0.2,0.5,2.2,,2022,0
522.0,Joe Wieskamp,22.0,SAS,SG,29.0,0.0,7.1,0.7,1.9,0.357,0.5,1.5,0.326,0.2,0.4,0.462,0.482,0.2,0.4,0.538,0.1,0.3,0.5,0.3,0.1,0.1,0.1,0.5,2.1,,2022,0
523.0,Langston Galloway,30.0,2TM,SG,7.0,0.0,15.3,0.9,3.7,0.231,0.3,2.3,0.125,0.6,1.4,0.4,0.269,0.0,0.0,,0.4,2.1,2.6,1.7,0.1,0.0,0.9,1.0,2.0,,2022,0
523.0,Langston Galloway,30.0,BRK,SG,4.0,0.0,14.5,1.3,3.3,0.385,0.5,2.0,0.25,0.8,1.3,0.6,0.462,0.0,0.0,,0.3,1.8,2.0,1.3,0.0,0.0,1.3,1.3,3.0,,2022,0
523.0,Langston Galloway,30.0,MIL,SG,3.0,0.0,16.3,0.3,4.3,0.077,0.0,2.7,0.0,0.3,1.7,0.2,0.077,0.0,0.0,,0.7,2.7,3.3,2.3,0.3,0.0,0.3,0.7,0.7,,2022,0
524.0,Luke Kornet,26.0,3TM,C,15.0,0.0,6.9,0.9,1.8,0.481,0.0,0.3,0.0,0.9,1.5,0.591,0.481,0.3,0.4,0.667,0.9,1.1,1.9,0.6,0.2,0.2,0.0,0.6,2.0,,2022,0
524.0,Luke Kornet,26.0,CLE,C,2.0,0.0,7.5,0.5,2.5,0.2,0.0,0.5,0.0,0.5,2.0,0.25,0.2,1.0,1.5,0.667,1.0,0.5,1.5,0.5,0.0,0.5,0.0,0.5,2.0,,2022,0
524.0,Luke Kornet,26.0,MIL,C,1.0,0.0,3.0,0.0,1.0,0.0,0.0,0.0,,0.0,1.0,0.0,0.0,0.0,0.0,,1.0,0.0,1.0,0.0,0.0,0.0,0.0,1.0,0.0,,2022,0
524.0,Luke Kornet,26.0,BOS,C,12.0,0.0,7.1,1.0,1.8,0.571,0.0,0.3,0.0,1.0,1.4,0.706,0.571,0.2,0.3,0.667,0.8,1.3,2.1,0.7,0.3,0.2,0.0,0.6,2.2,,2022,0
525.0,Ahmad Caver,25.0,IND,SG,1.0,0.0,1.0,1.0,1.0,1.0,0.0,0.0,,1.0,1.0,1.0,1.0,0.0,0.0,,0.0,0.0,0.0,0.0,0.0,0.0,0.0,0.0,2.0,,2022,0
526.0,Chris Chiozza,26.0,GSW,PG,34.0,1.0,10.9,0.7,2.4,0.296,0.5,1.6,0.321,0.2,0.8,0.25,0.401,0.1,0.1,0.667,0.3,0.8,1.1,1.9,0.4,0.0,0.9,0.9,2.0,,2022,0
527.0,Damyean Dotson,27.0,NYK,SG,2.0,0.0,10.5,1.0,2.0,0.5,0.0,0.5,0.0,1.0,1.5,0.667,0.5,0.0,0.0,,0.0,1.0,1.0,0.5,0.0,0.0,0.0,0.0,2.0,,2022,0
528.0,Usman Garuba,19.0,HOU,PF,24.0,2.0,10.0,0.8,1.8,0.432,0.2,0.8,0.25,0.6,1.0,0.583,0.489,0.2,0.3,0.714,0.9,2.6,3.5,0.7,0.4,0.5,0.3,1.2,2.0,,2022,0
529.0,Shaquille Harrison,28.0,BRK,SG,2.0,0.0,11.5,1.0,3.0,0.333,0.0,1.0,0.0,1.0,2.0,0.5,0.333,0.0,0.0,,0.5,1.5,2.0,1.5,0.5,0.5,1.0,1.5,2.0,,2022,0
530.0,Joe Johnson,40.0,BOS,SG,1.0,0.0,2.0,1.0,1.0,1.0,0.0,0.0,,1.0,1.0,1.0,1.0,0.0,0.0,,0.0,0.0,0.0,0.0,0.0,0.0,0.0,0.0,2.0,,2022,0
531.0,Jemerrio Jones,26.0,LAL,SF,2.0,0.0,7.5,1.0,1.5,0.667,0.0,0.0,,1.0,1.5,0.667,0.667,0.0,0.0,,1.0,0.5,1.5,0.0,0.5,0.0,0.0,1.0,2.0,,2022,0
532.0,Norvel Pelle,28.0,UTA,C,3.0,0.0,6.3,1.0,1.7,0.6,0.0,0.0,,1.0,1.7,0.6,0.6,0.0,0.0,,1.0,1.0,2.0,0.0,0.0,0.3,0.7,0.3,2.0,,2022,0
533.0,Craig Sword,28.0,WAS,SG,3.0,0.0,6.3,1.0,1.3,0.75,0.0,0.3,0.0,1.0,1.0,1.0,0.75,0.0,0.0,,0.0,0.0,0.0,0.3,1.3,0.0,0.3,2.3,2.0,,2022,0
534.0,JT Thor,19.0,CHO,PF,33.0,0.0,7.9,0.7,1.7,0.436,0.2,0.8,0.259,0.5,0.8,0.607,0.5,0.4,0.6,0.6,0.3,1.0,1.3,0.6,0.2,0.3,0.3,0.8,2.0,,2022,0
535.0,Cassius Winston,23.0,WAS,PG,7.0,0.0,5.6,0.6,1.6,0.364,0.3,0.9,0.333,0.3,0.7,0.4,0.455,0.6,0.6,1.0,0.0,0.1,0.1,1.0,0.0,0.0,0.4,1.3,2.0,,2022,0
536.0,Marko Simonovic,22.0,CHI,C,9.0,0.0,3.9,0.4,1.7,0.267,0.1,0.6,0.2,0.3,1.1,0.3,0.3,0.9,1.2,0.727,0.6,0.6,1.1,0.0,0.1,0.1,0.2,0.7,1.9,,2022,0
537.0,Alize Johnson,25.0,3TM,PF,23.0,0.0,7.3,0.7,1.7,0.436,0.0,0.2,0.0,0.7,1.5,0.486,0.436,0.3,0.5,0.583,1.2,1.4,2.7,0.4,0.2,0.0,0.5,0.8,1.8,,2022,0
537.0,Alize Johnson,25.0,CHI,PF,16.0,0.0,7.6,0.8,1.4,0.522,0.0,0.1,0.0,0.8,1.3,0.571,0.522,0.3,0.4,0.571,1.0,1.3,2.3,0.5,0.2,0.0,0.5,0.9,1.8,,2022,0
537.0,Alize Johnson,25.0,WAS,PF,3.0,0.0,6.0,0.7,2.0,0.333,0.0,0.7,0.0,0.7,1.3,0.5,0.333,0.0,0.3,0.0,1.7,2.3,4.0,0.0,0.0,0.0,1.0,0.0,1.3,,2022,0
537.0,Alize Johnson,25.0,NOP,PF,4.0,0.0,7.0,0.8,2.5,0.3,0.0,0.0,,0.8,2.5,0.3,0.3,0.8,1.0,0.75,1.8,1.5,3.3,0.3,0.5,0.0,0.3,0.8,2.3,,2022,0
538.0,Eugene Omoruyi,24.0,DAL,SF,4.0,0.0,4.5,0.5,1.3,0.4,0.3,0.5,0.5,0.3,0.8,0.333,0.5,0.5,1.0,0.5,0.5,1.3,1.8,0.5,0.0,0.0,0.0,0.5,1.8,,2022,0
539.0,Brodric Thomas,25.0,BOS,SG,12.0,0.0,5.0,0.7,1.5,0.444,0.2,0.8,0.222,0.5,0.8,0.667,0.5,0.3,0.4,0.6,0.2,0.7,0.8,0.9,0.1,0.1,0.5,0.6,1.8,,2022,0
540.0,Willie Cauley-Stein,28.0,2TM,C,20.0,2.0,9.2,0.8,1.8,0.457,0.1,0.1,0.5,0.8,1.7,0.455,0.471,0.1,0.1,0.5,0.7,1.4,2.0,0.5,0.3,0.2,0.4,1.0,1.7,,2022,0
540.0,Willie Cauley-Stein,28.0,DAL,C,18.0,2.0,9.8,0.9,1.9,0.457,0.1,0.1,0.5,0.8,1.8,0.455,0.471,0.1,0.1,0.5,0.7,1.4,2.1,0.5,0.3,0.2,0.4,0.9,1.9,,2022,0
540.0,Willie Cauley-Stein,28.0,PHI,C,2.0,0.0,3.0,0.0,0.0,,0.0,0.0,,0.0,0.0,,,0.0,0.0,,0.0,1.0,1.0,0.5,0.0,0.0,0.0,1.0,0.0,,2022,0
541.0,Wayne Selden,27.0,NYK,SG,3.0,0.0,6.3,0.3,1.3,0.25,0.3,0.7,0.5,0.0,0.7,0.0,0.375,0.7,1.3,0.5,0.0,0.3,0.3,0.3,0.0,0.0,0.0,0.3,1.7,,2022,0
542.0,Isaiah Todd,20.0,WAS,PF,12.0,0.0,6.2,0.6,2.2,0.269,0.3,1.3,0.25,0.3,0.8,0.3,0.346,0.2,0.5,0.333,0.3,0.8,1.0,0.3,0.3,0.2,0.3,0.3,1.7,,2022,0
543.0,Ryan Arcidiacono,27.0,NYK,PG,10.0,0.0,7.6,0.6,1.2,0.5,0.4,0.9,0.444,0.2,0.3,0.667,0.667,0.0,0.0,,0.0,0.8,0.8,0.4,0.1,0.0,0.3,0.5,1.6,,2022,0
544.0,Kevin Pangos,29.0,CLE,PG,24.0,3.0,6.9,0.6,1.9,0.326,0.3,1.1,0.231,0.4,0.8,0.45,0.391,0.1,0.2,0.75,0.1,0.4,0.5,1.3,0.1,0.0,0.3,0.5,1.6,,2022,0
545.0,Rob Edwards,25.0,OKC,SG,2.0,0.0,5.5,0.5,2.0,0.25,0.5,2.0,0.25,0.0,0.0,,0.375,0.0,0.0,,0.0,1.5,1.5,0.0,0.0,0.0,0.5,0.0,1.5,,2022,0
546.0,Emmanuel Mudiay,25.0,SAC,PG,2.0,0.0,5.5,0.0,1.0,0.0,0.0,0.0,,0.0,1.0,0.0,0.0,1.5,2.0,0.75,0.0,0.0,0.0,2.0,0.5,0.0,0.5,0.5,1.5,,2022,0
547.0,Malik Fitts,24.0,2TM,PF,15.0,0.0,4.2,0.5,1.3,0.421,0.3,0.7,0.5,0.2,0.6,0.333,0.553,0.0,0.0,,0.1,1.0,1.1,0.3,0.0,0.0,0.1,0.3,1.4,,2022,0
547.0,Malik Fitts,24.0,UTA,PF,7.0,0.0,5.0,0.3,1.3,0.222,0.3,0.6,0.5,0.0,0.7,0.0,0.333,0.0,0.0,,0.0,1.4,1.4,0.0,0.0,0.0,0.3,0.4,0.9,,2022,0
547.0,Malik Fitts,24.0,BOS,PF,8.0,0.0,3.5,0.8,1.3,0.6,0.4,0.8,0.5,0.4,0.5,0.75,0.75,0.0,0.0,,0.3,0.6,0.9,0.6,0.0,0.0,0.0,0.1,1.9,,2022,0
548.0,Charlie Brown Jr.,24.0,2TM,SG,22.0,2.0,8.0,0.5,1.8,0.256,0.0,0.5,0.083,0.4,1.2,0.333,0.269,0.4,0.5,0.9,0.6,0.8,1.5,0.3,0.5,0.2,0.2,0.8,1.4,,2022,0
548.0,Charlie Brown Jr.,24.0,DAL,SG,3.0,0.0,5.0,0.3,1.7,0.2,0.0,1.0,0.0,0.3,0.7,0.5,0.2,0.0,0.0,,0.0,0.3,0.3,0.3,0.7,0.3,0.0,0.7,0.7,,2022,0
548.0,Charlie Brown Jr.,24.0,PHI,SG,19.0,2.0,8.5,0.5,1.8,0.265,0.1,0.5,0.111,0.4,1.3,0.32,0.279,0.5,0.5,0.9,0.7,0.9,1.6,0.3,0.4,0.2,0.3,0.8,1.5,,2022,0
549.0,Leandro Bolmaro,21.0,MIN,SF,35.0,2.0,6.9,0.5,1.5,0.315,0.1,0.5,0.278,0.3,1.0,0.333,0.361,0.3,0.4,0.846,0.5,0.8,1.2,0.6,0.2,0.0,0.4,0.7,1.4,,2022,0
550.0,Moses Wright,23.0,2TM,PF,4.0,0.0,3.5,0.3,1.0,0.25,0.0,0.3,0.0,0.3,0.8,0.333,0.25,0.8,0.8,1.0,0.3,0.5,0.8,0.5,0.0,0.3,0.0,0.0,1.3,,2022,0
550.0,Moses Wright,23.0,LAC,PF,1.0,0.0,1.0,0.0,0.0,,0.0,0.0,,0.0,0.0,,,0.0,0.0,,0.0,0.0,0.0,1.0,0.0,0.0,0.0,0.0,0.0,,2022,0
550.0,Moses Wright,23.0,DAL,PF,3.0,0.0,4.3,0.3,1.3,0.25,0.0,0.3,0.0,0.3,1.0,0.333,0.25,1.0,1.0,1.0,0.3,0.7,1.0,0.3,0.0,0.3,0.0,0.0,1.7,,2022,0
551.0,Darren Collison,34.0,LAL,PG,3.0,0.0,12.3,0.7,2.3,0.286,0.0,1.0,0.0,0.7,1.3,0.5,0.286,0.0,0.0,,0.0,1.3,1.3,0.7,0.3,0.0,0.3,1.7,1.3,,2022,0
552.0,Jordan Schakel,23.0,WAS,SG,4.0,0.0,7.5,0.3,2.8,0.091,0.3,1.5,0.167,0.0,1.3,0.0,0.136,0.5,0.5,1.0,0.5,1.5,2.0,0.0,0.3,0.0,0.3,0.0,1.3,,2022,0
553.0,Myles Powell,24.0,PHI,PG,11.0,0.0,4.7,0.5,1.5,0.294,0.1,0.5,0.167,0.4,1.0,0.364,0.324,0.2,0.2,1.0,0.1,0.5,0.5,0.3,0.1,0.0,0.3,0.7,1.2,,2022,0
554.0,Petr Cornelie,26.0,DEN,PF,13.0,0.0,2.9,0.4,1.2,0.333,0.1,0.6,0.125,0.3,0.5,0.571,0.367,0.2,0.3,0.75,0.5,0.5,1.1,0.2,0.1,0.1,0.3,0.5,1.1,,2022,0
555.0,Tacko Fall,26.0,CLE,C,11.0,1.0,5.4,0.5,1.1,0.417,0.0,0.0,,0.5,1.1,0.417,0.417,0.2,0.6,0.286,0.6,1.5,2.1,0.2,0.0,0.5,0.3,0.3,1.1,,2022,0
556.0,Marcus Garrett,23.0,MIA,SG,12.0,0.0,10.7,0.4,1.8,0.238,0.1,0.3,0.25,0.3,1.4,0.235,0.262,0.2,0.4,0.4,0.8,1.2,1.9,0.6,0.4,0.3,0.2,1.3,1.1,,2022,0
557.0,RJ Nembhard Jr.,22.0,CLE,SG,14.0,0.0,4.5,0.4,1.3,0.333,0.0,0.1,0.0,0.4,1.1,0.375,0.333,0.2,0.3,0.75,0.2,0.3,0.5,0.9,0.1,0.0,0.2,0.1,1.1,,2022,0
558.0,Yves Pons,22.0,MEM,SF,12.0,0.0,5.9,0.4,1.3,0.313,0.3,0.8,0.333,0.2,0.6,0.286,0.406,0.0,0.2,0.0,0.4,0.6,1.0,0.1,0.1,0.3,0.1,0.5,1.1,,2022,0
559.0,Shaq Buchanan,25.0,MEM,SG,2.0,0.0,5.0,0.5,2.0,0.25,0.0,1.0,0.0,0.5,1.0,0.5,0.25,0.0,0.0,,0.5,0.5,1.0,1.0,0.5,0.0,1.0,0.5,1.0,,2022,0
560.0,Kai Jones,21.0,CHO,C,21.0,0.0,3.0,0.4,0.7,0.643,0.0,0.1,0.5,0.4,0.6,0.667,0.679,0.1,0.4,0.375,0.1,0.4,0.5,0.2,0.0,0.1,0.3,0.4,1.0,,2022,0
561.0,Dakota Mathias,26.0,MEM,SG,6.0,0.0,2.7,0.3,1.0,0.333,0.3,1.0,0.333,0.0,0.0,,0.5,0.0,0.0,,0.0,0.3,0.3,0.2,0.2,0.0,0.0,0.2,1.0,,2022,0
562.0,Deividas Sirvydis,21.0,DET,SG,3.0,0.0,9.0,0.3,3.3,0.1,0.3,2.3,0.143,0.0,1.0,0.0,0.15,0.0,0.0,,0.0,2.0,2.0,0.3,1.0,0.3,0.0,1.3,1.0,,2022,0
563.0,Jaden Springer,19.0,PHI,SG,2.0,0.0,3.0,0.5,0.5,1.0,0.0,0.0,,0.5,0.5,1.0,1.0,0.0,0.0,,0.5,0.5,1.0,0.0,0.0,1.0,0.5,0.0,1.0,,2022,0
564.0,Tyrell Terry,21.0,MEM,PG,2.0,0.0,1.5,0.5,0.5,1.0,0.0,0.0,,0.5,0.5,1.0,1.0,0.0,0.0,,0.0,0.0,0.0,0.0,0.0,0.0,0.0,0.5,1.0,,2022,0
565.0,McKinley Wright IV,23.0,MIN,PG,5.0,0.0,3.8,0.4,0.6,0.667,0.2,0.4,0.5,0.2,0.2,1.0,0.833,0.0,0.0,,0.0,0.0,0.0,0.6,0.0,0.0,0.2,0.2,1.0,,2022,0
566.0,Ed Davis,32.0,CLE,C,31.0,3.0,6.5,0.4,0.5,0.688,0.0,0.0,,0.4,0.5,0.688,0.688,0.2,0.5,0.429,0.5,1.6,2.1,0.2,0.1,0.3,0.2,1.1,0.9,,2022,0
567.0,Carlik Jones,24.0,2TM,PG,5.0,0.0,4.6,0.2,1.8,0.111,0.0,0.2,0.0,0.2,1.6,0.125,0.111,0.4,0.4,1.0,0.2,0.4,0.6,1.0,0.2,0.0,0.6,0.0,0.8,,2022,0
567.0,Carlik Jones,24.0,DAL,PG,3.0,0.0,6.3,0.0,2.3,0.0,0.0,0.3,0.0,0.0,2.0,0.0,0.0,0.7,0.7,1.0,0.3,0.7,1.0,1.7,0.3,0.0,1.0,0.0,0.7,,2022,0
567.0,Carlik Jones,24.0,DEN,PG,2.0,0.0,2.0,0.5,1.0,0.5,0.0,0.0,,0.5,1.0,0.5,0.5,0.0,0.0,,0.0,0.0,0.0,0.0,0.0,0.0,0.0,0.0,1.0,,2022,0
568.0,Isaac Bonga,22.0,TOR,SF,15.0,0.0,4.6,0.2,0.9,0.231,0.1,0.3,0.25,0.1,0.6,0.222,0.269,0.3,0.5,0.625,0.3,0.2,0.5,0.3,0.5,0.1,0.1,0.7,0.8,,2022,0
569.0,Jarron Cumberland,24.0,POR,SG,3.0,0.0,4.0,0.3,0.7,0.5,0.0,0.3,0.0,0.3,0.3,1.0,0.5,0.0,0.0,,0.3,0.7,1.0,0.3,0.0,0.0,0.0,0.7,0.7,,2022,0
570.0,Chandler Hutchison,25.0,PHO,SF,6.0,0.0,3.7,0.2,0.3,0.5,0.0,0.0,,0.2,0.3,0.5,0.5,0.3,0.3,1.0,0.0,0.8,0.8,0.3,0.0,0.0,0.7,0.2,0.7,,2022,0
571.0,DaQuan Jeffries,24.0,MEM,SG,3.0,0.0,3.0,0.3,0.7,0.5,0.0,0.3,0.0,0.3,0.3,1.0,0.5,0.0,0.0,,0.0,0.7,0.7,0.3,0.0,0.0,0.0,0.3,0.7,,2022,0
572.0,Jaylen Morris,26.0,SAS,SG,3.0,0.0,5.3,0.0,2.0,0.0,0.0,0.7,0.0,0.0,1.3,0.0,0.0,0.7,1.3,0.5,0.0,0.7,0.7,0.7,0.0,0.0,0.3,0.7,0.7,,2022,0
573.0,Xavier Sneed,24.0,2TM,SF,9.0,0.0,4.3,0.2,1.1,0.2,0.1,0.9,0.125,0.1,0.2,0.5,0.25,0.0,0.0,,0.2,0.4,0.7,0.1,0.0,0.0,0.0,0.2,0.6,,2022,0
573.0,Xavier Sneed,24.0,MEM,SF,2.0,0.0,4.0,0.0,1.0,0.0,0.0,1.0,0.0,0.0,0.0,,0.0,0.0,0.0,,0.5,0.5,1.0,0.0,0.0,0.0,0.0,1.0,0.0,,2022,0
573.0,Xavier Sneed,24.0,UTA,SF,7.0,0.0,4.4,0.3,1.1,0.25,0.1,0.9,0.167,0.1,0.3,0.5,0.313,0.0,0.0,,0.1,0.4,0.6,0.1,0.0,0.0,0.0,0.0,0.7,,2022,0
574.0,Solomon Hill,30.0,ATL,SF,13.0,1.0,10.7,0.2,1.5,0.15,0.2,1.0,0.154,0.1,0.5,0.143,0.2,0.0,0.0,,0.5,1.3,1.8,0.9,0.3,0.2,0.1,1.2,0.6,,2022,0
575.0,Robert Woodard II,22.0,SAC,SF,12.0,0.0,3.5,0.2,1.3,0.125,0.1,0.3,0.25,0.1,1.0,0.083,0.156,0.2,0.2,1.0,0.4,0.5,0.9,0.3,0.1,0.1,0.1,0.3,0.6,,2022,0
576.0,Sharife Cooper,20.0,ATL,PG,13.0,0.0,3.0,0.2,1.1,0.214,0.1,0.5,0.167,0.2,0.6,0.25,0.25,0.0,0.0,,0.0,0.4,0.4,0.4,0.0,0.0,0.4,0.1,0.5,,2022,0
577.0,Scottie Lewis,21.0,CHO,SG,2.0,0.0,3.5,0.0,0.0,,0.0,0.0,,0.0,0.0,,,0.5,1.0,0.5,0.0,0.0,0.0,0.5,0.5,0.0,0.0,0.0,0.5,,2022,0
578.0,Joel Ayayi,21.0,WAS,SG,7.0,0.0,2.9,0.1,0.9,0.167,0.0,0.1,0.0,0.1,0.7,0.2,0.167,0.0,0.0,,0.1,0.3,0.4,0.6,0.0,0.0,0.0,0.0,0.3,,2022,0
579.0,Aaron Henry,22.0,PHI,SF,6.0,0.0,2.8,0.2,0.8,0.2,0.0,0.2,0.0,0.2,0.7,0.25,0.2,0.0,0.0,,0.0,0.2,0.2,0.0,0.0,0.3,0.3,0.3,0.3,,2022,0
580.0,George King,28.0,DAL,SF,4.0,0.0,4.8,0.0,1.3,0.0,0.0,1.0,0.0,0.0,0.3,0.0,0.0,0.3,0.5,0.5,0.0,1.3,1.3,0.0,0.0,0.0,0.3,1.0,0.3,,2022,0
581.0,Miye Oni,24.0,UTA,SG,16.0,0.0,2.8,0.1,0.6,0.222,0.1,0.5,0.125,0.1,0.1,1.0,0.278,0.0,0.1,0.0,0.1,0.4,0.4,0.3,0.0,0.0,0.1,0.4,0.3,,2022,0
582.0,Cat Barber,27.0,ATL,PG,3.0,0.0,4.3,0.0,1.3,0.0,0.0,0.0,,0.0,1.3,0.0,0.0,0.0,1.3,0.0,0.3,0.7,1.0,1.0,0.0,0.0,0.3,0.3,0.0,,2022,0
583.0,Jordan Bell,27.0,CHI,C,1.0,0.0,2.0,0.0,0.0,,0.0,0.0,,0.0,0.0,,,0.0,0.0,,1.0,0.0,1.0,0.0,1.0,0.0,0.0,2.0,0.0,,2022,0
584.0,Zylan Cheatham,26.0,UTA,SF,1.0,0.0,5.0,0.0,3.0,0.0,0.0,2.0,0.0,0.0,1.0,0.0,0.0,0.0,0.0,,0.0,0.0,0.0,0.0,0.0,0.0,0.0,0.0,0.0,,2022,0
585.0,Sam Dekker,27.0,TOR,PF,1.0,0.0,1.0,0.0,0.0,,0.0,0.0,,0.0,0.0,,,0.0,0.0,,0.0,0.0,0.0,0.0,0.0,0.0,0.0,0.0,0.0,,2022,0
586.0,Javin DeLaurier,23.0,MIL,C,1.0,0.0,3.0,0.0,0.0,,0.0,0.0,,0.0,0.0,,,0.0,0.0,,0.0,1.0,1.0,0.0,1.0,0.0,0.0,1.0,0.0,,2022,0
587.0,Jaime Echenique,24.0,WAS,C,1.0,0.0,3.0,0.0,0.0,,0.0,0.0,,0.0,0.0,,,0.0,0.0,,0.0,0.0,0.0,0.0,0.0,0.0,0.0,0.0,0.0,,2022,0
588.0,Jordan Goodwin,23.0,WAS,SG,2.0,0.0,3.0,0.0,1.5,0.0,0.0,0.5,0.0,0.0,1.0,0.0,0.0,0.0,0.0,,0.0,0.5,0.5,0.0,0.0,0.0,0.0,0.5,0.0,,2022,0
589.0,Tyler Hall,24.0,NYK,SG,1.0,0.0,2.0,0.0,0.0,,0.0,0.0,,0.0,0.0,,,0.0,0.0,,0.0,0.0,0.0,0.0,0.0,0.0,0.0,0.0,0.0,,2022,0
590.0,Nate Hinton,22.0,IND,SG,2.0,0.0,1.0,0.0,0.5,0.0,0.0,0.0,,0.0,0.5,0.0,0.0,0.0,0.0,,0.0,0.0,0.0,0.0,0.0,0.0,0.5,0.0,0.0,,2022,0
591.0,Jay Huff,23.0,LAL,C,4.0,0.0,5.0,0.0,0.8,0.0,0.0,0.5,0.0,0.0,0.3,0.0,0.0,0.0,0.0,,0.3,0.8,1.0,0.3,0.3,0.3,0.3,0.3,0.0,,2022,0
592.0,Feron Hunt,22.0,NYK,SF,2.0,0.0,4.0,0.0,1.0,0.0,0.0,0.0,,0.0,1.0,0.0,0.0,0.0,0.0,,0.5,0.0,0.5,0.5,0.5,0.0,0.5,0.5,0.0,,2022,0
593.0,DeJon Jarreau,24.0,IND,SG,1.0,0.0,1.0,0.0,0.0,,0.0,0.0,,0.0,0.0,,,0.0,0.0,,0.0,0.0,0.0,0.0,0.0,0.0,0.0,0.0,0.0,,2022,0
594.0,David Johnson,20.0,TOR,SG,2.0,0.0,1.0,0.0,0.5,0.0,0.0,0.5,0.0,0.0,0.0,,0.0,0.0,0.0,,0.0,0.0,0.0,0.0,0.0,0.0,0.0,0.0,0.0,,2022,0
595.0,Arnoldas Kulboka,24.0,CHO,SF,2.0,0.0,2.5,0.0,0.5,0.0,0.0,0.5,0.0,0.0,0.0,,0.0,0.0,0.0,,0.0,0.0,0.0,0.0,0.0,0.0,0.0,0.5,0.0,,2022,0
596.0,Anthony Lamb,24.0,SAS,SF,2.0,0.0,4.0,0.0,1.0,0.0,0.0,1.0,0.0,0.0,0.0,,0.0,0.0,0.0,,0.0,0.5,0.5,1.0,0.0,0.0,0.0,0.0,0.0,,2022,0
597.0,JaQuori McLaughlin,24.0,DAL,PG,4.0,0.0,2.8,0.0,0.5,0.0,0.0,0.3,0.0,0.0,0.3,0.0,0.0,0.0,0.0,,0.0,0.0,0.0,0.5,0.0,0.0,0.0,0.3,0.0,,2022,0
598.0,C.J. Miles,34.0,BOS,SG,1.0,0.0,2.0,0.0,0.0,,0.0,0.0,,0.0,0.0,,,0.0,0.0,,0.0,0.0,0.0,0.0,0.0,0.0,0.0,1.0,0.0,,2022,0
599.0,Matt Mooney,25.0,NYK,SG,1.0,0.0,2.0,0.0,1.0,0.0,0.0,1.0,0.0,0.0,0.0,,0.0,0.0,0.0,,0.0,0.0,0.0,0.0,1.0,0.0,1.0,0.0,0.0,,2022,0
600.0,Ade Murkey,24.0,SAC,SG,1.0,0.0,1.0,0.0,0.0,,0.0,0.0,,0.0,0.0,,,0.0,0.0,,0.0,0.0,0.0,0.0,0.0,0.0,0.0,0.0,0.0,,2022,0
601.0,Jaysean Paige,27.0,DET,PG,1.0,0.0,7.0,0.0,3.0,0.0,0.0,2.0,0.0,0.0,1.0,0.0,0.0,0.0,0.0,,0.0,1.0,1.0,1.0,0.0,0.0,1.0,2.0,0.0,,2022,0
602.0,Trayvon Palmer,27.0,DET,SG,1.0,0.0,17.0,0.0,1.0,0.0,0.0,0.0,,0.0,1.0,0.0,0.0,0.0,0.0,,0.0,2.0,2.0,0.0,0.0,0.0,1.0,2.0,0.0,,2022,0
603.0,Emanuel Terry,25.0,PHO,PF,3.0,0.0,6.0,0.0,1.7,0.0,0.0,0.0,,0.0,1.7,0.0,0.0,0.0,0.0,,2.7,2.3,5.0,0.7,0.3,0.0,1.7,1.3,0.0,,2022,0
604.0,Jon Teske,24.0,MEM,C,3.0,0.0,2.7,0.0,0.3,0.0,0.0,0.0,,0.0,0.3,0.0,0.0,0.0,0.7,0.0,0.0,0.7,0.7,0.3,0.3,0.0,0.0,0.3,0.0,,2022,0
605.0,M.J. Walker,23.0,PHO,SG,2.0,0.0,4.0,0.0,2.0,0.0,0.0,1.0,0.0,0.0,1.0,0.0,0.0,0.0,0.0,,0.0,0.5,0.5,0.5,1.0,0.0,0.0,0.5,0.0,,2022,0
34.0,Jalen Green,20.0,HOU,SG,76.0,76.0,34.2,7.4,17.9,0.416,2.5,7.3,0.338,5.0,10.6,0.471,0.485,4.8,6.1,0.786,0.6,3.2,3.7,3.7,0.8,0.2,2.6,1.7,22.1,,2023,1
35.0,Keldon Johnson,23.0,SAS,SF,63.0,63.0,32.7,8.0,17.7,0.452,2.1,6.5,0.329,5.9,11.2,0.523,0.512,3.9,5.2,0.749,0.9,4.2,5.0,2.9,0.7,0.2,2.1,2.0,22.0,,2023,1
36.0,Klay Thompson,32.0,GSW,SF,69.0,69.0,33.0,7.9,18.1,0.436,4.4,10.6,0.412,3.6,7.6,0.47,0.556,1.7,1.9,0.879,0.6,3.6,4.1,2.4,0.7,0.4,1.8,1.9,21.9,,2023,1
37.0,Bojan Bogdanović,33.0,DET,PF,59.0,59.0,32.1,7.3,14.9,0.488,2.5,6.0,0.411,4.8,9.0,0.539,0.57,4.5,5.1,0.884,0.6,3.2,3.8,2.6,0.6,0.1,2.3,1.9,21.6,,2023,1
38.0,Darius Garland,23.0,CLE,PG,69.0,69.0,35.5,7.6,16.4,0.462,2.4,6.0,0.41,5.1,10.4,0.492,0.537,4.0,4.7,0.863,0.4,2.3,2.7,7.8,1.2,0.1,2.9,2.1,21.6,,2023,1
39.0,Desmond Bane,24.0,MEM,SG,58.0,58.0,31.7,7.8,16.2,0.479,2.9,7.0,0.408,4.9,9.2,0.534,0.568,3.1,3.5,0.883,0.7,4.3,5.0,4.4,1.0,0.4,2.2,2.6,21.5,,2023,1
40.0,Kyle Kuzma,27.0,WAS,PF,64.0,64.0,35.0,8.0,17.8,0.448,2.5,7.5,0.333,5.5,10.3,0.533,0.518,2.7,3.7,0.73,0.9,6.4,7.2,3.7,0.6,0.5,3.0,2.3,21.2,,2023,1
41.0,Terry Rozier,28.0,CHO,SG,63.0,63.0,35.3,7.8,18.9,0.415,2.6,8.0,0.327,5.2,10.8,0.48,0.484,2.8,3.5,0.809,0.8,3.3,4.1,5.1,1.2,0.3,2.1,1.9,21.1,,2023,1
42.0,Anfernee Simons,23.0,POR,SG,62.0,62.0,35.0,7.5,16.9,0.447,3.4,9.1,0.377,4.1,7.8,0.528,0.548,2.6,2.9,0.894,0.3,2.3,2.6,4.1,0.7,0.2,2.1,2.3,21.1,,2023,1
43.0,James Harden,33.0,PHI,PG,58.0,58.0,36.8,6.4,14.5,0.441,2.8,7.2,0.385,3.6,7.3,0.495,0.536,5.4,6.2,0.867,0.7,5.4,6.1,10.7,1.2,0.5,3.4,1.9,21.0,,2023,1
44.0,CJ McCollum,31.0,NOP,PG,75.0,75.0,35.3,7.8,17.9,0.437,2.8,7.2,0.389,5.0,10.7,0.469,0.515,2.4,3.2,0.769,0.7,3.6,4.4,5.7,0.9,0.5,2.4,2.0,20.9,,2023,1
45.0,Jordan Clarkson,30.0,UTA,SG,61.0,61.0,32.6,7.5,16.9,0.444,2.5,7.5,0.338,5.0,9.4,0.53,0.519,3.3,4.0,0.816,1.2,2.9,4.0,4.4,0.5,0.2,3.0,2.0,20.8,,2023,1
46.0,Karl-Anthony Towns,27.0,MIN,PF,29.0,29.0,33.0,7.3,14.8,0.495,2.1,5.7,0.366,5.2,9.1,0.576,0.565,4.1,4.7,0.874,1.7,6.5,8.1,4.8,0.7,0.6,3.0,3.8,20.8,,2023,1
47.0,Tyrese Haliburton,22.0,IND,PG,56.0,56.0,33.6,7.4,15.0,0.49,2.9,7.2,0.4,4.5,7.8,0.572,0.586,3.1,3.6,0.871,0.6,3.1,3.7,10.4,1.6,0.4,2.5,1.2,20.7,AS,2023,1
48.0,Jerami Grant,28.0,POR,PF,63.0,63.0,35.7,6.9,14.5,0.475,2.3,5.7,0.401,4.6,8.8,0.523,0.554,4.4,5.4,0.813,0.8,3.7,4.5,2.4,0.8,0.8,1.8,2.4,20.5,,2023,1
49.0,Dejounte Murray,26.0,ATL,SG,74.0,74.0,36.4,8.3,17.8,0.464,1.8,5.2,0.344,6.5,12.6,0.514,0.514,2.1,2.6,0.832,0.7,4.5,5.3,6.1,1.5,0.3,2.2,1.4,20.5,,2023,1
50.0,Bam Adebayo,25.0,MIA,C,75.0,75.0,34.6,8.0,14.9,0.54,0.0,0.2,0.083,8.0,14.7,0.545,0.541,4.3,5.4,0.806,2.5,6.7,9.2,3.2,1.2,0.8,2.5,2.8,20.4,"DPOY-5,AS,DEF2",2023,1
51.0,Jordan Poole,23.0,GSW,PG,82.0,43.0,30.0,6.7,15.6,0.43,2.6,7.8,0.336,4.1,7.8,0.524,0.514,4.4,5.1,0.87,0.4,2.4,2.7,4.5,0.8,0.3,3.1,2.6,20.4,,2023,1
52.0,Tyrese Maxey,22.0,PHI,SG,60.0,41.0,33.6,7.3,15.2,0.481,2.7,6.2,0.434,4.7,9.1,0.513,0.568,3.0,3.6,0.845,0.4,2.6,2.9,3.5,0.8,0.1,1.3,2.2,20.3,,2023,1
53.0,Kelly Oubre Jr.,27.0,CHO,SF,48.0,40.0,32.3,7.4,17.1,0.431,2.3,7.1,0.319,5.1,10.0,0.51,0.497,3.3,4.3,0.76,1.4,3.8,5.2,1.1,1.4,0.4,1.3,2.9,20.3,,2023,1
54.0,Mikal Bridges,26.0,2TM,SG,83.0,83.0,35.7,7.1,15.3,0.468,2.0,5.3,0.382,5.1,9.9,0.514,0.535,3.8,4.3,0.895,1.0,3.4,4.4,3.3,1.1,0.7,1.5,1.9,20.1,,2023,1
54.0,Mikal Bridges,26.0,PHO,SF,56.0,56.0,36.4,6.3,13.6,0.463,1.8,4.7,0.387,4.5,9.0,0.503,0.529,2.8,3.1,0.897,1.0,3.3,4.3,3.6,1.2,0.8,1.4,2.1,17.2,,2023,0
55.0,Tyler Herro,23.0,MIA,SG,67.0,67.0,34.9,7.3,16.6,0.439,3.0,8.0,0.378,4.2,8.5,0.497,0.531,2.5,2.7,0.934,0.4,5.0,5.4,4.2,0.8,0.2,2.4,1.5,20.1,,2023,1
56.0,Paolo Banchero,20.0,ORL,PF,72.0,72.0,33.8,6.7,15.6,0.427,1.2,4.0,0.298,5.5,11.6,0.471,0.465,5.5,7.4,0.738,1.2,5.7,6.9,3.7,0.8,0.5,2.8,2.2,20.0,ROY-1,2023,1
57.0,Louis King,23.0,PHI,PF,1.0,0.0,29.0,8.0,13.0,0.615,4.0,8.0,0.5,4.0,5.0,0.8,0.769,0.0,1.0,0.0,2.0,2.0,4.0,2.0,1.0,0.0,2.0,4.0,20.0,,2023,1
58.0,Jamal Murray,25.0,DEN,PG,65.0,65.0,32.8,7.3,16.0,0.454,2.6,6.6,0.398,4.6,9.4,0.494,0.537,2.8,3.3,0.833,0.7,3.2,4.0,6.2,1.0,0.2,2.2,1.6,20.0,,2023,1
59.0,Cade Cunningham,21.0,DET,PG,12.0,12.0,33.3,7.8,18.7,0.415,1.4,5.1,0.279,6.3,13.6,0.466,0.453,3.0,3.6,0.837,1.0,5.2,6.2,6.0,0.8,0.6,3.3,2.8,19.9,,2023,0
60.0,RJ Barrett,22.0,NYK,SG,73.0,73.0,33.9,7.0,16.1,0.434,1.7,5.3,0.31,5.3,10.8,0.495,0.485,4.0,5.4,0.74,0.8,4.2,5.0,2.8,0.4,0.2,2.2,2.5,19.6,,2023,0
61.0,Jrue Holiday,32.0,MIL,PG,67.0,65.0,32.6,7.3,15.3,0.479,2.4,6.1,0.384,5.0,9.1,0.542,0.556,2.3,2.6,0.859,1.2,3.9,5.1,7.4,1.2,0.4,2.9,1.7,19.3,"DPOY-7,AS,DEF1",2023,0
62.0,Fred VanVleet,28.0,TOR,PG,69.0,69.0,36.7,6.3,16.1,0.393,3.0,8.8,0.342,3.3,7.3,0.455,0.486,3.7,4.1,0.898,0.4,3.6,4.1,7.2,1.8,0.6,2.0,2.8,19.3,,2023,0
63.0,Kevin Porter Jr.,22.0,HOU,PG,59.0,59.0,34.3,6.6,15.0,0.442,2.4,6.5,0.366,4.2,8.5,0.501,0.522,3.5,4.5,0.784,1.3,4.0,5.3,5.7,1.4,0.3,3.2,2.6,19.2,,2023,0
64.0,Domantas Sabonis,26.0,SAC,C,79.0,79.0,34.6,7.3,11.9,0.615,0.4,1.1,0.373,6.9,10.8,0.639,0.632,4.1,5.5,0.742,3.2,9.1,12.3,7.3,0.8,0.5,2.9,3.5,19.1,"MVP-7,AS,NBA3",2023,0
65.0,Jaren Jackson Jr.,23.0,MEM,C,63.0,63.0,28.4,6.6,13.0,0.506,1.6,4.5,0.355,5.0,8.6,0.585,0.567,3.8,4.9,0.788,1.7,5.0,6.8,1.0,1.0,3.0,1.7,3.6,18.6,"DPOY-1,AS,DEF1",2023,0
66.0,Franz Wagner,21.0,ORL,SF,80.0,80.0,32.6,6.8,14.0,0.485,1.6,4.5,0.361,5.2,9.5,0.544,0.543,3.4,4.0,0.842,0.9,3.2,4.1,3.5,1.0,0.2,2.1,2.3,18.6,,2023,0
67.0,Devin Vassell,22.0,SAS,SG,38.0,32.0,31.0,6.9,15.7,0.439,2.7,7.0,0.387,4.2,8.7,0.48,0.525,2.1,2.6,0.78,0.2,3.7,3.9,3.6,1.1,0.4,1.5,1.5,18.5,,2023,0
68.0,Deandre Ayton,24.0,PHO,C,67.0,67.0,30.4,7.8,13.2,0.589,0.1,0.4,0.292,7.7,12.9,0.597,0.592,2.3,3.0,0.76,2.6,7.4,10.0,1.7,0.6,0.8,1.8,2.8,18.0,,2023,0
69.0,Myles Turner,26.0,IND,C,62.0,62.0,29.4,6.5,11.8,0.548,1.5,4.0,0.373,5.0,7.8,0.638,0.612,3.5,4.5,0.783,1.4,6.1,7.5,1.4,0.6,2.3,1.7,3.5,18.0,,2023,0
70.0,D'Angelo Russell,26.0,2TM,PG,71.0,71.0,32.5,6.3,13.4,0.469,2.7,6.9,0.396,3.5,6.5,0.548,0.572,2.5,3.0,0.829,0.5,2.5,3.0,6.2,1.0,0.4,2.6,2.0,17.8,,2023,0
70.0,D'Angelo Russell,26.0,MIN,PG,54.0,54.0,32.9,6.3,13.5,0.465,2.7,7.0,0.391,3.5,6.4,0.546,0.567,2.6,3.1,0.856,0.5,2.5,3.1,6.2,1.1,0.4,2.7,2.2,17.9,,2023,0
70.0,D'Angelo Russell,26.0,LAL,PG,17.0,17.0,30.9,6.3,13.0,0.484,2.7,6.5,0.414,3.6,6.5,0.555,0.588,2.1,2.9,0.735,0.4,2.5,2.9,6.1,0.6,0.5,2.3,1.4,17.4,,2023,0
71.0,Nikola Vučević,32.0,CHI,C,82.0,82.0,33.5,7.3,14.0,0.52,1.5,4.2,0.349,5.8,9.8,0.594,0.573,1.6,1.9,0.835,1.9,9.1,11.0,3.2,0.7,0.7,1.7,2.2,17.6,,2023,0
72.0,Michael Porter Jr.,24.0,DEN,SF,62.0,62.0,29.0,6.4,13.2,0.487,3.0,7.3,0.414,3.4,5.9,0.579,0.602,1.5,1.9,0.8,1.0,4.5,5.5,1.0,0.6,0.5,1.1,1.9,17.4,,2023,0
73.0,Gary Trent Jr.,24.0,TOR,SG,66.0,44.0,32.1,6.1,14.2,0.433,2.5,6.8,0.369,3.6,7.3,0.493,0.522,2.6,3.1,0.839,0.5,2.2,2.6,1.6,1.6,0.2,0.8,1.5,17.4,,2023,0
74.0,Spencer Dinwiddie,29.0,2TM,SG,79.0,79.0,34.5,5.8,13.3,0.438,2.3,6.2,0.369,3.5,7.1,0.498,0.524,3.4,4.2,0.812,0.4,3.1,3.4,6.5,0.8,0.3,1.8,2.4,17.3,,2023,0
74.0,Spencer Dinwiddie,29.0,DAL,SG,53.0,53.0,34.1,6.0,13.1,0.455,2.6,6.4,0.405,3.4,6.7,0.504,0.555,3.2,3.9,0.821,0.4,2.7,3.1,5.3,0.7,0.3,1.7,2.3,17.7,,2023,0
74.0,Spencer Dinwiddie,29.0,BRK,PG,26.0,26.0,35.3,5.5,13.7,0.404,1.7,5.7,0.289,3.9,8.0,0.488,0.465,3.8,4.7,0.797,0.3,3.8,4.1,9.1,1.1,0.3,2.1,2.4,16.5,,2023,0
75.0,Andrew Wiggins,27.0,GSW,SF,37.0,37.0,32.2,6.8,14.3,0.473,2.4,6.1,0.396,4.4,8.2,0.53,0.557,1.2,1.9,0.611,1.6,3.4,5.0,2.3,1.2,0.8,1.3,2.9,17.1,,2023,0
76.0,Norman Powell,29.0,LAC,SG,60.0,8.0,26.1,5.7,11.8,0.479,1.9,4.8,0.397,3.8,7.1,0.534,0.559,3.8,4.6,0.812,0.4,2.5,2.9,1.8,0.8,0.3,1.7,2.1,17.0,6MOY-4,2023,0
77.0,OG Anunoby,25.0,TOR,SF,67.0,67.0,35.6,6.3,13.2,0.476,2.1,5.5,0.387,4.2,7.7,0.539,0.556,2.1,2.5,0.838,1.4,3.5,5.0,2.0,1.9,0.7,2.0,3.0,16.8,"DPOY-7,DEF2",2023,0
78.0,Buddy Hield,30.0,IND,SF,80.0,73.0,31.0,5.9,13.0,0.458,3.6,8.5,0.425,2.3,4.5,0.518,0.596,1.3,1.6,0.822,0.8,4.2,5.0,2.8,1.2,0.3,1.7,2.0,16.8,,2023,0
79.0,Bennedict Mathurin,20.0,IND,SG,78.0,17.0,28.5,5.3,12.2,0.434,1.3,4.0,0.323,4.0,8.2,0.488,0.487,4.8,5.8,0.828,1.1,3.0,4.1,1.5,0.6,0.2,1.9,2.1,16.7,"ROY-4,6MOY-8",2023,0
80.0,Josh Giddey,20.0,OKC,PF,76.0,76.0,31.1,7.1,14.7,0.482,1.0,3.1,0.325,6.1,11.6,0.524,0.516,1.4,1.9,0.731,1.9,5.9,7.9,6.2,0.8,0.4,2.8,1.9,16.6,,2023,0
81.0,Christian Wood,27.0,DAL,C,67.0,17.0,25.9,5.9,11.5,0.515,1.6,4.2,0.376,4.3,7.3,0.594,0.583,3.2,4.2,0.772,1.3,6.0,7.3,1.8,0.4,1.1,1.8,2.5,16.6,6MOY-9,2023,0
82.0,Aaron Gordon,27.0,DEN,PF,68.0,68.0,30.2,6.3,11.2,0.564,0.9,2.5,0.347,5.4,8.6,0.628,0.603,2.8,4.6,0.608,2.4,4.1,6.6,3.0,0.8,0.8,1.4,1.9,16.3,,2023,0
83.0,Jaden Ivey,20.0,DET,SG,74.0,73.0,31.1,5.5,13.3,0.416,1.6,4.7,0.343,3.9,8.6,0.457,0.477,3.6,4.8,0.747,1.0,2.9,3.9,5.2,0.8,0.2,3.2,3.3,16.3,ROY-6,2023,0
84.0,Evan Mobley,21.0,CLE,PF,79.0,79.0,34.4,6.6,12.0,0.554,0.3,1.3,0.216,6.4,10.7,0.595,0.566,2.6,3.8,0.674,2.4,6.6,9.0,2.8,0.8,1.5,1.8,2.8,16.2,"DPOY-3,DEF1",2023,0
85.0,RaiQuan Gray,23.0,BRK,PF,1.0,0.0,35.0,6.0,12.0,0.5,2.0,5.0,0.4,4.0,7.0,0.571,0.583,2.0,2.0,1.0,3.0,6.0,9.0,7.0,0.0,1.0,4.0,5.0,16.0,,2023,0
86.0,Brook Lopez,34.0,MIL,C,78.0,78.0,30.4,6.1,11.5,0.531,1.7,4.7,0.374,4.4,6.9,0.637,0.606,1.9,2.4,0.784,2.0,4.7,6.7,1.3,0.5,2.5,1.4,2.6,15.9,"DPOY-2,DEF1",2023,0
87.0,Russell Westbrook,34.0,2TM,PG,73.0,24.0,29.1,5.9,13.6,0.436,1.2,3.9,0.311,4.7,9.7,0.487,0.481,2.8,4.3,0.656,1.2,4.6,5.8,7.5,1.0,0.5,3.5,2.2,15.9,6MOY-9,2023,0
87.0,Russell Westbrook,34.0,LAL,PG,52.0,3.0,28.7,5.8,14.0,0.417,1.2,4.1,0.296,4.6,9.9,0.467,0.46,3.0,4.6,0.655,1.1,5.0,6.2,7.5,1.0,0.4,3.5,2.3,15.9,,2023,0
87.0,Russell Westbrook,34.0,LAC,PG,21.0,21.0,30.2,6.1,12.5,0.489,1.2,3.5,0.356,4.9,9.0,0.54,0.538,2.4,3.6,0.658,1.4,3.4,4.9,7.6,1.1,0.5,3.4,2.0,15.8,,2023,0
88.0,P.J. Washington,24.0,CHO,PF,73.0,73.0,32.6,5.9,13.4,0.444,2.0,5.9,0.348,3.9,7.5,0.518,0.52,1.7,2.4,0.73,1.0,3.9,4.9,2.4,0.9,1.1,1.5,2.6,15.7,,2023,0
89.0,Cameron Johnson,26.0,2TM,PF,42.0,41.0,28.5,5.3,11.3,0.47,2.5,6.1,0.404,2.9,5.2,0.548,0.579,2.4,2.9,0.842,0.8,3.6,4.4,1.9,1.2,0.3,0.9,2.0,15.5,,2023,0
89.0,Cameron Johnson,26.0,PHO,PF,17.0,16.0,25.2,4.8,10.2,0.474,2.6,5.8,0.455,2.2,4.4,0.5,0.604,1.6,1.9,0.818,0.8,3.0,3.8,1.5,0.9,0.4,0.6,1.7,13.9,,2023,0
89.0,Cameron Johnson,26.0,BRK,PF,25.0,25.0,30.8,5.6,12.0,0.468,2.3,6.2,0.372,3.3,5.8,0.572,0.565,3.0,3.5,0.851,0.8,4.0,4.8,2.1,1.4,0.3,1.1,2.2,16.6,,2023,0
90.0,De'Andre Hunter,25.0,ATL,SF,67.0,67.0,31.7,5.7,12.3,0.461,1.5,4.3,0.35,4.2,8.0,0.521,0.522,2.6,3.1,0.826,0.7,3.6,4.2,1.4,0.5,0.3,1.2,3.0,15.4,,2023,0
91.0,Scottie Barnes,21.0,TOR,SF,77.0,76.0,34.8,6.0,13.2,0.456,0.8,2.9,0.281,5.2,10.3,0.505,0.487,2.5,3.2,0.772,2.3,4.3,6.6,4.8,1.1,0.8,2.0,2.2,15.3,,2023,0
92.0,Skylar Mays,25.0,POR,PG,6.0,6.0,31.5,5.7,11.3,0.5,2.0,4.3,0.462,3.7,7.0,0.524,0.588,2.0,2.2,0.923,0.3,2.8,3.2,8.3,1.0,0.2,1.7,1.8,15.3,,2023,0
93.0,Wendell Carter Jr.,23.0,ORL,C,57.0,54.0,29.6,5.6,10.8,0.525,1.4,3.9,0.356,4.2,6.8,0.624,0.591,2.5,3.4,0.738,2.1,6.6,8.7,2.3,0.5,0.6,1.9,2.8,15.2,,2023,0
94.0,Kevin Huerter,24.0,SAC,SG,75.0,75.0,29.4,5.6,11.5,0.485,2.7,6.8,0.402,2.9,4.7,0.604,0.603,1.3,1.7,0.725,0.6,2.8,3.3,2.9,1.1,0.3,1.3,2.4,15.2,,2023,0
95.0,Khris Middleton,31.0,MIL,SF,33.0,19.0,24.3,5.4,12.3,0.436,1.5,4.9,0.315,3.8,7.4,0.516,0.499,2.8,3.1,0.902,0.8,3.4,4.2,4.9,0.7,0.2,2.2,2.1,15.1,,2023,0
96.0,Harrison Barnes,30.0,SAC,PF,82.0,82.0,32.5,4.6,9.6,0.473,1.6,4.3,0.374,3.0,5.3,0.553,0.556,4.3,5.0,0.847,1.1,3.4,4.5,1.6,0.7,0.1,1.0,1.3,15.0,,2023,0
97.0,Malcolm Brogdon,30.0,BOS,PG,67.0,0.0,26.0,5.3,10.9,0.484,2.0,4.4,0.444,3.3,6.5,0.51,0.574,2.4,2.7,0.87,0.6,3.6,4.2,3.7,0.7,0.3,1.5,1.6,14.9,6MOY-1,2023,0
98.0,Immanuel Quickley,23.0,NYK,SG,81.0,21.0,28.9,5.2,11.6,0.448,2.1,5.6,0.37,3.1,6.0,0.521,0.537,2.5,3.1,0.819,0.7,3.4,4.2,3.4,1.0,0.2,1.2,2.0,14.9,6MOY-2,2023,0
99.0,Alperen Şengün,20.0,HOU,C,75.0,72.0,28.9,5.9,10.7,0.553,0.3,0.8,0.333,5.6,9.9,0.57,0.565,2.7,3.8,0.715,3.2,5.8,9.0,3.9,0.9,0.9,2.6,3.4,14.8,,2023,0
100.0,Tobias Harris,30.0,PHI,SF,74.0,74.0,32.9,5.7,11.4,0.501,1.7,4.4,0.389,4.0,7.0,0.57,0.575,1.5,1.7,0.876,0.9,4.8,5.7,2.5,0.9,0.5,1.2,2.0,14.7,,2023,0
101.0,Gordon Hayward,32.0,CHO,SF,50.0,50.0,31.5,5.5,11.6,0.475,1.0,3.2,0.325,4.5,8.4,0.532,0.52,2.6,3.2,0.811,0.7,3.6,4.3,4.1,0.8,0.2,2.0,1.4,14.7,,2023,0
102.0,Trey Murphy III,22.0,NOP,SF,79.0,65.0,31.0,4.9,10.1,0.484,2.6,6.3,0.406,2.3,3.8,0.611,0.61,2.2,2.4,0.905,0.7,2.8,3.6,1.4,1.1,0.5,0.8,2.0,14.5,,2023,0
103.0,Tim Hardaway Jr.,30.0,DAL,SF,71.0,45.0,30.3,4.8,11.9,0.401,3.0,7.7,0.385,1.8,4.2,0.431,0.527,1.8,2.3,0.77,0.3,3.2,3.5,1.8,0.7,0.2,0.8,1.7,14.4,,2023,0
104.0,Jarrett Allen,24.0,CLE,C,68.0,68.0,32.6,5.9,9.2,0.644,0.0,0.1,0.1,5.9,9.1,0.653,0.645,2.4,3.3,0.733,3.3,6.5,9.8,1.7,0.8,1.2,1.4,2.3,14.3,,2023,0
105.0,Dillon Brooks,27.0,MEM,SF,73.0,73.0,30.3,5.4,13.6,0.396,2.0,6.0,0.326,3.4,7.6,0.451,0.468,1.6,2.1,0.779,0.6,2.7,3.3,2.6,0.9,0.2,1.4,3.3,14.3,DEF2,2023,0
106.0,Collin Sexton,24.0,UTA,PG,48.0,15.0,23.9,4.9,9.8,0.506,1.0,2.5,0.393,3.9,7.2,0.546,0.558,3.4,4.1,0.819,0.8,1.4,2.2,2.9,0.6,0.1,1.8,2.3,14.3,,2023,0
107.0,Bobby Portis,27.0,MIL,PF,70.0,22.0,26.0,5.7,11.5,0.496,1.4,3.7,0.37,4.3,7.8,0.555,0.555,1.4,1.8,0.768,2.2,7.4,9.6,1.5,0.4,0.2,1.2,1.6,14.1,6MOY-3,2023,0
108.0,Jonas Valančiūnas,30.0,NOP,C,79.0,79.0,24.9,5.6,10.3,0.547,0.5,1.4,0.349,5.2,8.9,0.577,0.57,2.3,2.8,0.826,2.8,7.3,10.2,1.8,0.3,0.7,2.0,3.1,14.1,,2023,0
109.0,Jalen Williams,21.0,OKC,SG,75.0,62.0,30.3,5.5,10.6,0.521,1.0,2.7,0.356,4.5,7.9,0.579,0.567,2.1,2.5,0.812,1.1,3.4,4.5,3.3,1.4,0.5,1.6,2.5,14.1,ROY-2,2023,0
110.0,Bogdan Bogdanović,30.0,ATL,SG,54.0,9.0,27.9,5.1,11.3,0.447,2.7,6.7,0.406,2.4,4.6,0.506,0.566,1.2,1.4,0.831,0.4,2.6,3.1,2.8,0.8,0.3,1.2,1.6,14.0,,2023,0
111.0,Markelle Fultz,24.0,ORL,PG,60.0,60.0,29.6,5.8,11.3,0.514,0.5,1.5,0.31,5.4,9.9,0.544,0.534,1.9,2.4,0.783,1.2,2.8,3.9,5.7,1.5,0.4,2.3,2.2,14.0,,2023,0
112.0,Chris Paul,37.0,PHO,PG,59.0,59.0,32.0,5.0,11.3,0.44,1.7,4.4,0.375,3.3,6.9,0.482,0.513,2.3,2.7,0.831,0.5,3.8,4.3,8.9,1.5,0.4,1.9,2.1,13.9,,2023,0
113.0,Saddiq Bey,23.0,2TM,SF,77.0,37.0,27.6,4.6,10.9,0.422,2.0,5.4,0.361,2.6,5.4,0.483,0.513,2.7,3.1,0.861,1.3,3.4,4.7,1.5,0.9,0.2,0.9,1.6,13.8,,2023,0
113.0,Saddiq Bey,23.0,DET,SF,52.0,30.0,28.8,4.7,11.7,0.404,1.9,5.6,0.345,2.8,6.0,0.46,0.488,3.5,4.0,0.861,1.1,3.5,4.7,1.6,1.0,0.2,1.0,1.7,14.8,,2023,0
113.0,Saddiq Bey,23.0,ATL,SF,25.0,7.0,25.2,4.3,9.2,0.47,2.0,5.0,0.4,2.3,4.2,0.552,0.578,1.0,1.2,0.862,1.6,3.2,4.8,1.4,0.8,0.0,0.7,1.5,11.6,,2023,0
114.0,Luguentz Dort,23.0,OKC,SF,74.0,73.0,30.7,4.6,11.8,0.388,1.8,5.5,0.33,2.8,6.3,0.44,0.466,2.7,3.5,0.772,1.7,2.9,4.6,2.1,1.0,0.3,1.2,3.3,13.7,,2023,0
115.0,Malik Monk,24.0,SAC,SG,77.0,0.0,22.3,4.6,10.3,0.448,1.9,5.2,0.359,2.8,5.2,0.538,0.538,2.4,2.7,0.889,0.4,2.2,2.6,3.9,0.6,0.3,1.9,1.6,13.5,6MOY-5,2023,0
116.0,Rudy Gobert,30.0,MIN,C,70.0,70.0,30.7,5.1,7.8,0.659,0.0,0.0,0.0,5.1,7.8,0.663,0.659,3.1,4.9,0.644,3.3,8.3,11.6,1.2,0.8,1.4,1.7,3.0,13.4,,2023,0
117.0,Jusuf Nurkić,28.0,POR,C,52.0,52.0,26.8,5.0,9.7,0.519,0.8,2.3,0.361,4.2,7.4,0.567,0.561,2.4,3.7,0.661,2.2,6.9,9.1,2.9,0.8,0.8,2.3,3.6,13.3,,2023,0
118.0,Kris Dunn,28.0,UTA,PG,22.0,3.0,25.8,5.3,9.8,0.537,0.8,1.6,0.472,4.5,8.2,0.55,0.576,1.9,2.4,0.774,0.4,4.1,4.5,5.6,1.1,0.5,1.6,2.6,13.2,,2023,0
119.0,John Collins,25.0,ATL,PF,71.0,71.0,30.0,5.1,10.0,0.508,1.0,3.4,0.292,4.1,6.6,0.619,0.557,2.0,2.5,0.803,1.1,5.4,6.5,1.2,0.6,1.0,1.1,3.1,13.1,,2023,0
120.0,Cole Anthony,22.0,ORL,PG,60.0,4.0,25.9,4.6,10.2,0.454,1.3,3.4,0.364,3.4,6.7,0.5,0.516,2.5,2.8,0.894,0.8,4.0,4.8,3.9,0.6,0.5,1.5,2.6,13.0,,2023,0
121.0,Austin Reaves,24.0,LAL,SG,64.0,22.0,28.8,4.0,7.7,0.529,1.3,3.4,0.398,2.7,4.3,0.631,0.616,3.6,4.1,0.864,0.5,2.5,3.0,3.4,0.5,0.3,1.5,1.7,13.0,6MOY-7,2023,0
122.0,Tre Jones,23.0,SAS,PG,68.0,65.0,29.2,5.0,10.9,0.459,0.7,2.3,0.285,4.4,8.6,0.506,0.489,2.2,2.5,0.86,0.8,2.8,3.6,6.6,1.3,0.1,1.6,1.4,12.9,,2023,0
123.0,Alec Burks,31.0,DET,SG,51.0,8.0,22.0,3.9,9.0,0.436,1.9,4.7,0.414,2.0,4.3,0.459,0.544,3.0,3.7,0.814,0.4,2.7,3.1,2.2,0.7,0.2,1.1,1.9,12.8,,2023,0
124.0,Jabari Smith Jr.,19.0,HOU,PF,79.0,79.0,31.0,4.6,11.3,0.408,1.5,4.9,0.307,3.1,6.3,0.487,0.475,2.1,2.6,0.786,1.5,5.7,7.2,1.3,0.5,0.9,1.3,2.9,12.8,,2023,0
125.0,Malik Beasley,26.0,2TM,SG,81.0,27.0,25.8,4.6,11.6,0.395,2.9,8.1,0.357,1.7,3.4,0.484,0.52,0.6,0.8,0.769,0.4,3.1,3.5,1.5,0.8,0.1,1.1,1.3,12.7,,2023,0
125.0,Malik Beasley,26.0,UTA,SG,55.0,13.0,26.8,4.8,12.2,0.396,3.1,8.6,0.359,1.7,3.6,0.485,0.522,0.7,0.8,0.841,0.5,3.1,3.6,1.7,0.8,0.1,1.1,1.4,13.4,,2023,0
125.0,Malik Beasley,26.0,LAL,SG,26.0,14.0,23.9,4.0,10.3,0.392,2.5,7.2,0.353,1.5,3.1,0.481,0.515,0.5,0.8,0.619,0.3,3.0,3.3,1.2,0.8,0.0,1.2,1.2,11.1,,2023,0
126.0,KJ Martin,22.0,HOU,SF,82.0,49.0,28.0,5.0,8.8,0.569,0.8,2.6,0.315,4.2,6.1,0.679,0.617,1.8,2.7,0.68,1.5,4.0,5.5,1.5,0.5,0.4,1.1,1.8,12.7,,2023,0
127.0,Nic Claxton,23.0,BRK,C,76.0,76.0,29.9,5.4,7.7,0.705,0.0,0.0,0.0,5.4,7.7,0.708,0.705,1.8,3.2,0.541,2.4,6.8,9.2,1.9,0.9,2.5,1.3,2.8,12.6,DPOY-9,2023,0
128.0,Dennis Schröder,29.0,LAL,PG,66.0,50.0,30.1,4.1,9.8,0.415,1.1,3.4,0.329,3.0,6.4,0.461,0.472,3.3,3.8,0.857,0.3,2.2,2.5,4.5,0.8,0.2,1.7,2.2,12.6,,2023,0
129.0,Jakob Poeltl,27.0,2TM,C,72.0,71.0,26.5,5.4,8.6,0.629,0.0,0.0,0.0,5.4,8.6,0.63,0.629,1.7,2.8,0.592,3.3,5.8,9.1,2.7,0.9,1.2,1.7,2.7,12.5,,2023,0
129.0,Jakob Poeltl,27.0,SAS,C,46.0,46.0,26.1,5.2,8.4,0.616,0.0,0.0,0.0,5.2,8.4,0.618,0.616,1.7,2.8,0.605,3.3,5.7,9.0,3.1,0.8,1.1,2.1,2.6,12.1,,2023,0
129.0,Jakob Poeltl,27.0,TOR,C,26.0,25.0,27.2,5.8,8.8,0.652,0.0,0.0,,5.8,8.8,0.652,0.652,1.6,2.8,0.569,3.2,5.9,9.1,2.2,1.2,1.3,1.1,3.0,13.1,,2023,0
130.0,Mac McClung,24.0,PHI,SG,2.0,0.0,20.5,4.5,10.0,0.45,2.0,5.5,0.364,2.5,4.5,0.556,0.55,1.5,2.5,0.6,1.5,3.5,5.0,4.5,0.0,0.0,1.5,1.5,12.5,,2023,0
131.0,Kelly Olynyk,31.0,UTA,C,68.0,68.0,28.6,4.1,8.2,0.499,1.4,3.5,0.394,2.7,4.7,0.576,0.583,2.9,3.4,0.853,1.2,5.0,6.2,3.7,0.9,0.5,2.5,3.4,12.5,,2023,0
132.0,Eric Gordon,34.0,2TM,SG,69.0,58.0,28.5,4.2,9.5,0.446,1.9,5.2,0.371,2.3,4.3,0.535,0.547,2.1,2.5,0.821,0.2,1.7,1.9,2.7,0.6,0.4,1.5,1.1,12.4,,2023,0
132.0,Eric Gordon,34.0,HOU,SG,47.0,47.0,30.2,4.5,10.2,0.439,1.8,5.2,0.347,2.7,5.0,0.536,0.528,2.3,2.9,0.815,0.3,1.8,2.1,2.9,0.6,0.4,1.8,1.0,13.1,,2023,0
132.0,Eric Gordon,34.0,LAC,SG,22.0,11.0,24.9,3.7,8.0,0.463,2.1,5.0,0.423,1.5,2.9,0.531,0.597,1.5,1.7,0.842,0.2,1.5,1.7,2.1,0.6,0.4,1.0,1.5,11.0,,2023,0
133.0,Derrick White,28.0,BOS,SG,82.0,70.0,28.3,4.3,9.2,0.462,1.8,4.8,0.381,2.5,4.5,0.548,0.56,2.0,2.3,0.875,0.6,2.9,3.6,3.9,0.7,0.9,1.2,2.2,12.4,DEF2,2023,0
134.0,Keegan Murray,22.0,SAC,SF,80.0,78.0,29.8,4.4,9.8,0.453,2.6,6.3,0.411,1.9,3.5,0.527,0.584,0.8,1.0,0.765,1.1,3.5,4.6,1.2,0.8,0.5,0.8,2.0,12.2,ROY-5,2023,0
135.0,Caris LeVert,28.0,CLE,SG,74.0,30.0,30.2,4.3,10.0,0.431,1.7,4.4,0.392,2.6,5.6,0.462,0.517,1.8,2.4,0.722,0.7,3.1,3.8,3.9,1.0,0.3,1.6,2.3,12.1,,2023,0
136.0,Jaden McDaniels,22.0,MIN,SF,79.0,79.0,30.6,4.7,9.1,0.517,1.4,3.4,0.398,3.3,5.7,0.588,0.591,1.3,1.8,0.736,1.2,2.7,3.9,1.9,0.9,1.0,1.4,3.4,12.1,,2023,0
137.0,Marvin Bagley III,23.0,DET,C,42.0,25.0,23.6,4.8,9.1,0.529,0.5,1.6,0.288,4.4,7.5,0.579,0.554,1.9,2.6,0.75,2.2,4.2,6.4,0.9,0.5,0.7,1.1,1.9,12.0,,2023,0
138.0,Clint Capela,28.0,ATL,C,65.0,63.0,26.6,5.4,8.2,0.653,0.0,0.0,0.0,5.4,8.2,0.654,0.653,1.2,2.0,0.603,4.0,7.1,11.0,0.9,0.7,1.2,0.8,2.1,12.0,,2023,0
139.0,Mike Conley,35.0,2TM,PG,67.0,66.0,30.3,3.9,9.1,0.428,2.0,5.2,0.385,1.9,3.9,0.486,0.539,2.1,2.5,0.834,0.5,2.2,2.7,6.7,1.1,0.2,1.5,2.1,11.9,,2023,0
139.0,Mike Conley,35.0,UTA,PG,43.0,42.0,29.7,3.6,8.7,0.408,1.8,5.0,0.362,1.8,3.8,0.469,0.511,1.8,2.2,0.813,0.4,2.1,2.5,7.7,1.0,0.2,1.7,2.2,10.7,,2023,0
139.0,Mike Conley,35.0,MIN,PG,24.0,24.0,31.4,4.5,9.8,0.46,2.4,5.8,0.42,2.1,4.0,0.515,0.583,2.6,3.0,0.863,0.7,2.5,3.1,5.0,1.2,0.2,1.2,1.9,14.0,,2023,0
140.0,Bones Hyland,22.0,2TM,PG,56.0,1.0,19.4,4.1,10.2,0.399,2.1,5.6,0.371,2.0,4.6,0.434,0.502,1.5,1.8,0.843,0.4,2.1,2.4,3.1,0.7,0.3,1.5,1.7,11.8,,2023,0
140.0,Bones Hyland,22.0,DEN,PG,42.0,1.0,19.5,4.1,10.3,0.399,2.2,5.7,0.378,2.0,4.6,0.425,0.503,1.7,2.0,0.866,0.2,1.8,2.0,3.0,0.7,0.3,1.6,1.6,12.1,,2023,0
140.0,Bones Hyland,22.0,LAC,PG,14.0,0.0,18.9,3.9,9.8,0.401,1.9,5.3,0.351,2.1,4.5,0.46,0.496,1.1,1.4,0.75,0.7,2.8,3.5,3.4,0.8,0.1,1.1,2.1,10.8,,2023,0
141.0,Lonnie Walker IV,24.0,LAL,SG,56.0,32.0,23.2,4.2,9.4,0.448,1.6,4.4,0.365,2.6,5.0,0.522,0.534,1.6,1.9,0.858,0.3,1.7,1.9,1.1,0.5,0.3,0.8,1.3,11.7,,2023,0
142.0,Zach Collins,25.0,SAS,C,63.0,26.0,22.9,4.5,8.7,0.518,0.9,2.3,0.374,3.6,6.4,0.571,0.568,1.7,2.3,0.761,1.8,4.5,6.4,2.9,0.6,0.8,2.0,3.2,11.6,,2023,0
143.0,Bruce Brown,26.0,DEN,SF,80.0,31.0,28.5,4.5,9.3,0.483,1.1,3.2,0.358,3.3,6.1,0.548,0.545,1.5,1.9,0.758,0.8,3.3,4.1,3.4,1.1,0.6,1.5,2.4,11.5,,2023,0
144.0,Naz Reid,23.0,MIN,C,68.0,11.0,18.4,4.6,8.5,0.537,1.1,3.2,0.346,3.5,5.3,0.653,0.602,1.3,1.9,0.677,1.1,3.8,4.9,1.1,0.6,0.8,1.4,2.6,11.5,,2023,0
145.0,Marcus Smart,28.0,BOS,PG,61.0,61.0,32.1,4.1,9.9,0.415,1.9,5.6,0.336,2.2,4.3,0.519,0.511,1.4,1.9,0.746,0.8,2.4,3.1,6.3,1.5,0.4,2.3,2.8,11.5,,2023,0
146.0,Max Strus,26.0,MIA,SF,80.0,33.0,28.4,4.1,9.9,0.41,2.5,7.0,0.35,1.6,2.8,0.559,0.535,1.0,1.1,0.876,0.6,2.6,3.2,2.1,0.5,0.2,0.9,2.1,11.5,,2023,0
147.0,John Wall,32.0,LAC,PG,34.0,3.0,22.2,4.1,9.9,0.408,1.0,3.2,0.303,3.1,6.7,0.459,0.457,2.3,3.3,0.681,0.4,2.3,2.7,5.2,0.8,0.4,2.4,1.7,11.4,,2023,0
148.0,Quentin Grimes,22.0,NYK,SG,71.0,66.0,29.9,4.0,8.5,0.468,2.2,5.7,0.386,1.8,2.7,0.641,0.599,1.1,1.4,0.796,0.7,2.5,3.2,2.1,0.7,0.4,1.0,2.5,11.3,,2023,0
149.0,Isaiah Stewart,21.0,DET,C,50.0,47.0,28.3,3.9,8.8,0.442,1.3,4.1,0.327,2.6,4.7,0.542,0.518,2.2,3.0,0.738,2.3,5.8,8.1,1.4,0.4,0.7,1.4,2.7,11.3,,2023,0
150.0,Rui Hachimura,24.0,2TM,PF,63.0,9.0,23.3,4.5,9.3,0.486,0.8,2.5,0.319,3.7,6.7,0.55,0.53,1.4,1.9,0.739,0.8,3.7,4.5,0.9,0.3,0.4,0.8,1.1,11.2,,2023,0
150.0,Rui Hachimura,24.0,WAS,PF,30.0,0.0,24.3,5.3,10.8,0.488,1.0,3.0,0.337,4.3,7.8,0.545,0.534,1.5,1.9,0.759,0.6,3.6,4.3,1.2,0.4,0.4,1.2,1.3,13.0,,2023,0
150.0,Rui Hachimura,24.0,LAL,PF,33.0,9.0,22.4,3.8,7.9,0.485,0.6,2.2,0.296,3.2,5.7,0.556,0.525,1.3,1.8,0.721,1.0,3.7,4.7,0.7,0.2,0.4,0.5,1.0,9.6,,2023,0
151.0,Kyle Lowry,36.0,MIA,PG,55.0,44.0,31.2,3.6,8.8,0.404,1.9,5.6,0.345,1.6,3.2,0.509,0.514,2.1,2.5,0.859,0.8,3.3,4.1,5.1,1.0,0.4,1.9,2.6,11.2,,2023,0
152.0,Marcus Morris,33.0,LAC,PF,65.0,65.0,28.1,4.2,9.9,0.426,1.7,4.7,0.364,2.5,5.2,0.484,0.513,1.0,1.3,0.782,0.4,3.5,4.0,1.8,0.6,0.3,0.9,2.1,11.2,,2023,0
153.0,Corey Kispert,23.0,WAS,SF,74.0,45.0,28.3,3.9,7.9,0.497,2.2,5.2,0.424,1.7,2.7,0.637,0.637,1.0,1.2,0.852,0.4,2.4,2.8,1.2,0.4,0.1,0.7,1.3,11.1,,2023,0
154.0,Jeremy Sochan,19.0,SAS,PF,56.0,53.0,26.0,4.5,9.9,0.453,0.6,2.4,0.246,3.9,7.5,0.519,0.483,1.4,2.1,0.698,1.7,3.6,5.3,2.5,0.8,0.4,1.7,2.5,11.0,,2023,0
155.0,Mason Plumlee,32.0,2TM,C,79.0,60.0,26.0,4.2,6.1,0.68,0.0,0.0,,4.2,6.1,0.68,0.68,2.5,4.0,0.636,2.9,6.0,8.9,3.1,0.6,0.6,1.5,2.7,10.8,,2023,0
155.0,Mason Plumlee,32.0,CHO,C,56.0,56.0,28.5,4.7,7.1,0.669,0.0,0.0,,4.7,7.1,0.669,0.669,2.8,4.6,0.605,3.3,6.3,9.7,3.7,0.6,0.6,1.6,2.9,12.2,,2023,0
155.0,Mason Plumlee,32.0,LAC,C,23.0,4.0,19.9,2.8,3.8,0.727,0.0,0.0,,2.8,3.8,0.727,0.727,1.9,2.5,0.772,1.8,5.1,6.9,1.7,0.5,0.5,1.3,2.4,7.5,,2023,0
156.0,Kentavious Caldwell-Pope,29.0,DEN,SG,76.0,76.0,31.3,3.8,8.3,0.462,1.8,4.2,0.423,2.1,4.1,0.502,0.569,1.4,1.6,0.824,0.5,2.3,2.7,2.4,1.5,0.5,1.1,1.9,10.8,,2023,0
157.0,Jaylen Nowell,23.0,MIN,SG,65.0,2.0,19.3,4.3,9.6,0.448,1.0,3.6,0.289,3.3,6.0,0.542,0.502,1.2,1.5,0.778,0.6,2.1,2.6,2.0,0.6,0.1,1.0,1.6,10.8,,2023,0
158.0,Ivica Zubac,25.0,LAC,C,76.0,76.0,28.6,4.3,6.8,0.634,0.0,0.0,0.0,4.3,6.7,0.637,0.634,2.2,3.1,0.697,3.1,6.8,9.9,1.0,0.4,1.3,1.5,2.9,10.8,,2023,0
159.0,Talen Horton-Tucker,22.0,UTA,SG,65.0,20.0,20.2,4.0,9.4,0.419,0.9,3.1,0.286,3.1,6.3,0.485,0.467,1.9,2.6,0.75,0.6,2.6,3.2,3.8,0.6,0.4,1.9,1.7,10.7,,2023,0
160.0,Victor Oladipo,30.0,MIA,SG,42.0,2.0,26.3,3.8,9.6,0.397,1.7,5.0,0.33,2.1,4.5,0.471,0.484,1.4,1.9,0.747,0.4,2.7,3.0,3.5,1.4,0.3,2.1,2.4,10.7,,2023,0
161.0,Cam Thomas,21.0,BRK,SG,57.0,4.0,16.6,3.5,8.0,0.441,0.9,2.3,0.383,2.6,5.7,0.464,0.497,2.6,3.1,0.868,0.1,1.5,1.7,1.4,0.4,0.1,1.1,1.0,10.6,,2023,0
162.0,Jeenathan Williams,23.0,POR,SG,5.0,4.0,25.4,4.8,7.8,0.615,0.6,1.6,0.375,4.2,6.2,0.677,0.654,0.4,0.6,0.667,2.0,1.0,3.0,2.0,0.6,0.4,0.8,2.6,10.6,,2023,0
163.0,Moritz Wagner,25.0,ORL,C,57.0,18.0,19.5,3.5,6.9,0.5,0.9,2.9,0.313,2.6,4.1,0.631,0.564,2.7,3.2,0.841,1.2,3.3,4.5,1.5,0.6,0.2,1.2,2.4,10.5,,2023,0
164.0,Grayson Allen,27.0,MIL,SG,72.0,70.0,27.4,3.4,7.7,0.44,2.0,5.1,0.399,1.4,2.7,0.518,0.571,1.6,1.8,0.905,0.8,2.4,3.3,2.3,0.9,0.2,1.0,1.6,10.4,,2023,0
165.0,Killian Hayes,21.0,DET,PG,76.0,56.0,28.3,4.0,10.7,0.377,1.1,3.8,0.28,3.0,7.0,0.429,0.426,1.2,1.5,0.821,0.4,2.5,2.9,6.2,1.4,0.4,2.3,2.9,10.3,,2023,0
166.0,Tyus Jones,26.0,MEM,PG,80.0,22.0,24.3,3.9,8.9,0.438,1.5,4.1,0.371,2.4,4.8,0.495,0.523,1.0,1.3,0.8,0.4,2.2,2.5,5.2,1.0,0.1,0.9,0.4,10.3,6MOY-6,2023,0
167.0,Monte Morris,27.0,WAS,PG,62.0,61.0,27.3,4.0,8.3,0.48,1.3,3.3,0.382,2.7,5.0,0.543,0.555,1.0,1.2,0.831,0.4,3.0,3.4,5.3,0.7,0.2,1.0,1.2,10.3,,2023,0
168.0,Cameron Payne,28.0,PHO,PG,48.0,15.0,20.2,3.9,9.4,0.415,1.4,3.9,0.368,2.5,5.6,0.448,0.49,1.0,1.3,0.766,0.3,2.0,2.2,4.5,0.7,0.2,1.7,1.8,10.3,,2023,0
169.0,Reggie Jackson,32.0,2TM,PG,68.0,40.0,24.4,3.9,9.4,0.411,1.4,4.2,0.333,2.5,5.2,0.474,0.486,1.0,1.1,0.91,0.4,1.8,2.1,3.4,0.7,0.1,1.7,1.7,10.2,,2023,0
169.0,Reggie Jackson,32.0,LAC,PG,52.0,38.0,25.7,4.1,9.8,0.418,1.5,4.2,0.35,2.6,5.6,0.469,0.493,1.2,1.3,0.924,0.4,1.8,2.2,3.5,0.7,0.1,1.8,1.8,10.9,,2023,0
169.0,Reggie Jackson,32.0,DEN,PG,16.0,2.0,19.9,3.1,8.0,0.383,1.2,4.3,0.279,1.9,3.8,0.5,0.457,0.6,0.8,0.833,0.2,1.6,1.8,3.1,0.6,0.1,1.2,1.4,7.9,,2023,0
170.0,Malaki Branham,19.0,SAS,SG,66.0,32.0,23.5,4.1,9.3,0.44,1.2,3.9,0.302,2.9,5.4,0.539,0.503,0.9,1.1,0.829,0.4,2.3,2.7,1.9,0.5,0.1,1.2,1.7,10.2,,2023,0
171.0,Doug McDermott,31.0,SAS,SF,64.0,0.0,20.5,3.7,8.2,0.457,1.9,4.7,0.413,1.8,3.5,0.516,0.575,0.8,1.1,0.757,0.4,1.8,2.2,1.4,0.2,0.1,0.9,1.8,10.2,,2023,0
172.0,Patrick Williams,21.0,CHI,PF,82.0,65.0,28.3,3.8,8.3,0.464,1.4,3.4,0.415,2.4,4.9,0.498,0.549,1.1,1.3,0.857,1.0,3.0,4.0,1.2,0.9,0.9,1.2,1.8,10.2,,2023,0
173.0,Josh Richardson,29.0,2TM,SG,65.0,10.0,23.5,3.7,8.5,0.431,1.6,4.5,0.365,2.0,4.0,0.506,0.528,1.1,1.2,0.852,0.6,2.1,2.7,2.7,1.1,0.3,1.3,1.8,10.1,,2023,0
173.0,Josh Richardson,29.0,SAS,SG,42.0,6.0,23.7,4.2,9.7,0.436,1.8,4.9,0.357,2.5,4.7,0.518,0.527,1.3,1.4,0.883,0.7,2.1,2.8,3.3,1.0,0.3,1.5,1.7,11.5,,2023,0
173.0,Josh Richardson,29.0,NOP,SG,23.0,4.0,23.2,2.7,6.4,0.419,1.4,3.7,0.384,1.3,2.7,0.468,0.53,0.7,0.9,0.762,0.5,2.0,2.4,1.6,1.3,0.4,1.0,2.0,7.5,,2023,0
174.0,De'Anthony Melton,24.0,PHI,SG,77.0,58.0,27.9,3.6,8.5,0.425,2.0,5.2,0.39,1.6,3.2,0.484,0.546,0.9,1.1,0.793,0.9,3.2,4.1,2.6,1.6,0.5,1.3,2.5,10.1,,2023,0
175.0,Aaron Nesmith,23.0,IND,SF,73.0,60.0,24.9,3.5,8.1,0.427,1.6,4.3,0.366,1.9,3.8,0.496,0.525,1.6,1.9,0.838,0.8,2.9,3.8,1.3,0.8,0.5,1.0,3.2,10.1,,2023,0
176.0,James Wiseman,21.0,2TM,C,45.0,22.0,19.3,4.2,7.5,0.558,0.1,0.4,0.2,4.1,7.1,0.58,0.563,1.5,2.2,0.701,1.6,4.3,5.9,0.7,0.2,0.6,1.1,2.4,10.0,,2023,0
176.0,James Wiseman,21.0,GSW,C,21.0,0.0,12.5,2.8,4.5,0.628,0.0,0.1,0.5,2.8,4.4,0.63,0.633,1.2,1.8,0.684,0.9,2.6,3.5,0.7,0.1,0.3,0.7,1.9,6.9,,2023,0
176.0,James Wiseman,21.0,DET,C,24.0,22.0,25.2,5.4,10.2,0.531,0.1,0.8,0.167,5.3,9.5,0.559,0.537,1.8,2.5,0.712,2.3,5.8,8.1,0.7,0.2,0.8,1.5,2.9,12.7,,2023,0
177.0,Brandon Clarke,26.0,MEM,PF,56.0,8.0,19.5,4.1,6.2,0.656,0.0,0.1,0.167,4.1,6.1,0.665,0.658,1.8,2.4,0.723,1.6,3.9,5.5,1.3,0.6,0.7,1.0,2.3,10.0,,2023,0
178.0,Jonathan Kuminga,20.0,GSW,PF,67.0,16.0,20.8,3.9,7.4,0.525,0.8,2.2,0.37,3.1,5.2,0.59,0.579,1.3,2.1,0.652,1.0,2.4,3.4,1.9,0.6,0.5,1.4,2.3,9.9,,2023,0
179.0,Onyeka Okongwu,22.0,ATL,C,80.0,18.0,23.1,4.0,6.2,0.638,0.1,0.2,0.308,3.9,6.1,0.647,0.642,1.9,2.5,0.781,2.7,4.5,7.2,1.0,0.7,1.3,1.0,3.1,9.9,,2023,0
180.0,Luka Šamanić,23.0,UTA,PF,7.0,4.0,23.0,3.7,8.1,0.456,1.1,4.4,0.258,2.6,3.7,0.692,0.526,1.3,1.9,0.692,0.0,4.3,4.3,2.1,0.9,0.3,1.4,2.4,9.9,,2023,0
181.0,Shaedon Sharpe,19.0,POR,SG,80.0,15.0,22.2,3.8,8.1,0.472,1.3,3.5,0.36,2.6,4.6,0.559,0.551,0.9,1.3,0.714,0.8,2.2,3.0,1.2,0.5,0.3,1.0,1.7,9.9,,2023,0
182.0,Jalen Suggs,21.0,ORL,SG,53.0,19.0,23.5,3.5,8.4,0.419,1.2,3.8,0.327,2.3,4.6,0.496,0.493,1.6,2.2,0.723,1.0,2.0,3.0,2.9,1.3,0.5,1.8,2.3,9.9,,2023,0
183.0,Thomas Bryant,25.0,2TM,C,59.0,26.0,18.3,3.9,6.3,0.623,0.4,1.0,0.441,3.5,5.3,0.658,0.659,1.6,2.1,0.738,1.5,4.3,5.7,0.5,0.3,0.5,0.6,1.7,9.8,,2023,0
183.0,Thomas Bryant,25.0,LAL,C,41.0,25.0,21.4,4.8,7.3,0.654,0.5,1.2,0.44,4.3,6.1,0.697,0.691,2.0,2.6,0.741,1.6,5.2,6.8,0.7,0.3,0.6,0.7,1.9,12.1,,2023,0
183.0,Thomas Bryant,25.0,DEN,C,18.0,1.0,11.4,1.8,3.8,0.485,0.2,0.5,0.444,1.6,3.3,0.492,0.515,0.7,1.0,0.722,1.1,2.3,3.3,0.1,0.1,0.4,0.6,1.4,4.6,,2023,0
184.0,Josh Hart,27.0,2TM,SF,76.0,52.0,32.3,3.6,6.8,0.529,0.8,2.2,0.372,2.8,4.7,0.601,0.588,1.7,2.3,0.75,1.9,5.9,7.8,3.8,1.2,0.3,1.5,2.6,9.8,,2023,0
184.0,Josh Hart,27.0,POR,SF,51.0,51.0,33.4,3.6,7.1,0.504,0.7,2.2,0.304,2.9,4.9,0.594,0.551,1.7,2.3,0.731,1.9,6.3,8.2,3.9,1.1,0.2,1.5,2.6,9.5,,2023,0
184.0,Josh Hart,27.0,NYK,SF,25.0,1.0,30.0,3.7,6.3,0.586,1.1,2.1,0.519,2.6,4.2,0.619,0.672,1.8,2.3,0.789,1.9,5.2,7.0,3.6,1.4,0.5,1.5,2.5,10.2,,2023,0
185.0,Al Horford,36.0,BOS,C,63.0,63.0,30.5,3.6,7.6,0.476,2.3,5.2,0.446,1.3,2.4,0.539,0.627,0.2,0.3,0.714,1.2,5.0,6.2,3.0,0.5,1.0,0.6,1.9,9.8,,2023,0
186.0,Herbert Jones,24.0,NOP,PF,66.0,66.0,29.6,3.6,7.6,0.469,0.8,2.5,0.335,2.7,5.1,0.536,0.525,1.9,2.4,0.764,1.5,2.6,4.1,2.5,1.6,0.6,1.3,3.2,9.8,,2023,0
187.0,Julian Champagnie,21.0,2TM,SF,17.0,3.0,18.8,3.5,7.6,0.454,1.9,4.8,0.402,1.5,2.8,0.542,0.581,0.8,1.0,0.824,0.6,2.9,3.5,0.6,0.4,0.3,0.6,1.5,9.7,,2023,0
187.0,Julian Champagnie,21.0,PHI,SF,2.0,0.0,3.5,0.0,1.0,0.0,0.0,0.5,0.0,0.0,0.5,0.0,0.0,0.0,0.0,,0.0,0.0,0.0,0.0,0.5,0.0,0.0,0.0,0.0,,2023,0
187.0,Julian Champagnie,21.0,SAS,SF,15.0,3.0,20.9,3.9,8.5,0.461,2.2,5.4,0.407,1.7,3.1,0.553,0.59,0.9,1.1,0.824,0.7,3.3,4.0,0.7,0.3,0.3,0.7,1.7,11.0,,2023,0
188.0,Cam Reddish,23.0,2TM,SF,40.0,20.0,24.8,3.5,7.8,0.446,1.1,3.6,0.313,2.4,4.2,0.56,0.518,1.6,1.9,0.853,0.5,1.8,2.2,1.4,1.0,0.4,1.2,1.8,9.7,,2023,0
188.0,Cam Reddish,23.0,NYK,SF,20.0,8.0,21.9,3.1,6.8,0.449,0.9,2.8,0.304,2.2,4.0,0.55,0.511,1.5,1.7,0.879,0.4,1.2,1.6,1.0,0.8,0.4,0.8,1.6,8.4,,2023,0
188.0,Cam Reddish,23.0,POR,SF,20.0,12.0,27.6,3.9,8.8,0.443,1.4,4.4,0.318,2.5,4.4,0.568,0.523,1.8,2.1,0.833,0.6,2.3,2.9,1.9,1.2,0.3,1.6,2.0,11.0,,2023,0
189.0,Keita Bates-Diop,27.0,SAS,PF,67.0,42.0,21.7,3.5,6.9,0.508,0.8,2.1,0.394,2.7,4.8,0.557,0.568,1.8,2.2,0.793,1.0,2.7,3.7,1.5,0.7,0.3,0.8,0.9,9.7,,2023,0
190.0,Coby White,22.0,CHI,SG,74.0,2.0,23.4,3.6,8.0,0.443,1.7,4.6,0.372,1.8,3.4,0.54,0.551,0.8,0.9,0.871,0.2,2.6,2.9,2.8,0.7,0.1,1.0,1.6,9.7,,2023,0
191.0,Caleb Martin,27.0,MIA,SF,71.0,49.0,29.3,3.6,7.7,0.464,1.2,3.3,0.356,2.4,4.4,0.545,0.54,1.3,1.6,0.805,1.2,3.6,4.8,1.6,1.0,0.4,1.1,2.0,9.6,,2023,0
192.0,Isaiah Joe,23.0,OKC,SG,73.0,10.0,19.1,3.1,7.0,0.441,2.2,5.4,0.409,0.9,1.6,0.553,0.599,1.1,1.4,0.82,0.4,2.0,2.4,1.2,0.7,0.1,0.5,1.4,9.5,,2023,0
193.0,Andrew Nembhard,23.0,IND,SG,75.0,63.0,27.6,3.8,8.6,0.441,1.2,3.5,0.35,2.6,5.1,0.504,0.512,0.7,0.8,0.79,0.5,2.2,2.7,4.5,0.9,0.2,1.7,2.4,9.5,,2023,0
194.0,Jalen McDaniels,25.0,2TM,SF,80.0,24.0,23.9,3.5,7.7,0.455,1.0,2.9,0.332,2.6,4.8,0.53,0.518,1.5,1.7,0.841,0.8,3.5,4.3,1.6,1.0,0.4,1.2,2.6,9.4,,2023,0
194.0,Jalen McDaniels,25.0,CHO,SF,56.0,21.0,26.7,3.9,8.8,0.447,1.2,3.6,0.322,2.8,5.2,0.534,0.513,1.6,1.9,0.846,0.8,4.0,4.8,2.0,1.2,0.5,1.4,2.8,10.6,,2023,0
194.0,Jalen McDaniels,25.0,PHI,SF,24.0,3.0,17.5,2.5,5.1,0.488,0.5,1.3,0.4,2.0,3.9,0.516,0.537,1.2,1.4,0.824,0.8,2.4,3.2,0.8,0.7,0.2,0.5,2.1,6.7,,2023,0
195.0,Kyle Anderson,29.0,MIN,PF,69.0,46.0,28.4,3.7,7.2,0.509,0.6,1.5,0.41,3.0,5.7,0.536,0.553,1.4,2.0,0.735,1.0,4.4,5.3,4.9,1.1,0.9,1.5,2.1,9.4,,2023,0
196.0,Chris Boucher,30.0,TOR,PF,76.0,0.0,20.0,3.4,7.0,0.493,0.8,2.5,0.328,2.6,4.5,0.585,0.552,1.7,2.2,0.762,2.1,3.5,5.5,0.4,0.6,0.8,0.5,1.9,9.4,,2023,0
197.0,Donte DiVincenzo,26.0,GSW,SG,72.0,36.0,26.3,3.3,7.5,0.435,2.1,5.3,0.397,1.2,2.3,0.525,0.574,0.8,1.0,0.817,1.1,3.4,4.5,3.5,1.3,0.1,1.6,1.8,9.4,,2023,0
198.0,Jalen Smith,22.0,IND,C,68.0,31.0,18.8,3.6,7.5,0.476,0.8,2.8,0.283,2.8,4.7,0.593,0.53,1.5,2.0,0.759,1.9,3.9,5.8,1.0,0.3,0.9,1.1,2.3,9.4,,2023,0
199.0,Gabe Vincent,26.0,MIA,PG,68.0,34.0,25.9,3.4,8.3,0.402,1.7,5.1,0.334,1.6,3.2,0.512,0.505,1.0,1.1,0.872,0.4,1.7,2.1,2.5,0.9,0.1,1.4,2.3,9.4,,2023,0
200.0,Luke Kennard,26.0,2TM,SG,59.0,14.0,22.3,3.2,6.5,0.492,2.3,4.6,0.494,0.9,1.9,0.487,0.666,0.6,0.7,0.949,0.3,2.4,2.7,1.5,0.5,0.1,0.8,1.4,9.3,,2023,0
200.0,Luke Kennard,26.0,LAC,SG,35.0,11.0,20.7,2.8,6.0,0.464,1.7,3.8,0.447,1.1,2.3,0.494,0.604,0.5,0.6,0.95,0.2,2.2,2.4,1.1,0.5,0.1,0.9,1.3,7.8,,2023,0
200.0,Luke Kennard,26.0,MEM,SG,24.0,3.0,24.6,3.8,7.1,0.526,3.1,5.7,0.54,0.7,1.4,0.471,0.743,0.8,0.8,0.947,0.4,2.8,3.1,2.3,0.5,0.0,0.7,1.5,11.3,,2023,0
201.0,Hamidou Diallo,24.0,DET,SF,56.0,0.0,17.8,3.8,6.7,0.573,0.1,0.4,0.238,3.8,6.3,0.593,0.58,1.6,2.6,0.588,1.0,2.4,3.5,1.0,0.9,0.3,1.3,2.2,9.3,,2023,0
202.0,Tari Eason,21.0,HOU,PF,82.0,5.0,21.5,3.6,8.0,0.448,0.7,2.1,0.343,2.9,6.0,0.486,0.493,1.3,1.8,0.752,2.4,3.7,6.0,1.1,1.2,0.6,1.2,2.3,9.3,,2023,0
203.0,Precious Achiuwa,23.0,TOR,C,55.0,12.0,20.7,3.6,7.3,0.485,0.5,2.0,0.269,3.0,5.4,0.564,0.521,1.6,2.3,0.702,1.8,4.1,6.0,0.9,0.6,0.5,1.1,1.9,9.2,,2023,0
204.0,Deni Avdija,22.0,WAS,SF,76.0,40.0,26.6,3.3,7.6,0.437,0.9,3.1,0.297,2.4,4.6,0.53,0.497,1.6,2.2,0.739,1.0,5.4,6.4,2.8,0.9,0.4,1.6,2.8,9.2,,2023,0
205.0,Seth Curry,32.0,BRK,SG,61.0,7.0,19.9,3.4,7.4,0.463,1.5,3.8,0.405,1.9,3.6,0.525,0.568,0.8,0.9,0.927,0.2,1.4,1.6,1.6,0.6,0.1,0.8,1.6,9.2,,2023,0
206.0,Walker Kessler,21.0,UTA,C,74.0,40.0,23.0,4.0,5.6,0.72,0.0,0.0,0.333,4.0,5.6,0.723,0.721,1.1,2.1,0.516,3.1,5.3,8.4,0.9,0.4,2.3,0.8,2.3,9.2,ROY-3,2023,0
207.0,Bol Bol,23.0,ORL,PF,70.0,33.0,21.5,3.7,6.8,0.546,0.4,1.6,0.265,3.3,5.2,0.633,0.577,1.2,1.5,0.759,1.0,4.8,5.8,1.0,0.4,1.2,1.6,1.3,9.1,,2023,0
208.0,Jalen Duren,19.0,DET,C,67.0,31.0,24.9,3.9,5.9,0.648,0.0,0.0,0.0,3.9,5.9,0.652,0.648,1.4,2.3,0.611,3.4,5.5,8.9,1.1,0.7,0.9,1.4,2.7,9.1,,2023,0
209.0,Josh Green,22.0,DAL,SG,60.0,21.0,25.7,3.4,6.4,0.537,1.1,2.8,0.402,2.3,3.6,0.643,0.626,1.1,1.6,0.723,0.9,2.1,3.0,1.7,0.7,0.1,1.2,2.6,9.1,,2023,0
210.0,Naji Marshall,25.0,NOP,SF,77.0,21.0,23.3,3.2,7.4,0.433,0.9,2.8,0.303,2.4,4.6,0.513,0.49,1.8,2.3,0.789,0.6,3.0,3.6,2.5,0.7,0.2,1.3,1.5,9.1,,2023,0
211.0,Taurean Prince,28.0,MIN,PF,54.0,4.0,22.1,3.3,7.0,0.467,1.4,3.6,0.381,1.9,3.4,0.557,0.565,1.2,1.4,0.844,0.3,2.2,2.4,1.6,0.5,0.3,1.3,2.3,9.1,,2023,0
212.0,Jae'Sean Tate,27.0,HOU,SF,31.0,7.0,21.8,3.5,7.4,0.48,0.4,1.5,0.283,3.1,5.9,0.53,0.509,1.6,2.2,0.725,1.3,2.5,3.8,2.7,0.7,0.2,1.5,3.4,9.1,,2023,0
213.0,Santi Aldama,22.0,MEM,PF,77.0,20.0,21.8,3.2,6.8,0.47,1.2,3.5,0.353,2.0,3.4,0.591,0.56,1.4,1.9,0.75,1.1,3.7,4.8,1.3,0.6,0.6,0.8,1.9,9.0,,2023,0
214.0,Jose Alvarado,24.0,NOP,PG,61.0,10.0,21.5,3.3,8.0,0.411,1.4,4.0,0.336,1.9,4.0,0.488,0.496,1.1,1.3,0.813,0.5,1.9,2.3,3.0,1.1,0.2,1.3,2.0,9.0,,2023,0
215.0,Daniel Gafford,24.0,WAS,C,78.0,47.0,20.6,3.7,5.1,0.732,0.0,0.0,,3.7,5.1,0.732,0.732,1.6,2.4,0.679,2.1,3.5,5.6,1.1,0.4,1.3,1.1,2.4,9.0,,2023,0
216.0,Mark Williams,21.0,CHO,C,43.0,17.0,19.3,3.7,5.8,0.637,0.0,0.0,,3.7,5.8,0.637,0.637,1.6,2.3,0.691,2.2,4.9,7.1,0.4,0.7,1.0,0.9,2.2,9.0,,2023,0
217.0,AJ Griffin,19.0,ATL,SF,72.0,12.0,19.5,3.4,7.4,0.465,1.4,3.6,0.39,2.0,3.8,0.536,0.56,0.6,0.7,0.894,0.5,1.6,2.1,1.0,0.6,0.2,0.6,1.2,8.9,,2023,0
218.0,Jaden Hardy,20.0,DAL,SG,48.0,5.0,14.8,3.0,6.9,0.438,1.3,3.3,0.404,1.7,3.7,0.469,0.533,1.4,1.6,0.823,0.2,1.6,1.9,1.4,0.4,0.1,1.0,1.3,8.8,,2023,0
219.0,Shaquille Harrison,29.0,POR,SG,5.0,0.0,24.0,3.0,7.2,0.417,0.6,2.0,0.3,2.4,5.2,0.462,0.458,2.2,3.0,0.733,0.2,4.2,4.4,6.0,2.2,0.4,1.2,2.4,8.8,,2023,0
220.0,Terance Mann,26.0,LAC,SG,81.0,36.0,23.1,3.4,6.5,0.519,1.0,2.4,0.389,2.4,4.0,0.598,0.593,1.1,1.5,0.78,1.0,2.5,3.4,2.3,0.5,0.3,1.0,1.8,8.8,,2023,0
221.0,Royce O'Neale,29.0,BRK,SF,76.0,53.0,31.7,3.0,7.8,0.386,2.1,5.5,0.389,0.9,2.3,0.379,0.524,0.7,0.9,0.725,0.7,4.3,5.1,3.7,0.9,0.6,1.5,3.1,8.8,,2023,0
222.0,Dennis Smith Jr.,25.0,CHO,PG,54.0,15.0,25.7,3.4,8.4,0.412,0.4,2.1,0.216,3.0,6.3,0.475,0.438,1.4,2.0,0.736,0.5,2.6,3.1,4.8,1.4,0.5,1.5,2.3,8.8,,2023,0
223.0,Jordan Nwora,24.0,2TM,SF,62.0,14.0,19.2,3.1,7.2,0.436,1.4,3.4,0.408,1.7,3.8,0.462,0.533,1.1,1.4,0.791,0.8,2.9,3.7,1.4,0.4,0.2,1.1,1.2,8.7,,2023,0
223.0,Jordan Nwora,24.0,MIL,SF,38.0,3.0,15.7,2.0,5.2,0.386,1.1,2.7,0.392,0.9,2.5,0.379,0.487,1.0,1.1,0.86,0.8,2.3,3.1,1.0,0.3,0.2,0.9,0.9,6.0,,2023,0
223.0,Jordan Nwora,24.0,IND,SF,24.0,11.0,24.6,4.9,10.3,0.476,1.9,4.5,0.422,3.0,5.8,0.518,0.569,1.3,1.8,0.721,0.9,3.8,4.7,2.1,0.5,0.3,1.3,1.7,13.0,,2023,0
224.0,T.J. McConnell,30.0,IND,PG,75.0,6.0,20.3,3.8,6.9,0.543,0.3,0.8,0.441,3.4,6.2,0.556,0.568,0.8,0.9,0.853,0.6,2.5,3.1,5.3,1.1,0.1,1.9,1.4,8.7,,2023,0
225.0,Cedi Osman,27.0,CLE,SF,77.0,2.0,20.1,3.1,6.9,0.451,1.5,4.1,0.372,1.6,2.8,0.564,0.56,1.0,1.4,0.694,0.3,2.0,2.3,1.5,0.5,0.1,0.7,1.6,8.7,,2023,0
226.0,Landry Shamet,25.0,PHO,SG,40.0,9.0,20.2,2.8,7.5,0.377,1.9,5.0,0.377,1.0,2.5,0.376,0.502,1.1,1.3,0.882,0.3,1.4,1.7,2.3,0.7,0.1,0.9,1.5,8.7,,2023,0
227.0,Steven Adams,29.0,MEM,C,42.0,42.0,27.0,3.7,6.3,0.597,0.0,0.0,0.0,3.7,6.2,0.599,0.597,1.1,3.1,0.364,5.1,6.5,11.5,2.3,0.9,1.1,1.9,2.3,8.6,,2023,0
228.0,Ayo Dosunmu,23.0,CHI,SG,80.0,51.0,26.2,3.5,7.1,0.493,0.7,2.4,0.312,2.8,4.8,0.583,0.545,0.8,1.0,0.805,0.6,2.2,2.8,2.6,0.8,0.3,1.2,2.3,8.6,,2023,0
229.0,Draymond Green,32.0,GSW,PF,73.0,73.0,31.5,3.4,6.5,0.527,0.5,1.8,0.305,2.9,4.7,0.612,0.57,1.1,1.5,0.713,0.9,6.3,7.2,6.8,1.0,0.8,2.8,3.1,8.5,"DPOY-4,DEF2",2023,0
230.0,Shake Milton,26.0,PHI,SG,76.0,11.0,20.6,3.2,6.6,0.479,0.7,1.9,0.378,2.4,4.7,0.521,0.535,1.3,1.5,0.853,0.5,2.0,2.5,3.2,0.3,0.2,1.2,1.6,8.4,,2023,0
231.0,Dorian Finney-Smith,29.0,2TM,PF,66.0,66.0,30.4,3.0,7.6,0.391,1.7,5.1,0.337,1.2,2.5,0.503,0.505,0.7,0.9,0.763,1.7,3.1,4.8,1.5,0.8,0.5,0.9,2.2,8.3,,2023,0
231.0,Dorian Finney-Smith,29.0,DAL,PF,40.0,40.0,32.2,3.2,7.8,0.416,1.9,5.4,0.355,1.3,2.3,0.559,0.54,0.8,1.0,0.75,1.7,3.0,4.7,1.5,1.0,0.5,0.9,2.0,9.1,,2023,0
231.0,Dorian Finney-Smith,29.0,BRK,PF,26.0,26.0,27.7,2.6,7.3,0.351,1.4,4.7,0.306,1.2,2.7,0.429,0.448,0.6,0.7,0.789,1.8,3.1,4.9,1.6,0.7,0.6,1.0,2.5,7.2,,2023,0
232.0,Terrence Ross,31.0,2TM,SG,63.0,9.0,21.1,3.2,7.4,0.43,1.5,4.1,0.368,1.7,3.3,0.507,0.532,0.4,0.5,0.794,0.3,2.1,2.4,1.5,0.6,0.2,0.7,1.5,8.3,,2023,0
232.0,Terrence Ross,31.0,ORL,SG,42.0,9.0,22.5,3.1,7.1,0.431,1.5,3.8,0.381,1.6,3.3,0.489,0.533,0.4,0.5,0.75,0.2,1.8,2.0,1.3,0.6,0.2,0.9,1.3,8.0,,2023,0
232.0,Terrence Ross,31.0,PHO,SG,21.0,0.0,18.4,3.4,7.9,0.428,1.6,4.7,0.347,1.8,3.2,0.544,0.53,0.6,0.7,0.857,0.6,2.7,3.3,2.0,0.5,0.1,0.3,2.1,9.0,,2023,0
233.0,Gary Harris,28.0,ORL,SG,48.0,42.0,24.7,2.9,6.4,0.45,2.0,4.5,0.431,0.9,1.9,0.494,0.603,0.6,0.6,0.9,0.4,1.6,2.0,1.2,0.9,0.3,0.6,1.9,8.3,,2023,0
234.0,Kevin Love,34.0,2TM,PF,62.0,20.0,20.0,2.7,6.8,0.389,1.6,4.8,0.334,1.1,2.1,0.516,0.506,1.3,1.5,0.879,1.0,5.5,6.4,1.9,0.3,0.2,1.1,1.6,8.2,,2023,0
234.0,Kevin Love,34.0,CLE,PF,41.0,3.0,20.0,2.7,7.0,0.389,1.7,4.8,0.354,1.0,2.2,0.467,0.511,1.4,1.5,0.889,1.0,5.8,6.8,1.9,0.2,0.2,1.1,1.6,8.5,,2023,0
234.0,Kevin Love,34.0,MIA,PF,21.0,17.0,20.0,2.6,6.6,0.388,1.4,4.8,0.297,1.1,1.8,0.632,0.496,1.1,1.3,0.857,0.8,4.9,5.7,1.9,0.4,0.2,1.1,1.5,7.7,,2023,0
235.0,Damion Lee,30.0,PHO,SG,74.0,5.0,20.4,2.7,6.1,0.442,1.5,3.3,0.445,1.2,2.8,0.439,0.564,1.3,1.4,0.904,0.5,2.5,3.0,1.3,0.4,0.1,1.1,1.6,8.2,,2023,0
236.0,Georges Niang,29.0,PHI,PF,78.0,1.0,19.4,2.8,6.4,0.442,2.0,4.9,0.401,0.9,1.5,0.576,0.596,0.5,0.6,0.867,0.2,2.1,2.4,1.0,0.4,0.2,0.7,1.9,8.2,,2023,0
237.0,Nick Richards,25.0,CHO,C,65.0,9.0,18.7,3.0,4.8,0.629,0.0,0.0,1.0,3.0,4.8,0.628,0.631,2.1,2.8,0.749,2.3,4.1,6.4,0.6,0.2,1.1,0.9,2.4,8.2,,2023,0
238.0,Aleksej Pokusevski,21.0,OKC,PF,34.0,25.0,20.6,3.2,7.3,0.434,1.1,3.1,0.365,2.1,4.3,0.483,0.51,0.6,1.0,0.629,1.3,3.4,4.7,1.9,0.6,1.3,1.3,1.7,8.1,,2023,0
239.0,Grant Williams,24.0,BOS,PF,79.0,23.0,25.9,2.7,6.0,0.454,1.5,3.7,0.395,1.3,2.3,0.546,0.575,1.2,1.5,0.77,1.1,3.5,4.6,1.7,0.5,0.4,1.0,2.4,8.1,,2023,0
240.0,Jevon Carter,27.0,MIL,PG,81.0,39.0,22.3,3.0,7.0,0.423,1.8,4.2,0.421,1.2,2.8,0.425,0.549,0.4,0.5,0.816,0.4,2.1,2.5,2.4,0.8,0.4,1.0,2.0,8.0,,2023,0
241.0,Kemba Walker,32.0,DAL,PG,9.0,1.0,16.0,2.7,6.3,0.421,0.8,3.1,0.25,1.9,3.2,0.586,0.482,1.9,2.3,0.81,0.3,1.4,1.8,2.1,0.2,0.2,0.4,1.2,8.0,,2023,0
242.0,Kenrich Williams,28.0,OKC,PF,53.0,10.0,22.8,3.4,6.5,0.517,0.9,2.5,0.373,2.4,4.0,0.608,0.59,0.3,0.7,0.436,1.8,3.1,4.9,2.0,0.8,0.3,0.6,2.1,8.0,,2023,0
243.0,Robert Williams,25.0,BOS,C,35.0,20.0,23.5,3.6,4.9,0.747,0.0,0.0,0.0,3.6,4.8,0.751,0.747,0.7,1.2,0.61,3.0,5.4,8.3,1.4,0.6,1.4,1.0,1.9,8.0,,2023,0
244.0,Gabe York,29.0,IND,SG,3.0,0.0,18.7,2.7,7.0,0.381,2.0,6.0,0.333,0.7,1.0,0.667,0.524,0.7,0.7,1.0,0.0,2.0,2.0,1.7,0.7,0.0,0.0,1.7,8.0,,2023,0
245.0,Jarred Vanderbilt,23.0,2TM,PF,78.0,65.0,24.1,3.2,5.8,0.548,0.4,1.2,0.322,2.8,4.6,0.604,0.58,1.2,1.8,0.691,2.2,5.3,7.5,2.4,1.1,0.3,1.2,2.4,7.9,,2023,0
245.0,Jarred Vanderbilt,23.0,UTA,PF,52.0,41.0,24.1,3.3,6.0,0.556,0.4,1.1,0.333,3.0,4.9,0.606,0.587,1.3,2.0,0.657,2.3,5.5,7.9,2.7,1.0,0.3,1.3,2.6,8.3,,2023,0
245.0,Jarred Vanderbilt,23.0,LAL,PF,26.0,24.0,24.0,2.8,5.4,0.529,0.4,1.3,0.303,2.5,4.1,0.598,0.564,1.1,1.4,0.784,1.9,4.8,6.7,1.6,1.2,0.2,1.1,2.2,7.2,,2023,0
246.0,Ochai Agbaji,22.0,UTA,SG,59.0,22.0,20.5,2.8,6.5,0.427,1.4,3.9,0.355,1.4,2.7,0.532,0.532,0.9,1.2,0.812,0.7,1.3,2.1,1.1,0.3,0.3,0.7,1.7,7.9,,2023,0
247.0,Chris Duarte,25.0,IND,SF,46.0,12.0,19.5,2.7,7.2,0.369,1.2,3.8,0.316,1.5,3.5,0.428,0.452,1.3,1.6,0.847,0.4,2.1,2.5,1.4,0.5,0.2,0.9,1.4,7.9,,2023,0
248.0,Duane Washington Jr.,22.0,PHO,SG,31.0,3.0,12.7,3.0,8.3,0.367,1.3,3.6,0.36,1.7,4.7,0.372,0.445,0.5,0.8,0.667,0.1,1.1,1.2,2.0,0.2,0.1,1.1,0.7,7.9,,2023,0
249.0,Jeff Green,36.0,DEN,PF,56.0,4.0,19.5,2.9,5.9,0.488,0.5,1.9,0.288,2.3,4.0,0.58,0.534,1.6,2.1,0.744,0.7,1.9,2.6,1.2,0.3,0.3,0.8,1.8,7.8,,2023,0
250.0,Tre Mann,21.0,OKC,PG,67.0,5.0,17.7,2.9,7.5,0.393,1.2,3.8,0.315,1.7,3.6,0.475,0.474,0.6,0.8,0.764,0.4,1.9,2.3,1.8,0.6,0.2,0.9,1.5,7.7,,2023,0
251.0,Pat Connaughton,30.0,MIL,SF,61.0,33.0,23.7,2.7,6.9,0.392,1.8,5.3,0.339,0.9,1.6,0.566,0.521,0.4,0.7,0.659,0.8,3.8,4.6,1.3,0.6,0.2,0.5,1.1,7.6,,2023,0
252.0,Joe Harris,31.0,BRK,SF,74.0,33.0,20.6,2.7,5.9,0.457,1.9,4.5,0.426,0.8,1.4,0.551,0.618,0.2,0.4,0.643,0.3,1.9,2.2,1.4,0.5,0.2,0.6,1.9,7.6,,2023,0
253.0,Trey Lyles,27.0,SAC,PF,74.0,0.0,16.9,2.5,5.5,0.458,1.2,3.2,0.363,1.4,2.3,0.595,0.565,1.4,1.7,0.815,0.9,3.1,4.1,0.9,0.4,0.4,0.9,1.3,7.6,,2023,0
254.0,T.J. Warren,29.0,2TM,PF,42.0,0.0,16.4,3.1,6.4,0.489,0.5,1.6,0.328,2.6,4.8,0.542,0.53,0.7,0.8,0.8,0.6,2.3,2.9,1.0,0.5,0.3,0.5,1.5,7.5,,2023,0
254.0,T.J. Warren,29.0,BRK,PF,26.0,0.0,18.8,3.9,7.7,0.51,0.6,1.8,0.333,3.3,5.8,0.566,0.55,1.0,1.3,0.818,0.5,2.3,2.8,1.1,0.6,0.3,0.7,1.7,9.5,,2023,0
254.0,T.J. Warren,29.0,PHO,SF,16.0,0.0,12.3,1.9,4.4,0.429,0.4,1.2,0.316,1.5,3.2,0.471,0.471,0.1,0.1,0.5,0.8,2.3,3.1,0.7,0.4,0.3,0.2,1.3,4.2,,2023,0
255.0,Devonte' Graham,27.0,2TM,PG,73.0,8.0,18.3,2.2,5.9,0.374,1.6,4.6,0.352,0.6,1.3,0.452,0.512,1.3,1.8,0.748,0.3,1.4,1.7,2.7,0.6,0.2,0.7,1.1,7.4,,2023,0
255.0,Devonte' Graham,27.0,NOP,PG,53.0,0.0,15.3,1.6,4.4,0.368,1.2,3.6,0.347,0.4,0.8,0.463,0.511,0.8,1.1,0.746,0.2,1.1,1.4,2.2,0.6,0.2,0.5,0.9,5.3,,2023,0
255.0,Devonte' Graham,27.0,SAS,PG,20.0,8.0,26.4,3.8,10.0,0.38,2.7,7.4,0.358,1.2,2.6,0.442,0.513,2.7,3.6,0.75,0.4,2.2,2.5,4.0,0.8,0.3,1.3,1.6,13.0,,2023,0
256.0,Torrey Craig,32.0,PHO,PF,79.0,60.0,24.7,2.9,6.3,0.456,1.3,3.2,0.395,1.6,3.1,0.518,0.556,0.4,0.6,0.711,1.8,3.6,5.4,1.5,0.6,0.8,0.9,2.3,7.4,,2023,0
257.0,Mitchell Robinson,24.0,NYK,C,59.0,58.0,27.0,3.2,4.7,0.671,0.0,0.0,,3.2,4.7,0.671,0.671,1.0,2.1,0.484,4.5,4.9,9.4,0.9,0.9,1.8,0.7,2.7,7.4,,2023,0
258.0,Obi Toppin,24.0,NYK,PF,67.0,5.0,15.7,2.8,6.3,0.446,1.3,3.7,0.344,1.5,2.6,0.593,0.548,0.6,0.7,0.809,0.4,2.4,2.8,1.0,0.3,0.2,0.6,1.0,7.4,,2023,0
259.0,Trendon Watford,22.0,POR,PF,62.0,12.0,19.1,2.9,5.2,0.56,0.4,1.0,0.391,2.5,4.2,0.602,0.599,1.2,1.6,0.72,0.7,3.2,3.8,2.1,0.5,0.2,1.1,1.9,7.4,,2023,0
260.0,Delon Wright,30.0,WAS,PG,50.0,14.0,24.4,2.8,5.8,0.474,0.8,2.4,0.345,1.9,3.4,0.564,0.545,1.0,1.2,0.867,1.2,2.4,3.6,3.9,1.8,0.3,0.9,1.2,7.4,,2023,0
261.0,Jay Huff,24.0,WAS,C,7.0,0.0,13.6,2.1,3.6,0.6,0.9,1.7,0.5,1.3,1.9,0.692,0.72,2.1,2.3,0.938,0.9,2.1,3.0,1.4,0.4,0.6,0.7,2.1,7.3,,2023,0
262.0,Josh Okogie,24.0,PHO,SG,72.0,26.0,18.8,2.3,5.8,0.391,0.9,2.7,0.335,1.3,3.0,0.442,0.471,1.9,2.7,0.724,1.5,2.0,3.5,1.5,0.8,0.5,0.9,1.6,7.3,,2023,0
263.0,Reggie Bullock,31.0,DAL,SF,78.0,55.0,30.3,2.5,6.0,0.409,1.9,5.1,0.38,0.5,0.9,0.562,0.569,0.3,0.5,0.703,0.4,3.2,3.6,1.4,0.7,0.2,0.5,2.1,7.2,,2023,0
264.0,Isaiah Jackson,21.0,IND,C,63.0,12.0,16.5,2.8,5.0,0.563,0.0,0.2,0.143,2.8,4.8,0.582,0.566,1.5,2.3,0.651,1.8,2.7,4.5,0.8,0.5,1.5,0.8,2.4,7.2,,2023,0
265.0,Kendrick Nunn,27.0,2TM,SG,70.0,2.0,13.8,2.7,6.4,0.424,1.1,3.2,0.354,1.6,3.2,0.493,0.512,0.5,0.6,0.854,0.2,1.3,1.6,1.3,0.4,0.1,0.9,0.9,7.1,,2023,0
265.0,Kendrick Nunn,27.0,LAL,SG,39.0,2.0,13.5,2.6,6.4,0.406,1.1,3.2,0.325,1.6,3.2,0.488,0.488,0.4,0.5,0.81,0.1,1.3,1.4,0.9,0.3,0.1,0.8,0.9,6.7,,2023,0
265.0,Kendrick Nunn,27.0,WAS,SG,31.0,0.0,14.1,2.9,6.4,0.447,1.2,3.1,0.392,1.6,3.3,0.5,0.543,0.6,0.6,0.9,0.3,1.4,1.7,1.8,0.5,0.1,1.1,1.0,7.5,,2023,0
266.0,Troy Brown Jr.,23.0,LAL,SF,76.0,45.0,24.5,2.6,6.1,0.43,1.4,3.7,0.381,1.2,2.4,0.505,0.545,0.4,0.5,0.872,0.8,3.2,4.1,1.3,0.8,0.2,0.6,1.6,7.1,,2023,0
267.0,Edmond Sumner,27.0,BRK,SG,53.0,12.0,13.9,2.3,5.1,0.461,0.6,1.6,0.356,1.8,3.4,0.511,0.519,1.9,2.0,0.917,0.2,1.2,1.5,1.3,0.6,0.2,0.9,1.6,7.1,,2023,0
268.0,Lindell Wigginton,24.0,MIL,PG,7.0,1.0,12.4,2.6,5.3,0.486,0.9,2.6,0.333,1.7,2.7,0.632,0.568,1.1,1.3,0.889,0.0,1.0,1.0,2.0,0.0,0.3,1.7,1.0,7.1,,2023,0
269.0,Eugene Omoruyi,25.0,2TM,SF,40.0,6.0,16.1,2.5,5.7,0.443,0.6,2.2,0.281,1.9,3.5,0.547,0.498,1.3,1.9,0.68,1.1,1.7,2.8,0.7,0.7,0.1,0.9,2.3,7.0,,2023,0
269.0,Eugene Omoruyi,25.0,OKC,SF,23.0,2.0,11.8,1.9,4.1,0.468,0.3,1.3,0.258,1.6,2.7,0.571,0.511,0.7,1.2,0.607,1.0,1.3,2.3,0.5,0.6,0.0,0.7,2.0,4.9,,2023,0
269.0,Eugene Omoruyi,25.0,DET,SF,17.0,4.0,21.9,3.4,7.9,0.425,1.0,3.4,0.293,2.4,4.5,0.526,0.489,2.0,2.8,0.723,1.2,2.2,3.5,1.0,0.8,0.2,1.1,2.6,9.7,,2023,0
270.0,Chance Comanche,26.0,POR,C,1.0,0.0,21.0,3.0,5.0,0.6,0.0,0.0,,3.0,5.0,0.6,0.6,1.0,4.0,0.25,2.0,1.0,3.0,0.0,0.0,1.0,0.0,0.0,7.0,,2023,0
271.0,Kevon Looney,26.0,GSW,C,82.0,70.0,23.9,3.0,4.7,0.63,0.0,0.0,0.0,3.0,4.7,0.632,0.63,1.1,1.9,0.606,3.3,5.9,9.3,2.5,0.6,0.6,0.5,2.7,7.0,,2023,0
272.0,Joshua Primo,20.0,SAS,SG,4.0,0.0,23.3,2.3,6.5,0.346,0.8,3.0,0.25,1.5,3.5,0.429,0.404,1.8,2.3,0.778,0.5,2.8,3.3,4.5,0.3,0.5,2.8,2.0,7.0,,2023,0
273.0,Daniel Theis,30.0,IND,C,7.0,1.0,15.6,3.0,6.3,0.477,0.3,1.6,0.182,2.7,4.7,0.576,0.5,0.7,1.7,0.417,1.0,2.1,3.1,1.3,0.3,0.9,0.4,1.0,7.0,,2023,0
274.0,Xavier Tillman Sr.,24.0,MEM,C,61.0,29.0,19.3,3.1,5.0,0.614,0.1,0.2,0.267,3.0,4.8,0.632,0.621,0.8,1.5,0.551,2.0,3.0,5.0,1.6,1.0,0.5,0.7,1.6,7.0,,2023,0
275.0,Svi Mykhailiuk,25.0,2TM,SF,32.0,8.0,14.6,2.4,5.4,0.445,1.3,3.1,0.424,1.1,2.3,0.473,0.566,0.8,1.2,0.667,0.5,1.2,1.7,1.7,0.5,0.1,0.8,0.7,6.9,,2023,0
275.0,Svi Mykhailiuk,25.0,NYK,SF,13.0,0.0,3.1,0.5,0.9,0.5,0.5,0.8,0.6,0.0,0.2,0.0,0.75,0.2,0.4,0.6,0.0,0.5,0.5,0.1,0.1,0.0,0.2,0.1,1.6,,2023,0
275.0,Svi Mykhailiuk,25.0,CHO,SF,19.0,8.0,22.5,3.7,8.5,0.441,1.9,4.7,0.404,1.8,3.8,0.486,0.553,1.2,1.8,0.676,0.8,1.6,2.4,2.7,0.7,0.2,1.2,1.2,10.6,,2023,0
276.0,Jae Crowder,32.0,MIL,PF,18.0,3.0,18.9,2.5,5.2,0.479,1.3,3.1,0.436,1.2,2.2,0.538,0.606,0.6,0.7,0.833,0.9,2.9,3.8,1.5,0.7,0.3,0.4,1.5,6.9,,2023,0
277.0,Willy Hernangómez,28.0,NOP,C,38.0,2.0,12.1,2.3,4.4,0.527,0.1,0.3,0.273,2.3,4.2,0.544,0.536,2.1,2.7,0.779,1.5,3.2,4.7,0.9,0.4,0.3,1.0,1.7,6.9,,2023,0
278.0,Joe Ingles,35.0,MIL,SF,46.0,0.0,22.7,2.3,5.4,0.435,1.8,4.4,0.409,0.5,1.0,0.556,0.603,0.4,0.5,0.857,0.3,2.5,2.8,3.3,0.7,0.1,1.2,1.6,6.9,,2023,0
279.0,Ty Jerome,25.0,GSW,SG,45.0,2.0,18.1,2.6,5.4,0.488,0.8,2.0,0.389,1.8,3.4,0.546,0.56,0.8,0.9,0.927,0.2,1.6,1.7,3.0,0.5,0.1,0.7,1.4,6.9,,2023,0
280.0,Cory Joseph,31.0,DET,PG,62.0,2.0,19.8,2.4,5.7,0.427,1.1,2.9,0.389,1.3,2.8,0.468,0.527,0.9,1.2,0.792,0.3,1.4,1.7,3.5,0.5,0.1,0.9,1.4,6.9,,2023,0
281.0,Romeo Langford,23.0,SAS,SG,43.0,21.0,19.6,2.8,6.0,0.467,0.4,1.4,0.262,2.4,4.6,0.53,0.498,0.9,1.3,0.696,1.3,1.3,2.7,1.2,0.6,0.3,0.7,1.6,6.9,,2023,0
282.0,Ben Simmons,26.0,BRK,PG,42.0,33.0,26.3,3.2,5.6,0.566,0.0,0.0,0.0,3.2,5.5,0.571,0.566,0.6,1.4,0.439,1.0,5.3,6.3,6.1,1.3,0.6,2.3,3.3,6.9,,2023,0
283.0,Will Barton,32.0,2TM,SG,56.0,2.0,17.7,2.5,6.5,0.379,1.2,3.2,0.367,1.3,3.3,0.391,0.47,0.7,0.8,0.787,0.3,2.2,2.4,2.0,0.5,0.2,0.9,1.0,6.8,,2023,0
283.0,Will Barton,32.0,WAS,SG,40.0,0.0,19.6,2.8,7.1,0.386,1.3,3.5,0.377,1.5,3.7,0.395,0.477,0.9,1.1,0.778,0.3,2.5,2.8,2.4,0.4,0.3,1.1,1.0,7.7,,2023,0
283.0,Will Barton,32.0,TOR,SG,16.0,2.0,13.2,1.8,4.9,0.354,0.9,2.6,0.333,0.9,2.3,0.378,0.443,0.1,0.1,1.0,0.3,1.3,1.6,1.1,0.7,0.2,0.2,1.1,4.5,,2023,0
284.0,Larry Nance Jr.,30.0,NOP,C,65.0,1.0,21.2,2.9,4.7,0.61,0.2,0.6,0.333,2.6,4.0,0.654,0.633,0.8,1.2,0.696,1.6,3.8,5.4,1.8,0.9,0.6,0.6,2.0,6.8,,2023,0
285.0,Jeremiah Robinson-Earl,22.0,OKC,PF,43.0,20.0,18.9,2.6,5.8,0.444,0.9,2.6,0.333,1.7,3.2,0.533,0.518,0.8,1.0,0.833,1.7,2.5,4.2,1.0,0.6,0.3,0.4,1.7,6.8,,2023,0
286.0,Aaron Wiggins,24.0,OKC,SG,70.0,14.0,18.5,2.7,5.2,0.512,0.7,1.7,0.393,2.0,3.4,0.573,0.579,0.8,1.0,0.831,1.0,2.0,3.0,1.1,0.6,0.2,0.8,1.6,6.8,,2023,0
287.0,Justise Winslow,26.0,POR,PF,29.0,11.0,26.8,2.8,6.8,0.409,0.5,1.6,0.311,2.3,5.3,0.438,0.444,0.7,1.0,0.714,1.7,3.3,5.0,3.4,1.0,0.4,1.5,3.1,6.8,,2023,0
288.0,Terence Davis,25.0,SAC,SG,64.0,5.0,13.1,2.4,5.7,0.423,1.4,3.8,0.366,1.0,1.9,0.537,0.545,0.5,0.7,0.791,0.3,1.9,2.2,1.0,0.7,0.2,0.8,1.6,6.7,,2023,0
289.0,Anthony Lamb,25.0,GSW,SF,62.0,4.0,19.3,2.4,5.1,0.471,1.2,3.2,0.367,1.2,1.9,0.652,0.588,0.7,1.0,0.767,0.9,2.6,3.5,1.5,0.5,0.3,0.9,2.2,6.7,,2023,0
290.0,Isaiah Livers,24.0,DET,PF,52.0,22.0,23.1,2.3,5.5,0.417,1.4,3.9,0.365,0.9,1.6,0.541,0.545,0.6,0.8,0.821,0.5,2.2,2.8,0.8,0.5,0.5,0.6,2.0,6.7,,2023,0
291.0,Théo Maledon,21.0,CHO,PG,44.0,7.0,19.4,2.3,5.8,0.402,0.6,2.2,0.295,1.7,3.6,0.465,0.457,1.4,1.7,0.851,0.3,2.5,2.8,3.5,0.8,0.3,1.3,1.4,6.7,,2023,0
292.0,Dwight Powell,31.0,DAL,C,76.0,64.0,19.2,2.6,3.5,0.732,0.0,0.1,0.0,2.6,3.5,0.746,0.732,1.5,2.2,0.667,2.0,2.2,4.1,0.9,0.6,0.3,0.9,2.8,6.7,,2023,0
293.0,David Roddy,21.0,MEM,PF,70.0,4.0,18.0,2.6,6.0,0.429,0.9,3.0,0.307,1.6,3.0,0.553,0.506,0.6,0.9,0.631,0.7,2.0,2.8,0.8,0.4,0.3,0.8,1.5,6.7,,2023,0
294.0,Kevin Knox,23.0,2TM,SF,63.0,5.0,15.1,2.4,5.3,0.458,1.0,3.0,0.349,1.4,2.3,0.596,0.556,0.7,1.0,0.767,0.5,2.3,2.8,0.5,0.4,0.2,0.8,1.5,6.6,,2023,0
294.0,Kevin Knox,23.0,DET,SF,42.0,1.0,14.1,2.0,4.3,0.469,1.0,2.8,0.371,1.0,1.5,0.651,0.589,0.6,0.8,0.788,0.5,2.1,2.6,0.4,0.3,0.3,0.8,1.8,5.6,,2023,0
294.0,Kevin Knox,23.0,POR,PF,21.0,4.0,17.1,3.2,7.3,0.444,1.0,3.3,0.314,2.2,4.0,0.554,0.516,1.0,1.3,0.741,0.7,2.6,3.3,0.9,0.5,0.0,0.9,1.0,8.5,,2023,0
295.0,Mo Bamba,24.0,2TM,C,49.0,7.0,15.7,2.4,4.9,0.485,1.0,2.5,0.387,1.4,2.4,0.59,0.585,0.8,1.3,0.661,1.2,3.4,4.6,0.9,0.3,0.9,0.6,2.1,6.6,,2023,0
295.0,Mo Bamba,24.0,ORL,C,40.0,6.0,17.0,2.7,5.4,0.495,1.1,2.7,0.398,1.6,2.7,0.594,0.596,0.9,1.3,0.686,1.2,3.4,4.6,1.1,0.3,1.0,0.6,2.2,7.3,,2023,0
295.0,Mo Bamba,24.0,LAL,C,9.0,1.0,9.8,1.2,3.0,0.407,0.6,1.8,0.313,0.7,1.2,0.545,0.5,0.7,1.2,0.545,1.2,3.3,4.6,0.4,0.1,0.6,0.9,2.1,3.7,,2023,0
296.0,Drew Eubanks,25.0,POR,C,78.0,28.0,20.3,2.7,4.3,0.641,0.1,0.2,0.389,2.7,4.1,0.655,0.651,1.1,1.6,0.664,1.7,3.7,5.4,1.3,0.5,1.3,0.9,2.2,6.6,,2023,0
297.0,Jordan Goodwin,24.0,WAS,PG,62.0,7.0,17.8,2.5,5.7,0.448,0.6,1.9,0.322,1.9,3.8,0.511,0.501,0.9,1.1,0.768,0.9,2.4,3.3,2.7,0.9,0.4,0.9,1.5,6.6,,2023,0
298.0,Jock Landale,27.0,PHO,C,69.0,4.0,14.2,2.6,4.9,0.528,0.3,1.2,0.25,2.3,3.7,0.621,0.559,1.1,1.5,0.752,1.7,2.3,4.1,1.0,0.2,0.4,0.9,1.8,6.6,,2023,0
299.0,Nassir Little,22.0,POR,SF,54.0,4.0,18.1,2.5,5.6,0.442,1.1,2.9,0.367,1.4,2.7,0.524,0.538,0.6,0.9,0.717,0.5,2.1,2.6,0.9,0.4,0.4,0.7,1.2,6.6,,2023,0
300.0,Brandon Boston Jr.,21.0,LAC,SF,22.0,1.0,11.3,2.3,5.5,0.418,0.5,1.3,0.414,1.8,4.2,0.419,0.467,1.3,1.7,0.763,0.3,1.0,1.4,0.9,0.4,0.0,0.5,1.0,6.5,,2023,0
301.0,Luka Garza,24.0,MIN,C,28.0,0.0,8.7,2.3,4.1,0.543,0.5,1.4,0.359,1.8,2.8,0.636,0.603,1.5,1.9,0.788,1.2,1.1,2.3,0.6,0.1,0.1,0.5,1.5,6.5,,2023,0
302.0,Jay Scrubb,22.0,ORL,SG,2.0,0.0,15.0,2.5,3.5,0.714,1.0,1.0,1.0,1.5,2.5,0.6,0.857,0.5,1.0,0.5,0.0,3.0,3.0,0.5,1.0,0.0,1.5,1.0,6.5,,2023,0
303.0,Cody Zeller,30.0,MIA,C,15.0,2.0,14.5,2.5,3.9,0.627,0.0,0.1,0.0,2.5,3.8,0.649,0.627,1.6,2.3,0.686,1.7,2.6,4.3,0.7,0.2,0.3,0.9,2.2,6.5,,2023,0
304.0,Dario Šarić,28.0,2TM,C,57.0,12.0,14.1,2.2,4.9,0.458,0.8,2.0,0.391,1.4,2.8,0.506,0.54,1.1,1.3,0.829,0.9,2.7,3.6,1.3,0.4,0.1,1.0,1.7,6.4,,2023,0
304.0,Dario Šarić,28.0,PHO,PF,37.0,12.0,14.4,2.1,4.8,0.427,0.7,1.9,0.391,1.3,2.9,0.45,0.503,1.0,1.2,0.818,1.1,2.8,3.8,1.5,0.4,0.1,1.0,1.9,5.8,,2023,0
304.0,Dario Šarić,28.0,OKC,C,20.0,0.0,13.7,2.6,5.0,0.515,0.9,2.3,0.391,1.7,2.7,0.623,0.606,1.4,1.6,0.844,0.7,2.6,3.3,0.9,0.4,0.1,1.0,1.5,7.4,,2023,0
305.0,R.J. Hampton,21.0,2TM,SG,47.0,3.0,16.0,2.2,5.0,0.43,0.9,2.5,0.353,1.3,2.6,0.504,0.517,1.2,1.6,0.75,0.4,1.5,1.9,1.1,0.6,0.2,0.9,1.1,6.4,,2023,0
305.0,R.J. Hampton,21.0,ORL,SG,26.0,0.0,13.9,1.9,4.4,0.439,0.7,2.0,0.34,1.2,2.3,0.525,0.518,1.2,1.4,0.838,0.3,1.2,1.5,1.3,0.6,0.2,0.8,0.8,5.7,,2023,0
305.0,R.J. Hampton,21.0,DET,SG,21.0,3.0,18.5,2.5,5.9,0.423,1.1,3.0,0.365,1.4,2.9,0.483,0.516,1.2,1.9,0.667,0.4,1.9,2.3,1.0,0.5,0.2,1.0,1.4,7.3,,2023,0
306.0,JaMychal Green,32.0,GSW,PF,57.0,1.0,14.0,2.4,4.4,0.54,0.7,1.9,0.378,1.6,2.5,0.667,0.623,0.9,1.2,0.776,1.3,2.3,3.6,0.9,0.4,0.4,0.9,1.8,6.4,,2023,0
307.0,Sam Hauser,25.0,BOS,SF,80.0,8.0,16.1,2.3,5.0,0.455,1.8,4.2,0.418,0.5,0.8,0.656,0.631,0.2,0.2,0.706,0.4,2.1,2.6,0.9,0.4,0.3,0.4,1.2,6.4,,2023,0
308.0,Isaac Okoro,22.0,CLE,SF,76.0,46.0,21.7,2.3,4.7,0.494,0.8,2.3,0.363,1.5,2.4,0.617,0.582,1.0,1.4,0.757,0.7,1.8,2.5,1.1,0.7,0.4,0.6,2.1,6.4,,2023,0
309.0,Duncan Robinson,28.0,MIA,SF,42.0,1.0,16.5,2.1,5.6,0.371,1.5,4.6,0.328,0.6,1.1,0.556,0.504,0.7,0.8,0.906,0.2,1.5,1.6,1.1,0.3,0.0,0.7,1.8,6.4,,2023,0
310.0,Goran Dragić,36.0,2TM,PG,58.0,0.0,15.0,2.4,5.8,0.421,0.9,2.5,0.359,1.5,3.3,0.468,0.499,0.5,0.8,0.689,0.3,1.1,1.4,2.6,0.2,0.1,1.1,1.1,6.3,,2023,0
310.0,Goran Dragić,36.0,CHI,PG,51.0,0.0,15.4,2.5,5.9,0.425,0.9,2.5,0.352,1.6,3.4,0.48,0.5,0.5,0.8,0.659,0.3,1.1,1.4,2.7,0.2,0.1,1.1,1.2,6.4,,2023,0
310.0,Goran Dragić,36.0,MIL,PG,7.0,0.0,11.9,2.0,5.1,0.389,1.0,2.4,0.412,1.0,2.7,0.368,0.486,0.6,0.6,1.0,0.4,1.3,1.7,1.7,0.3,0.0,1.0,0.3,5.6,,2023,0
311.0,Simone Fontecchio,27.0,UTA,SF,52.0,6.0,14.7,2.2,6.0,0.369,1.2,3.7,0.33,1.0,2.3,0.43,0.47,0.7,0.8,0.795,0.6,1.1,1.7,0.8,0.3,0.2,0.8,1.2,6.3,,2023,0
312.0,Patrick Beverley,34.0,2TM,PG,67.0,67.0,27.1,2.1,5.4,0.4,1.2,3.6,0.335,1.0,1.8,0.529,0.511,0.7,1.0,0.723,0.7,3.0,3.7,2.9,0.9,0.6,0.9,2.8,6.2,,2023,0
312.0,Patrick Beverley,34.0,LAL,SG,45.0,45.0,26.9,2.2,5.4,0.402,1.2,3.5,0.348,0.9,1.8,0.506,0.517,0.9,1.1,0.78,0.5,2.6,3.1,2.6,0.9,0.6,0.9,2.8,6.4,,2023,0
312.0,Patrick Beverley,34.0,CHI,PG,22.0,22.0,27.5,2.1,5.4,0.395,1.1,3.7,0.309,1.0,1.7,0.579,0.5,0.4,0.7,0.533,0.9,4.0,4.9,3.5,1.0,0.7,0.8,2.9,5.8,,2023,0
313.0,Nickeil Alexander-Walker,24.0,2TM,SG,59.0,3.0,15.0,2.2,5.0,0.444,1.0,2.7,0.384,1.2,2.3,0.515,0.547,0.7,1.0,0.667,0.3,1.5,1.7,1.8,0.5,0.4,0.9,1.5,6.2,,2023,0
313.0,Nickeil Alexander-Walker,24.0,UTA,SG,36.0,3.0,14.7,2.3,4.7,0.488,1.0,2.4,0.402,1.3,2.3,0.578,0.591,0.8,1.1,0.692,0.2,1.4,1.6,2.1,0.7,0.4,1.3,1.6,6.3,,2023,0
313.0,Nickeil Alexander-Walker,24.0,MIN,SG,23.0,0.0,15.5,2.1,5.4,0.384,1.1,3.1,0.361,1.0,2.3,0.415,0.488,0.6,0.9,0.619,0.3,1.5,1.8,1.4,0.3,0.3,0.4,1.3,5.9,,2023,0
314.0,Jared Butler,22.0,OKC,PG,6.0,1.0,12.8,2.5,5.3,0.469,1.2,2.3,0.5,1.3,3.0,0.444,0.578,0.0,0.0,,0.2,0.5,0.7,1.3,0.8,0.0,0.8,0.8,6.2,,2023,0
315.0,Quenton Jackson,24.0,WAS,PG,9.0,0.0,15.0,2.1,4.7,0.452,0.1,1.3,0.083,2.0,3.3,0.6,0.464,1.9,2.4,0.773,0.2,0.7,0.9,1.7,0.4,0.1,0.4,1.1,6.2,,2023,0
316.0,Patty Mills,34.0,BRK,PG,40.0,2.0,14.2,2.2,5.2,0.411,1.2,3.4,0.366,0.9,1.9,0.493,0.529,0.6,0.8,0.833,0.2,0.9,1.1,1.4,0.4,0.1,0.8,0.8,6.2,,2023,0
317.0,Sandro Mamukelashvili,23.0,2TM,C,43.0,7.0,15.3,2.3,5.3,0.422,0.7,2.3,0.303,1.6,3.0,0.511,0.487,0.9,1.3,0.684,1.6,2.7,4.3,1.4,0.3,0.3,0.8,1.2,6.1,,2023,0
317.0,Sandro Mamukelashvili,23.0,MIL,C,24.0,0.0,9.0,0.8,2.4,0.328,0.3,1.3,0.219,0.5,1.1,0.462,0.388,0.5,0.8,0.667,0.8,1.6,2.3,0.7,0.2,0.2,0.4,0.8,2.4,,2023,0
317.0,Sandro Mamukelashvili,23.0,SAS,C,19.0,7.0,23.3,4.1,9.1,0.453,1.2,3.5,0.343,2.9,5.5,0.524,0.52,1.4,2.1,0.692,2.7,4.1,6.8,2.4,0.5,0.4,1.4,1.7,10.8,,2023,0
318.0,Mike Muscala,31.0,2TM,C,63.0,9.0,15.0,2.1,4.6,0.449,1.3,3.3,0.391,0.8,1.3,0.588,0.587,0.6,0.8,0.769,0.6,2.6,3.2,0.8,0.2,0.4,0.4,1.6,6.1,,2023,0
318.0,Mike Muscala,31.0,OKC,C,43.0,5.0,14.5,2.1,4.7,0.438,1.3,3.3,0.394,0.8,1.4,0.541,0.576,0.7,0.9,0.795,0.5,2.6,3.1,0.9,0.3,0.4,0.3,1.6,6.2,,2023,0
318.0,Mike Muscala,31.0,BOS,C,20.0,4.0,16.2,2.1,4.5,0.472,1.3,3.3,0.385,0.9,1.2,0.708,0.612,0.5,0.7,0.692,0.7,2.7,3.4,0.6,0.2,0.3,0.5,1.4,5.9,,2023,0
319.0,Nicolas Batum,34.0,LAC,PF,78.0,19.0,21.9,2.1,4.9,0.42,1.6,4.1,0.391,0.5,0.8,0.563,0.583,0.4,0.6,0.708,0.8,3.0,3.8,1.6,0.7,0.6,0.6,1.9,6.1,,2023,0
320.0,Oshae Brissett,24.0,IND,PF,65.0,2.0,16.7,1.9,4.9,0.386,0.7,2.4,0.31,1.2,2.5,0.457,0.461,1.6,2.2,0.717,1.0,2.4,3.4,0.7,0.5,0.2,0.5,1.2,6.1,,2023,0
321.0,Evan Fournier,30.0,NYK,SG,27.0,7.0,17.0,2.1,6.1,0.337,1.3,4.2,0.307,0.8,1.9,0.404,0.443,0.7,0.8,0.857,0.1,1.7,1.8,1.3,0.6,0.1,0.8,1.7,6.1,,2023,0
322.0,Saben Lee,23.0,2TM,PG,25.0,1.0,14.9,2.0,4.8,0.405,0.4,1.2,0.367,1.5,3.6,0.418,0.45,1.7,2.3,0.737,0.5,1.3,1.8,2.7,0.8,0.0,1.0,1.3,6.0,,2023,0
322.0,Saben Lee,23.0,PHI,PG,2.0,0.0,5.0,1.5,2.0,0.75,0.0,0.5,0.0,1.5,1.5,1.0,0.75,0.0,0.0,,0.0,0.0,0.0,1.0,0.5,0.0,1.5,0.5,3.0,,2023,0
322.0,Saben Lee,23.0,PHO,PG,23.0,1.0,15.8,2.0,5.1,0.393,0.5,1.3,0.379,1.5,3.8,0.398,0.44,1.8,2.5,0.737,0.6,1.4,2.0,2.8,0.8,0.0,0.9,1.3,6.3,,2023,0
323.0,Robert Covington,32.0,LAC,PF,48.0,0.0,16.2,2.1,4.8,0.445,1.1,2.8,0.397,1.0,1.9,0.516,0.563,0.6,0.8,0.75,0.6,2.8,3.5,1.2,0.8,0.7,0.7,1.8,6.0,,2023,0
324.0,Andre Drummond,29.0,CHI,C,67.0,0.0,12.7,2.5,4.1,0.606,0.0,0.0,0.0,2.5,4.0,0.613,0.606,1.0,1.9,0.536,2.1,4.6,6.6,0.5,0.7,0.4,1.1,1.7,6.0,,2023,0
325.0,Maxi Kleber,31.0,DAL,PF,37.0,5.0,25.1,2.1,4.6,0.456,1.1,3.0,0.348,1.0,1.5,0.667,0.571,0.7,1.0,0.711,0.8,2.8,3.6,1.4,0.3,0.8,0.7,2.3,5.9,,2023,0
326.0,Jaylin Williams,20.0,OKC,C,49.0,36.0,18.7,2.1,4.8,0.436,0.9,2.3,0.407,1.1,2.5,0.463,0.534,0.8,1.1,0.704,0.9,4.0,4.9,1.6,0.6,0.2,0.8,2.3,5.9,,2023,0
327.0,Josh Christopher,21.0,HOU,SG,64.0,2.0,12.3,2.4,5.1,0.465,0.3,1.4,0.236,2.1,3.8,0.55,0.497,0.7,0.9,0.75,0.3,0.8,1.1,1.1,0.5,0.2,0.9,0.9,5.8,,2023,0
328.0,Johnny Davis,20.0,WAS,SG,28.0,5.0,15.1,2.4,6.1,0.386,0.6,2.5,0.243,1.8,3.6,0.485,0.436,0.5,1.0,0.519,0.4,2.0,2.3,1.0,0.4,0.3,0.6,1.7,5.8,,2023,0
329.0,Stanley Johnson,26.0,SAS,SF,30.0,0.0,15.6,2.2,4.1,0.533,0.6,1.3,0.45,1.6,2.7,0.573,0.607,0.9,1.3,0.667,0.7,2.4,3.2,2.2,0.5,0.2,1.1,1.6,5.8,,2023,0
330.0,Charles Bassey,22.0,SAS,C,35.0,2.0,14.5,2.5,3.9,0.644,0.1,0.2,0.375,2.4,3.6,0.661,0.656,0.6,1.1,0.595,2.1,3.4,5.5,1.4,0.5,0.9,1.2,2.1,5.7,,2023,0
331.0,Rodney McGruder,31.0,DET,SG,32.0,12.0,16.4,1.9,4.8,0.408,1.3,3.0,0.423,0.7,1.7,0.382,0.543,0.6,0.7,0.818,0.6,1.7,2.3,0.9,0.5,0.0,0.3,1.2,5.7,,2023,0
332.0,Ziaire Williams,21.0,MEM,SF,37.0,4.0,15.2,2.3,5.3,0.429,0.7,2.6,0.258,1.6,2.7,0.596,0.492,0.5,0.6,0.773,0.4,1.7,2.1,0.9,0.4,0.2,1.0,1.6,5.7,,2023,0
333.0,James Bouknight,22.0,CHO,SG,34.0,0.0,15.1,2.0,5.7,0.358,1.0,3.2,0.303,1.1,2.5,0.429,0.443,0.6,0.9,0.667,0.2,1.9,2.1,1.2,0.4,0.1,0.9,1.4,5.6,,2023,0
334.0,Alex Caruso,28.0,CHI,PG,67.0,36.0,23.5,1.9,4.3,0.455,0.8,2.3,0.364,1.1,2.0,0.556,0.551,0.9,1.1,0.808,0.6,2.3,2.9,2.9,1.5,0.7,1.1,2.4,5.6,"DPOY-11,DEF1",2023,0
335.0,Montrezl Harrell,29.0,PHI,C,57.0,7.0,11.9,2.2,3.7,0.598,0.0,0.1,0.0,2.2,3.6,0.616,0.598,1.2,1.8,0.693,1.2,1.6,2.8,0.6,0.3,0.4,0.6,1.3,5.6,,2023,0
336.0,Jalen Johnson,21.0,ATL,SF,70.0,6.0,14.9,2.3,4.6,0.491,0.4,1.5,0.288,1.8,3.1,0.587,0.537,0.7,1.1,0.628,0.7,3.3,4.0,1.2,0.5,0.5,0.6,1.6,5.6,,2023,0
337.0,Davion Mitchell,24.0,SAC,PG,80.0,9.0,18.1,2.3,5.0,0.454,0.8,2.5,0.32,1.5,2.5,0.584,0.533,0.3,0.4,0.806,0.2,1.1,1.3,2.3,0.6,0.2,0.8,1.4,5.6,,2023,0
338.0,Payton Pritchard,25.0,BOS,PG,48.0,3.0,13.4,2.1,5.1,0.412,1.2,3.2,0.364,0.9,1.9,0.495,0.527,0.3,0.3,0.75,0.5,1.3,1.8,1.3,0.3,0.0,0.8,0.8,5.6,,2023,0
339.0,Derrick Rose,34.0,NYK,PG,27.0,0.0,12.5,2.3,5.9,0.384,0.7,2.3,0.302,1.6,3.6,0.438,0.443,0.4,0.4,0.917,0.3,1.2,1.5,1.7,0.3,0.2,0.8,0.7,5.6,,2023,0
340.0,Yuta Watanabe,28.0,BRK,SF,58.0,1.0,16.0,2.0,4.0,0.491,1.0,2.3,0.444,0.9,1.7,0.557,0.621,0.6,0.8,0.723,0.5,1.9,2.4,0.8,0.4,0.3,0.4,1.4,5.6,,2023,0
341.0,Danny Green,35.0,2TM,SG,11.0,0.0,12.5,2.0,4.5,0.449,1.5,3.4,0.432,0.5,1.1,0.5,0.612,0.1,0.1,1.0,0.3,1.0,1.3,0.5,0.5,0.3,0.9,1.5,5.5,,2023,0
341.0,Danny Green,35.0,MEM,SG,3.0,0.0,14.3,1.0,3.7,0.273,1.0,2.7,0.375,0.0,1.0,0.0,0.409,0.0,0.0,,0.3,1.0,1.3,0.7,0.3,0.0,1.0,2.0,3.0,,2023,0
341.0,Danny Green,35.0,CLE,SG,8.0,0.0,11.9,2.4,4.8,0.5,1.6,3.6,0.448,0.8,1.1,0.667,0.671,0.1,0.1,1.0,0.3,1.0,1.3,0.5,0.6,0.4,0.9,1.3,6.5,,2023,0
342.0,Jarrell Brantley,26.0,UTA,PF,4.0,0.0,9.8,2.0,3.5,0.571,1.0,2.3,0.444,1.0,1.3,0.8,0.714,0.5,0.5,1.0,0.3,1.3,1.5,0.8,0.0,0.5,0.5,0.8,5.5,,2023,0
343.0,Wenyen Gabriel,25.0,LAL,C,68.0,2.0,15.1,2.3,3.8,0.596,0.1,0.5,0.278,2.1,3.3,0.647,0.615,0.8,1.2,0.619,1.7,2.5,4.2,0.5,0.4,0.5,0.7,2.1,5.5,,2023,0
344.0,Nikola Jović,19.0,MIA,PF,15.0,8.0,13.6,1.9,4.6,0.406,0.5,2.3,0.229,1.3,2.3,0.588,0.464,1.2,1.3,0.947,0.6,1.5,2.1,0.7,0.5,0.1,0.7,1.3,5.5,,2023,0
345.0,Otto Porter Jr.,29.0,TOR,SF,8.0,2.0,18.3,1.9,3.8,0.5,0.8,2.1,0.353,1.1,1.6,0.692,0.6,1.0,1.0,1.0,0.8,1.6,2.4,1.0,1.4,0.0,0.5,0.9,5.5,,2023,0
346.0,Jamal Cain,23.0,MIA,PF,18.0,0.0,13.3,2.1,3.7,0.561,0.4,1.1,0.35,1.7,2.6,0.652,0.614,0.9,1.2,0.773,0.8,2.1,2.9,0.7,0.6,0.1,0.3,1.2,5.4,,2023,0
347.0,Bryce McGowens,20.0,CHO,SG,46.0,7.0,17.1,1.7,4.4,0.396,0.6,1.7,0.325,1.2,2.7,0.443,0.46,1.3,1.7,0.75,0.4,1.6,2.0,1.2,0.3,0.1,0.9,1.0,5.3,,2023,0
348.0,Lamar Stevens,25.0,CLE,SF,62.0,25.0,18.1,2.1,4.6,0.448,0.5,1.5,0.316,1.6,3.1,0.513,0.5,0.6,0.9,0.702,0.8,2.6,3.3,0.5,0.4,0.3,0.4,1.3,5.3,,2023,0
349.0,Dewayne Dedmon,33.0,2TM,C,38.0,1.0,11.2,2.0,4.0,0.51,0.3,1.0,0.308,1.7,2.9,0.58,0.55,0.9,1.3,0.673,0.9,2.6,3.5,0.7,0.2,0.5,0.7,2.0,5.2,,2023,0
349.0,Dewayne Dedmon,33.0,MIA,C,30.0,0.0,11.7,2.1,4.3,0.496,0.4,1.2,0.297,1.8,3.1,0.576,0.539,1.1,1.5,0.727,0.9,2.7,3.6,0.5,0.2,0.5,0.6,2.0,5.7,,2023,0
349.0,Dewayne Dedmon,33.0,PHI,C,8.0,1.0,9.5,1.6,2.8,0.591,0.1,0.3,0.5,1.5,2.5,0.6,0.614,0.1,0.6,0.2,0.8,2.4,3.1,1.3,0.3,0.6,0.8,1.8,3.5,,2023,0
350.0,Darius Bazley,22.0,2TM,C,43.0,1.0,14.3,1.9,4.3,0.454,0.5,1.2,0.377,1.5,3.0,0.485,0.508,0.9,1.6,0.543,0.8,2.4,3.2,0.9,0.5,0.8,0.6,1.0,5.2,,2023,0
350.0,Darius Bazley,22.0,OKC,C,36.0,1.0,15.4,2.0,4.4,0.449,0.5,1.3,0.4,1.5,3.1,0.469,0.506,1.0,1.8,0.554,0.8,2.6,3.4,0.9,0.5,0.8,0.6,1.0,5.4,,2023,0
350.0,Darius Bazley,22.0,PHO,C,7.0,0.0,8.7,1.7,3.6,0.48,0.3,1.1,0.25,1.4,2.4,0.588,0.52,0.3,0.7,0.4,0.7,1.6,2.3,0.9,0.4,0.7,0.7,1.3,4.0,,2023,0
351.0,Rudy Gay,36.0,UTA,PF,56.0,0.0,14.6,1.9,5.1,0.38,0.6,2.3,0.254,1.4,2.8,0.484,0.437,0.8,0.9,0.857,0.6,2.3,2.9,1.0,0.3,0.3,0.7,1.2,5.2,,2023,0
352.0,Javonte Green,29.0,CHI,SF,32.0,1.0,15.0,1.9,3.4,0.565,0.4,1.1,0.371,1.5,2.3,0.658,0.625,0.9,1.4,0.667,0.8,1.9,2.8,0.7,0.8,0.7,0.6,1.6,5.2,,2023,0
353.0,Zeke Nnaji,22.0,DEN,PF,53.0,5.0,13.7,2.1,3.7,0.561,0.3,1.2,0.262,1.8,2.5,0.71,0.605,0.8,1.2,0.645,1.2,1.4,2.6,0.3,0.3,0.4,0.6,2.0,5.2,,2023,0
354.0,Ricky Rubio,32.0,CLE,PG,33.0,2.0,17.2,1.8,5.4,0.343,0.6,2.5,0.256,1.2,2.9,0.417,0.402,0.8,1.1,0.8,0.3,1.8,2.1,3.5,0.8,0.2,0.9,1.5,5.2,,2023,0
355.0,Lindy Waters III,25.0,OKC,SG,41.0,0.0,13.0,1.7,4.3,0.393,1.4,4.0,0.358,0.3,0.4,0.75,0.556,0.4,0.5,0.8,0.4,1.4,1.8,0.7,0.3,0.3,0.2,1.0,5.2,,2023,0
356.0,MarJon Beauchamp,22.0,MIL,SF,52.0,11.0,13.5,1.8,4.7,0.395,0.9,2.7,0.331,0.9,1.9,0.485,0.492,0.5,0.7,0.73,0.7,1.5,2.2,0.7,0.4,0.1,0.9,1.4,5.1,,2023,0
357.0,DeAndre Jordan,34.0,DEN,C,39.0,8.0,15.0,2.3,2.9,0.765,0.0,0.0,1.0,2.2,2.9,0.763,0.77,0.6,1.2,0.458,1.3,3.8,5.2,0.9,0.3,0.6,1.2,1.8,5.1,,2023,0
358.0,John Konchar,26.0,MEM,SF,72.0,23.0,20.8,1.9,4.4,0.431,0.8,2.5,0.339,1.1,2.0,0.545,0.525,0.4,0.5,0.778,0.9,3.4,4.3,1.4,1.1,0.3,0.5,1.6,5.1,,2023,0
359.0,George Hill,36.0,2TM,SG,46.0,1.0,18.1,1.7,3.6,0.47,0.7,2.1,0.358,1.0,1.5,0.62,0.572,0.9,1.2,0.764,0.3,1.5,1.8,2.4,0.6,0.1,0.7,1.2,5.0,,2023,0
359.0,George Hill,36.0,MIL,PG,35.0,0.0,19.1,1.7,3.8,0.447,0.7,2.1,0.311,1.0,1.7,0.621,0.534,1.0,1.3,0.739,0.4,1.5,1.9,2.5,0.5,0.1,0.8,1.2,5.0,,2023,0
359.0,George Hill,36.0,IND,SG,11.0,1.0,15.1,1.7,3.1,0.559,1.0,1.9,0.524,0.7,1.2,0.615,0.721,0.7,0.8,0.889,0.2,1.5,1.6,1.9,0.6,0.3,0.6,1.3,5.2,,2023,0
360.0,Vlatko Čančar,25.0,DEN,PF,60.0,9.0,14.8,1.8,3.8,0.476,0.7,1.9,0.374,1.1,1.9,0.58,0.57,0.6,0.7,0.927,0.4,1.7,2.1,1.3,0.4,0.2,0.6,1.4,5.0,,2023,0
361.0,Isaiah Hartenstein,24.0,NYK,C,82.0,8.0,19.8,2.1,4.0,0.535,0.1,0.5,0.216,2.0,3.5,0.576,0.547,0.6,0.9,0.676,2.5,4.0,6.5,1.2,0.6,0.8,0.8,2.6,5.0,,2023,0
362.0,Jaxson Hayes,22.0,NOP,C,47.0,2.0,13.0,1.8,3.3,0.551,0.1,0.6,0.103,1.8,2.7,0.654,0.561,1.2,1.8,0.699,0.8,2.0,2.8,0.7,0.4,0.4,0.7,1.4,5.0,,2023,0
363.0,Jonathan Isaac,25.0,ORL,PF,11.0,0.0,11.3,2.0,4.8,0.415,0.5,1.4,0.4,1.5,3.5,0.421,0.472,0.5,0.8,0.556,1.4,2.6,4.0,0.5,1.3,0.4,0.4,0.5,5.0,,2023,0
364.0,Derrick Jones Jr.,25.0,CHI,PF,64.0,0.0,14.0,1.8,3.6,0.5,0.4,1.3,0.338,1.4,2.3,0.587,0.559,1.0,1.3,0.738,0.9,1.5,2.4,0.5,0.5,0.6,0.4,1.3,5.0,,2023,0
365.0,Kenneth Lofton Jr.,20.0,MEM,PF,24.0,1.0,7.3,2.0,3.9,0.527,0.3,0.7,0.353,1.8,3.2,0.566,0.559,0.7,1.1,0.593,0.8,1.3,2.1,0.8,0.2,0.1,0.5,1.2,5.0,,2023,0
366.0,Cody Martin,27.0,CHO,SF,7.0,0.0,19.1,2.0,5.1,0.389,0.4,2.0,0.214,1.6,3.1,0.5,0.431,0.6,1.0,0.571,1.1,2.3,3.4,1.6,0.6,0.1,0.3,1.9,5.0,,2023,0
367.0,Sam Merrill,26.0,CLE,SG,5.0,0.0,11.8,1.8,4.4,0.409,1.0,3.6,0.278,0.8,0.8,1.0,0.523,0.4,0.4,1.0,0.0,1.8,1.8,1.0,0.8,0.0,0.0,0.6,5.0,,2023,0
368.0,Blake Wesley,19.0,SAS,SG,37.0,1.0,18.1,1.9,5.8,0.321,0.5,1.4,0.385,1.3,4.4,0.301,0.367,0.7,1.2,0.591,0.3,1.9,2.2,2.6,0.7,0.1,1.8,1.8,5.0,,2023,0
369.0,Ousmane Dieng,19.0,OKC,PF,39.0,1.0,14.6,1.9,4.6,0.42,0.7,2.5,0.265,1.3,2.1,0.602,0.492,0.4,0.6,0.652,0.5,2.2,2.7,1.2,0.4,0.2,0.7,1.1,4.9,,2023,0
370.0,Chimezie Metu,25.0,SAC,PF,66.0,0.0,10.4,2.0,3.3,0.589,0.1,0.6,0.237,1.8,2.7,0.663,0.61,0.8,1.1,0.74,0.7,2.3,3.0,0.6,0.3,0.3,0.5,1.2,4.9,,2023,0
371.0,Austin Rivers,30.0,MIN,SG,52.0,10.0,19.5,1.8,4.0,0.435,0.8,2.4,0.35,0.9,1.7,0.558,0.538,0.6,0.8,0.769,0.1,1.5,1.6,1.4,0.5,0.1,0.4,1.5,4.9,,2023,0
372.0,Danuel House Jr.,29.0,PHI,SF,56.0,5.0,14.4,1.7,3.5,0.472,0.7,2.0,0.336,1.0,1.6,0.644,0.566,0.8,1.1,0.75,0.2,1.5,1.7,0.8,0.3,0.2,0.5,1.2,4.8,,2023,0
373.0,Johnny Juzang,21.0,UTA,SG,18.0,0.0,12.9,1.9,5.8,0.337,0.8,3.5,0.238,1.1,2.3,0.488,0.409,0.1,0.2,0.5,0.4,1.7,2.2,0.4,0.2,0.2,0.2,0.7,4.8,,2023,0
374.0,Meyers Leonard,30.0,MIL,C,9.0,2.0,12.7,1.6,3.2,0.483,0.8,2.0,0.389,0.8,1.2,0.636,0.603,0.9,1.0,0.889,1.3,2.4,3.8,0.1,0.2,0.0,0.7,1.8,4.8,,2023,0
375.0,Garrison Mathews,26.0,2TM,SG,54.0,0.0,12.7,1.4,3.7,0.363,1.2,3.3,0.35,0.2,0.4,0.476,0.52,0.9,1.0,0.906,0.2,1.1,1.4,0.5,0.4,0.1,0.4,1.1,4.8,,2023,0
375.0,Garrison Mathews,26.0,HOU,SG,45.0,0.0,13.4,1.3,3.8,0.353,1.2,3.4,0.342,0.2,0.3,0.467,0.509,0.9,1.0,0.911,0.2,1.2,1.4,0.5,0.5,0.1,0.4,1.2,4.8,,2023,0
375.0,Garrison Mathews,26.0,ATL,SG,9.0,0.0,9.3,1.4,3.4,0.419,1.1,2.8,0.4,0.3,0.7,0.5,0.581,0.8,0.9,0.875,0.1,1.1,1.2,0.3,0.1,0.1,0.1,0.7,4.8,,2023,0
376.0,Moses Moody,20.0,GSW,SG,63.0,3.0,13.0,1.7,3.6,0.476,0.8,2.1,0.363,0.9,1.5,0.641,0.584,0.6,0.8,0.698,0.4,1.2,1.7,0.8,0.3,0.1,0.5,0.9,4.8,,2023,0
377.0,Christian Braun,21.0,DEN,SG,76.0,6.0,15.5,1.9,3.8,0.495,0.4,1.3,0.354,1.4,2.5,0.565,0.554,0.5,0.8,0.625,0.6,1.8,2.4,0.8,0.5,0.2,0.5,1.3,4.7,,2023,0
378.0,Keon Johnson,20.0,POR,SG,40.0,0.0,10.4,1.7,4.5,0.376,0.7,2.0,0.346,1.0,2.4,0.402,0.455,0.7,1.0,0.659,0.3,0.8,1.1,1.5,0.5,0.2,1.1,1.1,4.7,,2023,0
379.0,Chuma Okeke,24.0,ORL,SF,27.0,8.0,19.2,1.6,4.5,0.352,1.0,3.2,0.302,0.6,1.3,0.472,0.459,0.6,0.8,0.762,1.0,2.6,3.6,1.4,0.7,0.4,0.6,1.5,4.7,,2023,0
380.0,Day'Ron Sharpe,21.0,BRK,C,48.0,3.0,11.5,1.9,3.6,0.544,0.1,0.2,0.545,1.8,3.3,0.544,0.561,0.7,1.1,0.636,2.1,2.1,4.2,0.8,0.3,0.7,0.9,1.9,4.7,,2023,0
381.0,Dean Wade,26.0,CLE,PF,44.0,13.0,20.3,1.7,4.0,0.412,1.0,2.9,0.354,0.6,1.1,0.56,0.54,0.3,0.5,0.652,0.5,3.0,3.4,0.8,0.6,0.5,0.4,2.0,4.7,,2023,0
382.0,TyTy Washington Jr.,21.0,HOU,PG,31.0,2.0,14.0,1.9,5.2,0.363,0.6,2.6,0.238,1.3,2.6,0.488,0.422,0.3,0.6,0.556,0.1,1.4,1.5,1.5,0.5,0.1,0.5,0.9,4.7,,2023,0
383.0,Gary Payton II,30.0,2TM,SG,22.0,1.0,16.7,1.9,3.1,0.594,0.6,1.2,0.5,1.3,2.0,0.651,0.688,0.3,0.3,0.857,1.1,2.0,3.1,1.4,1.0,0.2,0.7,2.0,4.6,,2023,0
383.0,Gary Payton II,30.0,POR,SG,15.0,1.0,17.0,1.6,2.7,0.585,0.6,1.1,0.529,1.0,1.6,0.625,0.695,0.3,0.3,1.0,0.7,1.9,2.6,1.5,1.1,0.1,0.8,1.9,4.1,,2023,0
383.0,Gary Payton II,30.0,GSW,SG,7.0,0.0,16.0,2.4,4.0,0.607,0.6,1.3,0.444,1.9,2.7,0.684,0.679,0.3,0.4,0.667,2.0,2.3,4.3,1.1,0.9,0.6,0.6,2.0,5.7,,2023,0
384.0,Dalano Banton,23.0,TOR,PG,31.0,2.0,9.0,1.8,4.2,0.423,0.5,1.6,0.294,1.3,2.5,0.506,0.481,0.5,0.8,0.708,0.4,1.1,1.5,1.2,0.4,0.4,0.6,1.1,4.6,,2023,0
385.0,Dāvis Bertāns,30.0,DAL,PF,45.0,1.0,10.9,1.5,3.6,0.431,1.2,3.1,0.39,0.3,0.4,0.737,0.603,0.3,0.3,0.867,0.2,1.0,1.2,0.5,0.2,0.2,0.2,1.2,4.6,,2023,0
386.0,Malachi Flynn,24.0,TOR,PG,53.0,2.0,13.0,1.6,4.6,0.36,0.9,2.5,0.353,0.8,2.1,0.367,0.457,0.5,0.6,0.758,0.3,1.2,1.4,1.3,0.4,0.1,0.5,1.2,4.6,,2023,0
387.0,Kira Lewis Jr.,21.0,NOP,PG,25.0,0.0,9.4,1.6,3.5,0.455,0.6,1.4,0.441,1.0,2.2,0.463,0.54,0.8,0.9,0.864,0.2,1.1,1.3,0.9,0.4,0.1,0.4,1.0,4.6,,2023,0
388.0,Justin Holiday,33.0,2TM,SF,46.0,2.0,15.3,1.7,4.4,0.377,1.0,3.1,0.322,0.7,1.3,0.508,0.49,0.1,0.2,0.625,0.1,1.1,1.2,0.9,0.4,0.4,0.5,1.5,4.5,,2023,0
388.0,Justin Holiday,33.0,ATL,SF,28.0,0.0,14.7,1.7,4.5,0.384,1.1,3.1,0.345,0.6,1.4,0.474,0.504,0.0,0.0,,0.1,0.8,0.8,0.9,0.2,0.4,0.4,1.3,4.5,,2023,0
388.0,Justin Holiday,33.0,DAL,SF,18.0,2.0,16.4,1.6,4.4,0.367,0.9,3.1,0.286,0.7,1.3,0.565,0.468,0.3,0.4,0.625,0.2,1.6,1.8,0.9,0.8,0.5,0.6,1.7,4.4,,2023,0
389.0,Goga Bitadze,23.0,2TM,C,38.0,1.0,12.0,1.8,3.3,0.552,0.2,0.7,0.231,1.7,2.6,0.636,0.576,0.6,1.1,0.548,1.6,2.0,3.6,1.0,0.4,0.7,0.6,1.7,4.4,,2023,0
389.0,Goga Bitadze,23.0,IND,C,21.0,0.0,9.6,1.3,2.5,0.519,0.2,0.7,0.286,1.1,1.8,0.605,0.558,0.5,1.1,0.458,1.2,1.1,2.3,0.9,0.4,0.5,0.6,1.6,3.3,,2023,0
389.0,Goga Bitadze,23.0,ORL,C,17.0,1.0,15.0,2.5,4.3,0.575,0.1,0.7,0.167,2.4,3.6,0.656,0.589,0.7,1.1,0.667,2.1,3.1,5.2,1.2,0.4,0.9,0.6,1.8,5.8,,2023,0
390.0,Jarrett Culver,23.0,ATL,SF,10.0,1.0,13.7,1.7,4.3,0.395,0.1,1.2,0.083,1.6,3.1,0.516,0.407,0.9,1.3,0.692,1.0,2.8,3.8,0.6,0.6,0.2,0.7,1.4,4.4,,2023,0
391.0,A.J. Green,23.0,MIL,SG,35.0,1.0,9.9,1.5,3.6,0.424,1.3,3.0,0.419,0.3,0.6,0.45,0.6,0.1,0.1,1.0,0.2,1.1,1.3,0.6,0.2,0.0,0.3,0.9,4.4,,2023,0
392.0,Haywood Highsmith,26.0,MIA,PF,54.0,11.0,17.9,1.7,4.0,0.431,0.7,2.0,0.339,1.0,2.0,0.523,0.516,0.2,0.5,0.464,1.1,2.4,3.5,0.8,0.7,0.3,0.8,1.5,4.4,,2023,0
393.0,JaVale McGee,35.0,DAL,C,42.0,7.0,8.5,1.9,3.0,0.64,0.0,0.1,0.4,1.9,2.9,0.65,0.648,0.6,1.0,0.585,0.7,1.8,2.5,0.3,0.1,0.6,0.9,1.3,4.4,,2023,0
394.0,Thaddeus Young,34.0,TOR,PF,54.0,9.0,14.7,2.0,3.7,0.545,0.1,0.6,0.176,1.9,3.0,0.622,0.561,0.3,0.5,0.692,1.3,1.8,3.1,1.4,1.0,0.1,0.8,1.6,4.4,,2023,0
395.0,Omer Yurtseven,24.0,MIA,C,9.0,0.0,9.2,1.8,3.0,0.593,0.3,0.8,0.429,1.4,2.2,0.65,0.648,0.6,0.7,0.833,0.9,1.7,2.6,0.2,0.2,0.2,0.4,1.8,4.4,,2023,0
396.0,Moses Brown,23.0,2TM,C,36.0,1.0,8.2,1.7,2.7,0.635,0.0,0.0,,1.7,2.7,0.635,0.635,0.9,2.0,0.458,1.6,2.3,3.9,0.1,0.1,0.4,0.4,1.1,4.3,,2023,0
396.0,Moses Brown,23.0,LAC,C,34.0,1.0,8.5,1.8,2.8,0.635,0.0,0.0,,1.8,2.8,0.635,0.635,1.0,2.1,0.458,1.7,2.4,4.1,0.1,0.1,0.4,0.4,1.1,4.6,,2023,0
396.0,Moses Brown,23.0,BRK,C,2.0,0.0,3.0,0.0,0.0,,0.0,0.0,,0.0,0.0,,,0.0,0.0,,0.0,0.0,0.0,0.0,0.5,0.0,0.5,0.5,0.0,,2023,0
397.0,Bismack Biyombo,30.0,PHO,C,61.0,14.0,14.3,2.0,3.4,0.578,0.0,0.0,,2.0,3.4,0.578,0.578,0.4,1.1,0.357,1.5,2.8,4.3,0.9,0.3,1.4,0.8,1.9,4.3,,2023,0
398.0,Michael Carter-Williams,31.0,ORL,PG,4.0,0.0,11.0,1.5,3.5,0.429,0.3,0.8,0.333,1.3,2.8,0.455,0.464,1.0,1.8,0.571,0.3,1.0,1.3,1.8,0.3,0.3,1.0,1.3,4.3,,2023,0
399.0,Justin Minaya,23.0,POR,SF,4.0,0.0,22.3,1.8,5.8,0.304,0.8,3.0,0.25,1.0,2.8,0.364,0.37,0.0,0.3,0.0,0.8,3.0,3.8,1.0,0.5,1.3,1.0,2.3,4.3,,2023,0
400.0,Xavier Sneed,25.0,CHO,SF,4.0,0.0,12.0,1.3,2.5,0.5,0.8,1.5,0.5,0.5,1.0,0.5,0.65,1.0,1.0,1.0,0.0,1.3,1.3,1.3,0.0,0.3,0.8,1.8,4.3,,2023,0
401.0,Paul Reed,23.0,PHI,C,69.0,2.0,10.9,1.8,3.0,0.593,0.0,0.1,0.167,1.8,2.9,0.606,0.596,0.6,0.7,0.745,1.6,2.2,3.8,0.4,0.7,0.7,0.7,1.8,4.2,,2023,0
402.0,Admiral Schofield,25.0,ORL,PF,37.0,0.0,12.2,1.5,3.3,0.451,0.6,2.0,0.324,0.8,1.3,0.646,0.549,0.6,0.6,0.913,0.6,1.1,1.7,0.8,0.2,0.1,0.4,1.6,4.2,,2023,0
403.0,Ish Wainright,28.0,PHO,SF,60.0,2.0,15.3,1.4,3.8,0.37,1.0,2.9,0.329,0.5,0.9,0.5,0.496,0.4,0.5,0.839,0.8,1.6,2.3,0.9,0.6,0.4,0.4,2.0,4.2,,2023,0
404.0,McKinley Wright IV,24.0,DAL,PG,27.0,1.0,12.4,1.7,3.6,0.469,0.3,1.0,0.321,1.4,2.6,0.529,0.515,0.5,0.7,0.684,0.3,1.4,1.7,2.1,0.3,0.2,0.7,0.9,4.2,,2023,0
405.0,Matisse Thybulle,25.0,2TM,SF,71.0,28.0,16.9,1.5,3.6,0.435,0.8,2.1,0.365,0.8,1.5,0.533,0.542,0.3,0.4,0.679,0.6,1.4,2.0,0.7,1.2,0.5,0.3,1.6,4.1,,2023,0
405.0,Matisse Thybulle,25.0,PHI,SF,49.0,6.0,12.1,1.0,2.4,0.431,0.4,1.3,0.333,0.6,1.1,0.547,0.522,0.2,0.2,0.75,0.4,0.9,1.3,0.5,0.9,0.3,0.2,1.3,2.7,,2023,0
405.0,Matisse Thybulle,25.0,POR,SG,22.0,22.0,27.7,2.7,6.2,0.438,1.5,3.9,0.388,1.2,2.4,0.519,0.558,0.5,0.7,0.625,0.9,2.6,3.5,1.4,1.7,0.8,0.7,2.2,7.4,,2023,0
406.0,Blake Griffin,33.0,BOS,C,41.0,16.0,13.9,1.5,3.2,0.485,0.6,1.6,0.348,1.0,1.6,0.625,0.573,0.5,0.8,0.656,1.1,2.6,3.8,1.5,0.3,0.2,0.5,1.8,4.1,,2023,0
407.0,Kevon Harris,25.0,ORL,SG,34.0,0.0,13.4,1.4,3.1,0.439,0.5,1.3,0.372,0.9,1.9,0.484,0.514,0.9,1.2,0.756,0.8,1.2,2.1,0.5,0.5,0.1,0.6,1.6,4.1,,2023,0
408.0,Serge Ibaka,33.0,MIL,C,16.0,0.0,11.6,1.6,3.4,0.481,0.4,1.1,0.333,1.3,2.3,0.556,0.537,0.5,0.8,0.615,0.9,1.8,2.8,0.3,0.1,0.4,0.7,1.4,4.1,,2023,0
409.0,Isaiah Roby,24.0,SAS,PF,42.0,2.0,11.3,1.6,3.7,0.432,0.4,1.4,0.3,1.2,2.3,0.516,0.49,0.5,1.0,0.488,0.5,2.0,2.5,0.9,0.4,0.2,0.7,1.3,4.1,,2023,0
410.0,Daishen Nix,20.0,HOU,PG,57.0,7.0,16.0,1.4,4.2,0.342,0.7,2.5,0.286,0.7,1.7,0.423,0.426,0.4,0.6,0.667,0.3,1.4,1.7,2.3,0.5,0.1,1.5,1.0,4.0,,2023,0
411.0,Olivier Sarr,23.0,OKC,C,9.0,1.0,12.7,1.7,3.3,0.5,0.1,0.9,0.125,1.6,2.4,0.636,0.517,0.6,0.8,0.714,1.3,2.1,3.4,0.4,0.1,0.6,0.4,1.9,4.0,,2023,0
412.0,Bruno Fernando,24.0,2TM,C,39.0,4.0,10.4,1.5,2.9,0.527,0.0,0.1,0.0,1.5,2.8,0.546,0.527,0.9,1.3,0.7,1.4,2.1,3.5,0.8,0.2,0.9,0.6,1.9,3.9,,2023,0
412.0,Bruno Fernando,24.0,HOU,C,31.0,4.0,11.7,1.5,3.0,0.516,0.0,0.0,0.0,1.5,3.0,0.522,0.516,1.0,1.4,0.682,1.5,2.4,3.9,1.0,0.2,1.0,0.6,2.2,4.1,,2023,0
412.0,Bruno Fernando,24.0,ATL,C,8.0,0.0,5.1,1.4,2.4,0.579,0.0,0.4,0.0,1.4,2.0,0.688,0.579,0.6,0.8,0.833,0.8,1.1,1.9,0.1,0.0,0.4,0.6,0.8,3.4,,2023,0
413.0,Patrick Baldwin Jr.,20.0,GSW,SF,31.0,0.0,7.3,1.4,3.5,0.394,1.0,2.7,0.381,0.4,0.8,0.44,0.541,0.1,0.2,0.667,0.0,1.3,1.3,0.4,0.2,0.1,0.4,0.5,3.9,,2023,0
414.0,Dominick Barlow,19.0,SAS,PF,28.0,0.0,14.6,1.6,3.1,0.535,0.0,0.1,0.0,1.6,2.9,0.561,0.535,0.6,0.9,0.72,1.6,2.0,3.6,0.9,0.4,0.7,0.5,2.0,3.9,,2023,0
415.0,Gorgui Dieng,33.0,SAS,C,31.0,1.0,11.5,1.5,3.8,0.385,0.7,2.4,0.28,0.8,1.4,0.571,0.474,0.3,0.4,0.769,0.9,2.6,3.5,1.7,0.1,0.5,1.0,1.8,3.9,,2023,0
416.0,Udonis Haslem,42.0,MIA,C,7.0,1.0,10.1,1.4,4.1,0.345,0.4,1.3,0.333,1.0,2.9,0.35,0.397,0.6,0.7,0.8,0.6,1.0,1.6,0.0,0.1,0.3,0.1,1.6,3.9,,2023,0
417.0,Aaron Holiday,26.0,ATL,PG,63.0,6.0,13.4,1.5,3.5,0.418,0.6,1.4,0.409,0.9,2.1,0.424,0.5,0.4,0.5,0.844,0.4,0.8,1.2,1.4,0.6,0.2,0.6,1.3,3.9,,2023,0
418.0,Jabari Walker,20.0,POR,SF,56.0,0.0,11.1,1.5,3.5,0.419,0.3,1.0,0.286,1.2,2.5,0.472,0.46,0.6,0.8,0.756,0.9,1.5,2.3,0.6,0.2,0.2,0.5,1.2,3.9,,2023,0
419.0,Markieff Morris,33.0,2TM,PF,35.0,2.0,10.1,1.3,3.3,0.409,0.8,2.0,0.394,0.5,1.3,0.432,0.53,0.3,0.3,1.0,0.4,1.7,2.0,0.9,0.3,0.1,0.5,1.4,3.8,,2023,0
419.0,Markieff Morris,33.0,BRK,PF,27.0,1.0,10.6,1.2,3.0,0.402,0.7,1.8,0.408,0.5,1.2,0.394,0.524,0.4,0.4,1.0,0.5,1.7,2.2,0.9,0.3,0.2,0.5,1.2,3.6,,2023,0
419.0,Markieff Morris,33.0,DAL,PF,8.0,1.0,8.8,1.8,4.1,0.424,1.0,2.8,0.364,0.8,1.4,0.545,0.545,0.0,0.0,,0.0,1.5,1.5,0.8,0.1,0.0,0.5,1.9,4.5,,2023,0
420.0,Xavier Cooks,27.0,WAS,PF,10.0,1.0,12.6,1.7,2.8,0.607,0.0,0.1,0.0,1.7,2.7,0.63,0.607,0.4,1.0,0.4,1.6,2.2,3.8,0.6,0.6,0.4,0.8,1.3,3.8,,2023,0
421.0,Dyson Daniels,19.0,NOP,PG,59.0,11.0,17.7,1.5,3.5,0.418,0.5,1.5,0.314,1.0,2.1,0.492,0.483,0.4,0.7,0.65,0.6,2.6,3.2,2.3,0.7,0.2,1.0,1.7,3.8,,2023,0
422.0,Darius Days,23.0,HOU,SF,4.0,0.0,6.3,1.3,3.0,0.417,0.8,2.5,0.3,0.5,0.5,1.0,0.542,0.5,0.5,1.0,0.3,1.3,1.5,0.3,0.0,0.3,0.0,0.5,3.8,,2023,0
423.0,Caleb Houstan,20.0,ORL,SF,51.0,4.0,15.9,1.3,3.6,0.363,0.9,2.7,0.338,0.4,0.9,0.435,0.489,0.3,0.4,0.833,0.7,1.3,1.9,0.6,0.2,0.1,0.4,1.2,3.8,,2023,0
424.0,Furkan Korkmaz,25.0,PHI,SG,37.0,0.0,9.5,1.3,3.0,0.432,0.5,1.2,0.391,0.8,1.8,0.462,0.514,0.7,1.0,0.722,0.2,1.0,1.1,0.6,0.3,0.1,0.6,0.5,3.8,,2023,0
425.0,Luke Kornet,27.0,BOS,C,69.0,0.0,11.7,1.6,2.5,0.665,0.0,0.2,0.231,1.6,2.3,0.701,0.674,0.5,0.6,0.821,1.2,1.6,2.9,0.8,0.2,0.7,0.4,1.2,3.8,,2023,0
426.0,JT Thor,20.0,CHO,PF,69.0,8.0,14.0,1.4,3.4,0.399,0.6,1.8,0.317,0.8,1.7,0.487,0.481,0.5,0.7,0.702,0.5,1.7,2.2,0.5,0.3,0.3,0.6,1.0,3.8,,2023,0
427.0,A.J. Lawson,22.0,2TM,SG,15.0,0.0,7.2,1.5,2.9,0.5,0.7,1.7,0.4,0.8,1.3,0.632,0.614,0.1,0.5,0.25,0.4,1.0,1.4,0.1,0.1,0.0,0.2,0.7,3.7,,2023,0
427.0,A.J. Lawson,22.0,MIN,SG,1.0,0.0,2.0,1.0,1.0,1.0,0.0,0.0,,1.0,1.0,1.0,1.0,0.0,0.0,,0.0,1.0,1.0,0.0,0.0,0.0,0.0,1.0,2.0,,2023,0
427.0,A.J. Lawson,22.0,DAL,SG,14.0,0.0,7.6,1.5,3.1,0.488,0.7,1.8,0.4,0.8,1.3,0.611,0.605,0.1,0.6,0.25,0.4,1.0,1.4,0.1,0.1,0.0,0.2,0.7,3.9,,2023,0
428.0,David Duke Jr.,23.0,BRK,SG,23.0,0.0,9.9,1.6,3.4,0.462,0.0,0.5,0.083,1.5,2.9,0.53,0.468,0.5,0.7,0.706,0.5,0.8,1.3,0.9,0.4,0.0,0.8,1.3,3.7,,2023,0
429.0,Nathan Knight,25.0,MIN,C,38.0,0.0,7.7,1.2,2.1,0.568,0.2,0.6,0.364,1.0,1.6,0.644,0.617,1.0,1.5,0.684,0.6,0.9,1.5,0.3,0.3,0.2,0.6,1.1,3.7,,2023,0
430.0,Jordan McLaughlin,26.0,MIN,PG,43.0,0.0,15.8,1.4,3.4,0.421,0.6,1.8,0.308,0.9,1.6,0.552,0.503,0.3,0.4,0.833,0.3,1.1,1.4,3.4,0.7,0.1,0.8,0.7,3.7,,2023,0
431.0,Orlando Robinson,22.0,MIA,C,31.0,1.0,13.7,1.5,2.9,0.528,0.0,0.2,0.0,1.5,2.7,0.566,0.528,0.7,1.0,0.71,1.5,2.5,4.1,0.8,0.4,0.4,0.5,1.7,3.7,,2023,0
432.0,Matt Ryan,25.0,2TM,SF,34.0,0.0,9.1,1.2,3.2,0.37,0.9,2.5,0.381,0.2,0.7,0.333,0.519,0.3,0.4,0.833,0.1,0.6,0.8,0.5,0.1,0.0,0.2,0.8,3.6,,2023,0
432.0,Matt Ryan,25.0,LAL,SF,12.0,0.0,10.8,1.3,4.1,0.306,1.1,2.9,0.371,0.2,1.2,0.143,0.439,0.3,0.4,0.8,0.2,1.0,1.2,0.3,0.2,0.0,0.3,1.2,3.9,,2023,0
432.0,Matt Ryan,25.0,MIN,SF,22.0,0.0,8.2,1.1,2.7,0.424,0.9,2.2,0.388,0.3,0.5,0.6,0.585,0.3,0.3,0.857,0.1,0.5,0.5,0.5,0.1,0.0,0.2,0.6,3.4,,2023,0
433.0,Bryn Forbes,29.0,MIN,SG,25.0,0.0,10.7,1.2,3.3,0.361,0.6,1.8,0.304,0.6,1.5,0.432,0.446,0.6,0.6,1.0,0.2,0.4,0.6,0.7,0.3,0.1,0.5,0.9,3.6,,2023,0
434.0,Damian Jones,27.0,2TM,C,41.0,1.0,11.6,1.3,2.1,0.64,0.2,0.4,0.588,1.1,1.7,0.652,0.698,0.5,0.7,0.759,1.0,2.0,3.0,0.4,0.2,0.5,0.6,1.3,3.5,,2023,0
434.0,Damian Jones,27.0,LAL,C,22.0,1.0,8.0,0.9,1.7,0.541,0.0,0.1,0.0,0.9,1.5,0.588,0.541,0.7,0.9,0.75,0.8,1.7,2.5,0.2,0.1,0.5,0.4,0.8,2.5,,2023,0
434.0,Damian Jones,27.0,UTA,C,19.0,0.0,15.8,1.8,2.6,0.714,0.5,0.7,0.714,1.3,1.8,0.714,0.816,0.4,0.5,0.778,1.3,2.3,3.5,0.6,0.3,0.5,0.7,2.0,4.6,,2023,0
435.0,Udoka Azubuike,23.0,UTA,C,36.0,4.0,10.0,1.6,2.0,0.819,0.0,0.0,,1.6,2.0,0.819,0.819,0.2,0.6,0.35,0.9,2.4,3.3,0.3,0.2,0.4,0.5,0.9,3.5,,2023,0
436.0,Miles McBride,22.0,NYK,PG,64.0,2.0,11.9,1.2,3.4,0.358,0.6,2.1,0.299,0.6,1.3,0.457,0.451,0.4,0.7,0.667,0.2,0.6,0.8,1.1,0.6,0.1,0.4,0.9,3.5,,2023,0
437.0,P.J. Tucker,37.0,PHI,PF,75.0,75.0,25.6,1.3,3.0,0.427,0.7,1.9,0.393,0.5,1.1,0.482,0.549,0.3,0.3,0.826,1.3,2.7,3.9,0.8,0.5,0.2,0.6,2.4,3.5,,2023,0
438.0,Amir Coffey,25.0,LAC,SF,50.0,9.0,12.5,1.1,2.9,0.386,0.2,0.8,0.275,0.9,2.1,0.429,0.424,1.0,1.3,0.778,0.3,0.7,1.1,1.1,0.1,0.1,0.4,1.0,3.4,,2023,0
439.0,Taj Gibson,37.0,WAS,C,49.0,2.0,9.8,1.3,2.6,0.52,0.2,0.5,0.333,1.2,2.1,0.564,0.552,0.6,0.9,0.714,0.7,1.2,1.9,0.7,0.3,0.2,0.5,1.7,3.4,,2023,0
440.0,Kai Jones,22.0,CHO,C,46.0,0.0,12.0,1.5,2.6,0.558,0.1,0.4,0.211,1.4,2.2,0.624,0.575,0.4,0.6,0.731,0.8,1.9,2.7,0.3,0.4,0.7,0.7,1.4,3.4,,2023,0
441.0,Wesley Matthews,36.0,MIL,SF,52.0,0.0,15.8,1.1,3.1,0.363,0.8,2.4,0.315,0.4,0.7,0.528,0.484,0.5,0.5,0.857,0.7,1.5,2.2,0.7,0.4,0.3,0.3,1.4,3.4,,2023,0
442.0,Micah Potter,24.0,UTA,PF,7.0,0.0,7.4,1.4,2.1,0.667,0.6,1.0,0.571,0.9,1.1,0.75,0.8,0.0,0.0,,0.4,1.9,2.3,0.6,0.1,0.0,0.3,0.7,3.4,,2023,0
443.0,Jericho Sims,24.0,NYK,C,52.0,16.0,15.6,1.6,2.1,0.776,0.0,0.0,0.0,1.6,2.0,0.783,0.776,0.2,0.3,0.75,1.9,2.8,4.7,0.5,0.3,0.5,0.5,1.8,3.4,,2023,0
444.0,Anthony Gill,30.0,WAS,PF,59.0,8.0,10.6,1.2,2.2,0.538,0.1,0.5,0.138,1.1,1.7,0.65,0.553,0.8,1.1,0.731,0.6,1.1,1.7,0.6,0.1,0.2,0.3,1.2,3.3,,2023,0
445.0,Boban Marjanović,34.0,HOU,C,31.0,0.0,5.5,1.3,1.9,0.683,0.0,0.0,0.0,1.3,1.9,0.695,0.683,0.6,0.9,0.741,0.6,1.3,1.9,0.3,0.2,0.1,0.5,0.3,3.3,,2023,0
446.0,Raul Neto,30.0,CLE,PG,48.0,1.0,10.5,1.2,2.3,0.518,0.3,0.9,0.286,0.9,1.4,0.662,0.573,0.6,0.7,0.912,0.2,0.8,1.0,1.6,0.4,0.1,0.5,1.0,3.3,,2023,0
447.0,Peyton Watson,20.0,DEN,SG,23.0,2.0,8.1,1.3,2.6,0.492,0.3,0.6,0.429,1.0,2.0,0.511,0.542,0.5,0.9,0.55,0.3,1.3,1.6,0.5,0.1,0.5,0.3,0.6,3.3,,2023,0
448.0,Jared Rhoden,23.0,DET,SG,14.0,0.0,14.1,1.2,3.1,0.386,0.4,1.4,0.25,0.9,1.7,0.5,0.443,0.4,0.4,1.0,0.8,1.9,2.6,0.3,0.3,0.1,0.2,1.6,3.2,,2023,0
449.0,Max Christie,19.0,LAL,SG,41.0,3.0,12.5,1.1,2.6,0.415,0.6,1.5,0.419,0.4,1.1,0.409,0.538,0.3,0.4,0.875,0.2,1.7,1.8,0.5,0.2,0.2,0.3,0.8,3.1,,2023,0
450.0,Jordan Hall,21.0,SAS,SF,9.0,0.0,9.2,1.0,3.1,0.321,0.3,1.7,0.2,0.7,1.4,0.462,0.375,0.8,1.0,0.778,0.3,1.0,1.3,1.2,0.1,0.0,0.8,0.7,3.1,,2023,0
451.0,Richaun Holmes,29.0,SAC,C,42.0,1.0,8.3,1.3,2.1,0.618,0.1,0.2,0.625,1.2,1.9,0.617,0.646,0.4,0.5,0.789,0.7,1.2,1.9,0.2,0.1,0.3,0.3,1.2,3.1,,2023,0
452.0,Christian Koloko,22.0,TOR,C,58.0,19.0,13.8,1.2,2.6,0.48,0.0,0.2,0.083,1.2,2.4,0.514,0.483,0.6,1.0,0.627,1.4,1.5,2.9,0.5,0.4,1.0,0.3,2.2,3.1,,2023,0
453.0,Josh Minott,20.0,MIN,SF,15.0,0.0,6.4,1.2,2.4,0.5,0.1,0.4,0.333,1.1,2.0,0.533,0.528,0.5,0.5,1.0,0.3,1.3,1.7,0.3,0.3,0.4,0.2,0.7,3.1,,2023,0
454.0,Jamaree Bouyea,23.0,2TM,PG,5.0,0.0,14.2,1.2,2.8,0.429,0.4,1.2,0.333,0.8,1.6,0.5,0.5,0.2,0.4,0.5,0.2,1.0,1.2,0.8,0.8,0.4,0.8,1.2,3.0,,2023,0
454.0,Jamaree Bouyea,23.0,MIA,PG,4.0,0.0,16.3,1.5,3.3,0.462,0.5,1.3,0.4,1.0,2.0,0.5,0.538,0.3,0.5,0.5,0.3,1.0,1.3,1.0,1.0,0.5,1.0,1.3,3.8,,2023,0
454.0,Jamaree Bouyea,23.0,WAS,PG,1.0,0.0,6.0,0.0,1.0,0.0,0.0,1.0,0.0,0.0,0.0,,0.0,0.0,0.0,,0.0,1.0,1.0,0.0,0.0,0.0,0.0,1.0,0.0,,2023,0
455.0,Juan Toscano-Anderson,29.0,2TM,SF,52.0,9.0,13.5,1.2,2.8,0.448,0.2,0.8,0.186,1.1,1.9,0.56,0.476,0.4,0.5,0.792,0.5,1.8,2.4,1.3,0.3,0.2,0.7,1.5,3.0,,2023,0
455.0,Juan Toscano-Anderson,29.0,LAL,SF,30.0,7.0,12.2,1.1,2.2,0.5,0.1,0.7,0.2,1.0,1.5,0.63,0.53,0.4,0.5,0.733,0.5,1.6,2.0,0.8,0.3,0.2,0.6,1.5,2.7,,2023,0
455.0,Juan Toscano-Anderson,29.0,UTA,SF,22.0,2.0,15.2,1.4,3.5,0.403,0.2,1.0,0.174,1.2,2.5,0.5,0.429,0.4,0.4,0.889,0.6,2.2,2.9,1.8,0.3,0.1,0.8,1.5,3.4,,2023,0
456.0,Tyler Dorsey,26.0,DAL,SF,3.0,0.0,2.7,1.3,1.7,0.8,0.3,0.7,0.5,1.0,1.0,1.0,0.9,0.0,0.0,,0.3,0.3,0.7,0.0,0.0,0.0,0.0,0.0,3.0,,2023,0
457.0,Usman Garuba,20.0,HOU,C,75.0,1.0,12.9,1.1,2.4,0.486,0.3,0.8,0.407,0.8,1.6,0.525,0.554,0.4,0.6,0.617,1.6,2.5,4.1,0.9,0.6,0.4,0.6,1.8,3.0,,2023,0
458.0,Jacob Gilyard,24.0,MEM,PG,1.0,0.0,41.0,1.0,3.0,0.333,1.0,3.0,0.333,0.0,0.0,,0.5,0.0,0.0,,0.0,4.0,4.0,7.0,3.0,0.0,2.0,3.0,3.0,,2023,0
459.0,Jake LaRavia,21.0,MEM,PF,35.0,0.0,11.8,1.1,2.7,0.389,0.7,2.0,0.338,0.4,0.7,0.542,0.516,0.2,0.3,0.778,0.5,1.3,1.8,0.6,0.3,0.1,0.5,1.4,3.0,,2023,0
460.0,Robin Lopez,34.0,CLE,C,37.0,2.0,8.1,1.3,2.0,0.64,0.1,0.1,0.5,1.2,1.9,0.648,0.653,0.4,0.5,0.778,0.6,0.8,1.4,0.5,0.1,0.2,0.7,1.2,3.0,,2023,0
461.0,Trevelin Queen,25.0,IND,SG,7.0,0.0,10.0,1.0,4.1,0.241,0.3,2.1,0.133,0.7,2.0,0.357,0.276,0.7,0.7,1.0,1.1,1.3,2.4,0.9,0.3,0.7,1.0,0.6,3.0,,2023,0
462.0,Terry Taylor,23.0,2TM,PF,31.0,2.0,8.5,1.3,2.4,0.52,0.2,0.6,0.263,1.1,1.8,0.607,0.553,0.2,0.4,0.545,0.9,0.6,1.5,0.3,0.1,0.2,0.3,0.8,2.9,,2023,0
462.0,Terry Taylor,23.0,IND,PF,26.0,2.0,8.8,1.2,2.5,0.462,0.2,0.7,0.222,1.0,1.8,0.553,0.492,0.2,0.3,0.714,0.8,0.7,1.5,0.4,0.1,0.2,0.3,0.9,2.7,,2023,0
462.0,Terry Taylor,23.0,CHI,PF,5.0,0.0,7.2,1.8,2.0,0.9,0.2,0.2,1.0,1.6,1.8,0.889,0.95,0.2,0.8,0.25,1.0,0.6,1.6,0.0,0.0,0.2,0.0,0.4,4.0,,2023,0
463.0,Dru Smith,25.0,2TM,SG,15.0,1.0,10.5,1.2,3.0,0.4,0.3,1.3,0.263,0.9,1.7,0.5,0.456,0.2,0.2,1.0,0.1,1.5,1.6,1.5,0.7,0.3,0.2,1.5,2.9,,2023,0
463.0,Dru Smith,25.0,MIA,SG,5.0,1.0,13.4,1.0,2.8,0.357,0.2,1.2,0.167,0.8,1.6,0.5,0.393,0.0,0.0,,0.2,1.6,1.8,1.0,0.8,0.6,0.2,2.0,2.2,,2023,0
463.0,Dru Smith,25.0,BRK,SG,10.0,0.0,9.1,1.3,3.1,0.419,0.4,1.3,0.308,0.9,1.8,0.5,0.484,0.3,0.3,1.0,0.1,1.4,1.5,1.7,0.6,0.1,0.2,1.3,3.3,,2023,0
464.0,Juancho Hernangómez,27.0,TOR,PF,42.0,10.0,14.6,1.1,2.7,0.421,0.4,1.6,0.254,0.7,1.1,0.66,0.496,0.2,0.4,0.563,0.6,2.3,2.9,0.6,0.4,0.1,0.4,1.0,2.9,,2023,0
465.0,Carlik Jones,25.0,CHI,PG,7.0,0.0,8.0,0.9,2.1,0.4,0.4,0.9,0.5,0.4,1.3,0.333,0.5,0.7,1.1,0.625,0.1,0.6,0.7,0.9,0.3,0.0,0.3,0.3,2.9,,2023,0
466.0,Frank Ntilikina,24.0,DAL,SG,47.0,5.0,12.9,1.0,2.8,0.364,0.4,1.4,0.254,0.7,1.4,0.477,0.428,0.5,0.7,0.667,0.1,1.2,1.3,1.2,0.3,0.1,0.6,1.4,2.9,,2023,0
467.0,Jason Preston,23.0,LAC,PG,14.0,0.0,8.9,1.3,2.9,0.439,0.4,1.3,0.278,0.9,1.6,0.565,0.5,0.0,0.1,0.0,0.1,1.4,1.6,1.9,0.1,0.0,0.7,0.5,2.9,,2023,0
468.0,Kessler Edwards,22.0,2TM,SF,36.0,4.0,10.7,1.0,2.6,0.387,0.5,1.5,0.309,0.5,1.1,0.5,0.478,0.3,0.4,0.733,0.6,1.1,1.7,0.6,0.4,0.2,0.4,1.1,2.8,,2023,0
468.0,Kessler Edwards,22.0,BRK,SF,14.0,1.0,5.6,0.4,1.7,0.25,0.1,0.9,0.167,0.3,0.9,0.333,0.292,0.1,0.1,0.5,0.4,0.6,1.0,0.1,0.2,0.1,0.3,0.2,1.1,,2023,0
468.0,Kessler Edwards,22.0,SAC,SF,22.0,3.0,13.9,1.4,3.1,0.435,0.7,2.0,0.349,0.7,1.2,0.577,0.543,0.5,0.6,0.769,0.8,1.4,2.1,1.0,0.5,0.2,0.4,1.7,3.9,,2023,0
469.0,James Johnson,35.0,IND,PF,18.0,1.0,9.0,1.2,2.7,0.449,0.2,0.8,0.2,1.1,1.9,0.559,0.48,0.2,0.4,0.5,0.2,1.4,1.7,0.8,0.4,0.3,0.4,1.8,2.8,,2023,0
470.0,Moussa Diabaté,21.0,LAC,C,22.0,1.0,8.9,1.1,2.1,0.511,0.0,0.1,0.5,1.0,2.0,0.511,0.521,0.5,0.7,0.625,1.4,0.9,2.3,0.2,0.3,0.4,0.4,0.7,2.7,,2023,0
471.0,Mamadi Diakite,26.0,CLE,C,22.0,2.0,8.0,1.1,2.3,0.48,0.3,1.0,0.333,0.8,1.3,0.586,0.55,0.1,0.1,1.0,0.4,1.0,1.4,0.4,0.2,0.4,0.5,1.2,2.6,,2023,0
472.0,Isaiah Mobley,23.0,CLE,PF,12.0,0.0,7.0,1.0,2.3,0.429,0.3,0.7,0.375,0.8,1.7,0.45,0.482,0.3,0.3,1.0,0.3,1.3,1.7,0.3,0.3,0.3,0.1,0.7,2.6,,2023,0
473.0,Jaden Springer,20.0,PHI,SG,16.0,2.0,5.6,1.1,2.2,0.486,0.1,0.3,0.4,0.9,1.9,0.5,0.514,0.4,0.5,0.75,0.4,0.5,0.9,0.5,0.4,0.2,0.2,0.9,2.6,,2023,0
474.0,Frank Kaminsky,29.0,2TM,C,36.0,0.0,6.5,0.9,1.8,0.492,0.4,0.9,0.394,0.5,0.8,0.6,0.595,0.4,0.4,0.875,0.2,1.3,1.4,0.9,0.2,0.1,0.3,0.6,2.5,,2023,0
474.0,Frank Kaminsky,29.0,ATL,C,26.0,0.0,6.8,1.0,1.7,0.568,0.4,0.9,0.478,0.5,0.8,0.667,0.693,0.4,0.5,0.833,0.1,1.3,1.4,0.8,0.2,0.0,0.3,0.8,2.7,,2023,0
474.0,Frank Kaminsky,29.0,HOU,C,10.0,0.0,5.9,0.6,1.9,0.316,0.2,1.0,0.2,0.4,0.9,0.444,0.368,0.4,0.4,1.0,0.4,1.2,1.6,1.1,0.1,0.3,0.0,0.1,1.8,,2023,0
475.0,Lester Quiñones,22.0,GSW,SG,4.0,0.0,4.5,0.5,1.3,0.4,0.5,1.0,0.5,0.0,0.3,0.0,0.6,1.0,1.5,0.667,0.3,0.5,0.8,0.5,0.3,0.0,1.3,0.0,2.5,,2023,0
476.0,Ish Smith,34.0,DEN,PG,43.0,0.0,9.3,1.2,3.0,0.397,0.0,0.3,0.167,1.2,2.8,0.42,0.405,0.0,0.1,0.5,0.1,1.1,1.3,2.3,0.2,0.2,1.0,0.8,2.5,,2023,0
477.0,John Butler,20.0,POR,C,19.0,1.0,11.6,0.9,2.8,0.321,0.4,1.8,0.229,0.5,0.9,0.5,0.396,0.2,0.2,0.75,0.2,0.7,0.9,0.6,0.4,0.5,0.1,1.2,2.4,,2023,0
478.0,Jeff Dowtin,25.0,TOR,PG,25.0,0.0,10.4,1.0,2.3,0.439,0.2,0.6,0.313,0.8,1.6,0.488,0.482,0.2,0.4,0.667,0.2,0.7,0.9,1.2,0.4,0.1,0.2,0.5,2.4,,2023,0
479.0,Theo Pinson,27.0,DAL,SG,40.0,1.0,8.1,0.8,2.2,0.356,0.6,1.6,0.355,0.2,0.6,0.36,0.483,0.3,0.3,0.846,0.3,1.3,1.6,1.2,0.2,0.0,0.3,0.9,2.4,,2023,0
480.0,Neemias Queta,23.0,SAC,C,5.0,0.0,5.8,1.2,1.8,0.667,0.0,0.0,,1.2,1.8,0.667,0.667,0.0,0.4,0.0,1.0,1.2,2.2,0.2,0.0,0.4,0.2,1.4,2.4,,2023,0
481.0,Trent Forrest,24.0,ATL,SG,23.0,3.0,12.0,1.1,2.6,0.417,0.0,0.1,0.0,1.1,2.5,0.431,0.417,0.1,0.1,0.667,0.2,1.4,1.6,1.7,0.3,0.1,0.7,0.7,2.3,,2023,0
482.0,Scotty Pippen Jr.,22.0,LAL,PG,6.0,0.0,5.3,0.7,2.0,0.333,0.2,0.5,0.333,0.5,1.5,0.333,0.375,0.8,1.5,0.556,0.3,0.3,0.7,0.3,0.3,0.2,0.3,0.5,2.3,,2023,0
483.0,Justin Champagnie,21.0,2TM,SF,5.0,0.0,6.8,1.0,3.0,0.333,0.2,1.0,0.2,0.8,2.0,0.4,0.367,0.0,0.0,,0.6,1.0,1.6,0.8,0.2,0.0,0.0,0.4,2.2,,2023,0
483.0,Justin Champagnie,21.0,TOR,SF,3.0,0.0,3.7,1.0,1.0,1.0,0.0,0.0,,1.0,1.0,1.0,1.0,0.0,0.0,,0.3,1.0,1.3,0.3,0.0,0.0,0.0,0.3,2.0,,2023,0
483.0,Justin Champagnie,21.0,BOS,SF,2.0,0.0,11.5,1.0,6.0,0.167,0.5,2.5,0.2,0.5,3.5,0.143,0.208,0.0,0.0,,1.0,1.0,2.0,1.5,0.5,0.0,0.0,0.5,2.5,,2023,0
484.0,Khem Birch,30.0,TOR,C,20.0,0.0,8.1,1.0,1.6,0.594,0.1,0.1,0.5,0.9,1.5,0.6,0.609,0.2,0.3,0.8,0.4,0.9,1.3,0.4,0.3,0.3,0.4,1.2,2.2,,2023,0
485.0,Kennedy Chandler,20.0,MEM,PG,36.0,0.0,7.8,1.0,2.3,0.422,0.1,0.4,0.133,0.9,1.9,0.485,0.434,0.2,0.4,0.462,0.3,0.8,1.1,1.6,0.3,0.1,0.5,0.4,2.2,,2023,0
486.0,Ron Harper Jr.,22.0,TOR,PF,9.0,0.0,5.3,0.9,1.8,0.5,0.3,1.0,0.333,0.6,0.8,0.714,0.594,0.1,0.1,1.0,0.3,0.4,0.8,0.4,0.0,0.1,0.0,0.3,2.2,,2023,0
487.0,Dalen Terry,20.0,CHI,SG,38.0,0.0,5.6,0.8,1.9,0.444,0.2,0.7,0.259,0.7,1.2,0.556,0.493,0.4,0.6,0.667,0.3,0.7,1.0,0.6,0.3,0.1,0.2,0.6,2.2,,2023,0
488.0,Nerlens Noel,28.0,2TM,C,17.0,4.0,11.5,0.8,2.1,0.361,0.1,0.1,0.5,0.7,2.0,0.353,0.375,0.5,0.7,0.667,0.6,2.1,2.7,0.6,0.9,0.6,0.8,1.9,2.1,,2023,0
488.0,Nerlens Noel,28.0,DET,C,14.0,3.0,10.9,0.9,2.1,0.4,0.1,0.1,0.5,0.8,2.0,0.393,0.417,0.5,0.7,0.7,0.5,2.1,2.6,0.5,0.9,0.6,0.6,1.8,2.3,,2023,0
488.0,Nerlens Noel,28.0,BRK,C,3.0,1.0,14.3,0.3,2.0,0.167,0.0,0.0,,0.3,2.0,0.167,0.167,0.3,0.7,0.5,1.0,2.0,3.0,1.0,1.0,0.3,1.7,2.3,1.0,,2023,0
489.0,Davon Reed,27.0,2TM,SG,43.0,1.0,8.0,0.7,2.0,0.333,0.4,1.1,0.37,0.3,0.9,0.289,0.435,0.4,0.6,0.667,0.2,1.1,1.4,0.5,0.3,0.1,0.5,0.9,2.1,,2023,0
489.0,Davon Reed,27.0,DEN,SG,35.0,1.0,9.0,0.7,2.3,0.313,0.5,1.3,0.364,0.3,1.0,0.25,0.413,0.4,0.6,0.75,0.3,1.3,1.6,0.5,0.4,0.1,0.6,1.0,2.3,,2023,0
489.0,Davon Reed,27.0,LAL,SG,8.0,0.0,3.4,0.4,0.5,0.75,0.1,0.3,0.5,0.3,0.3,1.0,0.875,0.1,0.5,0.25,0.1,0.4,0.5,0.5,0.3,0.0,0.0,0.4,1.0,,2023,0
490.0,Andre Iguodala,39.0,GSW,PF,8.0,0.0,14.1,0.9,1.9,0.467,0.1,1.1,0.111,0.8,0.8,1.0,0.5,0.3,0.4,0.667,0.4,1.8,2.1,2.4,0.5,0.4,1.1,1.4,2.1,,2023,0
491.0,Chris Silva,26.0,DAL,PF,1.0,0.0,3.0,1.0,1.0,1.0,0.0,0.0,,1.0,1.0,1.0,1.0,0.0,0.0,,0.0,0.0,0.0,0.0,0.0,0.0,1.0,2.0,2.0,,2023,0
492.0,Garrett Temple,36.0,NOP,SG,25.0,0.0,6.5,0.7,1.8,0.4,0.4,1.0,0.423,0.3,0.8,0.368,0.522,0.1,0.2,0.75,0.2,0.5,0.7,0.5,0.4,0.1,0.2,0.6,2.0,,2023,0
493.0,Stanley Umude,23.0,DET,SG,1.0,0.0,2.0,0.0,1.0,0.0,0.0,1.0,0.0,0.0,0.0,,0.0,2.0,2.0,1.0,0.0,0.0,0.0,0.0,1.0,1.0,0.0,0.0,2.0,,2023,0
494.0,Donovan Williams,21.0,ATL,SG,2.0,0.0,2.0,1.0,2.5,0.4,0.0,1.0,0.0,1.0,1.5,0.667,0.4,0.0,0.0,,0.0,1.0,1.0,0.0,0.0,0.0,0.0,0.0,2.0,,2023,0
495.0,Vince Williams Jr.,22.0,MEM,SG,15.0,1.0,7.0,0.8,2.7,0.3,0.3,1.9,0.143,0.5,0.8,0.667,0.35,0.1,0.1,1.0,0.3,0.7,1.0,0.3,0.4,0.1,0.3,0.8,2.0,,2023,0
496.0,Ryan Rollins,20.0,GSW,PG,12.0,0.0,5.2,0.6,1.7,0.35,0.3,0.8,0.333,0.3,0.9,0.364,0.425,0.5,0.5,1.0,0.3,0.8,1.0,0.5,0.1,0.1,1.3,0.8,1.9,,2023,0
497.0,Greg Brown III,21.0,POR,PF,16.0,0.0,5.8,0.7,1.8,0.393,0.1,0.4,0.143,0.6,1.3,0.476,0.411,0.3,0.8,0.417,0.1,1.1,1.2,0.2,0.3,0.3,0.4,0.8,1.8,,2023,0
498.0,Trevor Hudgins,23.0,HOU,PG,5.0,0.0,5.6,0.4,1.8,0.222,0.4,1.6,0.25,0.0,0.2,0.0,0.333,0.6,0.6,1.0,0.0,0.0,0.0,0.6,0.0,0.0,0.2,0.2,1.8,,2023,0
499.0,Alize Johnson,26.0,SAS,PF,4.0,0.0,7.5,0.8,1.5,0.5,0.0,0.5,0.0,0.8,1.0,0.75,0.5,0.3,0.5,0.5,0.5,2.0,2.5,0.3,0.3,0.0,1.0,0.8,1.8,,2023,0
500.0,Xavier Moon,28.0,LAC,SG,4.0,0.0,5.0,0.8,2.3,0.333,0.3,0.8,0.333,0.5,1.5,0.333,0.389,0.0,0.0,,0.0,0.8,0.8,1.3,0.0,0.0,0.3,0.5,1.8,,2023,0
501.0,Alex Len,29.0,SAC,C,26.0,2.0,6.2,0.6,1.2,0.533,0.0,0.1,0.0,0.6,1.1,0.571,0.533,0.4,0.6,0.688,0.9,1.4,2.3,0.5,0.2,0.4,0.6,1.1,1.7,,2023,0
502.0,Dylan Windler,26.0,CLE,SF,3.0,0.0,3.3,0.7,1.0,0.667,0.3,0.7,0.5,0.3,0.3,1.0,0.833,0.0,0.0,,0.0,0.0,0.0,0.3,0.3,0.0,0.3,0.0,1.7,,2023,0
503.0,Buddy Boeheim,23.0,DET,SF,10.0,0.0,9.0,0.5,2.7,0.185,0.4,2.5,0.16,0.1,0.2,0.5,0.259,0.2,0.2,1.0,0.2,0.4,0.6,0.4,0.2,0.0,0.0,0.6,1.6,,2023,0
504.0,Tony Bradley,25.0,CHI,C,12.0,0.0,2.8,0.5,1.0,0.5,0.3,0.4,0.6,0.3,0.6,0.429,0.625,0.3,0.3,1.0,0.1,0.8,0.9,0.1,0.1,0.1,0.1,0.2,1.6,,2023,0
505.0,JD Davison,20.0,BOS,SG,12.0,0.0,5.5,0.7,1.6,0.421,0.2,0.6,0.286,0.5,1.0,0.5,0.474,0.1,0.2,0.5,0.2,0.6,0.8,0.9,0.2,0.2,0.3,0.4,1.6,,2023,0
506.0,Kendall Brown,19.0,IND,SG,6.0,0.0,6.7,0.7,1.2,0.571,0.0,0.2,0.0,0.7,1.0,0.667,0.571,0.2,0.3,0.5,0.3,0.7,1.0,0.5,0.7,0.0,0.3,1.5,1.5,,2023,0
507.0,Matthew Dellavedova,32.0,SAC,PG,32.0,0.0,6.7,0.5,1.6,0.34,0.3,0.8,0.333,0.3,0.7,0.348,0.43,0.1,0.2,0.571,0.0,0.4,0.4,1.3,0.2,0.0,0.3,0.6,1.5,,2023,0
508.0,Keon Ellis,23.0,SAC,SG,16.0,0.0,4.4,0.4,1.0,0.438,0.4,0.8,0.5,0.1,0.3,0.25,0.625,0.3,0.4,0.571,0.3,0.3,0.5,0.4,0.3,0.1,0.1,0.6,1.5,,2023,0
509.0,Mfiondu Kabengele,25.0,BOS,PF,4.0,0.0,9.0,0.5,1.8,0.286,0.0,0.8,0.0,0.5,1.0,0.5,0.286,0.5,0.5,1.0,1.3,1.3,2.5,0.0,0.5,0.0,0.3,0.8,1.5,,2023,0
510.0,Jordan Schakel,24.0,WAS,SF,2.0,0.0,3.0,0.5,1.0,0.5,0.5,0.5,1.0,0.0,0.5,0.0,0.75,0.0,0.0,,0.0,0.0,0.0,0.5,0.5,0.0,0.0,0.5,1.5,,2023,0
511.0,Isaiah Todd,21.0,WAS,PF,6.0,1.0,10.2,0.5,3.2,0.158,0.2,1.7,0.1,0.3,1.5,0.222,0.184,0.3,0.3,1.0,0.3,1.7,2.0,0.7,0.2,0.0,0.3,0.7,1.5,,2023,0
512.0,Thanasis Antetokounmpo,30.0,MIL,PF,37.0,0.0,5.6,0.5,1.2,0.435,0.0,0.2,0.0,0.5,1.0,0.526,0.435,0.3,0.6,0.5,0.4,0.8,1.2,0.4,0.1,0.1,0.3,0.6,1.4,,2023,0
513.0,PJ Dozier,26.0,SAC,SF,16.0,0.0,4.9,0.6,2.1,0.303,0.1,1.0,0.125,0.5,1.1,0.471,0.333,0.0,0.0,,0.1,0.8,0.9,0.6,0.4,0.1,0.3,0.4,1.4,,2023,0
514.0,Wendell Moore Jr.,21.0,MIN,SG,29.0,2.0,5.3,0.6,1.5,0.419,0.1,0.6,0.118,0.6,0.9,0.615,0.442,0.1,0.2,0.8,0.1,0.5,0.6,0.6,0.3,0.2,0.3,0.4,1.4,,2023,0
515.0,Ryan Arcidiacono,28.0,2TM,PG,20.0,4.0,8.6,0.5,1.9,0.243,0.4,1.2,0.348,0.1,0.7,0.071,0.351,0.0,0.0,,0.0,0.8,0.8,1.2,0.3,0.0,0.4,0.9,1.3,,2023,0
515.0,Ryan Arcidiacono,28.0,NYK,PG,11.0,0.0,2.4,0.1,0.5,0.2,0.1,0.3,0.333,0.0,0.2,0.0,0.3,0.0,0.0,,0.0,0.4,0.4,0.2,0.2,0.0,0.1,0.3,0.3,,2023,0
515.0,Ryan Arcidiacono,28.0,POR,PG,9.0,4.0,16.2,0.9,3.6,0.25,0.8,2.2,0.35,0.1,1.3,0.083,0.359,0.0,0.0,,0.0,1.2,1.2,2.3,0.3,0.0,0.7,1.6,2.6,,2023,0
516.0,Facundo Campazzo,31.0,DAL,PG,8.0,0.0,6.5,0.4,1.6,0.231,0.4,1.4,0.273,0.0,0.3,0.0,0.346,0.1,0.3,0.5,0.0,0.3,0.3,1.1,0.8,0.0,0.4,0.4,1.3,,2023,0
517.0,Braxton Key,25.0,DET,SF,3.0,0.0,3.0,0.3,0.3,1.0,0.0,0.0,,0.3,0.3,1.0,1.0,0.7,0.7,1.0,0.0,0.3,0.3,0.0,0.0,0.0,0.0,0.0,1.3,,2023,0
518.0,Tyrese Martin,23.0,ATL,SG,16.0,0.0,4.1,0.6,1.4,0.391,0.1,0.4,0.143,0.5,1.0,0.5,0.413,0.1,0.1,1.0,0.3,0.4,0.8,0.1,0.1,0.0,0.1,0.1,1.3,,2023,0
519.0,KZ Okpala,23.0,SAC,PF,35.0,3.0,7.1,0.5,1.1,0.421,0.2,0.6,0.333,0.3,0.5,0.529,0.513,0.2,0.2,0.875,0.2,0.8,1.0,0.4,0.2,0.2,0.2,1.1,1.3,,2023,0
520.0,Cole Swider,23.0,LAL,SF,7.0,0.0,5.9,0.4,1.3,0.333,0.4,1.1,0.375,0.0,0.1,0.0,0.5,0.0,0.0,,0.1,0.9,1.0,0.6,0.0,0.0,0.0,0.4,1.3,,2023,0
521.0,Vit Krejci,22.0,ATL,PG,29.0,0.0,5.7,0.5,1.3,0.405,0.2,0.7,0.238,0.3,0.6,0.625,0.473,0.0,0.1,0.5,0.2,0.7,0.9,0.6,0.2,0.0,0.2,0.6,1.2,,2023,0
522.0,Jack White,25.0,DEN,SF,17.0,0.0,3.9,0.5,1.1,0.421,0.2,0.5,0.333,0.3,0.6,0.5,0.5,0.1,0.2,0.667,0.4,0.6,1.0,0.2,0.2,0.1,0.1,0.5,1.2,,2023,0
523.0,Noah Vonleh,27.0,BOS,C,23.0,1.0,7.4,0.5,1.0,0.458,0.0,0.2,0.25,0.4,0.9,0.5,0.479,0.1,0.1,1.0,0.8,1.3,2.1,0.3,0.1,0.3,0.5,1.5,1.1,,2023,0
524.0,Malcolm Hill,27.0,CHI,SF,5.0,0.0,1.8,0.4,0.8,0.5,0.2,0.6,0.333,0.2,0.2,1.0,0.625,0.0,0.0,,0.0,0.6,0.6,0.0,0.0,0.0,0.0,0.2,1.0,,2023,0
525.0,Trevor Keels,19.0,NYK,SG,3.0,0.0,2.7,0.3,1.3,0.25,0.3,1.3,0.25,0.0,0.0,,0.375,0.0,0.0,,0.0,0.7,0.7,0.0,0.0,0.0,0.0,0.0,1.0,,2023,0
526.0,Chima Moneke,27.0,SAC,SF,2.0,0.0,4.0,0.5,1.0,0.5,0.0,0.0,,0.5,1.0,0.5,0.5,0.0,1.0,0.0,1.0,0.0,1.0,0.5,0.0,0.0,1.0,1.0,1.0,,2023,0
527.0,Kobi Simmons,25.0,CHO,SG,5.0,0.0,5.6,0.2,1.2,0.167,0.2,1.0,0.2,0.0,0.2,0.0,0.25,0.4,0.4,1.0,0.2,0.6,0.8,1.0,0.0,0.4,0.2,0.0,1.0,,2023,0
528.0,Joe Wieskamp,23.0,TOR,SF,9.0,0.0,5.6,0.3,1.6,0.214,0.3,1.3,0.25,0.0,0.2,0.0,0.321,0.0,0.0,,0.0,0.4,0.4,0.3,0.0,0.0,0.1,0.3,1.0,,2023,0
529.0,Justin Jackson,27.0,BOS,SF,23.0,0.0,4.7,0.3,1.2,0.259,0.2,0.9,0.25,0.1,0.3,0.286,0.352,0.0,0.1,0.5,0.1,0.7,0.7,0.4,0.2,0.2,0.1,0.3,0.9,,2023,0
530.0,Marko Simonovic,23.0,CHI,C,7.0,0.0,2.9,0.3,1.0,0.286,0.1,0.6,0.25,0.1,0.4,0.333,0.357,0.1,0.3,0.5,0.1,0.1,0.3,0.0,0.0,0.0,0.0,0.7,0.9,,2023,0
531.0,Dereon Seabron,22.0,NOP,SG,5.0,0.0,2.4,0.4,1.0,0.4,0.0,0.0,,0.4,1.0,0.4,0.4,0.0,0.0,,0.2,0.0,0.2,0.0,0.0,0.0,0.0,0.2,0.8,,2023,0
532.0,Vernon Carey Jr.,21.0,WAS,C,11.0,0.0,2.5,0.2,0.7,0.25,0.0,0.0,,0.2,0.7,0.25,0.25,0.2,0.2,1.0,0.3,0.7,1.0,0.3,0.2,0.2,0.2,0.5,0.5,,2023,0
533.0,Devon Dotson,23.0,WAS,PG,6.0,0.0,8.8,0.2,1.7,0.1,0.2,0.7,0.25,0.0,1.0,0.0,0.15,0.0,0.0,,1.0,0.7,1.7,1.3,0.8,0.0,0.5,1.5,0.5,,2023,0
534.0,Leandro Bolmaro,22.0,UTA,SF,14.0,0.0,4.9,0.2,1.4,0.15,0.0,0.3,0.0,0.2,1.1,0.188,0.15,0.0,0.0,,0.3,0.2,0.5,0.5,0.2,0.1,0.5,0.7,0.4,,2023,0
535.0,Sterling Brown,27.0,LAL,SF,4.0,0.0,6.0,0.0,1.0,0.0,0.0,0.5,0.0,0.0,0.5,0.0,0.0,0.0,0.0,,0.8,1.3,2.0,0.5,0.8,0.0,0.0,1.0,0.0,,2023,0
536.0,Deonte Burton,29.0,SAC,PF,2.0,0.0,3.0,0.0,1.0,0.0,0.0,0.5,0.0,0.0,0.5,0.0,0.0,0.0,0.0,,0.0,0.0,0.0,0.0,0.0,0.0,0.0,0.0,0.0,,2023,0
537.0,Michael Foster Jr.,20.0,PHI,PF,1.0,0.0,1.0,0.0,0.0,,0.0,0.0,,0.0,0.0,,,0.0,0.0,,0.0,0.0,0.0,0.0,0.0,0.0,0.0,0.0,0.0,,2023,0
538.0,Frank Jackson,24.0,UTA,PG,1.0,0.0,5.0,0.0,3.0,0.0,0.0,1.0,0.0,0.0,2.0,0.0,0.0,0.0,0.0,,1.0,1.0,2.0,1.0,0.0,0.0,0.0,0.0,0.0,,2023,0
539.0,Alondes Williams,23.0,BRK,SG,1.0,0.0,5.0,0.0,0.0,,0.0,0.0,,0.0,0.0,,,0.0,0.0,,0.0,1.0,1.0,0.0,0.0,0.0,2.0,1.0,0.0,,2023,0
33.0,Jaren Jackson Jr.,24.0,MEM,C,66.0,66.0,32.2,7.8,17.6,0.444,1.8,5.5,0.32,6.0,12.1,0.501,0.494,5.1,6.3,0.808,1.3,4.2,5.5,2.3,1.2,1.6,2.4,3.6,22.5,,2024,1
34.0,Dejounte Murray,27.0,ATL,SG,78.0,78.0,35.7,8.6,18.8,0.459,2.6,7.1,0.363,6.0,11.7,0.518,0.528,2.7,3.4,0.794,0.8,4.5,5.3,6.4,1.4,0.3,2.6,1.8,22.5,,2024,1
35.0,Cam Thomas,22.0,BRK,SG,66.0,51.0,31.4,8.0,18.0,0.442,2.2,6.0,0.364,5.8,12.0,0.481,0.503,4.3,5.1,0.856,0.4,2.8,3.2,2.9,0.7,0.2,1.9,2.1,22.5,,2024,1
36.0,Kyle Kuzma,28.0,WAS,PF,70.0,70.0,32.6,8.7,18.8,0.463,2.2,6.4,0.336,6.5,12.3,0.53,0.521,2.7,3.4,0.775,0.9,5.7,6.6,4.2,0.5,0.7,2.7,2.2,22.2,,2024,1
37.0,Karl-Anthony Towns,28.0,MIN,PF,62.0,62.0,32.7,7.7,15.3,0.504,2.2,5.3,0.416,5.5,10.1,0.55,0.575,4.1,4.7,0.873,1.5,6.8,8.3,3.0,0.7,0.7,2.9,3.3,21.8,AS,2024,1
38.0,Pascal Siakam,29.0,2TM,PF,80.0,80.0,33.2,8.5,15.9,0.536,1.1,3.1,0.346,7.5,12.8,0.581,0.569,3.6,5.0,0.732,1.7,5.3,7.1,4.3,0.8,0.3,1.8,2.4,21.7,,2024,1
38.0,Pascal Siakam,29.0,TOR,PF,39.0,39.0,34.7,8.3,16.0,0.522,1.2,3.7,0.317,7.2,12.3,0.584,0.559,4.3,5.7,0.758,1.4,4.9,6.3,4.9,0.8,0.3,2.1,2.2,22.2,,2024,1
38.0,Pascal Siakam,29.0,IND,PF,41.0,41.0,31.8,8.7,15.8,0.549,1.0,2.5,0.386,7.7,13.3,0.58,0.579,3.0,4.2,0.699,2.1,5.7,7.8,3.7,0.8,0.4,1.4,2.6,21.3,,2024,1
39.0,Victor Wembanyama,20.0,SAS,C,71.0,71.0,29.7,7.8,16.7,0.465,1.8,5.5,0.325,6.0,11.2,0.534,0.519,4.1,5.2,0.796,2.3,8.4,10.6,3.9,1.2,3.6,3.7,2.2,21.4,"ROY-1,DPOY-2,DEF1",2024,1
40.0,Jamal Murray,26.0,DEN,PG,59.0,59.0,31.5,8.0,16.7,0.481,2.5,5.8,0.425,5.6,10.9,0.51,0.554,2.7,3.1,0.853,0.7,3.4,4.1,6.5,1.0,0.7,2.1,1.8,21.2,,2024,1
41.0,Alperen Şengün,21.0,HOU,C,63.0,63.0,32.5,8.4,15.6,0.537,0.5,1.8,0.297,7.8,13.8,0.567,0.553,3.9,5.6,0.693,2.9,6.4,9.3,5.0,1.2,0.7,2.6,3.3,21.1,,2024,1
42.0,Miles Bridges,25.0,CHO,SF,69.0,67.0,37.4,8.1,17.5,0.462,2.3,6.5,0.349,5.8,11.0,0.529,0.527,2.5,3.1,0.825,1.0,6.3,7.3,3.3,0.9,0.5,2.0,1.7,21.0,,2024,1
43.0,Jerami Grant,29.0,POR,PF,54.0,54.0,33.9,7.1,15.7,0.451,2.1,5.1,0.402,5.0,10.6,0.474,0.516,4.7,5.8,0.817,0.7,2.9,3.5,2.8,0.8,0.6,2.1,2.2,21.0,,2024,1
44.0,Jimmy Butler,34.0,MIA,PF,60.0,60.0,34.0,6.6,13.2,0.499,1.0,2.4,0.414,5.6,10.8,0.519,0.537,6.6,7.7,0.858,1.8,3.6,5.3,5.0,1.3,0.3,1.7,1.1,20.8,,2024,1
45.0,Tyler Herro,24.0,MIA,SG,42.0,40.0,33.5,7.7,17.5,0.441,3.1,7.9,0.396,4.6,9.6,0.478,0.531,2.3,2.6,0.856,0.5,4.8,5.3,4.5,0.7,0.1,2.2,1.5,20.8,,2024,1
46.0,Brandon Ingram,26.0,NOP,SF,64.0,64.0,32.9,7.8,15.9,0.492,1.3,3.8,0.355,6.5,12.1,0.534,0.534,3.8,4.8,0.801,0.7,4.4,5.1,5.7,0.8,0.6,2.5,2.3,20.8,,2024,1
47.0,RJ Barrett,23.0,2TM,SG,58.0,58.0,31.7,7.5,15.2,0.495,1.6,4.3,0.36,6.0,10.9,0.549,0.547,3.6,5.0,0.715,0.9,4.5,5.4,3.3,0.5,0.4,2.2,2.2,20.2,,2024,1
47.0,RJ Barrett,23.0,NYK,SG,26.0,26.0,29.5,6.3,14.9,0.423,1.7,5.0,0.331,4.7,9.9,0.469,0.478,4.0,4.8,0.831,0.7,3.5,4.3,2.4,0.5,0.3,1.8,1.7,18.2,,2024,0
47.0,RJ Barrett,23.0,TOR,SG,32.0,32.0,33.5,8.5,15.4,0.553,1.5,3.8,0.392,7.0,11.6,0.605,0.601,3.3,5.2,0.629,1.1,5.3,6.4,4.1,0.6,0.4,2.5,2.6,21.8,,2024,1
48.0,Tyrese Haliburton,23.0,IND,PG,69.0,68.0,32.2,7.2,15.2,0.477,2.8,7.8,0.364,4.4,7.4,0.595,0.57,2.8,3.3,0.855,0.5,3.4,3.9,10.9,1.2,0.7,2.3,1.1,20.1,"AS,NBA3",2024,1
49.0,Kristaps Porziņģis,28.0,BOS,C,57.0,57.0,29.6,6.8,13.2,0.516,1.9,5.1,0.375,4.9,8.1,0.606,0.589,4.5,5.3,0.858,1.7,5.5,7.2,2.0,0.7,1.9,1.6,2.7,20.1,,2024,1
50.0,CJ McCollum,32.0,NOP,PG,66.0,66.0,32.7,7.3,16.0,0.459,3.6,8.4,0.429,3.7,7.5,0.492,0.572,1.7,2.1,0.827,0.6,3.7,4.3,4.6,0.9,0.6,1.7,1.9,20.0,,2024,1
51.0,Scottie Barnes,22.0,TOR,SG,60.0,60.0,34.9,7.5,15.7,0.475,1.7,4.9,0.341,5.8,10.8,0.536,0.528,3.3,4.2,0.781,2.4,5.9,8.2,6.1,1.3,1.5,2.8,2.0,19.9,AS,2024,0
52.0,Terry Rozier,29.0,2TM,SG,61.0,60.0,33.4,7.2,16.4,0.443,2.4,6.7,0.363,4.8,9.6,0.498,0.518,2.8,3.2,0.869,0.6,3.5,4.0,5.6,1.0,0.3,1.7,1.7,19.8,,2024,0
52.0,Terry Rozier,29.0,MIA,PG,31.0,30.0,31.5,6.1,14.5,0.423,2.1,5.7,0.371,4.0,8.7,0.458,0.497,2.0,2.2,0.913,0.6,3.6,4.2,4.6,1.0,0.3,1.3,1.6,16.4,,2024,0
53.0,Franz Wagner,22.0,ORL,SF,72.0,72.0,32.5,7.3,15.2,0.482,1.3,4.6,0.281,6.0,10.6,0.57,0.525,3.8,4.4,0.85,1.0,4.3,5.3,3.7,1.1,0.4,1.9,2.3,19.7,,2024,0
54.0,Mikal Bridges,27.0,BRK,SF,82.0,82.0,34.8,6.9,15.8,0.436,2.7,7.2,0.372,4.2,8.6,0.49,0.521,3.1,3.9,0.814,0.8,3.7,4.5,3.6,1.0,0.4,2.0,1.4,19.6,,2024,0
55.0,Jalen Green,21.0,HOU,SG,82.0,82.0,31.7,6.9,16.2,0.423,2.5,7.4,0.332,4.4,8.9,0.498,0.498,3.5,4.3,0.804,0.5,4.7,5.2,3.5,0.8,0.3,2.3,1.4,19.6,,2024,0
56.0,Zach LaVine,28.0,CHI,SG,25.0,23.0,34.9,6.8,15.0,0.452,2.4,6.8,0.349,4.4,8.3,0.536,0.531,3.5,4.1,0.854,0.3,4.8,5.2,3.9,0.8,0.3,2.1,2.3,19.5,,2024,0
57.0,Devin Vassell,23.0,SAS,SG,68.0,62.0,33.1,7.3,15.5,0.472,2.4,6.6,0.372,4.9,9.0,0.544,0.55,2.4,3.0,0.801,0.4,3.4,3.8,4.1,1.1,0.3,1.6,1.1,19.5,,2024,0
58.0,Domantas Sabonis,27.0,SAC,C,82.0,82.0,35.7,7.7,13.0,0.594,0.4,1.1,0.379,7.3,12.0,0.613,0.609,3.6,5.1,0.704,3.6,10.1,13.7,8.2,0.9,0.6,3.3,3.0,19.4,"MVP-8,DPOY-10,NBA3",2024,0
59.0,Bam Adebayo,26.0,MIA,C,71.0,71.0,34.0,7.5,14.3,0.521,0.2,0.6,0.357,7.3,13.7,0.528,0.529,4.1,5.5,0.755,2.2,8.1,10.4,3.9,1.1,0.9,2.3,2.2,19.3,"DPOY-3,AS,DEF1",2024,0
60.0,Coby White,23.0,CHI,PG,79.0,78.0,36.5,6.8,15.3,0.447,2.6,7.0,0.376,4.2,8.3,0.508,0.534,2.8,3.3,0.838,0.6,4.0,4.5,5.1,0.7,0.2,2.1,2.4,19.1,,2024,0
61.0,Jalen Williams,22.0,OKC,PF,71.0,71.0,31.3,7.5,14.0,0.54,1.5,3.4,0.427,6.1,10.6,0.576,0.592,2.5,3.1,0.814,0.5,3.5,4.0,4.5,1.1,0.6,1.7,2.5,19.1,CPOY-12,2024,0
62.0,Collin Sexton,25.0,UTA,SG,78.0,51.0,26.6,6.5,13.3,0.487,1.6,4.2,0.394,4.8,9.1,0.53,0.549,4.1,4.7,0.859,0.9,1.7,2.6,4.9,0.8,0.2,2.1,2.0,18.7,,2024,0
63.0,Bradley Beal,30.0,PHO,SG,53.0,53.0,33.3,7.1,13.9,0.513,1.9,4.4,0.43,5.2,9.4,0.552,0.582,2.1,2.5,0.813,1.0,3.4,4.4,5.0,1.0,0.5,2.5,2.4,18.2,,2024,0
64.0,Darius Garland,24.0,CLE,PG,57.0,57.0,33.4,6.6,14.8,0.446,2.3,6.2,0.371,4.3,8.5,0.501,0.524,2.6,3.1,0.834,0.5,2.1,2.7,6.5,1.3,0.1,3.1,1.7,18.0,,2024,0
65.0,D'Angelo Russell,27.0,LAL,PG,76.0,69.0,32.7,6.5,14.2,0.456,3.0,7.2,0.415,3.5,7.0,0.497,0.56,2.1,2.5,0.828,0.4,2.7,3.1,6.3,0.9,0.5,2.1,2.1,18.0,,2024,0
66.0,Nikola Vučević,33.0,CHI,C,76.0,74.0,34.3,7.7,15.9,0.484,1.2,4.1,0.294,6.5,11.8,0.55,0.522,1.4,1.7,0.822,2.8,7.8,10.5,3.3,0.7,0.8,1.6,2.5,18.0,,2024,0
67.0,Klay Thompson,33.0,GSW,SF,77.0,63.0,29.7,6.4,14.7,0.432,3.5,9.0,0.387,2.9,5.7,0.503,0.551,1.6,1.8,0.927,0.5,2.8,3.3,2.3,0.6,0.5,1.5,1.6,17.9,,2024,0
68.0,Jordan Poole,24.0,WAS,SG,78.0,66.0,30.1,6.3,15.2,0.413,2.4,7.2,0.326,3.9,8.0,0.492,0.491,2.5,2.8,0.877,0.4,2.3,2.7,4.4,1.1,0.3,2.4,3.1,17.4,,2024,0
69.0,Fred VanVleet,29.0,HOU,PG,73.0,73.0,36.8,5.8,13.9,0.416,3.1,8.0,0.387,2.7,5.9,0.454,0.527,2.7,3.1,0.86,0.5,3.4,3.8,8.1,1.4,0.8,1.7,2.5,17.4,,2024,0
70.0,Brandon Miller,21.0,CHO,SF,74.0,68.0,32.2,6.4,14.6,0.44,2.5,6.7,0.373,3.9,8.0,0.495,0.524,1.9,2.3,0.827,0.8,3.4,4.3,2.4,0.9,0.6,1.8,2.5,17.3,ROY-3,2024,0
71.0,Tobias Harris,31.0,PHI,PF,70.0,70.0,33.8,6.6,13.6,0.487,1.3,3.7,0.353,5.3,9.9,0.537,0.535,2.7,3.0,0.878,1.1,5.3,6.5,3.1,1.0,0.7,1.3,1.6,17.2,,2024,0
72.0,Jordan Clarkson,31.0,UTA,SG,55.0,19.0,30.6,6.1,14.8,0.413,1.7,5.6,0.294,4.5,9.2,0.485,0.469,3.2,3.7,0.881,0.9,2.5,3.4,5.0,0.6,0.1,2.7,1.5,17.1,,2024,0
73.0,Myles Turner,27.0,IND,C,77.0,77.0,27.0,6.2,11.8,0.524,1.5,4.2,0.358,4.7,7.6,0.615,0.587,3.2,4.1,0.773,1.5,5.5,6.9,1.3,0.5,1.9,1.4,3.0,17.1,,2024,0
74.0,Immanuel Quickley,24.0,2TM,SG,68.0,38.0,29.2,5.7,13.1,0.434,2.5,6.4,0.395,3.2,6.8,0.471,0.53,3.1,3.6,0.853,0.3,3.6,3.8,4.9,0.7,0.1,1.5,1.8,17.0,,2024,0
74.0,Immanuel Quickley,24.0,NYK,SG,30.0,0.0,24.0,5.1,11.2,0.454,2.1,5.4,0.395,2.9,5.8,0.509,0.549,2.7,3.1,0.872,0.2,2.4,2.6,2.5,0.5,0.1,1.0,1.5,15.0,,2024,0
74.0,Immanuel Quickley,24.0,TOR,PG,38.0,38.0,33.3,6.2,14.7,0.422,2.8,7.1,0.395,3.4,7.6,0.448,0.518,3.3,4.0,0.841,0.3,4.5,4.8,6.8,0.9,0.2,1.8,2.0,18.6,,2024,0
75.0,Bogdan Bogdanović,31.0,ATL,SG,79.0,33.0,30.4,6.0,13.9,0.428,3.0,8.1,0.374,2.9,5.8,0.503,0.537,1.9,2.1,0.921,0.7,2.8,3.4,3.1,1.2,0.3,1.4,2.3,16.9,6MOY-5,2024,0
76.0,Deandre Ayton,25.0,POR,C,55.0,55.0,32.4,7.8,13.6,0.57,0.0,0.2,0.1,7.7,13.4,0.576,0.571,1.2,1.4,0.823,3.2,7.9,11.1,1.6,1.0,0.8,1.8,2.0,16.7,,2024,0
77.0,Michael Porter Jr.,25.0,DEN,SF,81.0,81.0,31.7,6.4,13.3,0.484,2.7,6.8,0.397,3.7,6.5,0.575,0.586,1.1,1.4,0.836,1.3,5.7,7.0,1.5,0.5,0.7,1.1,1.8,16.7,,2024,0
78.0,James Harden,34.0,LAC,PG,72.0,72.0,34.3,4.9,11.4,0.428,2.6,6.8,0.381,2.3,4.6,0.497,0.541,4.2,4.8,0.878,0.5,4.7,5.1,8.5,1.1,0.8,2.6,1.8,16.6,,2024,0
79.0,Jarrett Allen,25.0,CLE,C,77.0,77.0,31.7,6.7,10.6,0.634,0.0,0.1,0.0,6.7,10.6,0.638,0.634,3.0,4.1,0.742,3.2,7.4,10.5,2.7,0.7,1.1,1.6,1.9,16.5,DPOY-10,2024,0
80.0,Chet Holmgren,21.0,OKC,C,82.0,82.0,29.4,6.2,11.6,0.53,1.6,4.3,0.37,4.6,7.4,0.623,0.598,2.7,3.4,0.793,1.6,6.3,7.9,2.4,0.6,2.3,1.6,2.4,16.5,ROY-2,2024,0
81.0,Jonathan Kuminga,21.0,GSW,PF,74.0,46.0,26.3,6.2,11.6,0.529,0.7,2.2,0.321,5.4,9.4,0.578,0.56,3.0,4.0,0.746,1.2,3.6,4.8,2.2,0.7,0.5,1.6,2.3,16.1,,2024,0
82.0,Jalen Johnson,22.0,ATL,SF,56.0,52.0,33.7,6.4,12.5,0.511,1.3,3.6,0.355,5.1,9.0,0.574,0.562,1.9,2.6,0.728,1.3,7.4,8.7,3.6,1.2,0.8,1.8,2.4,16.0,,2024,0
83.0,Austin Reaves,25.0,LAL,SG,82.0,57.0,32.1,5.6,11.5,0.486,1.9,5.1,0.367,3.7,6.3,0.583,0.568,2.8,3.3,0.853,0.7,3.6,4.3,5.5,0.8,0.3,2.1,1.9,15.9,,2024,0
84.0,Shaedon Sharpe,20.0,POR,SG,32.0,25.0,33.1,5.5,13.6,0.406,1.9,5.6,0.333,3.6,7.9,0.457,0.475,3.1,3.7,0.824,1.3,3.7,5.0,2.9,0.9,0.4,2.3,2.8,15.9,,2024,0
85.0,Malcolm Brogdon,31.0,POR,PG,39.0,25.0,28.7,5.6,12.7,0.44,2.1,5.1,0.412,3.5,7.6,0.458,0.522,2.4,3.0,0.819,0.7,3.1,3.8,5.5,0.7,0.2,1.5,1.5,15.7,,2024,0
86.0,Keldon Johnson,24.0,SAS,SF,69.0,27.0,29.5,5.7,12.5,0.454,1.8,5.3,0.346,3.8,7.2,0.533,0.527,2.5,3.2,0.792,1.4,4.1,5.5,2.8,0.7,0.3,1.4,2.2,15.7,,2024,0
87.0,Evan Mobley,22.0,CLE,PF,50.0,50.0,30.6,6.4,11.0,0.58,0.4,1.2,0.373,6.0,9.9,0.604,0.6,2.5,3.4,0.719,2.2,7.1,9.4,3.2,0.9,1.4,1.8,2.7,15.7,,2024,0
88.0,De'Andre Hunter,26.0,ATL,SF,57.0,37.0,29.5,5.3,11.6,0.459,2.1,5.3,0.385,3.3,6.3,0.521,0.547,2.9,3.4,0.847,0.5,3.4,3.9,1.5,0.7,0.3,1.5,2.6,15.6,,2024,0
89.0,Donte DiVincenzo,27.0,NYK,SG,81.0,63.0,29.1,5.5,12.4,0.443,3.5,8.7,0.401,2.0,3.7,0.542,0.584,1.1,1.4,0.754,0.8,2.9,3.7,2.7,1.3,0.4,1.4,2.0,15.5,,2024,0
90.0,Jaden Ivey,21.0,DET,SG,77.0,61.0,28.8,5.4,12.6,0.429,1.6,4.8,0.336,3.8,7.8,0.485,0.492,2.9,3.9,0.749,1.1,2.3,3.4,3.8,0.7,0.5,2.5,2.6,15.4,,2024,0
91.0,Malik Monk,25.0,SAC,SG,72.0,0.0,26.0,5.5,12.4,0.443,2.1,5.9,0.35,3.4,6.5,0.528,0.526,2.4,2.8,0.829,0.4,2.6,2.9,5.1,0.6,0.5,2.1,2.2,15.4,"CPOY-12,6MOY-2",2024,0
92.0,Kelly Oubre Jr.,28.0,PHI,SF,68.0,52.0,30.2,5.7,12.9,0.441,1.5,4.8,0.311,4.2,8.1,0.517,0.498,2.6,3.4,0.75,1.4,3.6,5.0,1.5,1.1,0.7,1.3,2.9,15.4,,2024,0
93.0,Bojan Bogdanović,34.0,2TM,PF,57.0,27.0,25.9,5.4,11.9,0.454,2.3,5.9,0.398,3.1,6.1,0.507,0.551,2.1,2.6,0.785,0.4,2.3,2.7,1.7,0.5,0.1,1.8,1.7,15.2,6MOY-9,2024,0
93.0,Bojan Bogdanović,34.0,DET,PF,28.0,27.0,32.9,7.1,15.2,0.468,3.1,7.4,0.415,4.0,7.8,0.518,0.569,2.9,3.7,0.779,0.5,2.9,3.4,2.5,0.8,0.1,2.3,2.0,20.2,,2024,1
93.0,Bojan Bogdanović,34.0,NYK,SF,29.0,0.0,19.2,3.8,8.8,0.43,1.6,4.4,0.37,2.2,4.4,0.488,0.521,1.2,1.6,0.8,0.3,1.7,2.0,0.9,0.2,0.0,1.3,1.3,10.4,,2024,0
94.0,Keegan Murray,23.0,SAC,SF,77.0,77.0,33.6,5.8,12.7,0.454,2.4,6.6,0.358,3.4,6.0,0.56,0.548,1.3,1.6,0.831,1.4,4.1,5.5,1.7,1.0,0.8,0.8,2.7,15.2,,2024,0
95.0,Derrick White,29.0,BOS,SG,73.0,73.0,32.6,5.3,11.5,0.461,2.7,6.8,0.396,2.6,4.7,0.555,0.578,1.9,2.1,0.901,0.7,3.5,4.2,5.2,1.0,1.2,1.5,2.1,15.2,"DPOY-8,DEF2",2024,0
96.0,John Collins,26.0,UTA,PF,68.0,66.0,28.0,5.8,11.0,0.532,1.3,3.4,0.371,4.6,7.6,0.605,0.59,2.2,2.7,0.795,2.3,6.1,8.5,1.1,0.6,0.9,1.4,2.8,15.1,,2024,0
97.0,Khris Middleton,32.0,MIL,SF,55.0,55.0,27.0,5.8,11.7,0.493,1.7,4.5,0.381,4.1,7.2,0.563,0.566,1.8,2.2,0.833,0.7,3.9,4.7,5.3,0.9,0.3,2.3,2.6,15.1,,2024,0
98.0,Trey Murphy III,23.0,NOP,SF,57.0,23.0,29.6,4.8,10.9,0.443,3.0,7.8,0.38,1.9,3.1,0.602,0.579,2.2,2.6,0.815,0.7,4.2,4.9,2.2,0.9,0.5,0.6,1.2,14.8,,2024,0
99.0,OG Anunoby,26.0,2TM,SF,50.0,50.0,34.0,5.6,11.5,0.489,2.0,5.3,0.382,3.6,6.2,0.581,0.577,1.3,1.8,0.753,0.9,3.2,4.2,2.1,1.4,0.7,1.6,2.4,14.7,,2024,0
99.0,OG Anunoby,26.0,TOR,SF,27.0,27.0,33.3,5.8,11.9,0.489,2.3,6.0,0.374,3.6,5.9,0.608,0.584,1.2,1.7,0.717,0.9,3.0,3.9,2.7,1.0,0.5,1.6,2.3,15.1,,2024,0
99.0,OG Anunoby,26.0,NYK,SF,23.0,23.0,34.9,5.4,11.1,0.488,1.8,4.5,0.394,3.7,6.6,0.553,0.568,1.5,1.9,0.791,1.0,3.4,4.4,1.5,1.7,1.0,1.7,2.5,14.1,,2024,0
100.0,Deni Avdija,23.0,WAS,SF,75.0,75.0,30.1,5.4,10.7,0.506,1.2,3.1,0.374,4.2,7.6,0.56,0.56,2.7,3.6,0.74,1.1,6.1,7.2,3.8,0.8,0.5,2.1,2.5,14.7,,2024,0
101.0,GG Jackson II,19.0,MEM,PF,48.0,18.0,25.7,5.0,11.7,0.428,2.1,6.0,0.357,2.9,5.8,0.502,0.519,2.4,3.2,0.752,1.1,3.0,4.1,1.2,0.6,0.5,1.4,1.3,14.6,,2024,0
102.0,Bennedict Mathurin,21.0,IND,SF,59.0,19.0,26.1,5.0,11.2,0.446,1.4,3.6,0.374,3.7,7.6,0.481,0.507,3.1,3.8,0.821,1.0,2.9,4.0,2.0,0.6,0.2,1.6,2.0,14.5,,2024,0
103.0,Marcus Smart,29.0,MEM,PG,20.0,20.0,30.3,5.1,11.9,0.43,2.1,6.7,0.313,3.0,5.2,0.583,0.519,2.2,2.8,0.768,0.3,2.4,2.7,4.3,2.1,0.3,3.1,2.7,14.5,,2024,0
104.0,Tim Hardaway Jr.,31.0,DAL,SF,79.0,12.0,26.8,5.0,12.4,0.402,2.7,7.6,0.353,2.3,4.8,0.478,0.51,1.8,2.1,0.852,0.3,2.9,3.2,1.8,0.5,0.1,0.9,1.3,14.4,6MOY-9,2024,0
105.0,Dennis Schröder,30.0,2TM,PG,80.0,58.0,31.1,5.0,11.6,0.435,1.7,4.6,0.375,3.3,7.0,0.474,0.509,2.2,2.7,0.836,0.5,2.5,3.0,6.1,0.8,0.2,1.9,2.1,14.0,,2024,0
105.0,Dennis Schröder,30.0,TOR,PG,51.0,33.0,30.6,4.8,11.0,0.442,1.5,4.3,0.35,3.3,6.6,0.501,0.511,2.5,2.9,0.852,0.4,2.3,2.7,6.1,0.9,0.2,1.6,2.1,13.7,,2024,0
105.0,Dennis Schröder,30.0,BRK,PG,29.0,25.0,32.0,5.4,12.7,0.424,2.1,5.1,0.412,3.3,7.6,0.432,0.507,1.8,2.2,0.797,0.6,2.9,3.5,6.0,0.6,0.3,2.4,2.0,14.6,,2024,0
106.0,Rudy Gobert,31.0,MIN,C,76.0,76.0,34.1,5.3,8.1,0.661,0.0,0.0,0.0,5.3,8.0,0.664,0.661,3.3,5.1,0.638,3.8,9.2,12.9,1.3,0.7,2.1,1.6,3.1,14.0,"DPOY-1,DEF1",2024,0
107.0,Scoot Henderson,19.0,POR,PG,62.0,32.0,28.5,5.0,12.9,0.385,1.4,4.3,0.325,3.5,8.5,0.416,0.44,2.7,3.3,0.819,0.9,2.3,3.1,5.4,0.8,0.2,3.4,3.1,14.0,,2024,0
108.0,Caris LeVert,29.0,CLE,SG,68.0,10.0,28.8,5.1,12.1,0.421,1.6,4.9,0.325,3.5,7.2,0.486,0.487,2.3,3.0,0.766,0.6,3.5,4.1,5.1,1.1,0.5,1.7,1.8,14.0,,2024,0
109.0,Aaron Gordon,28.0,DEN,PF,73.0,73.0,31.5,5.5,9.8,0.556,0.5,1.9,0.29,4.9,7.9,0.619,0.584,2.4,3.7,0.658,2.4,4.1,6.5,3.5,0.8,0.6,1.4,1.9,13.9,,2024,0
110.0,Norman Powell,30.0,LAC,SG,76.0,3.0,26.2,4.9,10.1,0.486,2.2,5.1,0.435,2.7,5.1,0.536,0.594,1.9,2.3,0.831,0.2,2.4,2.6,1.1,0.6,0.3,0.9,1.8,13.9,6MOY-4,2024,0
111.0,Jalen Duren,20.0,DET,C,61.0,60.0,29.1,5.7,9.2,0.619,0.0,0.1,0.0,5.7,9.2,0.623,0.619,2.3,3.0,0.79,3.1,8.5,11.6,2.4,0.5,0.8,2.1,3.1,13.8,,2024,0
112.0,Bobby Portis,28.0,MIL,PF,82.0,4.0,24.5,5.7,11.2,0.508,1.2,3.0,0.407,4.5,8.2,0.545,0.562,1.2,1.5,0.79,1.7,5.7,7.4,1.3,0.8,0.4,1.1,2.3,13.8,6MOY-3,2024,0
113.0,Saddiq Bey,24.0,ATL,SF,63.0,51.0,32.7,4.6,11.1,0.416,1.8,5.7,0.316,2.8,5.4,0.522,0.497,2.7,3.2,0.837,2.7,3.9,6.5,1.5,0.8,0.2,0.9,1.4,13.7,,2024,0
114.0,Jabari Smith Jr.,20.0,HOU,PF,76.0,76.0,31.9,5.0,11.0,0.454,1.8,5.0,0.363,3.2,6.0,0.53,0.537,2.0,2.4,0.811,1.8,6.3,8.1,1.6,0.7,0.8,1.2,2.6,13.7,,2024,0
115.0,Gary Trent Jr.,25.0,TOR,SG,71.0,41.0,28.1,5.1,11.9,0.426,2.5,6.4,0.393,2.6,5.5,0.464,0.531,1.0,1.4,0.771,0.4,2.3,2.6,1.7,1.1,0.1,0.7,1.4,13.7,,2024,0
116.0,Rui Hachimura,25.0,LAL,PF,68.0,39.0,26.9,5.3,9.9,0.537,1.4,3.4,0.422,3.9,6.5,0.597,0.609,1.5,2.0,0.739,0.9,3.5,4.3,1.2,0.6,0.4,0.7,1.5,13.6,,2024,0
117.0,Grayson Allen,28.0,PHO,SG,75.0,74.0,33.5,4.5,9.1,0.499,2.7,5.9,0.461,1.8,3.2,0.57,0.649,1.7,2.0,0.878,0.6,3.3,3.9,3.0,0.9,0.6,1.3,2.1,13.5,,2024,0
118.0,Naz Reid,24.0,MIN,PF,81.0,14.0,24.2,5.0,10.5,0.477,2.1,5.0,0.414,2.9,5.5,0.535,0.576,1.3,1.8,0.736,0.9,4.3,5.2,1.3,0.8,0.9,1.4,2.1,13.5,6MOY-1,2024,0
119.0,Cameron Johnson,27.0,BRK,PF,58.0,47.0,27.6,4.8,10.7,0.446,2.4,6.1,0.391,2.4,4.6,0.519,0.557,1.5,1.9,0.789,0.9,3.4,4.3,2.4,0.8,0.3,1.0,1.8,13.4,,2024,0
120.0,Corey Kispert,24.0,WAS,SF,80.0,22.0,25.8,4.8,9.9,0.486,2.3,6.0,0.383,2.5,3.9,0.643,0.602,1.4,2.0,0.726,0.4,2.4,2.8,2.0,0.5,0.2,1.2,1.8,13.4,,2024,0
121.0,Andrew Wiggins,28.0,GSW,SF,71.0,59.0,27.0,5.0,11.0,0.453,1.3,3.6,0.358,3.7,7.4,0.498,0.511,2.0,2.7,0.751,1.5,3.0,4.5,1.7,0.6,0.6,1.2,2.1,13.2,,2024,0
122.0,Keyonte George,20.0,UTA,PG,75.0,44.0,27.0,4.3,10.9,0.391,2.0,5.9,0.334,2.3,5.0,0.459,0.482,2.5,3.0,0.848,0.2,2.6,2.8,4.4,0.5,0.1,2.5,1.2,13.0,,2024,0
123.0,P.J. Washington,25.0,2TM,PF,73.0,45.0,30.4,4.8,11.1,0.436,1.8,5.7,0.32,3.0,5.5,0.558,0.518,1.4,2.0,0.683,1.2,4.5,5.6,1.9,1.0,0.8,1.3,2.3,12.9,,2024,0
123.0,P.J. Washington,25.0,CHO,PF,44.0,17.0,29.2,5.2,11.6,0.446,1.8,5.5,0.324,3.4,6.0,0.558,0.524,1.5,2.1,0.713,1.2,4.1,5.3,2.2,0.9,0.7,1.5,2.5,13.6,,2024,0
123.0,P.J. Washington,25.0,DAL,PF,29.0,28.0,32.2,4.4,10.4,0.421,1.8,5.8,0.314,2.6,4.6,0.556,0.508,1.1,1.8,0.627,1.1,5.1,6.2,1.5,1.2,0.9,1.0,2.0,11.7,,2024,0
124.0,Scotty Pippen Jr.,23.0,MEM,PG,21.0,16.0,25.1,4.8,9.7,0.493,1.4,3.4,0.417,3.3,6.2,0.534,0.567,2.0,2.6,0.745,1.0,2.1,3.2,4.7,1.7,0.5,2.7,2.9,12.9,,2024,0
125.0,Duncan Robinson,29.0,MIA,SF,68.0,36.0,28.0,4.5,9.9,0.45,2.8,7.0,0.395,1.7,3.0,0.579,0.589,1.2,1.3,0.889,0.2,2.3,2.5,2.8,0.7,0.2,1.4,2.4,12.9,,2024,0
126.0,Dillon Brooks,28.0,HOU,SF,72.0,72.0,30.9,4.6,10.7,0.428,1.8,5.1,0.359,2.7,5.5,0.492,0.515,1.7,2.0,0.844,0.7,2.7,3.4,1.7,0.9,0.1,1.2,3.3,12.7,,2024,0
127.0,Mark Williams,22.0,CHO,C,19.0,19.0,26.7,5.2,7.9,0.649,0.0,0.0,,5.2,7.9,0.649,0.649,2.4,3.4,0.719,4.0,5.7,9.7,1.2,0.8,1.1,0.9,2.6,12.7,,2024,0
128.0,Jalen Suggs,22.0,ORL,SG,75.0,75.0,27.0,4.5,9.5,0.471,2.0,5.1,0.397,2.4,4.4,0.556,0.578,1.6,2.1,0.756,0.6,2.4,3.1,2.7,1.4,0.6,1.8,2.7,12.6,"DPOY-10,DEF2",2024,0
129.0,Jrue Holiday,33.0,BOS,PG,69.0,69.0,32.8,4.8,10.0,0.48,2.0,4.7,0.429,2.8,5.3,0.526,0.581,0.9,1.0,0.833,1.2,4.2,5.4,4.8,0.9,0.8,1.8,1.6,12.5,"DPOY-6,DEF2",2024,0
130.0,Brook Lopez,35.0,MIL,C,79.0,79.0,30.5,4.6,9.6,0.485,1.9,5.1,0.366,2.8,4.4,0.621,0.583,1.4,1.7,0.821,1.5,3.7,5.2,1.6,0.5,2.4,1.0,2.4,12.5,,2024,0
131.0,Josh Giddey,21.0,OKC,SG,80.0,80.0,25.1,5.0,10.6,0.475,1.0,3.0,0.337,4.0,7.6,0.53,0.523,1.3,1.6,0.806,1.4,5.0,6.4,4.8,0.6,0.6,2.1,1.4,12.3,,2024,0
132.0,Cam Whitmore,19.0,HOU,SF,47.0,2.0,18.7,4.5,9.9,0.454,1.7,4.7,0.359,2.8,5.3,0.538,0.539,1.6,2.4,0.679,0.9,2.9,3.8,0.7,0.6,0.4,1.0,1.4,12.3,,2024,0
133.0,Harrison Barnes,31.0,SAC,PF,82.0,82.0,29.0,4.2,8.9,0.474,1.8,4.7,0.387,2.4,4.2,0.571,0.576,1.9,2.4,0.801,0.8,2.2,3.0,1.2,0.7,0.1,0.7,1.2,12.2,,2024,0
134.0,Ayo Dosunmu,24.0,CHI,SG,76.0,37.0,29.1,4.7,9.5,0.501,1.6,3.9,0.403,3.2,5.6,0.568,0.583,1.1,1.4,0.81,0.7,2.1,2.8,3.2,0.9,0.5,1.4,2.2,12.2,,2024,0
135.0,Javonte Green,30.0,CHI,SF,9.0,5.0,25.6,5.0,8.3,0.6,1.1,3.0,0.37,3.9,5.3,0.729,0.667,1.1,1.4,0.769,2.2,5.2,7.4,0.6,1.1,0.9,0.8,2.1,12.2,,2024,0
136.0,Aaron Nesmith,24.0,IND,SF,72.0,47.0,27.7,4.4,8.8,0.496,1.9,4.6,0.419,2.4,4.2,0.581,0.606,1.5,1.9,0.781,0.9,2.9,3.8,1.5,0.9,0.7,0.9,3.3,12.2,,2024,0
137.0,Max Strus,27.0,CLE,SF,70.0,70.0,32.0,4.3,10.4,0.418,2.4,6.8,0.351,1.9,3.6,0.546,0.533,1.1,1.4,0.794,0.9,3.9,4.8,4.0,0.9,0.4,1.6,2.4,12.2,,2024,0
138.0,Jonas Valančiūnas,31.0,NOP,C,82.0,82.0,23.5,4.9,8.8,0.559,0.5,1.5,0.308,4.5,7.3,0.609,0.585,2.0,2.5,0.785,2.3,6.5,8.8,2.1,0.4,0.8,1.4,2.7,12.2,,2024,0
139.0,Buddy Hield,31.0,2TM,SF,84.0,42.0,25.7,4.4,10.1,0.436,2.6,6.8,0.386,1.8,3.4,0.539,0.565,0.6,0.7,0.881,0.7,2.5,3.2,2.8,0.8,0.5,1.2,2.0,12.1,,2024,0
139.0,Buddy Hield,31.0,IND,SF,52.0,28.0,25.7,4.4,9.9,0.443,2.6,6.9,0.384,1.8,3.1,0.575,0.575,0.5,0.6,0.848,0.7,2.6,3.2,2.7,0.8,0.6,1.2,2.0,12.0,,2024,0
139.0,Buddy Hield,31.0,PHI,SG,32.0,14.0,25.8,4.4,10.4,0.426,2.6,6.6,0.389,1.9,3.8,0.492,0.55,0.8,0.8,0.923,0.8,2.3,3.2,3.0,0.8,0.3,1.3,2.1,12.2,,2024,0
140.0,Tyus Jones,27.0,WAS,PG,66.0,66.0,29.3,4.9,10.1,0.489,1.6,3.9,0.414,3.3,6.2,0.537,0.569,0.5,0.6,0.8,0.3,2.4,2.7,7.3,1.1,0.3,1.0,0.7,12.0,,2024,0
141.0,Jaime Jaquez Jr.,22.0,MIA,SF,75.0,20.0,28.2,4.5,9.3,0.489,0.9,2.7,0.322,3.7,6.6,0.558,0.536,1.9,2.3,0.811,1.1,2.7,3.8,2.6,1.0,0.3,1.5,2.2,11.9,"ROY-4,6MOY-9",2024,0
142.0,Nic Claxton,24.0,BRK,C,71.0,71.0,29.8,5.2,8.2,0.629,0.0,0.1,0.2,5.1,8.1,0.633,0.63,1.5,2.8,0.551,2.7,7.2,9.9,2.1,0.6,2.1,1.3,2.5,11.8,,2024,0
143.0,Marvin Bagley III,24.0,2TM,C,50.0,25.0,21.1,4.8,8.2,0.586,0.2,0.5,0.391,4.6,7.7,0.597,0.597,1.9,2.5,0.762,2.6,3.6,6.2,1.1,0.4,0.7,1.2,1.6,11.7,,2024,0
143.0,Marvin Bagley III,24.0,DET,C,26.0,10.0,18.4,4.1,7.0,0.591,0.0,0.2,0.167,4.1,6.7,0.606,0.594,1.9,2.3,0.82,1.8,2.8,4.5,1.0,0.2,0.5,1.1,1.5,10.2,,2024,0
143.0,Marvin Bagley III,24.0,WAS,C,24.0,15.0,24.0,5.5,9.5,0.581,0.3,0.7,0.471,5.2,8.8,0.59,0.599,1.9,2.7,0.708,3.5,4.6,8.1,1.2,0.6,0.8,1.3,1.7,13.3,,2024,0
144.0,Ivica Zubac,26.0,LAC,C,68.0,68.0,26.4,5.0,7.6,0.649,0.0,0.0,,5.0,7.6,0.649,0.649,1.8,2.4,0.723,2.9,6.3,9.2,1.4,0.3,1.2,1.2,2.6,11.7,,2024,0
145.0,Cole Anthony,23.0,ORL,PG,81.0,0.0,22.4,4.1,9.4,0.435,1.1,3.4,0.338,3.0,6.0,0.49,0.496,2.2,2.7,0.826,0.8,3.0,3.8,2.9,0.8,0.5,1.6,2.2,11.6,,2024,0
146.0,Jeremy Sochan,20.0,SAS,PF,74.0,73.0,29.6,4.6,10.5,0.438,0.9,3.1,0.308,3.6,7.4,0.492,0.483,1.5,1.9,0.771,1.9,4.6,6.4,3.4,0.8,0.5,1.9,2.3,11.6,,2024,0
147.0,Clint Capela,29.0,ATL,C,73.0,73.0,25.8,4.8,8.5,0.571,0.0,0.0,0.0,4.8,8.5,0.572,0.571,1.8,2.8,0.631,4.6,6.0,10.6,1.2,0.6,1.5,1.0,2.2,11.5,,2024,0
148.0,Mike Conley,36.0,MIN,PG,76.0,76.0,28.9,3.9,8.5,0.457,2.4,5.3,0.442,1.5,3.1,0.481,0.595,1.3,1.5,0.911,0.5,2.4,2.9,5.9,1.2,0.2,1.3,1.7,11.4,,2024,0
149.0,Malik Beasley,27.0,MIL,SG,79.0,77.0,29.6,4.1,9.1,0.443,2.8,6.9,0.413,1.2,2.3,0.533,0.598,0.3,0.4,0.714,0.5,3.2,3.7,1.4,0.7,0.1,0.7,2.0,11.3,,2024,0
150.0,Brandon Clarke,27.0,MEM,PF,6.0,1.0,22.3,5.5,9.8,0.559,0.2,1.0,0.167,5.3,8.8,0.604,0.568,0.2,1.2,0.143,2.2,3.2,5.3,1.5,0.8,1.0,0.5,1.3,11.3,,2024,0
151.0,Zach Collins,26.0,SAS,C,69.0,29.0,22.1,4.3,8.9,0.484,0.8,2.6,0.32,3.5,6.3,0.552,0.531,1.8,2.3,0.753,1.7,3.7,5.4,2.8,0.5,0.8,1.9,3.0,11.2,,2024,0
152.0,De'Anthony Melton,25.0,PHI,SG,38.0,33.0,26.9,3.7,9.5,0.386,2.0,5.6,0.36,1.6,3.8,0.425,0.493,1.7,2.1,0.835,0.7,3.0,3.7,3.0,1.6,0.4,1.0,2.2,11.1,,2024,0
153.0,Jakob Poeltl,28.0,TOR,C,50.0,50.0,26.4,5.0,7.6,0.656,0.0,0.0,,5.0,7.6,0.656,0.656,1.2,2.1,0.551,2.9,5.7,8.6,2.5,0.7,1.5,1.5,3.0,11.1,,2024,0
154.0,Russell Westbrook,35.0,LAC,PG,68.0,11.0,22.5,4.4,9.8,0.454,0.6,2.3,0.273,3.8,7.5,0.509,0.486,1.6,2.4,0.688,1.4,3.7,5.0,4.5,1.1,0.3,2.1,1.8,11.1,6MOY-7,2024,0
155.0,Daniel Gafford,25.0,2TM,PF,74.0,66.0,24.5,4.7,6.5,0.725,0.0,0.0,,4.7,6.5,0.725,0.725,1.6,2.4,0.674,2.6,5.0,7.6,1.6,0.9,2.1,1.0,3.1,11.0,,2024,0
155.0,Daniel Gafford,25.0,WAS,C,45.0,45.0,26.5,4.5,6.5,0.69,0.0,0.0,,4.5,6.5,0.69,0.69,1.9,2.6,0.706,2.9,5.1,8.0,1.5,1.0,2.2,1.0,3.3,10.9,,2024,0
155.0,Daniel Gafford,25.0,DAL,PF,29.0,21.0,21.5,5.0,6.4,0.78,0.0,0.0,,5.0,6.4,0.78,0.78,1.2,1.9,0.607,2.2,4.7,6.9,1.6,0.7,1.9,1.0,2.8,11.2,,2024,0
156.0,Wendell Carter Jr.,24.0,ORL,C,55.0,48.0,25.6,4.1,7.7,0.525,1.2,3.1,0.374,2.9,4.6,0.626,0.6,1.7,2.4,0.694,2.0,4.9,6.9,1.7,0.6,0.5,1.2,2.2,11.0,,2024,0
157.0,Eric Gordon,35.0,PHO,SG,68.0,24.0,27.8,4.0,9.1,0.443,2.2,5.8,0.378,1.8,3.3,0.561,0.565,0.8,0.9,0.797,0.2,1.6,1.8,2.0,1.0,0.4,1.1,1.2,11.0,,2024,0
158.0,Herbert Jones,25.0,NOP,SF,76.0,76.0,30.5,3.9,7.7,0.498,1.5,3.6,0.418,2.4,4.1,0.568,0.595,1.8,2.1,0.867,1.0,2.6,3.6,2.6,1.4,0.8,1.2,2.9,11.0,"DPOY-5,DEF1",2024,0
159.0,Luke Kennard,27.0,MEM,SG,39.0,22.0,25.6,3.6,8.1,0.448,2.7,6.1,0.45,0.9,2.0,0.442,0.617,1.0,1.2,0.889,0.3,2.6,2.9,3.5,0.5,0.1,1.4,1.0,11.0,,2024,0
160.0,Luguentz Dort,24.0,OKC,SF,79.0,79.0,28.4,3.6,8.3,0.438,2.0,5.0,0.394,1.7,3.3,0.506,0.557,1.6,2.0,0.826,0.9,2.7,3.6,1.4,0.9,0.6,0.9,2.9,10.9,,2024,0
161.0,Jusuf Nurkić,29.0,PHO,C,76.0,76.0,27.3,4.2,8.3,0.51,0.3,1.2,0.244,3.9,7.1,0.555,0.528,2.2,3.4,0.64,2.9,8.1,11.0,4.0,1.1,1.1,2.3,3.3,10.9,,2024,0
162.0,Isaiah Stewart,22.0,DET,PF,46.0,45.0,30.9,4.0,8.3,0.487,1.5,3.8,0.383,2.6,4.5,0.575,0.575,1.4,1.8,0.753,1.6,5.0,6.6,1.6,0.4,0.8,1.4,2.2,10.9,,2024,0
163.0,Moritz Wagner,26.0,ORL,C,80.0,1.0,17.7,4.2,6.9,0.601,0.5,1.4,0.33,3.7,5.5,0.673,0.636,2.1,2.6,0.814,1.5,2.9,4.3,1.2,0.5,0.3,1.2,2.0,10.9,,2024,0
164.0,Bruce Brown,27.0,2TM,SG,67.0,44.0,27.9,4.1,8.7,0.478,0.8,2.4,0.323,3.4,6.2,0.538,0.523,1.7,2.1,0.824,0.8,3.4,4.2,2.9,0.9,0.3,1.3,2.2,10.8,,2024,0
164.0,Bruce Brown,27.0,IND,SG,33.0,33.0,29.7,4.5,9.5,0.475,1.0,3.1,0.327,3.5,6.5,0.545,0.527,2.0,2.5,0.817,0.8,3.9,4.7,3.0,1.1,0.2,1.2,2.5,12.1,,2024,0
164.0,Bruce Brown,27.0,TOR,PG,34.0,11.0,26.0,3.8,7.9,0.481,0.6,1.9,0.317,3.2,6.0,0.532,0.519,1.5,1.8,0.833,0.8,3.0,3.8,2.7,0.7,0.3,1.3,2.0,9.6,,2024,0
165.0,Jake LaRavia,22.0,MEM,PF,35.0,6.0,23.0,3.4,8.7,0.389,1.5,4.5,0.34,1.9,4.2,0.442,0.477,2.6,3.1,0.826,1.5,2.2,3.7,1.7,0.8,0.3,1.3,2.0,10.8,,2024,0
166.0,Santi Aldama,23.0,MEM,PF,61.0,35.0,26.5,4.0,9.3,0.435,1.7,5.0,0.349,2.3,4.3,0.534,0.528,0.9,1.4,0.621,1.2,4.6,5.8,2.3,0.7,0.9,1.1,1.5,10.7,,2024,0
167.0,Simone Fontecchio,28.0,2TM,SF,66.0,43.0,24.9,3.8,8.3,0.46,2.0,5.1,0.401,1.8,3.2,0.551,0.582,0.8,1.0,0.818,1.0,2.8,3.7,1.5,0.7,0.3,1.0,1.7,10.5,,2024,0
167.0,Simone Fontecchio,28.0,UTA,SF,50.0,34.0,23.2,3.2,7.2,0.45,1.8,4.7,0.391,1.4,2.5,0.56,0.577,0.6,0.8,0.8,1.0,2.5,3.5,1.5,0.6,0.4,1.0,1.6,8.9,,2024,0
167.0,Simone Fontecchio,28.0,DET,SF,16.0,9.0,30.3,5.7,11.9,0.479,2.7,6.3,0.426,3.0,5.6,0.539,0.592,1.4,1.6,0.846,0.8,3.6,4.4,1.8,0.9,0.3,1.1,1.8,15.4,,2024,0
168.0,Spencer Dinwiddie,30.0,2TM,PG,76.0,52.0,28.3,3.3,8.4,0.392,1.6,4.8,0.337,1.7,3.6,0.467,0.489,2.2,2.8,0.805,0.4,2.3,2.7,4.7,0.7,0.3,1.2,1.8,10.5,,2024,0
168.0,Spencer Dinwiddie,30.0,BRK,PG,48.0,48.0,30.7,4.1,10.4,0.391,1.9,5.8,0.32,2.2,4.6,0.48,0.48,2.6,3.3,0.781,0.5,2.8,3.3,6.0,0.8,0.2,1.3,1.8,12.6,,2024,0
168.0,Spencer Dinwiddie,30.0,LAL,PG,28.0,4.0,24.2,2.0,5.0,0.397,1.3,3.2,0.389,0.8,1.8,0.412,0.521,1.6,1.8,0.88,0.1,1.5,1.7,2.4,0.5,0.5,1.0,1.9,6.8,,2024,0
169.0,Jaden McDaniels,23.0,MIN,SF,72.0,71.0,29.2,4.3,8.7,0.489,1.2,3.5,0.337,3.1,5.2,0.592,0.557,0.8,1.1,0.722,0.8,2.3,3.1,1.4,0.9,0.6,1.2,3.0,10.5,DEF2,2024,0
170.0,Alec Burks,32.0,2TM,SG,66.0,1.0,18.4,3.2,8.6,0.369,1.9,5.0,0.376,1.3,3.6,0.36,0.478,2.2,2.5,0.868,0.4,1.9,2.3,1.3,0.4,0.2,0.7,1.1,10.4,,2024,0
170.0,Alec Burks,32.0,DET,SG,43.0,0.0,21.0,3.7,9.4,0.394,2.3,5.7,0.401,1.4,3.7,0.384,0.516,2.8,3.1,0.903,0.4,2.2,2.6,1.6,0.5,0.3,0.7,1.5,12.6,,2024,0
170.0,Alec Burks,32.0,NYK,SG,23.0,1.0,13.5,2.2,7.1,0.307,1.1,3.6,0.301,1.1,3.5,0.313,0.383,1.0,1.4,0.727,0.3,1.4,1.7,0.9,0.3,0.0,0.7,0.5,6.5,,2024,0
171.0,Dalano Banton,24.0,2TM,PG,54.0,9.0,19.4,3.7,9.3,0.404,1.1,3.7,0.296,2.6,5.6,0.475,0.463,1.7,2.2,0.783,0.8,2.5,3.3,2.4,0.6,0.4,1.4,1.2,10.3,,2024,0
171.0,Dalano Banton,24.0,BOS,PG,24.0,1.0,7.1,0.8,2.1,0.373,0.1,0.7,0.125,0.7,1.5,0.486,0.392,0.7,0.8,0.8,0.5,1.0,1.5,0.8,0.2,0.1,0.4,0.8,2.3,,2024,0
171.0,Dalano Banton,24.0,POR,PG,30.0,8.0,29.2,6.1,15.0,0.408,1.9,6.1,0.311,4.2,8.9,0.474,0.471,2.6,3.3,0.78,1.0,3.8,4.8,3.6,0.9,0.6,2.2,1.5,16.7,,2024,0
172.0,Grant Williams,25.0,2TM,PF,76.0,43.0,28.0,3.6,8.0,0.456,1.7,4.4,0.375,2.0,3.5,0.558,0.56,1.4,1.8,0.757,1.1,3.1,4.2,2.3,0.6,0.5,1.4,3.0,10.3,,2024,0
172.0,Grant Williams,25.0,DAL,PF,47.0,33.0,26.4,2.8,6.7,0.413,1.7,4.5,0.376,1.1,2.3,0.486,0.538,0.9,1.2,0.745,1.0,2.6,3.6,1.7,0.5,0.6,1.1,2.9,8.1,,2024,0
172.0,Grant Williams,25.0,CHO,PF,29.0,10.0,30.6,5.0,9.9,0.503,1.6,4.3,0.373,3.4,5.6,0.605,0.585,2.2,2.9,0.765,1.4,3.8,5.1,3.2,0.7,0.4,1.9,3.1,13.9,,2024,0
173.0,Obi Toppin,25.0,IND,PF,82.0,28.0,21.1,4.0,7.1,0.573,1.2,3.1,0.403,2.8,4.0,0.706,0.661,0.9,1.2,0.77,1.0,2.9,3.9,1.6,0.6,0.5,0.8,1.7,10.3,,2024,0
174.0,Kevin Huerter,25.0,SAC,SG,64.0,59.0,24.4,3.9,8.8,0.443,1.9,5.3,0.361,2.0,3.4,0.571,0.553,0.6,0.7,0.766,0.6,2.9,3.5,2.6,0.7,0.4,0.8,2.1,10.2,,2024,0
175.0,Reggie Jackson,33.0,DEN,PG,82.0,23.0,22.2,4.0,9.2,0.431,1.2,3.5,0.359,2.7,5.8,0.475,0.499,1.0,1.2,0.806,0.4,1.5,1.9,3.8,0.5,0.2,1.3,1.8,10.2,,2024,0
176.0,T.J. McConnell,31.0,IND,PG,71.0,4.0,18.2,4.6,8.4,0.556,0.3,0.6,0.409,4.4,7.7,0.568,0.572,0.7,0.9,0.79,0.5,2.2,2.7,5.5,1.0,0.1,1.5,1.1,10.2,6MOY-7,2024,0
177.0,Onyeka Okongwu,23.0,ATL,C,55.0,8.0,25.5,4.1,6.6,0.611,0.4,1.3,0.333,3.6,5.4,0.676,0.642,1.7,2.1,0.793,2.6,4.2,6.8,1.3,0.5,1.1,0.8,2.9,10.2,,2024,0
178.0,Kentavious Caldwell-Pope,30.0,DEN,SG,76.0,76.0,31.6,3.6,7.7,0.46,1.6,4.1,0.406,1.9,3.7,0.52,0.566,1.3,1.5,0.894,0.4,2.0,2.4,2.4,1.3,0.6,1.0,2.0,10.1,,2024,0
179.0,Alex Caruso,29.0,CHI,SG,71.0,57.0,28.7,3.6,7.6,0.468,1.9,4.7,0.408,1.6,2.9,0.563,0.593,1.0,1.4,0.76,0.9,3.0,3.8,3.5,1.7,1.0,1.4,2.5,10.1,"DPOY-10,DEF2",2024,0
180.0,Talen Horton-Tucker,23.0,UTA,PG,51.0,11.0,19.8,3.6,9.1,0.396,1.2,3.6,0.33,2.4,5.5,0.438,0.46,1.7,2.1,0.807,0.4,2.0,2.4,3.5,0.9,0.4,1.3,1.8,10.1,,2024,0
181.0,Tre Jones,24.0,SAS,PG,77.0,48.0,27.8,3.9,7.8,0.505,0.8,2.5,0.335,3.1,5.3,0.584,0.558,1.3,1.5,0.856,0.8,3.0,3.8,6.2,1.0,0.1,1.5,1.2,10.0,,2024,0
182.0,Caleb Martin,28.0,MIA,SF,64.0,23.0,27.4,3.8,8.7,0.431,1.3,3.6,0.349,2.5,5.1,0.489,0.504,1.2,1.5,0.778,1.2,3.2,4.4,2.2,0.7,0.5,1.2,2.0,10.0,,2024,0
183.0,Patrick Williams,22.0,CHI,PF,43.0,30.0,27.3,3.7,8.3,0.443,1.4,3.4,0.399,2.3,4.9,0.474,0.525,1.2,1.5,0.788,1.1,2.8,3.9,1.5,0.9,0.8,1.3,2.0,10.0,,2024,0
184.0,Vince Williams Jr.,23.0,MEM,SG,52.0,33.0,27.6,3.3,7.3,0.446,1.5,4.0,0.378,1.7,3.3,0.529,0.55,2.0,2.5,0.8,1.1,4.4,5.6,3.4,0.9,0.7,1.8,2.6,10.0,,2024,0
185.0,Josh Richardson,30.0,MIA,SG,43.0,6.0,25.7,3.6,8.1,0.444,1.5,4.4,0.347,2.0,3.7,0.561,0.539,1.2,1.3,0.944,0.4,2.4,2.8,2.4,0.6,0.3,0.8,1.8,9.9,,2024,0
186.0,Jalen Smith,23.0,IND,C,61.0,14.0,17.2,3.8,6.5,0.592,1.0,2.4,0.424,2.8,4.1,0.689,0.67,1.2,1.7,0.692,1.8,3.7,5.5,1.0,0.3,0.6,0.7,2.0,9.9,,2024,0
187.0,Gordon Hayward,33.0,2TM,SF,51.0,28.0,24.4,3.7,7.9,0.464,0.7,1.8,0.411,2.9,6.1,0.479,0.51,1.7,2.4,0.742,0.7,2.8,3.5,3.1,0.8,0.3,1.3,1.3,9.8,,2024,0
187.0,Gordon Hayward,33.0,CHO,SF,25.0,25.0,31.9,5.6,11.9,0.468,0.9,2.4,0.361,4.7,9.4,0.496,0.505,2.5,3.2,0.765,1.0,3.7,4.7,4.6,1.1,0.5,2.0,1.8,14.5,,2024,0
187.0,Gordon Hayward,33.0,OKC,SF,26.0,3.0,17.2,1.8,4.1,0.453,0.6,1.1,0.517,1.3,3.0,0.429,0.524,1.0,1.5,0.692,0.5,2.0,2.5,1.6,0.5,0.0,0.6,0.8,5.3,,2024,0
188.0,Kelly Olynyk,32.0,2TM,C,78.0,27.0,22.6,3.5,6.4,0.555,0.8,2.0,0.387,2.8,4.4,0.632,0.616,1.9,2.3,0.833,1.4,3.9,5.3,4.4,0.9,0.4,1.9,2.9,9.8,,2024,0
188.0,Kelly Olynyk,32.0,UTA,C,50.0,8.0,20.4,2.9,5.2,0.562,0.7,1.7,0.429,2.2,3.5,0.626,0.632,1.6,1.9,0.842,1.3,3.8,5.1,4.4,0.7,0.2,1.6,2.6,8.1,,2024,0
188.0,Kelly Olynyk,32.0,TOR,C,28.0,19.0,26.4,4.7,8.5,0.548,0.9,2.5,0.338,3.8,6.0,0.637,0.598,2.5,3.0,0.824,1.6,4.0,5.6,4.6,1.3,0.6,2.5,3.5,12.7,,2024,0
189.0,Tari Eason,22.0,HOU,PF,22.0,0.0,21.8,4.0,8.6,0.466,0.8,2.3,0.36,3.2,6.3,0.504,0.513,1.0,1.5,0.636,2.1,4.9,7.0,1.2,1.4,0.9,0.9,2.3,9.8,,2024,0
190.0,Nick Richards,26.0,CHO,C,67.0,51.0,26.3,3.9,5.6,0.691,0.0,0.0,0.0,3.9,5.6,0.693,0.691,2.0,2.7,0.737,2.6,5.5,8.0,0.8,0.4,1.1,1.1,2.6,9.7,,2024,0
191.0,Lonnie Walker IV,25.0,BRK,SG,58.0,0.0,17.4,3.6,8.5,0.423,1.8,4.7,0.384,1.8,3.8,0.471,0.528,0.8,1.0,0.763,0.2,2.0,2.2,1.3,0.6,0.3,0.9,1.2,9.7,,2024,0
192.0,Payton Pritchard,26.0,BOS,PG,82.0,5.0,22.3,3.6,7.7,0.468,1.8,4.7,0.385,1.8,3.1,0.593,0.583,0.6,0.7,0.821,0.9,2.4,3.2,3.4,0.5,0.1,0.7,1.3,9.6,,2024,0
193.0,Amen Thompson,21.0,HOU,SF,62.0,23.0,22.4,3.9,7.2,0.536,0.1,0.9,0.138,3.7,6.3,0.595,0.545,1.7,2.5,0.684,2.4,4.2,6.6,2.6,1.3,0.6,1.5,2.3,9.5,,2024,0
194.0,Josh Hart,28.0,NYK,SF,81.0,42.0,33.4,3.6,8.4,0.434,1.0,3.2,0.31,2.7,5.2,0.511,0.493,1.1,1.4,0.791,1.6,6.8,8.3,4.1,0.9,0.3,1.5,2.1,9.4,,2024,0
195.0,Georges Niang,30.0,CLE,PF,82.0,10.0,22.3,3.5,7.7,0.449,1.8,4.8,0.376,1.6,2.9,0.572,0.567,0.6,0.7,0.85,0.3,3.1,3.4,1.2,0.4,0.2,0.9,2.3,9.4,,2024,0
196.0,Isaac Okoro,23.0,CLE,SF,69.0,42.0,27.3,3.4,7.0,0.49,1.2,3.1,0.391,2.2,3.8,0.57,0.577,1.3,2.0,0.679,1.0,2.0,3.0,1.9,0.8,0.5,0.8,2.0,9.4,,2024,0
197.0,Tre Mann,22.0,2TM,PG,41.0,28.0,24.1,3.5,7.7,0.459,1.1,3.1,0.373,2.4,4.6,0.516,0.533,1.1,1.4,0.763,0.5,3.1,3.6,4.0,1.2,0.1,1.6,1.2,9.3,,2024,0
197.0,Tre Mann,22.0,OKC,PG,13.0,0.0,9.2,1.5,3.1,0.5,0.6,1.5,0.421,0.9,1.6,0.571,0.6,0.1,0.1,1.0,0.3,1.5,1.8,1.5,0.2,0.0,0.7,0.2,3.8,,2024,0
197.0,Tre Mann,22.0,CHO,PG,28.0,28.0,31.0,4.5,9.9,0.453,1.4,3.8,0.364,3.1,6.0,0.509,0.524,1.6,2.1,0.759,0.6,3.9,4.5,5.2,1.7,0.1,2.0,1.6,11.9,,2024,0
198.0,Malaki Branham,20.0,SAS,PG,75.0,29.0,21.3,3.6,8.4,0.432,1.2,3.6,0.347,2.4,4.8,0.494,0.506,0.7,0.8,0.873,0.4,1.6,2.0,2.1,0.4,0.1,1.2,1.3,9.2,,2024,0
199.0,Andrew Nembhard,24.0,IND,PG,68.0,47.0,25.0,3.8,7.7,0.498,0.9,2.5,0.357,2.9,5.2,0.567,0.557,0.7,0.8,0.804,0.5,1.5,2.1,4.1,0.9,0.1,1.5,2.1,9.2,,2024,0
200.0,Chris Paul,38.0,GSW,PG,58.0,18.0,26.4,3.6,8.1,0.441,1.3,3.6,0.371,2.2,4.4,0.498,0.525,0.7,0.9,0.827,0.3,3.6,3.9,6.8,1.2,0.1,1.3,1.9,9.2,,2024,0
201.0,Brandin Podziemski,20.0,GSW,SG,74.0,28.0,26.6,3.7,8.1,0.454,1.2,3.2,0.385,2.4,4.9,0.499,0.529,0.7,1.1,0.633,1.6,4.2,5.8,3.7,0.8,0.2,1.2,1.6,9.2,ROY-5,2024,0
202.0,Duop Reath,27.0,POR,C,68.0,20.0,17.9,3.4,7.3,0.461,1.3,3.6,0.359,2.1,3.7,0.559,0.549,1.0,1.4,0.742,1.4,2.3,3.7,1.0,0.5,0.6,0.8,2.4,9.1,,2024,0
203.0,Sam Hauser,26.0,BOS,SF,79.0,13.0,22.0,3.2,7.1,0.446,2.5,5.9,0.424,0.7,1.2,0.559,0.623,0.2,0.2,0.895,0.6,2.9,3.5,1.0,0.5,0.3,0.4,1.3,9.0,,2024,0
204.0,Taurean Prince,29.0,LAL,PF,78.0,49.0,27.0,3.2,7.3,0.442,1.8,4.6,0.396,1.4,2.8,0.519,0.566,0.6,0.9,0.735,0.3,2.7,2.9,1.5,0.7,0.4,0.9,1.9,8.9,,2024,0
205.0,Jabari Walker,21.0,POR,SF,72.0,23.0,23.6,3.3,7.1,0.46,0.6,1.9,0.295,2.7,5.1,0.522,0.5,1.8,2.4,0.754,2.1,5.0,7.1,1.0,0.6,0.3,0.9,2.4,8.9,,2024,0
206.0,Dereck Lively II,19.0,DAL,C,55.0,42.0,23.5,4.0,5.4,0.747,0.0,0.0,0.0,4.0,5.3,0.752,0.747,0.7,1.5,0.506,2.5,4.4,6.9,1.1,0.7,1.4,0.9,2.6,8.8,ROY-6,2024,0
207.0,Kevin Love,35.0,MIA,PF,55.0,5.0,16.8,2.9,6.5,0.44,1.5,4.4,0.344,1.3,2.1,0.643,0.557,1.5,2.0,0.787,1.1,5.1,6.1,2.1,0.3,0.2,0.9,1.8,8.8,,2024,0
208.0,Terance Mann,27.0,LAC,SG,75.0,71.0,25.0,3.4,6.6,0.515,0.9,2.7,0.348,2.4,3.9,0.633,0.587,1.1,1.3,0.832,1.2,2.2,3.4,1.6,0.6,0.2,0.6,1.9,8.8,,2024,0
209.0,Ausar Thompson,21.0,DET,SF,63.0,38.0,25.1,3.7,7.6,0.483,0.3,1.8,0.186,3.3,5.8,0.575,0.505,1.1,1.9,0.597,2.0,4.3,6.4,1.9,1.1,0.9,1.3,2.8,8.8,,2024,0
210.0,Draymond Green,33.0,GSW,PF,55.0,52.0,27.1,3.4,6.8,0.497,0.9,2.3,0.395,2.4,4.4,0.551,0.566,1.0,1.3,0.73,1.4,5.9,7.2,6.0,1.0,0.9,2.5,3.0,8.6,,2024,0
211.0,Al Horford,37.0,BOS,C,65.0,33.0,26.8,3.3,6.4,0.511,1.7,4.0,0.419,1.6,2.5,0.658,0.64,0.4,0.5,0.867,1.3,5.1,6.4,2.6,0.6,1.0,0.7,1.4,8.6,,2024,0
212.0,Derrick Jones Jr.,26.0,DAL,SF,76.0,66.0,23.5,3.1,6.5,0.483,1.1,3.1,0.343,2.1,3.4,0.613,0.566,1.3,1.8,0.713,1.1,2.2,3.3,1.0,0.7,0.7,0.9,1.6,8.6,,2024,0
213.0,Gradey Dick,20.0,TOR,SG,60.0,17.0,21.1,3.2,7.4,0.425,1.5,4.0,0.365,1.7,3.4,0.495,0.524,0.7,0.9,0.863,0.5,1.8,2.2,1.1,0.6,0.0,0.8,1.5,8.5,,2024,0
214.0,Dorian Finney-Smith,30.0,BRK,PF,68.0,56.0,28.4,3.2,7.5,0.421,1.7,4.9,0.348,1.4,2.6,0.56,0.535,0.5,0.7,0.717,1.6,3.1,4.7,1.6,0.8,0.6,0.9,2.2,8.5,,2024,0
215.0,Tristan Vukcevic,20.0,WAS,C,10.0,4.0,15.3,2.9,6.7,0.433,1.0,3.6,0.278,1.9,3.1,0.613,0.507,1.7,2.2,0.773,0.6,3.0,3.6,1.3,0.5,0.7,1.0,2.8,8.5,,2024,0
216.0,Bilal Coulibaly,19.0,WAS,SF,63.0,15.0,27.2,3.0,6.9,0.435,1.0,2.9,0.346,2.0,3.9,0.502,0.509,1.5,2.1,0.702,0.9,3.2,4.1,1.7,0.9,0.8,1.4,2.2,8.4,,2024,0
217.0,Andre Drummond,30.0,CHI,C,79.0,10.0,17.1,3.4,6.1,0.556,0.0,0.0,0.0,3.4,6.0,0.56,0.556,1.6,2.8,0.592,3.4,5.6,9.0,0.5,0.9,0.6,1.0,1.8,8.4,,2024,0
218.0,Miles McBride,23.0,NYK,PG,68.0,14.0,19.5,3.0,6.7,0.452,1.6,3.9,0.41,1.4,2.8,0.511,0.572,0.6,0.7,0.86,0.5,1.0,1.5,1.7,0.7,0.1,0.4,1.6,8.3,,2024,0
219.0,Marcus Sasser,23.0,DET,PG,71.0,11.0,19.0,3.1,7.2,0.428,1.3,3.4,0.375,1.8,3.8,0.474,0.516,0.8,0.9,0.879,0.2,1.6,1.8,3.3,0.6,0.2,1.3,1.5,8.3,,2024,0
220.0,Josh Green,23.0,DAL,SG,57.0,33.0,26.4,3.1,6.6,0.479,1.3,3.3,0.385,1.9,3.3,0.572,0.575,0.7,1.0,0.684,0.7,2.5,3.2,2.3,0.8,0.2,1.1,1.9,8.2,,2024,0
221.0,Isaiah Joe,24.0,OKC,SG,78.0,1.0,18.5,2.8,6.2,0.458,1.9,4.5,0.416,1.0,1.7,0.568,0.609,0.6,0.7,0.865,0.4,1.9,2.3,1.3,0.6,0.3,0.6,1.1,8.2,,2024,0
222.0,Ziaire Williams,22.0,MEM,SF,51.0,15.0,20.4,2.9,7.4,0.397,1.1,3.7,0.307,1.8,3.7,0.487,0.474,1.2,1.5,0.827,0.7,2.8,3.5,1.5,0.7,0.2,1.3,1.7,8.2,,2024,0
223.0,Kyle Lowry,37.0,2TM,PG,60.0,55.0,28.2,2.7,6.3,0.432,1.6,4.2,0.392,1.1,2.1,0.512,0.562,1.1,1.3,0.84,0.6,2.7,3.2,4.2,1.0,0.4,1.4,2.4,8.1,,2024,0
223.0,Kyle Lowry,37.0,MIA,PG,37.0,35.0,28.0,2.8,6.5,0.426,1.7,4.4,0.385,1.1,2.2,0.506,0.554,0.9,1.1,0.833,0.7,2.8,3.5,4.0,1.1,0.4,1.4,2.5,8.2,,2024,0
223.0,Kyle Lowry,37.0,PHI,PG,23.0,20.0,28.4,2.6,5.9,0.444,1.6,3.9,0.404,1.0,2.0,0.522,0.578,1.2,1.4,0.848,0.4,2.4,2.8,4.6,0.9,0.3,1.4,2.3,8.0,,2024,0
224.0,Walker Kessler,22.0,UTA,C,64.0,22.0,23.3,3.6,5.5,0.654,0.1,0.3,0.211,3.5,5.2,0.68,0.66,0.9,1.5,0.602,2.6,4.9,7.5,0.9,0.5,2.4,1.0,2.1,8.1,,2024,0
225.0,Moses Moody,21.0,GSW,SG,66.0,9.0,17.5,2.9,6.4,0.462,1.1,3.0,0.36,1.8,3.3,0.555,0.548,1.1,1.4,0.785,1.0,2.0,3.0,0.9,0.6,0.4,0.7,1.4,8.1,,2024,0
226.0,Nickeil Alexander-Walker,25.0,MIN,SG,82.0,20.0,23.4,2.9,6.6,0.439,1.6,4.1,0.391,1.3,2.5,0.517,0.56,0.6,0.8,0.8,0.4,1.6,2.0,2.5,0.8,0.5,0.9,1.7,8.0,,2024,0
227.0,Sam Merrill,27.0,CLE,SG,61.0,1.0,17.5,2.6,6.4,0.402,2.3,5.8,0.404,0.2,0.6,0.385,0.584,0.4,0.5,0.929,0.4,1.6,2.0,1.8,0.3,0.1,0.3,1.2,8.0,,2024,0
228.0,Derrick Rose,35.0,MEM,PG,24.0,7.0,16.6,3.2,6.9,0.461,0.6,1.7,0.366,2.5,5.2,0.492,0.506,1.0,1.1,0.889,0.3,1.6,1.9,3.3,0.3,0.1,1.3,0.9,8.0,,2024,0
229.0,Dario Šarić,29.0,GSW,C,64.0,9.0,17.2,2.8,6.1,0.466,1.2,3.1,0.376,1.7,3.0,0.56,0.562,1.2,1.5,0.849,1.1,3.3,4.4,2.3,0.5,0.2,1.2,1.8,8.0,,2024,0
230.0,Trayce Jackson-Davis,23.0,GSW,PF,68.0,16.0,16.6,3.4,4.9,0.702,0.0,0.0,0.0,3.4,4.9,0.704,0.702,1.1,1.9,0.561,2.0,3.0,5.0,1.2,0.4,1.1,0.7,1.6,7.9,,2024,0
231.0,Dante Exum,28.0,DAL,PG,55.0,17.0,19.8,2.9,5.5,0.533,1.0,2.0,0.491,2.0,3.5,0.557,0.621,1.0,1.2,0.779,0.5,2.3,2.7,2.9,0.4,0.1,0.9,1.5,7.8,,2024,0
232.0,Markelle Fultz,25.0,ORL,PG,43.0,18.0,21.2,3.6,7.6,0.472,0.1,0.4,0.222,3.5,7.2,0.487,0.479,0.5,0.8,0.697,1.3,1.9,3.2,2.8,1.0,0.3,1.2,1.5,7.8,,2024,0
233.0,Isaiah Hartenstein,25.0,NYK,C,75.0,49.0,25.3,3.1,4.9,0.644,0.0,0.0,0.333,3.1,4.8,0.646,0.645,1.5,2.1,0.707,3.3,5.1,8.3,2.5,1.2,1.1,1.2,2.8,7.8,,2024,0
234.0,Jordan Hawkins,21.0,NOP,SG,67.0,10.0,17.3,2.6,6.8,0.382,1.6,4.4,0.366,1.0,2.4,0.411,0.501,1.0,1.2,0.838,0.4,1.8,2.2,1.0,0.3,0.1,0.6,1.1,7.8,,2024,0
235.0,Royce O'Neale,30.0,2TM,SF,79.0,14.0,24.7,2.7,6.8,0.397,2.0,5.3,0.37,0.7,1.5,0.496,0.542,0.3,0.4,0.686,0.8,4.0,4.8,2.8,0.7,0.6,0.9,2.2,7.7,,2024,0
235.0,Royce O'Neale,30.0,BRK,SF,49.0,6.0,24.5,2.6,6.6,0.388,2.0,5.4,0.366,0.6,1.2,0.483,0.537,0.3,0.4,0.682,0.8,3.7,4.5,2.8,0.7,0.6,1.0,2.4,7.4,,2024,0
235.0,Royce O'Neale,30.0,PHO,SF,30.0,8.0,25.1,2.9,7.1,0.411,2.0,5.2,0.376,1.0,1.9,0.509,0.549,0.3,0.4,0.692,0.7,4.5,5.2,2.7,0.9,0.5,0.7,1.8,8.1,,2024,0
236.0,RaiQuan Gray,24.0,SAS,PF,3.0,0.0,13.0,3.3,5.7,0.588,1.0,2.3,0.429,2.3,3.3,0.7,0.676,0.0,0.0,,0.7,1.7,2.3,2.0,0.3,0.3,0.3,0.0,7.7,,2024,0
237.0,Nikola Jović,20.0,MIA,PF,46.0,38.0,19.5,2.8,6.1,0.452,1.4,3.5,0.399,1.3,2.6,0.525,0.568,0.7,1.0,0.702,0.5,3.6,4.2,2.0,0.5,0.3,0.9,1.8,7.7,,2024,0
238.0,Precious Achiuwa,24.0,2TM,PF,74.0,18.0,21.9,3.2,6.3,0.501,0.4,1.3,0.268,2.8,5.0,0.562,0.529,0.9,1.5,0.616,2.6,4.0,6.6,1.3,0.6,0.9,1.1,1.9,7.6,,2024,0
238.0,Precious Achiuwa,24.0,TOR,C,25.0,0.0,17.5,3.1,6.8,0.459,0.5,1.9,0.277,2.6,4.9,0.528,0.497,1.0,1.7,0.571,2.0,3.4,5.4,1.8,0.6,0.5,1.2,1.6,7.7,,2024,0
238.0,Precious Achiuwa,24.0,NYK,PF,49.0,18.0,24.2,3.2,6.1,0.525,0.3,1.0,0.26,2.9,5.1,0.578,0.547,0.9,1.4,0.643,2.9,4.3,7.2,1.1,0.6,1.1,1.1,2.1,7.6,,2024,0
239.0,Toumani Camara,23.0,POR,PF,70.0,49.0,24.8,2.8,6.3,0.45,0.8,2.5,0.337,2.0,3.8,0.523,0.516,1.1,1.4,0.758,2.0,2.9,4.9,1.2,0.9,0.5,1.2,2.5,7.5,,2024,0
240.0,Cody Martin,28.0,CHO,SF,28.0,22.0,26.9,2.9,7.7,0.381,1.0,3.1,0.314,2.0,4.6,0.426,0.444,0.7,1.2,0.606,0.7,3.2,3.9,3.7,1.1,0.6,1.6,1.7,7.5,,2024,0
241.0,Brice Sensabaugh,20.0,UTA,SF,32.0,11.0,18.3,2.7,6.8,0.39,1.1,3.6,0.296,1.6,3.2,0.495,0.468,1.2,1.3,0.902,0.5,2.7,3.2,1.7,0.4,0.2,1.5,1.3,7.5,,2024,0
242.0,Cameron Payne,29.0,2TM,PG,78.0,10.0,16.7,2.7,6.2,0.432,1.3,3.4,0.39,1.3,2.7,0.486,0.541,0.7,0.9,0.866,0.3,1.2,1.5,2.6,0.5,0.1,0.8,1.6,7.4,,2024,0
242.0,Cameron Payne,29.0,MIL,PG,47.0,2.0,14.9,2.1,4.7,0.455,1.1,2.8,0.397,1.0,1.9,0.538,0.572,0.8,0.9,0.841,0.1,1.2,1.3,2.3,0.5,0.1,0.7,1.6,6.2,,2024,0
242.0,Cameron Payne,29.0,PHI,PG,31.0,8.0,19.4,3.5,8.4,0.413,1.7,4.4,0.382,1.8,4.0,0.447,0.514,0.7,0.7,0.913,0.5,1.3,1.8,3.1,0.6,0.3,1.1,1.7,9.3,,2024,0
243.0,Christian Braun,22.0,DEN,SG,82.0,4.0,20.2,2.7,5.9,0.46,0.8,2.0,0.384,1.9,3.9,0.498,0.525,1.1,1.6,0.694,1.0,2.8,3.7,1.6,0.5,0.4,0.7,1.7,7.3,,2024,0
244.0,Jaden Hardy,21.0,DAL,SG,73.0,7.0,13.5,2.7,6.6,0.407,1.1,3.1,0.362,1.6,3.5,0.447,0.492,0.8,1.0,0.776,0.3,1.5,1.8,1.5,0.3,0.1,0.8,1.1,7.3,,2024,0
245.0,Taylor Hendricks,20.0,UTA,PF,40.0,23.0,21.4,2.7,6.0,0.45,1.3,3.5,0.379,1.4,2.5,0.55,0.56,0.6,0.7,0.793,1.2,3.5,4.6,0.8,0.7,0.8,0.7,1.9,7.3,,2024,0
246.0,Paul Reed,24.0,PHI,C,82.0,24.0,19.4,3.2,5.9,0.54,0.3,0.7,0.368,2.9,5.2,0.563,0.561,0.7,1.0,0.718,2.4,3.6,6.0,1.3,0.8,1.0,0.8,2.4,7.3,,2024,0
247.0,Lamar Stevens,26.0,2TM,PF,38.0,3.0,14.7,2.8,6.3,0.45,0.4,1.2,0.304,2.5,5.1,0.485,0.479,1.1,1.4,0.778,0.9,2.4,3.3,0.7,0.6,0.6,0.6,1.2,7.2,,2024,0
247.0,Lamar Stevens,26.0,BOS,PF,19.0,1.0,6.4,1.1,2.4,0.467,0.2,0.4,0.375,0.9,1.9,0.486,0.5,0.4,0.6,0.727,0.6,1.0,1.6,0.4,0.3,0.3,0.5,0.7,2.8,,2024,0
247.0,Lamar Stevens,26.0,MEM,PF,19.0,2.0,23.0,4.6,10.3,0.446,0.6,2.0,0.289,4.0,8.3,0.484,0.474,1.8,2.3,0.791,1.3,3.8,5.1,1.1,0.9,0.9,0.8,1.6,11.5,,2024,0
248.0,Johnny Juzang,22.0,UTA,SG,20.0,5.0,18.6,2.6,5.5,0.464,1.6,3.9,0.416,1.0,1.7,0.576,0.609,0.5,0.7,0.714,0.4,1.5,1.8,1.2,0.2,0.1,0.7,1.5,7.2,,2024,0
249.0,Kevin Knox,24.0,DET,SF,31.0,11.0,18.1,2.8,6.0,0.462,1.0,3.0,0.33,1.8,3.0,0.598,0.546,0.6,0.7,0.909,0.6,1.8,2.4,0.7,0.4,0.2,0.7,1.6,7.2,,2024,0
250.0,Trey Lyles,28.0,SAC,PF,58.0,0.0,20.0,2.5,5.5,0.445,1.4,3.8,0.384,1.0,1.8,0.578,0.576,0.8,1.2,0.7,1.1,3.4,4.4,1.2,0.3,0.3,0.7,1.5,7.2,,2024,0
251.0,Jose Alvarado,25.0,NOP,PG,56.0,0.0,18.4,2.5,6.2,0.412,1.4,3.7,0.377,1.1,2.5,0.464,0.525,0.6,0.9,0.673,0.4,1.8,2.3,2.1,1.1,0.3,0.7,1.6,7.1,6MOY-6,2024,0
252.0,Naji Marshall,26.0,NOP,SF,66.0,1.0,19.0,2.6,5.6,0.463,0.9,2.3,0.387,1.7,3.3,0.516,0.542,1.0,1.3,0.791,0.8,2.8,3.6,1.9,0.7,0.2,1.0,1.4,7.1,,2024,0
253.0,Landry Shamet,26.0,WAS,SG,46.0,5.0,15.8,2.6,6.0,0.431,1.2,3.4,0.338,1.4,2.5,0.556,0.527,0.8,1.0,0.826,0.3,1.0,1.3,1.2,0.5,0.2,0.7,1.7,7.1,,2024,0
254.0,James Wiseman,22.0,DET,C,63.0,6.0,17.3,3.0,4.8,0.613,0.0,0.0,0.0,3.0,4.8,0.617,0.613,1.1,1.6,0.706,1.7,3.6,5.3,0.9,0.2,0.6,1.0,2.2,7.1,,2024,0
255.0,Vasilije Micić,30.0,2TM,PG,60.0,21.0,19.6,2.7,6.2,0.43,0.7,2.6,0.279,1.9,3.6,0.537,0.488,1.0,1.3,0.813,0.2,1.2,1.5,4.4,0.5,0.1,1.7,1.1,7.0,,2024,0
255.0,Vasilije Micić,30.0,OKC,PG,30.0,0.0,12.0,1.2,3.0,0.407,0.4,1.5,0.244,0.9,1.5,0.565,0.467,0.5,0.6,0.737,0.0,0.8,0.8,2.5,0.3,0.1,1.0,0.7,3.3,,2024,0
255.0,Vasilije Micić,30.0,CHO,PG,30.0,21.0,27.2,4.1,9.3,0.437,1.1,3.6,0.294,3.0,5.7,0.529,0.495,1.6,1.9,0.839,0.4,1.7,2.1,6.2,0.7,0.1,2.3,1.5,10.8,,2024,0
256.0,Jordan Nwora,25.0,2TM,SF,52.0,1.0,13.7,2.7,5.8,0.462,0.8,2.5,0.336,1.8,3.2,0.56,0.535,0.8,1.0,0.83,0.5,2.3,2.9,1.2,0.5,0.3,1.0,0.9,7.0,,2024,0
256.0,Jordan Nwora,25.0,IND,SF,18.0,0.0,10.2,2.1,4.6,0.451,0.6,2.0,0.306,1.4,2.6,0.565,0.518,0.5,0.6,0.818,0.4,1.4,1.8,1.0,0.3,0.1,0.7,1.1,5.2,,2024,0
256.0,Jordan Nwora,25.0,TOR,SF,34.0,1.0,15.6,3.0,6.4,0.465,1.0,2.8,0.347,2.0,3.6,0.557,0.541,1.0,1.2,0.833,0.6,2.8,3.4,1.3,0.6,0.4,1.2,0.9,7.9,,2024,0
257.0,Quentin Grimes,23.0,2TM,SG,51.0,18.0,20.1,2.4,6.4,0.372,1.6,4.7,0.338,0.8,1.7,0.466,0.495,0.7,0.9,0.756,0.3,1.7,2.0,1.3,0.7,0.1,0.5,1.5,7.0,,2024,0
257.0,Quentin Grimes,23.0,NYK,SG,45.0,18.0,20.2,2.5,6.4,0.395,1.7,4.7,0.363,0.8,1.6,0.486,0.53,0.5,0.8,0.706,0.3,1.6,2.0,1.2,0.7,0.1,0.5,1.5,7.3,,2024,0
257.0,Quentin Grimes,23.0,DET,SG,6.0,0.0,19.2,1.5,7.0,0.214,0.7,4.7,0.143,0.8,2.3,0.357,0.262,1.7,1.8,0.909,0.2,1.8,2.0,2.3,0.8,0.7,1.2,1.5,5.3,,2024,0
258.0,Javon Freeman-Liberty,24.0,TOR,PG,22.0,6.0,18.3,2.5,5.6,0.444,0.5,1.9,0.238,2.0,3.7,0.549,0.484,1.5,1.6,0.917,0.7,2.5,3.2,1.8,0.5,0.2,1.1,1.3,7.0,,2024,0
259.0,Evan Fournier,31.0,2TM,SG,32.0,0.0,18.1,2.5,6.9,0.357,1.0,4.1,0.254,1.4,2.8,0.505,0.432,0.9,1.1,0.806,0.2,1.7,1.8,1.5,0.9,0.2,0.7,1.5,6.9,,2024,0
259.0,Evan Fournier,31.0,NYK,SG,3.0,0.0,13.0,1.3,6.7,0.2,0.7,5.0,0.133,0.7,1.7,0.4,0.25,0.7,0.7,1.0,0.0,1.3,1.3,1.0,1.3,0.0,0.3,1.3,4.0,,2024,0
259.0,Evan Fournier,31.0,DET,SG,29.0,0.0,18.7,2.6,6.9,0.373,1.1,4.0,0.27,1.5,3.0,0.512,0.45,0.9,1.2,0.794,0.2,1.7,1.9,1.6,0.9,0.2,0.7,1.5,7.2,,2024,0
260.0,Gary Harris,29.0,ORL,SG,54.0,27.0,24.0,2.4,5.5,0.441,1.4,3.8,0.371,1.0,1.7,0.598,0.569,0.6,0.8,0.756,0.4,1.2,1.7,1.6,0.9,0.3,0.6,1.7,6.9,,2024,0
261.0,Killian Hayes,22.0,DET,PG,42.0,31.0,24.0,2.8,6.7,0.413,0.5,1.8,0.297,2.3,5.0,0.455,0.452,0.8,1.2,0.66,0.3,2.6,2.8,4.9,0.9,0.5,1.2,1.8,6.9,,2024,0
262.0,Bones Hyland,23.0,LAC,PG,37.0,5.0,14.6,2.6,6.8,0.386,1.2,3.6,0.326,1.4,3.1,0.457,0.474,0.5,0.6,0.783,0.1,1.4,1.5,2.5,0.7,0.1,1.2,1.4,6.9,,2024,0
263.0,Mãozinha Pereira,23.0,MEM,SF,7.0,1.0,17.4,2.6,5.0,0.514,0.7,1.9,0.385,1.9,3.1,0.591,0.586,1.0,1.4,0.7,1.6,3.7,5.3,0.3,0.9,0.6,0.7,1.4,6.9,,2024,0
264.0,Trendon Watford,23.0,BRK,PF,63.0,2.0,13.6,2.6,4.9,0.527,0.4,1.1,0.397,2.2,3.9,0.564,0.571,1.2,1.5,0.794,0.8,2.3,3.1,1.3,0.4,0.3,1.0,1.7,6.9,,2024,0
265.0,Aaron Wiggins,25.0,OKC,SG,78.0,4.0,15.7,2.7,4.8,0.562,0.8,1.6,0.492,1.9,3.2,0.598,0.645,0.7,0.9,0.789,0.8,1.6,2.4,1.1,0.7,0.2,0.7,1.2,6.9,,2024,0
266.0,Christian Wood,28.0,LAL,PF,50.0,1.0,17.4,2.5,5.3,0.466,0.7,2.3,0.307,1.8,3.0,0.587,0.532,1.3,1.9,0.702,0.8,4.3,5.1,1.0,0.3,0.7,1.0,1.4,6.9,,2024,0
267.0,Trey Jemison,24.0,2TM,C,25.0,14.0,22.9,3.0,5.4,0.551,0.0,0.0,,3.0,5.4,0.551,0.551,0.8,1.0,0.84,2.6,2.8,5.4,1.1,0.5,1.1,1.4,2.8,6.8,,2024,0
267.0,Trey Jemison,24.0,WAS,C,2.0,0.0,0.5,0.0,0.0,,0.0,0.0,,0.0,0.0,,,0.0,0.0,,0.0,0.5,0.5,0.0,0.0,0.0,0.5,0.0,0.0,,2024,0
267.0,Trey Jemison,24.0,MEM,C,23.0,14.0,24.9,3.3,5.9,0.551,0.0,0.0,,3.3,5.9,0.551,0.551,0.9,1.1,0.84,2.8,3.0,5.8,1.2,0.5,1.2,1.4,3.0,7.4,,2024,0
268.0,Julian Champagnie,22.0,SAS,SF,74.0,59.0,19.8,2.2,5.4,0.408,1.4,3.7,0.365,0.9,1.7,0.504,0.534,1.0,1.2,0.815,0.6,2.2,2.8,1.4,0.6,0.6,0.8,1.0,6.8,,2024,0
269.0,Jonathan Isaac,26.0,ORL,PF,58.0,2.0,15.8,2.5,4.9,0.51,0.7,1.9,0.375,1.8,3.0,0.598,0.584,1.0,1.4,0.72,1.3,3.2,4.5,0.5,0.7,1.2,0.5,1.1,6.8,6MOY-9,2024,0
270.0,Cedi Osman,28.0,SAS,SF,72.0,3.0,17.6,2.6,5.3,0.479,1.2,3.1,0.389,1.4,2.3,0.601,0.591,0.5,0.7,0.673,0.3,2.2,2.5,1.7,0.5,0.2,0.7,1.5,6.8,,2024,0
271.0,Day'Ron Sharpe,22.0,BRK,C,61.0,1.0,15.1,2.8,4.8,0.571,0.1,0.2,0.267,2.7,4.6,0.588,0.578,1.2,2.0,0.61,2.6,3.7,6.4,1.4,0.4,0.7,1.1,2.1,6.8,,2024,0
272.0,Cason Wallace,20.0,OKC,SG,82.0,13.0,20.6,2.6,5.4,0.491,1.2,2.9,0.419,1.5,2.5,0.572,0.602,0.4,0.5,0.784,0.6,1.6,2.3,1.5,0.9,0.5,0.5,1.6,6.8,,2024,0
273.0,Robert Williams,26.0,POR,C,6.0,0.0,19.8,2.8,4.3,0.654,0.0,0.0,,2.8,4.3,0.654,0.654,1.2,1.5,0.778,1.8,4.5,6.3,0.8,1.2,1.2,1.2,2.8,6.8,,2024,0
274.0,Dāvis Bertāns,31.0,2TM,PF,43.0,1.0,15.7,2.1,5.4,0.393,1.8,4.7,0.38,0.4,0.8,0.471,0.556,0.7,0.8,0.909,0.2,1.2,1.4,0.8,0.6,0.3,0.4,1.3,6.7,,2024,0
274.0,Dāvis Bertāns,31.0,OKC,PF,15.0,0.0,6.1,0.7,1.7,0.385,0.7,1.6,0.417,0.0,0.1,0.0,0.577,0.9,1.0,0.933,0.1,0.5,0.7,0.6,0.2,0.2,0.1,0.7,2.9,,2024,0
274.0,Dāvis Bertāns,31.0,CHO,PF,28.0,1.0,20.8,2.9,7.4,0.394,2.4,6.3,0.375,0.6,1.1,0.5,0.553,0.6,0.6,0.889,0.3,1.6,1.8,0.9,0.8,0.3,0.6,1.6,8.8,,2024,0
275.0,Jahmi'us Ramsey,22.0,TOR,SG,7.0,1.0,17.3,2.6,5.9,0.439,0.9,3.1,0.273,1.7,2.7,0.632,0.512,0.7,0.9,0.833,0.6,2.6,3.1,1.1,1.0,0.0,1.0,1.4,6.7,,2024,0
276.0,Peyton Watson,21.0,DEN,SF,80.0,4.0,18.6,2.6,5.6,0.465,0.6,1.9,0.296,2.0,3.7,0.553,0.516,0.9,1.3,0.67,0.7,2.5,3.2,1.1,0.5,1.1,0.7,1.8,6.7,,2024,0
277.0,Amir Coffey,26.0,LAC,SF,70.0,13.0,20.9,2.4,5.0,0.472,1.0,2.6,0.38,1.4,2.4,0.571,0.571,0.9,1.0,0.859,0.4,1.7,2.1,1.1,0.6,0.2,0.5,1.5,6.6,,2024,0
278.0,Aaron Holiday,27.0,HOU,PG,78.0,1.0,16.3,2.4,5.3,0.446,1.1,2.8,0.387,1.3,2.6,0.51,0.547,0.7,0.8,0.921,0.3,1.3,1.6,1.8,0.5,0.1,0.7,1.6,6.6,,2024,0
279.0,Dennis Smith Jr.,26.0,BRK,PG,56.0,2.0,18.9,2.6,6.0,0.435,0.6,1.9,0.294,2.1,4.1,0.502,0.482,0.8,1.0,0.741,0.9,2.0,2.9,3.6,1.2,0.2,1.2,2.2,6.6,,2024,0
280.0,Chimezie Metu,26.0,2TM,C,51.0,12.0,16.8,2.4,4.8,0.504,0.5,1.8,0.298,1.9,2.9,0.633,0.561,1.1,1.3,0.906,0.8,3.0,3.8,0.9,0.8,0.3,1.0,1.4,6.5,,2024,0
280.0,Chimezie Metu,26.0,PHO,C,37.0,5.0,12.1,1.8,3.5,0.508,0.4,1.4,0.294,1.4,2.1,0.646,0.565,1.0,1.2,0.884,0.6,2.3,3.0,0.5,0.5,0.2,0.7,1.1,5.0,,2024,0
280.0,Chimezie Metu,26.0,DET,C,14.0,7.0,29.4,4.1,8.1,0.5,0.9,3.1,0.302,3.1,5.1,0.62,0.557,1.4,1.5,0.952,1.2,4.8,6.0,1.9,1.7,0.5,1.8,2.3,10.5,,2024,0
281.0,Jordan Goodwin,25.0,2TM,PG,57.0,12.0,18.5,2.5,6.7,0.369,0.7,2.5,0.298,1.7,4.2,0.411,0.424,0.8,1.0,0.746,1.5,2.9,4.4,2.7,0.8,0.3,1.0,1.3,6.5,,2024,0
281.0,Jordan Goodwin,25.0,PHO,PG,40.0,0.0,14.0,1.9,4.8,0.389,0.6,2.0,0.288,1.3,2.8,0.46,0.448,0.6,0.7,0.862,1.0,1.9,2.9,2.0,0.6,0.2,0.7,1.1,5.0,,2024,0
281.0,Jordan Goodwin,25.0,MEM,PG,17.0,12.0,29.2,3.9,11.1,0.349,1.1,3.6,0.311,2.8,7.5,0.367,0.399,1.1,1.8,0.633,2.8,5.2,8.0,4.5,1.5,0.5,1.6,1.9,10.0,,2024,0
282.0,David Roddy,22.0,2TM,PF,65.0,13.0,18.1,2.5,6.3,0.403,0.7,2.5,0.293,1.8,3.8,0.478,0.462,0.7,1.0,0.691,0.8,2.4,3.2,1.2,0.4,0.2,0.9,1.1,6.5,,2024,0
282.0,David Roddy,22.0,MEM,PF,48.0,13.0,23.2,3.2,8.0,0.402,1.0,3.3,0.301,2.3,4.8,0.47,0.462,1.0,1.4,0.687,1.1,3.1,4.2,1.6,0.5,0.2,1.1,1.4,8.4,,2024,0
282.0,David Roddy,22.0,PHO,PF,17.0,0.0,3.7,0.6,1.4,0.435,0.1,0.5,0.125,0.5,0.9,0.6,0.457,0.1,0.1,1.0,0.1,0.5,0.6,0.2,0.1,0.0,0.2,0.2,1.3,,2024,0
283.0,David Duke Jr.,24.0,SAS,SG,4.0,0.0,12.8,2.5,4.5,0.556,0.8,1.5,0.5,1.8,3.0,0.583,0.639,0.8,0.8,1.0,0.5,2.0,2.5,1.3,0.5,0.0,0.8,1.0,6.5,,2024,0
284.0,Jeff Green,37.0,HOU,PF,78.0,6.0,16.8,2.1,4.7,0.456,0.7,2.1,0.331,1.5,2.6,0.553,0.529,1.6,1.9,0.819,0.6,1.7,2.3,0.9,0.2,0.4,0.6,1.3,6.5,,2024,0
285.0,Isaiah Jackson,22.0,IND,C,59.0,3.0,13.1,2.6,3.9,0.665,0.0,0.1,0.0,2.6,3.9,0.677,0.665,1.2,1.7,0.716,1.6,2.4,4.0,0.8,0.6,1.0,0.7,2.3,6.5,,2024,0
286.0,Marcus Morris,34.0,2TM,PF,49.0,7.0,16.7,2.4,5.4,0.439,1.0,2.4,0.403,1.4,3.0,0.469,0.53,0.7,0.9,0.818,0.5,2.3,2.7,0.7,0.3,0.3,0.6,1.5,6.4,,2024,0
286.0,Marcus Morris,34.0,PHI,PF,37.0,7.0,17.2,2.4,5.5,0.439,1.0,2.4,0.4,1.5,3.1,0.47,0.527,0.8,1.0,0.861,0.5,2.5,2.9,0.7,0.4,0.3,0.5,1.6,6.7,,2024,0
286.0,Marcus Morris,34.0,CLE,PF,12.0,0.0,15.0,2.2,4.9,0.441,1.0,2.4,0.414,1.2,2.5,0.467,0.542,0.4,0.7,0.625,0.4,1.7,2.1,0.8,0.2,0.2,0.9,1.1,5.8,,2024,0
287.0,Kyle Anderson,30.0,MIN,PF,79.0,10.0,22.6,2.5,5.5,0.46,0.1,0.6,0.229,2.4,4.9,0.488,0.472,1.2,1.7,0.708,0.8,2.7,3.5,4.2,0.9,0.6,1.2,1.6,6.4,,2024,0
288.0,Chris Boucher,31.0,TOR,PF,50.0,0.0,14.1,2.2,4.3,0.507,0.6,1.9,0.33,1.6,2.5,0.642,0.578,1.4,1.8,0.772,1.2,2.9,4.1,0.5,0.3,0.5,0.6,1.4,6.4,,2024,0
289.0,Jared Butler,23.0,WAS,SG,40.0,0.0,14.2,2.5,5.0,0.488,0.6,2.0,0.308,1.9,3.1,0.602,0.547,0.8,0.9,0.861,0.2,1.2,1.5,3.2,0.7,0.2,1.3,1.5,6.3,,2024,0
290.0,Bruno Fernando,25.0,ATL,C,45.0,2.0,15.2,2.4,4.2,0.583,0.0,0.1,0.0,2.4,4.1,0.596,0.583,1.4,2.1,0.667,1.3,3.0,4.3,1.0,0.6,0.6,1.0,2.4,6.3,,2024,0
291.0,Daniel Theis,31.0,2TM,C,60.0,3.0,16.9,2.6,4.9,0.532,0.4,1.2,0.366,2.2,3.7,0.586,0.577,0.6,0.8,0.76,1.4,2.7,4.1,1.0,0.4,0.9,0.7,2.1,6.3,,2024,0
291.0,Daniel Theis,31.0,IND,C,1.0,0.0,8.0,1.0,4.0,0.25,0.0,1.0,0.0,1.0,3.0,0.333,0.25,0.0,0.0,,0.0,0.0,0.0,0.0,0.0,0.0,0.0,1.0,2.0,,2024,0
291.0,Daniel Theis,31.0,LAC,C,59.0,3.0,17.1,2.6,4.9,0.536,0.4,1.2,0.371,2.2,3.7,0.589,0.581,0.6,0.8,0.76,1.4,2.7,4.1,1.0,0.4,0.9,0.7,2.1,6.3,,2024,0
292.0,Jaylen Nowell,24.0,2TM,SG,13.0,1.0,16.5,2.6,6.0,0.436,0.5,2.2,0.207,2.2,3.8,0.571,0.474,0.5,0.7,0.778,0.5,1.4,1.8,1.5,0.3,0.2,0.5,1.2,6.2,,2024,0
292.0,Jaylen Nowell,24.0,MEM,SG,9.0,1.0,17.3,2.4,6.1,0.4,0.4,2.6,0.174,2.0,3.6,0.563,0.436,0.3,0.3,1.0,0.3,1.2,1.6,1.8,0.3,0.0,0.6,1.4,5.7,,2024,0
292.0,Jaylen Nowell,24.0,DET,SG,4.0,0.0,14.5,3.0,5.8,0.522,0.5,1.5,0.333,2.5,4.3,0.588,0.565,1.0,1.5,0.667,0.8,1.8,2.5,0.8,0.3,0.5,0.5,0.5,7.5,,2024,0
293.0,Patrick Beverley,35.0,2TM,PG,73.0,13.0,20.0,2.2,5.2,0.417,0.8,2.5,0.337,1.3,2.7,0.49,0.497,1.0,1.2,0.822,0.7,2.6,3.3,2.9,0.6,0.4,0.9,1.8,6.2,,2024,0
293.0,Patrick Beverley,35.0,PHI,PG,47.0,5.0,19.6,2.2,5.1,0.432,0.7,2.3,0.321,1.5,2.8,0.523,0.504,1.1,1.3,0.81,0.6,2.4,3.1,3.1,0.5,0.4,1.0,1.8,6.3,,2024,0
293.0,Patrick Beverley,35.0,MIL,PG,26.0,8.0,20.9,2.1,5.3,0.391,1.0,2.8,0.361,1.1,2.5,0.424,0.486,0.9,1.0,0.852,0.7,2.9,3.6,2.6,0.7,0.5,0.6,1.7,6.0,,2024,0
294.0,Jae Crowder,33.0,MIL,PF,50.0,25.0,23.1,2.3,5.4,0.422,1.2,3.3,0.349,1.1,2.1,0.538,0.53,0.5,0.7,0.722,0.6,2.6,3.2,1.3,0.8,0.2,0.5,1.5,6.2,,2024,0
295.0,Keon Johnson,21.0,BRK,SG,5.0,0.0,12.2,1.6,4.2,0.381,0.8,2.0,0.4,0.8,2.2,0.364,0.476,2.2,2.4,0.917,0.6,0.8,1.4,0.6,0.6,0.2,1.0,1.0,6.2,,2024,0
296.0,Haywood Highsmith,27.0,MIA,PF,66.0,26.0,20.7,2.3,5.0,0.465,1.2,2.9,0.396,1.2,2.1,0.562,0.581,0.3,0.5,0.639,1.0,2.2,3.2,1.1,0.8,0.5,0.5,1.8,6.1,,2024,0
297.0,Vit Krejci,23.0,ATL,PG,22.0,14.0,24.6,2.3,4.7,0.49,1.3,3.1,0.412,1.0,1.6,0.639,0.625,0.2,0.3,0.833,0.5,1.9,2.4,2.3,0.6,0.3,0.9,2.2,6.1,,2024,0
298.0,Kris Murray,23.0,POR,SF,62.0,29.0,21.7,2.3,5.9,0.396,0.8,3.0,0.268,1.5,3.0,0.525,0.463,0.6,0.9,0.661,1.4,2.2,3.6,1.3,0.9,0.3,0.9,1.5,6.1,,2024,0
299.0,Ben Simmons,27.0,BRK,PG,15.0,12.0,23.9,2.9,4.9,0.581,0.0,0.0,,2.9,4.9,0.581,0.581,0.4,1.0,0.4,2.1,5.9,7.9,5.7,0.8,0.6,1.8,2.4,6.1,,2024,0
300.0,Zavier Simpson,26.0,MEM,PG,7.0,0.0,23.0,2.4,7.7,0.315,0.7,2.4,0.294,1.7,5.3,0.324,0.361,0.4,0.6,0.75,0.6,2.3,2.9,3.6,1.0,0.4,1.4,1.6,6.0,,2024,0
301.0,Tosan Evbuomwan,22.0,2TM,SF,17.0,8.0,21.6,2.1,4.2,0.507,0.7,1.9,0.375,1.4,2.3,0.615,0.592,1.0,1.5,0.68,1.1,2.5,3.5,0.9,0.4,0.3,0.5,1.4,5.9,,2024,0
301.0,Tosan Evbuomwan,22.0,MEM,SF,4.0,0.0,18.5,1.0,3.8,0.267,0.5,2.0,0.25,0.5,1.8,0.286,0.333,0.0,0.0,,2.0,1.5,3.5,1.5,0.0,0.3,0.3,1.3,2.5,,2024,0
301.0,Tosan Evbuomwan,22.0,DET,SF,13.0,8.0,22.5,2.5,4.3,0.571,0.8,1.8,0.417,1.7,2.5,0.688,0.661,1.3,1.9,0.68,0.8,2.8,3.5,0.8,0.5,0.3,0.6,1.4,7.0,,2024,0
302.0,Justin Champagnie,22.0,WAS,SF,15.0,1.0,15.7,2.1,5.2,0.41,0.9,3.0,0.289,1.3,2.2,0.576,0.494,0.8,1.0,0.8,1.3,2.3,3.5,1.3,0.7,0.6,0.7,0.9,5.9,,2024,0
303.0,Nick Smith Jr.,19.0,CHO,SG,51.0,0.0,14.3,2.2,5.7,0.391,1.2,2.9,0.432,1.0,2.8,0.35,0.5,0.3,0.3,0.867,0.4,1.1,1.4,1.2,0.2,0.1,0.8,1.1,5.9,,2024,0
304.0,Ochai Agbaji,23.0,2TM,SG,78.0,28.0,21.0,2.3,5.6,0.411,0.8,2.7,0.294,1.5,2.8,0.523,0.483,0.5,0.7,0.661,0.9,1.8,2.8,1.1,0.6,0.6,0.8,1.5,5.8,,2024,0
304.0,Ochai Agbaji,23.0,UTA,SG,51.0,10.0,19.7,2.1,4.9,0.426,0.9,2.8,0.331,1.2,2.1,0.551,0.52,0.3,0.4,0.75,0.7,1.8,2.5,0.9,0.5,0.6,0.7,1.3,5.4,,2024,0
304.0,Ochai Agbaji,23.0,TOR,SG,27.0,18.0,23.6,2.7,6.8,0.391,0.6,2.6,0.217,2.1,4.3,0.496,0.432,0.8,1.3,0.611,1.4,1.9,3.3,1.3,0.7,0.6,1.1,1.9,6.7,,2024,0
305.0,Noah Clowney,19.0,BRK,PF,23.0,4.0,16.1,2.2,4.0,0.538,0.5,1.4,0.364,1.7,2.6,0.633,0.602,0.9,1.3,0.7,1.1,2.4,3.5,0.8,0.3,0.7,0.7,1.1,5.8,,2024,0
306.0,Dyson Daniels,20.0,NOP,PG,61.0,16.0,22.3,2.3,5.1,0.447,0.7,2.2,0.311,1.6,2.9,0.551,0.514,0.6,0.9,0.642,1.0,2.9,3.9,2.7,1.4,0.4,1.0,1.7,5.8,,2024,0
307.0,Danilo Gallinari,35.0,3TM,SF,49.0,0.0,12.9,1.7,3.9,0.437,0.6,1.9,0.323,1.1,2.0,0.546,0.516,1.7,2.0,0.857,0.4,1.8,2.2,1.1,0.3,0.1,0.5,1.0,5.7,,2024,0
307.0,Danilo Gallinari,35.0,WAS,PF,26.0,0.0,14.8,2.2,5.0,0.435,0.8,2.5,0.313,1.4,2.6,0.552,0.511,1.8,2.2,0.839,0.5,2.5,2.9,1.2,0.2,0.1,0.5,1.0,7.0,,2024,0
307.0,Danilo Gallinari,35.0,DET,SF,6.0,0.0,15.0,2.0,3.7,0.545,1.2,2.0,0.583,0.8,1.7,0.5,0.705,3.5,4.0,0.875,0.3,2.0,2.3,2.0,0.3,0.3,0.2,1.5,8.7,,2024,0
307.0,Danilo Gallinari,35.0,MIL,SF,17.0,0.0,9.1,0.8,2.2,0.378,0.2,1.0,0.176,0.6,1.2,0.55,0.419,0.9,1.1,0.889,0.4,0.7,1.1,0.7,0.4,0.1,0.6,0.9,2.8,,2024,0
308.0,Thomas Bryant,26.0,MIA,C,38.0,4.0,11.6,2.3,3.9,0.577,0.1,0.6,0.182,2.2,3.3,0.646,0.591,1.1,1.2,0.872,1.1,2.7,3.7,0.6,0.3,0.4,0.6,1.2,5.7,,2024,0
309.0,Torrey Craig,33.0,CHI,SF,53.0,14.0,19.8,2.0,4.7,0.43,1.1,2.9,0.392,0.9,1.8,0.49,0.55,0.5,0.7,0.75,1.3,2.8,4.1,1.1,0.6,0.4,0.6,2.1,5.7,,2024,0
310.0,Larry Nance Jr.,31.0,NOP,C,61.0,0.0,19.9,2.3,4.0,0.573,0.4,1.1,0.415,1.8,2.9,0.631,0.629,0.8,1.0,0.77,1.5,3.5,5.0,1.9,1.0,0.3,0.8,1.6,5.7,,2024,0
311.0,Pat Connaughton,31.0,MIL,SF,76.0,3.0,22.1,2.0,4.6,0.435,1.1,3.1,0.345,0.9,1.4,0.633,0.553,0.6,0.8,0.759,0.7,2.5,3.1,2.1,0.5,0.3,0.6,1.3,5.6,,2024,0
312.0,Craig Porter Jr.,23.0,CLE,PG,51.0,6.0,12.7,2.3,4.5,0.509,0.2,0.7,0.353,2.0,3.8,0.536,0.535,0.8,1.1,0.732,0.4,1.7,2.1,2.3,0.4,0.3,0.9,0.8,5.6,,2024,0
313.0,Mitchell Robinson,25.0,NYK,C,31.0,21.0,24.8,2.4,4.1,0.575,0.0,0.0,,2.4,4.1,0.575,0.575,0.9,2.1,0.409,4.6,3.9,8.5,0.6,1.2,1.1,0.8,1.8,5.6,,2024,0
314.0,Malachi Flynn,25.0,3TM,PG,69.0,0.0,12.7,2.0,4.7,0.418,0.8,2.4,0.331,1.2,2.3,0.513,0.505,0.8,1.0,0.732,0.3,1.3,1.7,1.9,0.6,0.1,0.9,1.0,5.5,,2024,0
314.0,Malachi Flynn,25.0,TOR,PG,31.0,0.0,15.3,1.8,4.4,0.409,0.9,2.6,0.35,0.9,1.8,0.491,0.511,0.5,0.7,0.773,0.4,1.7,2.1,2.4,0.6,0.2,1.1,1.4,5.1,,2024,0
314.0,Malachi Flynn,25.0,NYK,PG,14.0,0.0,4.3,0.6,1.6,0.391,0.3,0.9,0.308,0.4,0.7,0.5,0.478,0.6,0.8,0.818,0.0,0.4,0.4,0.4,0.1,0.0,0.2,0.2,2.2,,2024,0
314.0,Malachi Flynn,25.0,DET,PG,24.0,0.0,14.3,3.0,6.9,0.43,1.0,3.2,0.316,2.0,3.7,0.528,0.503,1.1,1.6,0.684,0.3,1.5,1.8,2.1,0.8,0.1,1.1,0.9,8.0,,2024,0
315.0,Doug McDermott,32.0,2TM,SF,64.0,0.0,14.1,1.9,4.4,0.433,1.5,3.6,0.41,0.5,0.9,0.527,0.599,0.2,0.3,0.579,0.2,0.8,0.9,1.1,0.3,0.0,0.4,1.0,5.5,,2024,0
315.0,Doug McDermott,32.0,SAS,SF,46.0,0.0,15.2,2.1,4.7,0.442,1.7,3.8,0.439,0.4,0.9,0.452,0.619,0.2,0.4,0.588,0.2,0.9,1.0,1.2,0.2,0.0,0.5,1.0,6.0,,2024,0
315.0,Doug McDermott,32.0,IND,SF,18.0,0.0,11.3,1.6,3.8,0.406,1.0,3.1,0.321,0.6,0.7,0.769,0.536,0.1,0.1,0.5,0.1,0.5,0.6,0.7,0.3,0.0,0.2,0.9,4.2,,2024,0
316.0,Dexter Dennis,24.0,DAL,SG,4.0,0.0,7.5,2.5,4.8,0.526,0.3,2.0,0.125,2.3,2.8,0.818,0.553,0.3,0.8,0.333,0.3,2.0,2.3,1.0,0.0,0.3,0.8,0.3,5.5,,2024,0
317.0,Gary Payton II,31.0,GSW,SG,44.0,0.0,15.5,2.3,4.2,0.563,0.5,1.3,0.364,1.9,2.9,0.648,0.617,0.3,0.5,0.609,1.0,1.5,2.6,1.1,0.9,0.4,0.6,1.8,5.5,,2024,0
318.0,Neemias Queta,24.0,BOS,C,28.0,0.0,11.9,2.4,3.7,0.644,0.0,0.0,,2.4,3.7,0.644,0.644,0.7,1.0,0.714,1.9,2.5,4.4,0.7,0.5,0.8,0.5,1.8,5.5,,2024,0
319.0,Ricky Council IV,22.0,PHI,SG,32.0,0.0,9.0,1.7,3.5,0.482,0.4,1.0,0.375,1.3,2.5,0.525,0.536,1.7,2.2,0.746,0.4,1.0,1.4,0.5,0.3,0.0,0.2,0.5,5.4,,2024,0
320.0,Kris Dunn,29.0,UTA,PG,66.0,32.0,18.9,2.2,4.7,0.47,0.6,1.7,0.369,1.6,3.1,0.525,0.535,0.3,0.5,0.688,0.8,2.1,2.9,3.8,1.0,0.4,1.2,2.0,5.4,,2024,0
321.0,Keon Ellis,24.0,SAC,SG,57.0,21.0,17.2,1.9,4.1,0.461,1.2,2.9,0.417,0.6,1.1,0.578,0.612,0.5,0.6,0.743,0.6,1.6,2.2,1.5,0.9,0.5,0.6,2.0,5.4,,2024,0
322.0,Cam Reddish,24.0,LAL,SF,48.0,26.0,20.5,1.9,4.9,0.389,0.8,2.3,0.336,1.1,2.6,0.435,0.468,0.9,1.1,0.759,0.6,1.5,2.1,1.0,1.0,0.3,0.6,1.3,5.4,,2024,0
323.0,Matt Ryan,26.0,NOP,SF,28.0,1.0,13.9,1.8,4.0,0.434,1.5,3.3,0.451,0.3,0.8,0.364,0.615,0.5,0.5,0.929,0.2,1.2,1.4,0.6,0.2,0.0,0.7,1.1,5.4,,2024,0
324.0,Matisse Thybulle,26.0,POR,SF,65.0,19.0,22.9,1.9,4.9,0.397,1.2,3.6,0.346,0.7,1.3,0.535,0.524,0.3,0.4,0.759,0.5,1.6,2.1,1.4,1.7,0.8,0.6,1.4,5.4,,2024,0
325.0,Sasha Vezenkov,28.0,SAC,PF,42.0,0.0,12.2,2.0,4.5,0.44,1.1,2.9,0.375,0.9,1.7,0.549,0.558,0.3,0.4,0.8,0.7,1.6,2.3,0.5,0.5,0.2,0.3,1.0,5.4,,2024,0
326.0,Dean Wade,27.0,CLE,PF,54.0,32.0,20.5,1.8,4.3,0.414,1.5,3.7,0.391,0.3,0.6,0.567,0.584,0.4,0.5,0.769,0.7,3.4,4.0,0.8,0.7,0.5,0.4,1.7,5.4,,2024,0
327.0,Darius Bazley,23.0,2TM,PF,9.0,0.0,16.9,2.0,3.3,0.6,0.2,0.9,0.25,1.8,2.4,0.727,0.633,1.1,1.3,0.833,0.9,2.2,3.1,0.8,0.7,0.8,0.9,0.3,5.3,,2024,0
327.0,Darius Bazley,23.0,PHI,PF,3.0,0.0,3.3,0.0,0.3,0.0,0.0,0.0,,0.0,0.3,0.0,0.0,0.0,0.0,,0.0,0.3,0.3,0.7,0.0,0.0,0.3,0.0,0.0,,2024,0
327.0,Darius Bazley,23.0,UTA,PF,6.0,0.0,23.7,3.0,4.8,0.621,0.3,1.3,0.25,2.7,3.5,0.762,0.655,1.7,2.0,0.833,1.3,3.2,4.5,0.8,1.0,1.2,1.2,0.5,8.0,,2024,0
328.0,Xavier Tillman Sr.,25.0,2TM,PF,54.0,15.0,18.0,2.2,5.2,0.434,0.4,1.5,0.247,1.9,3.7,0.51,0.47,0.4,0.9,0.44,1.3,2.6,3.9,1.4,0.9,0.8,0.6,1.4,5.3,,2024,0
328.0,Xavier Tillman Sr.,25.0,MEM,C,34.0,13.0,20.6,2.6,6.3,0.408,0.4,1.6,0.226,2.2,4.7,0.469,0.437,0.5,1.3,0.419,1.6,3.0,4.6,1.7,1.2,1.0,0.9,1.8,6.0,,2024,0
328.0,Xavier Tillman Sr.,25.0,BOS,PF,20.0,2.0,13.7,1.7,3.3,0.515,0.4,1.4,0.286,1.3,1.9,0.684,0.576,0.2,0.4,0.571,0.7,2.0,2.7,1.0,0.5,0.5,0.3,0.8,4.0,,2024,0
329.0,Nicolas Batum,35.0,2TM,PF,60.0,38.0,25.5,1.9,4.3,0.453,1.2,3.1,0.395,0.7,1.2,0.606,0.596,0.3,0.4,0.714,1.2,3.0,4.1,2.1,0.8,0.6,0.7,1.8,5.3,,2024,0
329.0,Nicolas Batum,35.0,LAC,PF,3.0,0.0,18.0,1.0,2.7,0.375,0.7,2.3,0.286,0.3,0.3,1.0,0.5,0.0,0.0,,0.0,2.3,2.3,1.7,1.0,1.3,0.3,1.7,2.7,,2024,0
329.0,Nicolas Batum,35.0,PHI,PF,57.0,38.0,25.9,2.0,4.4,0.456,1.2,3.1,0.399,0.7,1.2,0.6,0.599,0.3,0.4,0.714,1.2,3.0,4.2,2.2,0.8,0.6,0.7,1.8,5.5,,2024,0
330.0,Luke Kornet,28.0,BOS,C,63.0,7.0,15.6,2.3,3.2,0.7,0.0,0.0,1.0,2.2,3.2,0.698,0.702,0.8,0.9,0.907,1.9,2.3,4.1,1.1,0.4,1.0,0.3,1.2,5.3,,2024,0
331.0,Davion Mitchell,25.0,SAC,PG,72.0,4.0,15.3,2.0,4.5,0.452,0.8,2.2,0.361,1.2,2.3,0.539,0.54,0.4,0.6,0.714,0.3,1.1,1.3,1.9,0.2,0.0,0.6,1.2,5.3,,2024,0
332.0,Mason Plumlee,33.0,LAC,C,46.0,11.0,14.7,1.9,3.3,0.569,0.0,0.1,0.0,1.9,3.2,0.592,0.569,1.5,2.2,0.707,1.3,3.8,5.1,1.2,0.3,0.4,0.8,1.5,5.3,,2024,0
333.0,Stanley Umude,24.0,DET,SG,24.0,2.0,12.8,1.5,3.5,0.44,1.0,2.2,0.453,0.5,1.3,0.419,0.583,1.2,1.3,0.906,0.3,1.8,2.1,0.5,0.3,0.3,0.6,1.7,5.3,,2024,0
334.0,Aleksej Pokusevski,22.0,2TM,PF,28.0,0.0,14.5,1.8,4.3,0.405,0.6,2.0,0.327,1.1,2.4,0.47,0.479,1.1,1.5,0.732,0.6,2.6,3.2,1.3,0.5,0.5,0.7,0.8,5.2,,2024,0
334.0,Aleksej Pokusevski,22.0,OKC,PF,10.0,0.0,6.0,0.4,1.6,0.25,0.2,1.1,0.182,0.2,0.5,0.4,0.313,0.2,0.4,0.5,0.2,0.8,1.0,0.5,0.1,0.1,0.3,0.5,1.2,,2024,0
334.0,Aleksej Pokusevski,22.0,CHO,PF,18.0,0.0,19.2,2.5,5.8,0.429,0.9,2.4,0.364,1.6,3.4,0.475,0.505,1.6,2.1,0.757,0.8,3.6,4.4,1.7,0.8,0.7,0.9,0.9,7.4,,2024,0
335.0,Bol Bol,24.0,PHO,PF,43.0,0.0,10.9,2.2,3.5,0.616,0.5,1.2,0.423,1.7,2.3,0.717,0.689,0.3,0.4,0.789,0.7,2.4,3.2,0.4,0.2,0.6,0.4,1.0,5.2,,2024,0
336.0,Brandon Boston Jr.,22.0,LAC,SF,32.0,0.0,10.8,2.0,5.0,0.404,0.4,1.6,0.269,1.6,3.4,0.468,0.447,0.7,1.0,0.697,0.6,1.0,1.6,0.4,0.3,0.3,0.8,1.3,5.2,,2024,0
337.0,Jarred Vanderbilt,24.0,LAL,PF,29.0,6.0,20.0,2.0,3.9,0.518,0.3,0.9,0.296,1.8,3.0,0.586,0.553,0.8,1.2,0.667,1.4,3.3,4.8,1.2,1.2,0.2,1.0,1.5,5.2,,2024,0
338.0,Seth Curry,33.0,2TM,SG,44.0,4.0,14.0,1.8,4.6,0.392,0.9,2.5,0.352,1.0,2.2,0.438,0.485,0.6,0.7,0.903,0.4,1.1,1.5,1.0,0.5,0.1,0.5,0.9,5.1,,2024,0
338.0,Seth Curry,33.0,DAL,SG,36.0,3.0,12.7,1.5,4.0,0.372,0.8,2.2,0.363,0.7,1.8,0.385,0.472,0.5,0.5,0.895,0.4,1.0,1.4,0.8,0.5,0.1,0.4,0.9,4.3,,2024,0
338.0,Seth Curry,33.0,CHO,SG,8.0,1.0,19.9,3.3,7.4,0.441,1.1,3.5,0.321,2.1,3.9,0.548,0.517,1.4,1.5,0.917,0.4,1.6,2.0,1.8,0.6,0.4,0.6,0.9,9.0,,2024,0
339.0,Drew Eubanks,26.0,PHO,C,75.0,6.0,15.6,2.0,3.4,0.601,0.0,0.0,1.0,2.0,3.3,0.596,0.607,1.0,1.2,0.774,1.4,2.9,4.3,0.8,0.4,0.8,0.8,1.5,5.1,,2024,0
340.0,Bryce McGowens,21.0,CHO,SG,59.0,14.0,14.9,1.7,3.9,0.439,0.6,1.7,0.333,1.1,2.2,0.523,0.513,1.1,1.4,0.776,0.3,1.4,1.7,0.9,0.4,0.2,0.5,1.3,5.1,,2024,0
341.0,Richaun Holmes,30.0,2TM,C,40.0,10.0,13.9,2.1,3.7,0.558,0.0,0.1,0.333,2.0,3.6,0.563,0.561,0.9,1.2,0.723,1.8,2.8,4.6,0.6,0.3,0.5,0.6,1.9,5.0,,2024,0
341.0,Richaun Holmes,30.0,DAL,C,23.0,2.0,10.3,1.4,2.6,0.559,0.0,0.0,,1.4,2.6,0.559,0.559,0.5,0.9,0.571,1.4,2.0,3.4,0.7,0.1,0.4,0.5,1.4,3.4,,2024,0
341.0,Richaun Holmes,30.0,WAS,PF,17.0,8.0,18.7,2.9,5.2,0.557,0.1,0.2,0.333,2.8,5.0,0.565,0.563,1.3,1.5,0.846,2.2,3.9,6.1,0.6,0.5,0.6,0.7,2.4,7.1,,2024,0
342.0,Monte Morris,28.0,2TM,PG,33.0,0.0,14.4,1.9,4.6,0.405,0.8,2.1,0.386,1.1,2.5,0.422,0.493,0.4,0.6,0.684,0.2,1.5,1.7,2.1,0.6,0.3,0.2,0.4,5.0,,2024,0
342.0,Monte Morris,28.0,DET,PG,6.0,0.0,11.3,2.0,5.5,0.364,0.3,1.8,0.182,1.7,3.7,0.455,0.394,0.2,0.3,0.5,0.3,1.7,2.0,1.3,0.2,0.2,0.3,0.2,4.5,,2024,0
342.0,Monte Morris,28.0,MIN,PG,27.0,0.0,15.1,1.9,4.4,0.417,0.9,2.2,0.424,0.9,2.3,0.41,0.521,0.4,0.6,0.706,0.2,1.5,1.7,2.3,0.7,0.3,0.2,0.5,5.1,,2024,0
343.0,Goga Bitadze,24.0,ORL,C,62.0,33.0,15.4,2.0,3.4,0.603,0.0,0.2,0.143,2.0,3.1,0.636,0.608,0.9,1.4,0.655,1.8,2.9,4.6,1.3,0.5,1.2,0.7,1.7,5.0,,2024,0
344.0,Jevon Carter,28.0,CHI,PG,72.0,0.0,13.9,1.9,5.1,0.378,1.1,3.3,0.329,0.8,1.8,0.466,0.484,0.1,0.1,0.571,0.2,0.7,0.8,1.3,0.5,0.2,0.5,1.0,5.0,,2024,0
345.0,Devonte' Graham,28.0,SAS,PG,23.0,0.0,13.6,1.7,4.7,0.352,1.1,3.6,0.301,0.6,1.1,0.52,0.468,0.6,0.7,0.813,0.2,1.3,1.6,2.1,0.4,0.1,0.7,0.6,5.0,,2024,0
346.0,Isaiah Livers,25.0,DET,PF,23.0,6.0,20.4,1.7,5.0,0.345,1.0,3.3,0.286,0.8,1.7,0.462,0.44,0.5,0.8,0.667,0.7,1.4,2.1,1.1,0.6,0.2,0.7,1.9,5.0,,2024,0
347.0,Kobi Simmons,26.0,TOR,PG,4.0,0.0,16.8,2.3,5.3,0.429,0.5,2.0,0.25,1.8,3.3,0.538,0.476,0.0,0.0,,0.3,1.5,1.8,3.0,1.5,0.5,0.3,1.3,5.0,,2024,0
348.0,D.J. Wilson,27.0,PHI,PF,2.0,0.0,7.5,2.0,3.0,0.667,1.0,1.0,1.0,1.0,2.0,0.5,0.833,0.0,0.0,,0.5,0.5,1.0,1.0,0.0,1.0,0.0,0.5,5.0,,2024,0
349.0,Jalen Wilson,23.0,BRK,PF,43.0,3.0,15.4,1.8,4.2,0.425,0.6,1.7,0.324,1.2,2.4,0.495,0.492,0.9,1.1,0.826,1.1,2.0,3.0,1.0,0.3,0.1,0.4,1.1,5.0,,2024,0
350.0,Jock Landale,28.0,HOU,C,56.0,3.0,13.6,1.9,3.7,0.515,0.2,0.7,0.25,1.7,3.0,0.578,0.539,0.9,1.2,0.8,1.6,1.5,3.1,1.2,0.4,0.6,0.6,1.3,4.9,,2024,0
351.0,Garrison Mathews,27.0,ATL,SG,66.0,5.0,15.0,1.6,3.4,0.456,1.3,2.9,0.44,0.3,0.5,0.545,0.644,0.5,0.6,0.81,0.3,1.1,1.4,0.6,0.3,0.1,0.3,1.7,4.9,,2024,0
352.0,Jared Rhoden,24.0,DET,SG,17.0,0.0,14.4,1.9,3.9,0.5,0.7,1.8,0.387,1.2,2.1,0.6,0.591,0.3,0.5,0.625,0.2,1.8,1.9,0.8,0.2,0.8,0.4,1.6,4.9,,2024,0
353.0,Kobe Bufkin,20.0,ATL,SG,17.0,0.0,11.5,2.0,5.4,0.37,0.5,2.4,0.225,1.5,3.1,0.481,0.418,0.2,0.5,0.5,0.4,1.6,1.9,1.6,0.4,0.3,0.6,1.2,4.8,,2024,0
354.0,DeJon Jarreau,26.0,MEM,SG,9.0,0.0,16.7,1.9,5.6,0.34,0.4,1.4,0.308,1.4,4.1,0.351,0.38,0.6,1.2,0.455,0.9,4.0,4.9,2.9,0.7,0.2,1.0,1.6,4.8,,2024,0
355.0,Eugene Omoruyi,26.0,WAS,SF,43.0,0.0,9.1,1.9,3.9,0.485,0.3,1.1,0.283,1.6,2.8,0.562,0.524,0.7,1.1,0.653,0.8,1.2,2.0,0.8,0.6,0.1,0.5,1.4,4.8,,2024,0
356.0,Kenrich Williams,29.0,OKC,PF,69.0,1.0,14.9,1.9,4.1,0.468,0.8,2.0,0.397,1.1,2.0,0.54,0.568,0.1,0.2,0.5,0.9,2.1,3.0,1.3,0.6,0.1,0.5,1.5,4.7,,2024,0
357.0,Kenneth Lofton Jr.,21.0,3TM,PF,21.0,0.0,9.5,1.7,3.7,0.462,0.3,1.1,0.292,1.4,2.6,0.537,0.506,0.8,1.2,0.654,0.6,1.2,1.8,1.6,0.3,0.2,0.7,1.1,4.6,,2024,0
357.0,Kenneth Lofton Jr.,21.0,MEM,PF,15.0,0.0,6.6,0.9,2.5,0.378,0.2,0.7,0.3,0.7,1.8,0.407,0.419,0.5,1.0,0.533,0.1,0.9,1.0,0.9,0.2,0.2,0.4,1.0,2.6,,2024,0
357.0,Kenneth Lofton Jr.,21.0,PHI,PF,2.0,0.0,4.5,0.5,3.0,0.167,0.0,1.0,0.0,0.5,2.0,0.25,0.167,0.0,0.0,,0.0,1.5,1.5,0.0,0.0,0.0,1.0,0.0,1.0,,2024,0
357.0,Kenneth Lofton Jr.,21.0,UTA,PF,4.0,0.0,22.8,5.3,8.8,0.6,1.0,3.0,0.333,4.3,5.8,0.739,0.657,2.3,2.8,0.818,2.5,2.5,5.0,4.8,0.8,0.5,1.5,2.3,13.8,,2024,0
358.0,Anthony Black,20.0,ORL,PG,69.0,33.0,16.9,1.7,3.6,0.466,0.5,1.4,0.394,1.1,2.2,0.51,0.54,0.7,1.2,0.613,0.5,1.5,2.0,1.3,0.5,0.3,0.8,1.6,4.6,,2024,0
359.0,Josh Okogie,25.0,PHO,SG,60.0,11.0,16.0,1.4,3.4,0.417,0.5,1.6,0.309,1.0,1.9,0.509,0.488,1.3,1.7,0.745,1.2,1.3,2.6,1.1,0.8,0.4,0.6,1.1,4.6,,2024,0
360.0,Omer Yurtseven,25.0,UTA,C,48.0,12.0,11.4,2.1,3.8,0.538,0.1,0.5,0.208,2.0,3.3,0.588,0.552,0.4,0.6,0.679,1.5,2.8,4.3,0.6,0.2,0.4,0.8,1.1,4.6,,2024,0
361.0,Shake Milton,27.0,3TM,SG,48.0,0.0,12.1,1.6,4.1,0.405,0.4,1.3,0.281,1.3,2.7,0.466,0.451,0.8,1.0,0.816,0.3,1.3,1.6,1.3,0.4,0.1,0.6,1.1,4.5,,2024,0
361.0,Shake Milton,27.0,MIN,SG,38.0,0.0,12.9,1.7,4.2,0.4,0.4,1.4,0.264,1.3,2.8,0.467,0.444,0.9,1.2,0.818,0.2,1.2,1.3,1.3,0.4,0.1,0.7,1.2,4.7,,2024,0
361.0,Shake Milton,27.0,DET,SG,4.0,0.0,15.8,2.8,6.5,0.423,0.8,2.3,0.333,2.0,4.3,0.471,0.481,0.5,0.8,0.667,1.8,2.8,4.5,1.5,0.5,0.3,0.8,0.8,6.8,,2024,0
361.0,Shake Milton,27.0,NYK,SG,6.0,0.0,4.5,0.7,1.5,0.444,0.2,0.3,0.5,0.5,1.2,0.429,0.5,0.3,0.3,1.0,0.0,1.0,1.0,0.7,0.2,0.0,0.0,1.2,1.8,,2024,0
362.0,Delon Wright,31.0,2TM,PG,47.0,1.0,15.8,1.6,4.0,0.394,0.5,1.4,0.368,1.0,2.6,0.408,0.46,0.8,1.0,0.822,0.4,1.4,1.8,2.5,1.1,0.2,0.3,0.7,4.5,,2024,0
362.0,Delon Wright,31.0,WAS,PG,33.0,0.0,13.8,1.5,3.7,0.393,0.4,1.2,0.368,1.0,2.5,0.405,0.451,0.7,0.9,0.828,0.4,1.4,1.8,2.5,1.1,0.2,0.3,0.7,4.1,,2024,0
362.0,Delon Wright,31.0,MIA,PG,14.0,1.0,20.4,1.9,4.7,0.394,0.8,2.1,0.367,1.1,2.6,0.417,0.477,0.9,1.1,0.813,0.4,1.5,1.9,2.6,1.4,0.2,0.2,0.7,5.4,,2024,0
363.0,A.J. Green,24.0,MIL,SG,56.0,0.0,11.0,1.5,3.5,0.423,1.2,3.0,0.408,0.3,0.5,0.519,0.599,0.3,0.3,0.895,0.2,1.0,1.1,0.5,0.2,0.1,0.2,0.9,4.5,,2024,0
364.0,Kevon Looney,27.0,GSW,C,74.0,36.0,16.1,1.9,3.1,0.597,0.0,0.0,0.0,1.9,3.1,0.599,0.597,0.8,1.1,0.675,1.9,3.7,5.7,1.8,0.4,0.4,0.7,2.1,4.5,,2024,0
365.0,Taze Moore,25.0,POR,SG,4.0,0.0,10.0,2.0,4.8,0.421,0.3,1.8,0.143,1.8,3.0,0.583,0.447,0.3,0.5,0.5,1.0,1.0,2.0,1.3,0.5,0.0,0.8,1.0,4.5,,2024,0
366.0,Julian Strawther,21.0,DEN,SF,50.0,0.0,10.9,1.6,4.4,0.369,0.8,2.8,0.297,0.8,1.7,0.488,0.462,0.4,0.6,0.71,0.1,1.1,1.2,0.9,0.3,0.1,0.5,1.1,4.5,,2024,0
367.0,Bismack Biyombo,31.0,2TM,C,40.0,27.0,19.8,1.9,3.3,0.565,0.0,0.0,,1.9,3.3,0.565,0.565,0.7,1.4,0.481,1.6,3.7,5.2,1.3,0.3,0.9,1.1,2.2,4.4,,2024,0
367.0,Bismack Biyombo,31.0,MEM,C,30.0,27.0,23.9,2.2,4.0,0.563,0.0,0.0,,2.2,4.0,0.563,0.563,0.7,1.5,0.478,1.9,4.5,6.4,1.7,0.3,1.1,1.3,2.7,5.2,,2024,0
367.0,Bismack Biyombo,31.0,OKC,C,10.0,0.0,7.3,0.7,1.2,0.583,0.0,0.0,,0.7,1.2,0.583,0.583,0.4,0.8,0.5,0.5,1.3,1.8,0.2,0.1,0.3,0.4,0.7,1.8,,2024,0
368.0,Robert Covington,33.0,2TM,PF,29.0,6.0,16.8,1.5,3.4,0.439,0.7,1.9,0.339,0.8,1.4,0.571,0.536,0.8,0.9,0.846,1.1,2.3,3.3,0.8,1.3,0.6,0.4,1.9,4.4,,2024,0
368.0,Robert Covington,33.0,LAC,PF,3.0,3.0,23.0,1.0,3.0,0.333,0.7,2.7,0.25,0.3,0.3,1.0,0.444,0.3,0.7,0.5,0.7,2.0,2.7,2.3,2.0,0.7,0.0,2.3,3.0,,2024,0
368.0,Robert Covington,33.0,PHI,SF,26.0,3.0,16.1,1.5,3.4,0.449,0.7,1.8,0.354,0.9,1.6,0.561,0.545,0.8,0.9,0.875,1.1,2.3,3.4,0.7,1.3,0.6,0.4,1.9,4.5,,2024,0
369.0,Patrick Baldwin Jr.,21.0,WAS,SF,38.0,7.0,13.0,1.6,4.1,0.381,0.8,2.6,0.32,0.7,1.5,0.483,0.481,0.5,0.7,0.679,0.4,2.8,3.2,0.8,0.5,0.4,0.5,1.5,4.4,,2024,0
370.0,Mo Bamba,25.0,PHI,C,57.0,17.0,13.0,1.7,3.5,0.49,0.4,1.1,0.391,1.3,2.4,0.537,0.553,0.6,0.9,0.68,1.4,2.8,4.2,0.7,0.4,1.1,0.7,1.8,4.4,,2024,0
371.0,Dominick Barlow,20.0,SAS,PF,33.0,1.0,12.7,1.7,3.4,0.496,0.1,0.3,0.333,1.6,3.2,0.51,0.509,0.9,1.3,0.69,1.4,2.1,3.4,1.1,0.4,0.4,0.3,1.4,4.4,,2024,0
372.0,MarJon Beauchamp,23.0,MIL,SF,48.0,1.0,12.7,1.7,3.5,0.488,0.6,1.6,0.4,1.1,1.9,0.56,0.578,0.4,0.6,0.679,0.5,1.6,2.1,0.6,0.3,0.1,0.6,1.1,4.4,,2024,0
373.0,Joe Ingles,36.0,ORL,SF,68.0,0.0,17.2,1.5,3.3,0.436,1.0,2.4,0.435,0.4,1.0,0.439,0.59,0.4,0.5,0.824,0.3,1.8,2.1,3.0,0.6,0.1,1.0,1.3,4.4,,2024,0
374.0,Maxi Kleber,32.0,DAL,C,43.0,7.0,20.3,1.5,3.4,0.432,0.7,2.1,0.348,0.7,1.3,0.574,0.541,0.8,1.1,0.702,0.7,2.6,3.3,1.6,0.4,0.7,0.7,1.8,4.4,,2024,0
375.0,Jontay Porter,24.0,TOR,PF,26.0,5.0,13.8,1.5,4.0,0.385,0.8,2.3,0.333,0.8,1.7,0.455,0.481,0.6,0.7,0.833,1.0,2.2,3.2,2.3,0.8,0.8,0.8,1.3,4.4,,2024,0
376.0,Lester Quiñones,23.0,GSW,SG,37.0,0.0,10.6,1.5,3.8,0.397,0.9,2.4,0.364,0.6,1.4,0.453,0.511,0.5,0.8,0.69,0.6,1.4,1.9,1.0,0.2,0.1,0.5,1.2,4.4,,2024,0
377.0,Ben Sheppard,22.0,IND,SG,57.0,1.0,14.3,1.6,4.0,0.393,0.9,2.7,0.314,0.7,1.3,0.562,0.5,0.4,0.5,0.885,0.3,1.3,1.6,0.9,0.6,0.0,0.3,1.5,4.4,,2024,0
378.0,Blake Wesley,20.0,SAS,SG,61.0,3.0,14.4,1.7,3.5,0.474,0.2,0.9,0.218,1.5,2.6,0.563,0.502,0.9,1.3,0.667,0.3,1.2,1.5,2.7,0.5,0.1,0.9,1.5,4.4,,2024,0
379.0,Jeff Dowtin,26.0,PHI,PG,12.0,0.0,11.8,1.7,3.0,0.556,0.8,1.6,0.474,0.9,1.4,0.647,0.681,0.3,0.3,0.75,0.3,1.4,1.7,2.3,0.6,0.1,0.4,0.1,4.3,,2024,0
380.0,Jaxson Hayes,23.0,LAL,C,70.0,5.0,12.5,1.8,2.5,0.72,0.0,0.1,0.0,1.8,2.4,0.754,0.72,0.7,1.2,0.622,1.0,2.0,3.0,0.5,0.5,0.4,0.6,1.8,4.3,,2024,0
381.0,Caleb Houstan,21.0,ORL,SF,59.0,13.0,13.8,1.4,3.5,0.388,1.2,3.3,0.373,0.1,0.2,0.615,0.563,0.4,0.4,0.808,0.5,0.9,1.4,0.5,0.3,0.1,0.3,1.0,4.3,,2024,0
382.0,John Konchar,27.0,MEM,SF,55.0,23.0,21.3,1.6,3.8,0.423,0.7,2.2,0.317,0.9,1.6,0.568,0.514,0.4,0.5,0.84,1.3,3.4,4.7,2.0,0.9,0.9,0.8,1.4,4.3,,2024,0
383.0,Dru Smith,26.0,MIA,SG,9.0,0.0,14.6,1.7,3.7,0.455,0.8,1.9,0.412,0.9,1.8,0.5,0.561,0.2,0.2,1.0,0.7,0.9,1.6,1.6,1.0,0.3,0.6,1.3,4.3,,2024,0
384.0,Thaddeus Young,35.0,2TM,PF,33.0,6.0,13.3,2.0,3.3,0.602,0.0,0.2,0.143,1.9,3.1,0.634,0.606,0.2,0.5,0.4,1.4,1.7,3.1,1.7,0.7,0.2,0.5,1.5,4.2,,2024,0
384.0,Thaddeus Young,35.0,TOR,PF,23.0,6.0,15.2,2.3,3.8,0.621,0.0,0.3,0.167,2.3,3.5,0.654,0.626,0.2,0.5,0.417,1.3,2.0,3.3,2.2,0.8,0.1,0.5,1.7,5.0,,2024,0
384.0,Thaddeus Young,35.0,PHO,PF,10.0,0.0,8.9,1.1,2.1,0.524,0.0,0.1,0.0,1.1,2.0,0.55,0.524,0.1,0.3,0.333,1.7,1.1,2.8,0.7,0.5,0.2,0.4,1.1,2.3,,2024,0
385.0,Jacob Gilyard,25.0,2TM,PG,41.0,14.0,17.0,1.5,3.7,0.4,1.2,3.1,0.405,0.2,0.6,0.375,0.57,0.0,0.0,1.0,0.2,0.9,1.1,3.3,0.8,0.1,0.7,1.0,4.2,,2024,0
385.0,Jacob Gilyard,25.0,MEM,PG,37.0,14.0,17.7,1.6,3.9,0.417,1.4,3.2,0.425,0.2,0.6,0.375,0.594,0.1,0.1,1.0,0.2,0.9,1.2,3.5,0.7,0.1,0.8,0.9,4.7,,2024,0
385.0,Jacob Gilyard,25.0,BRK,PG,4.0,0.0,11.3,0.0,1.5,0.0,0.0,1.5,0.0,0.0,0.0,,0.0,0.0,0.0,,0.3,0.5,0.8,1.5,1.5,0.0,0.3,1.0,0.0,,2024,0
386.0,Armoni Brooks,25.0,BRK,PG,10.0,0.0,10.4,1.5,4.6,0.326,1.1,3.2,0.344,0.4,1.4,0.286,0.446,0.1,0.2,0.5,0.7,1.1,1.8,0.5,0.1,0.1,0.3,0.3,4.2,,2024,0
387.0,Troy Brown Jr.,24.0,2TM,SF,59.0,15.0,14.0,1.4,3.8,0.372,0.8,2.4,0.333,0.6,1.4,0.435,0.476,0.5,0.6,0.865,0.4,2.0,2.4,1.0,0.4,0.1,0.5,0.7,4.2,,2024,0
387.0,Troy Brown Jr.,24.0,MIN,SF,37.0,3.0,11.1,1.4,3.2,0.441,0.8,2.3,0.369,0.6,0.9,0.618,0.572,0.5,0.6,0.864,0.4,1.6,1.9,0.9,0.2,0.1,0.5,0.7,4.2,,2024,0
387.0,Troy Brown Jr.,24.0,DET,SF,22.0,12.0,19.0,1.5,4.9,0.296,0.7,2.6,0.281,0.7,2.3,0.314,0.37,0.6,0.7,0.867,0.5,2.8,3.3,1.1,0.7,0.0,0.5,0.7,4.2,,2024,0
388.0,Max Christie,20.0,LAL,SG,67.0,7.0,14.1,1.5,3.6,0.427,0.6,1.8,0.356,0.9,1.8,0.496,0.515,0.5,0.7,0.783,0.2,1.9,2.1,0.9,0.3,0.3,0.5,0.9,4.2,,2024,0
389.0,Ashton Hagans,24.0,POR,PG,19.0,1.0,16.6,1.5,3.7,0.408,0.4,1.3,0.32,1.1,2.4,0.457,0.465,0.7,0.9,0.824,0.7,1.6,2.4,2.8,0.6,0.5,1.6,2.1,4.2,,2024,0
390.0,Danuel House Jr.,30.0,PHI,SF,34.0,4.0,15.0,1.4,3.1,0.448,0.4,1.5,0.3,0.9,1.6,0.582,0.519,1.0,1.4,0.761,0.5,1.2,1.7,0.8,0.4,0.1,0.6,1.3,4.2,,2024,0
391.0,Skylar Mays,26.0,2TM,SG,38.0,5.0,11.4,1.7,4.2,0.396,0.4,1.4,0.296,1.2,2.8,0.448,0.447,0.3,0.4,0.765,0.3,0.9,1.1,2.2,0.6,0.1,0.5,0.7,4.1,,2024,0
391.0,Skylar Mays,26.0,POR,PG,21.0,5.0,17.0,2.5,6.6,0.384,0.7,2.3,0.286,1.9,4.2,0.438,0.435,0.6,0.8,0.765,0.4,1.3,1.8,3.6,0.7,0.1,0.9,1.0,6.3,,2024,0
391.0,Skylar Mays,26.0,LAL,SG,17.0,0.0,4.5,0.6,1.2,0.476,0.1,0.3,0.4,0.5,0.9,0.5,0.524,0.0,0.0,,0.1,0.3,0.4,0.6,0.4,0.1,0.1,0.4,1.3,,2024,0
392.0,Sandro Mamukelashvili,24.0,SAS,C,46.0,5.0,9.8,1.6,3.4,0.471,0.4,1.4,0.297,1.2,2.0,0.593,0.532,0.5,0.7,0.735,1.0,2.2,3.2,1.1,0.2,0.3,0.4,0.8,4.1,,2024,0
393.0,Luka Šamanić,24.0,UTA,PF,43.0,7.0,9.4,1.4,3.7,0.38,0.3,1.5,0.203,1.1,2.2,0.5,0.421,1.0,1.3,0.786,0.5,1.9,2.4,0.4,0.1,0.2,0.7,0.7,4.1,,2024,0
394.0,Jae'Sean Tate,28.0,HOU,SF,65.0,9.0,15.9,1.7,3.5,0.472,0.4,1.2,0.299,1.3,2.3,0.559,0.522,0.4,0.6,0.667,0.9,2.1,3.0,1.0,0.6,0.2,0.6,2.1,4.1,,2024,0
395.0,Patty Mills,35.0,2TM,PG,32.0,5.0,13.0,1.4,4.1,0.351,0.8,2.7,0.276,0.7,1.4,0.5,0.443,0.3,0.3,1.0,0.3,0.8,1.1,1.1,0.6,0.0,0.5,1.0,4.0,,2024,0
395.0,Patty Mills,35.0,ATL,PG,19.0,0.0,10.6,1.0,2.7,0.373,0.7,1.8,0.382,0.3,0.9,0.353,0.5,0.0,0.0,,0.3,0.8,1.1,0.7,0.5,0.1,0.4,0.9,2.7,,2024,0
395.0,Patty Mills,35.0,MIA,PG,13.0,5.0,16.4,2.1,6.2,0.338,0.8,4.1,0.208,1.2,2.1,0.593,0.406,0.8,0.8,1.0,0.3,0.8,1.2,1.5,0.8,0.0,0.6,1.2,5.8,,2024,0
396.0,Izaiah Brockington,24.0,NOP,PG,1.0,0.0,3.0,2.0,5.0,0.4,0.0,1.0,0.0,2.0,4.0,0.5,0.4,0.0,0.0,,1.0,1.0,2.0,0.0,0.0,0.0,0.0,0.0,4.0,,2024,0
397.0,Ousmane Dieng,20.0,OKC,PF,33.0,0.0,11.1,1.5,3.5,0.422,0.6,2.1,0.3,0.8,1.4,0.609,0.513,0.4,0.5,0.875,0.3,1.2,1.5,1.1,0.2,0.2,0.6,0.7,4.0,,2024,0
398.0,Luka Garza,25.0,MIN,C,25.0,0.0,4.9,1.4,3.0,0.48,0.4,1.3,0.281,1.1,1.7,0.628,0.54,0.7,1.0,0.72,0.8,0.5,1.2,0.2,0.2,0.0,0.2,1.0,4.0,,2024,0
399.0,Mouhamed Gueye,21.0,ATL,PF,6.0,0.0,12.2,1.3,3.8,0.348,0.5,1.5,0.333,0.8,2.3,0.357,0.413,0.8,1.0,0.833,1.7,2.0,3.7,0.7,0.8,0.7,0.2,2.2,4.0,,2024,0
400.0,Justin Holiday,34.0,DEN,SG,58.0,9.0,14.9,1.5,3.3,0.454,0.9,2.3,0.404,0.6,1.0,0.569,0.595,0.1,0.1,0.75,0.2,1.1,1.2,1.2,0.6,0.2,0.2,1.2,4.0,,2024,0
401.0,Matthew Hurt,23.0,MEM,PF,8.0,0.0,14.1,1.5,4.3,0.353,0.6,2.5,0.25,0.9,1.8,0.5,0.426,0.4,0.4,1.0,1.1,0.9,2.0,0.5,0.4,0.4,0.3,1.0,4.0,,2024,0
402.0,JaVale McGee,36.0,SAC,C,46.0,0.0,7.4,1.7,2.9,0.598,0.0,0.2,0.143,1.7,2.7,0.624,0.602,0.6,1.0,0.578,0.9,1.8,2.7,0.4,0.3,0.4,0.7,1.0,4.0,,2024,0
403.0,Svi Mykhailiuk,26.0,BOS,SF,41.0,2.0,10.1,1.4,3.3,0.416,1.0,2.6,0.389,0.4,0.7,0.517,0.569,0.1,0.2,0.667,0.3,1.0,1.2,0.9,0.3,0.0,0.3,0.5,4.0,,2024,0
404.0,Rayan Rupert,19.0,POR,SG,39.0,12.0,16.2,1.4,4.1,0.335,0.7,2.0,0.359,0.7,2.1,0.313,0.422,0.5,0.6,0.76,0.6,1.7,2.4,1.6,0.3,0.1,0.8,1.4,4.0,,2024,0
405.0,Adama Sanogo,21.0,CHI,PF,9.0,0.0,7.3,1.6,3.0,0.519,0.0,0.0,,1.6,3.0,0.519,0.519,0.9,1.3,0.667,2.1,1.9,4.0,0.0,0.1,0.0,0.6,0.6,4.0,,2024,0
406.0,Jaylin Williams,21.0,OKC,C,69.0,1.0,13.0,1.4,3.3,0.417,0.8,2.1,0.368,0.6,1.2,0.5,0.533,0.5,0.6,0.805,0.5,2.9,3.4,1.6,0.4,0.4,0.5,1.4,4.0,,2024,0
407.0,Jules Bernard,24.0,WAS,SG,19.0,0.0,7.8,1.5,3.4,0.453,0.6,1.5,0.379,0.9,1.8,0.514,0.539,0.3,0.5,0.556,0.5,0.8,1.4,0.8,0.2,0.1,0.4,0.7,3.9,,2024,0
408.0,Chris Duarte,26.0,SAC,SF,59.0,11.0,12.2,1.4,3.6,0.381,0.7,2.2,0.346,0.6,1.4,0.434,0.486,0.4,0.6,0.788,0.4,1.4,1.8,0.7,0.5,0.1,0.4,1.4,3.9,,2024,0
409.0,DeAndre Jordan,35.0,DEN,C,36.0,2.0,11.0,1.6,2.6,0.624,0.0,0.0,,1.6,2.6,0.624,0.624,0.7,1.5,0.491,1.5,2.9,4.4,0.7,0.2,0.4,0.6,1.6,3.9,,2024,0
410.0,Sidy Cissoko,19.0,SAS,SF,12.0,0.0,11.8,1.3,2.8,0.485,0.1,1.0,0.083,1.3,1.8,0.714,0.5,1.0,1.3,0.8,0.7,1.2,1.8,0.8,0.6,0.3,0.3,1.5,3.8,,2024,0
411.0,Anthony Gill,31.0,WAS,PF,50.0,3.0,9.3,1.5,3.2,0.469,0.2,0.8,0.244,1.3,2.4,0.546,0.5,0.6,0.7,0.806,0.7,1.1,1.9,0.7,0.3,0.2,0.5,1.0,3.8,,2024,0
412.0,KJ Martin,23.0,2TM,SF,60.0,2.0,12.4,1.6,3.0,0.536,0.1,0.5,0.286,1.5,2.6,0.582,0.558,0.4,0.7,0.537,0.7,1.5,2.2,0.9,0.4,0.2,0.5,1.7,3.7,,2024,0
412.0,KJ Martin,23.0,LAC,SF,2.0,0.0,15.5,2.0,5.0,0.4,0.5,2.5,0.2,1.5,2.5,0.6,0.45,0.5,1.0,0.5,0.5,1.0,1.5,0.5,1.0,0.5,1.0,1.5,5.0,,2024,0
412.0,KJ Martin,23.0,PHI,SF,58.0,2.0,12.3,1.6,2.9,0.544,0.1,0.4,0.304,1.5,2.6,0.581,0.564,0.4,0.7,0.538,0.7,1.5,2.2,0.9,0.3,0.2,0.5,1.7,3.7,,2024,0
413.0,Keita Bates-Diop,28.0,2TM,SF,53.0,8.0,12.5,1.4,3.1,0.434,0.4,1.3,0.304,1.0,1.8,0.526,0.497,0.6,0.8,0.762,0.6,1.5,2.1,0.7,0.5,0.4,0.3,0.7,3.7,,2024,0
413.0,Keita Bates-Diop,28.0,PHO,SF,39.0,8.0,15.3,1.6,3.8,0.427,0.5,1.6,0.313,1.1,2.2,0.512,0.493,0.7,0.9,0.722,0.8,1.8,2.6,0.9,0.6,0.5,0.3,0.8,4.5,,2024,0
413.0,Keita Bates-Diop,28.0,BRK,SF,14.0,0.0,4.9,0.6,1.1,0.5,0.1,0.4,0.2,0.5,0.8,0.636,0.531,0.4,0.4,1.0,0.1,0.6,0.6,0.3,0.2,0.1,0.1,0.1,1.6,,2024,0
414.0,Oshae Brissett,25.0,BOS,SF,55.0,1.0,11.5,1.2,2.8,0.444,0.3,1.0,0.273,1.0,1.8,0.541,0.493,0.9,1.5,0.602,1.1,1.8,2.9,0.8,0.3,0.1,0.4,1.0,3.7,,2024,0
415.0,Jamal Cain,24.0,MIA,PF,26.0,1.0,10.0,1.3,3.0,0.43,0.4,1.2,0.355,0.9,1.8,0.479,0.5,0.7,0.9,0.783,0.6,0.8,1.4,0.4,0.4,0.2,0.3,0.8,3.7,,2024,0
416.0,Drew Peterson,24.0,BOS,PF,3.0,0.0,7.7,1.3,2.0,0.667,1.0,1.7,0.6,0.3,0.3,1.0,0.917,0.0,0.0,,0.0,0.3,0.3,0.3,0.7,0.0,0.3,0.3,3.7,,2024,0
417.0,T.J. Warren,30.0,MIN,SF,11.0,0.0,11.4,1.6,3.7,0.439,0.2,1.2,0.154,1.5,2.5,0.571,0.463,0.3,0.4,0.75,0.5,1.5,2.0,0.8,0.4,0.1,0.4,1.0,3.7,,2024,0
418.0,James Bouknight,23.0,CHO,SG,14.0,0.0,5.8,1.3,2.9,0.439,0.9,2.1,0.433,0.4,0.8,0.455,0.598,0.1,0.1,0.5,0.1,0.6,0.6,0.4,0.1,0.1,0.1,0.2,3.6,,2024,0
419.0,Collin Gillespie,24.0,DEN,PG,24.0,0.0,9.4,1.3,2.9,0.464,0.6,1.6,0.395,0.7,1.3,0.548,0.572,0.3,0.5,0.667,0.0,0.8,0.9,1.1,0.5,0.0,0.6,1.0,3.6,,2024,0
420.0,Gui Santos,21.0,GSW,PF,23.0,0.0,8.3,1.2,2.4,0.509,0.4,1.2,0.37,0.8,1.2,0.643,0.6,0.7,0.7,0.941,0.7,1.4,2.1,0.6,0.2,0.1,0.3,1.0,3.6,,2024,0
421.0,Jarace Walker,20.0,IND,PF,33.0,0.0,10.3,1.4,3.3,0.409,0.7,1.7,0.4,0.7,1.7,0.418,0.509,0.2,0.3,0.889,0.4,1.5,1.9,1.2,0.5,0.3,0.5,0.9,3.6,,2024,0
422.0,Lindy Waters III,26.0,OKC,SG,38.0,0.0,7.4,1.3,2.7,0.471,1.0,2.2,0.435,0.3,0.5,0.632,0.649,0.1,0.1,1.0,0.2,0.9,1.1,0.6,0.1,0.2,0.2,0.6,3.6,,2024,0
423.0,Théo Maledon,22.0,2TM,PG,17.0,1.0,12.5,1.2,4.1,0.286,0.3,1.8,0.167,0.9,2.4,0.375,0.321,0.8,0.9,0.933,0.2,1.2,1.4,1.6,0.4,0.0,1.1,1.2,3.5,,2024,0
423.0,Théo Maledon,22.0,CHO,PG,13.0,1.0,15.4,1.5,5.1,0.288,0.4,2.3,0.167,1.1,2.8,0.389,0.326,0.8,0.9,0.917,0.3,1.5,1.8,2.2,0.5,0.0,1.2,1.4,4.2,,2024,0
423.0,Théo Maledon,22.0,PHO,PG,4.0,0.0,3.3,0.3,1.0,0.25,0.0,0.0,,0.3,1.0,0.25,0.25,0.8,0.8,1.0,0.0,0.3,0.3,0.0,0.0,0.0,0.8,0.8,1.3,,2024,0
424.0,Onuralp Bitim,24.0,CHI,SG,23.0,1.0,11.7,1.4,3.7,0.381,0.5,1.9,0.273,0.9,1.7,0.5,0.452,0.2,0.2,0.8,0.3,1.1,1.4,0.6,0.1,0.1,0.4,1.0,3.5,,2024,0
425.0,Jordan McLaughlin,27.0,MIN,PG,56.0,0.0,11.2,1.3,2.6,0.483,0.8,1.6,0.472,0.5,1.0,0.5,0.628,0.2,0.3,0.722,0.3,1.0,1.3,2.0,0.6,0.1,0.3,0.6,3.5,,2024,0
426.0,Marques Bolden,25.0,2TM,C,11.0,2.0,11.0,1.5,2.3,0.68,0.0,0.1,0.0,1.5,2.2,0.708,0.68,0.3,0.4,0.75,0.9,2.2,3.1,0.4,0.3,0.6,0.3,0.9,3.4,,2024,0
426.0,Marques Bolden,25.0,MIL,C,2.0,0.0,1.5,0.0,0.0,,0.0,0.0,,0.0,0.0,,,0.0,0.0,,0.0,1.0,1.0,0.0,0.0,0.0,0.0,0.5,0.0,,2024,0
426.0,Marques Bolden,25.0,CHO,C,9.0,2.0,13.1,1.9,2.8,0.68,0.0,0.1,0.0,1.9,2.7,0.708,0.68,0.3,0.4,0.75,1.1,2.4,3.6,0.4,0.3,0.8,0.3,1.0,4.1,,2024,0
427.0,Ryan Rollins,21.0,2TM,PG,13.0,0.0,6.0,1.1,2.1,0.519,0.2,0.3,0.75,0.8,1.8,0.478,0.574,1.0,1.3,0.765,0.2,0.8,1.0,1.1,0.8,0.2,0.6,0.6,3.4,,2024,0
427.0,Ryan Rollins,21.0,WAS,PG,10.0,0.0,6.6,1.3,2.5,0.52,0.2,0.3,0.667,1.1,2.2,0.5,0.56,1.3,1.7,0.765,0.2,0.9,1.1,1.1,0.8,0.3,0.7,0.7,4.1,,2024,0
427.0,Ryan Rollins,21.0,MIL,PG,3.0,0.0,4.0,0.3,0.7,0.5,0.3,0.3,1.0,0.0,0.3,0.0,0.75,0.0,0.0,,0.0,0.7,0.7,1.0,0.7,0.0,0.3,0.3,1.0,,2024,0
428.0,Yuta Watanabe,29.0,2TM,SF,34.0,0.0,13.6,1.2,3.4,0.353,0.7,2.5,0.294,0.5,0.9,0.516,0.461,0.3,0.5,0.588,0.3,1.3,1.6,0.4,0.4,0.2,0.6,1.1,3.4,,2024,0
428.0,Yuta Watanabe,29.0,PHO,SF,29.0,0.0,13.2,1.2,3.3,0.361,0.8,2.6,0.32,0.4,0.8,0.5,0.485,0.3,0.5,0.667,0.4,1.2,1.6,0.3,0.3,0.2,0.6,1.2,3.6,,2024,0
428.0,Yuta Watanabe,29.0,MEM,SF,5.0,0.0,16.4,1.2,3.8,0.316,0.2,2.0,0.1,1.0,1.8,0.556,0.342,0.0,0.4,0.0,0.0,1.8,1.8,1.0,0.6,0.0,0.6,1.0,2.6,,2024,0
429.0,Buddy Boeheim,24.0,DET,SF,10.0,0.0,8.4,0.9,2.9,0.31,0.8,2.5,0.32,0.1,0.4,0.25,0.448,0.8,1.0,0.8,0.3,0.7,1.0,0.3,0.0,0.1,0.0,0.5,3.4,,2024,0
430.0,Moses Brown,24.0,POR,C,22.0,5.0,9.1,1.5,3.0,0.508,0.0,0.0,,1.5,3.0,0.508,0.508,0.4,1.4,0.29,1.7,2.2,3.9,0.3,0.2,0.3,0.5,1.2,3.4,,2024,0
431.0,Wenyen Gabriel,26.0,MEM,PF,5.0,0.0,16.2,1.6,4.4,0.364,0.2,1.2,0.167,1.4,3.2,0.438,0.386,0.0,1.0,0.0,1.4,3.6,5.0,0.6,0.4,0.4,1.6,2.0,3.4,,2024,0
432.0,Nassir Little,23.0,PHO,SF,45.0,2.0,10.2,1.3,2.8,0.46,0.5,1.6,0.3,0.8,1.2,0.667,0.544,0.4,0.4,0.85,0.3,1.4,1.7,0.5,0.2,0.2,0.3,0.9,3.4,,2024,0
433.0,Jalen McDaniels,26.0,TOR,SF,50.0,1.0,10.8,1.3,3.8,0.344,0.2,1.4,0.169,1.1,2.4,0.449,0.376,0.5,0.7,0.73,0.4,1.2,1.6,0.7,0.4,0.1,0.6,1.0,3.4,,2024,0
434.0,Jaden Springer,21.0,2TM,SG,49.0,2.0,10.3,1.2,3.0,0.399,0.2,1.0,0.208,1.0,2.0,0.49,0.432,0.7,0.9,0.833,0.7,0.9,1.6,0.9,0.7,0.3,0.7,1.3,3.3,,2024,0
434.0,Jaden Springer,21.0,PHI,SG,32.0,1.0,11.8,1.4,3.7,0.39,0.3,1.2,0.216,1.2,2.5,0.469,0.424,0.9,1.1,0.824,0.8,1.0,1.8,1.1,0.8,0.3,0.8,1.5,4.0,,2024,0
434.0,Jaden Springer,21.0,BOS,SG,17.0,1.0,7.6,0.8,1.8,0.433,0.1,0.6,0.182,0.6,1.1,0.579,0.467,0.4,0.5,0.875,0.5,0.7,1.2,0.5,0.6,0.2,0.5,1.0,2.1,,2024,0
435.0,Charles Bassey,23.0,SAS,C,19.0,0.0,10.8,1.5,2.1,0.725,0.0,0.1,0.0,1.5,2.1,0.744,0.725,0.3,0.3,0.833,1.2,2.8,4.0,1.1,0.4,0.9,0.8,1.6,3.3,,2024,0
436.0,Micah Potter,25.0,UTA,PF,16.0,0.0,11.6,1.2,2.5,0.475,0.6,1.3,0.429,0.6,1.2,0.526,0.588,0.4,0.5,0.75,0.6,2.1,2.7,0.4,0.3,0.4,0.3,0.9,3.3,,2024,0
437.0,Dwight Powell,32.0,DAL,C,63.0,9.0,13.3,1.1,1.7,0.679,0.0,0.0,0.333,1.1,1.6,0.689,0.684,1.0,1.4,0.708,1.5,1.9,3.4,1.3,0.4,0.3,0.5,1.8,3.3,,2024,0
438.0,Terquavion Smith,21.0,PHI,PG,16.0,0.0,5.3,1.1,2.9,0.391,0.8,2.2,0.371,0.3,0.7,0.455,0.533,0.2,0.3,0.6,0.0,0.3,0.3,0.8,0.5,0.0,0.4,0.5,3.3,,2024,0
439.0,Garrett Temple,37.0,TOR,SG,27.0,2.0,10.7,1.1,2.9,0.372,0.4,1.5,0.3,0.6,1.4,0.447,0.449,0.7,0.8,0.818,0.7,1.0,1.7,1.0,0.4,0.1,0.5,1.0,3.3,,2024,0
440.0,Tristan Thompson,32.0,CLE,C,49.0,0.0,11.2,1.5,2.4,0.608,0.0,0.0,0.0,1.5,2.4,0.613,0.608,0.3,1.1,0.288,1.5,2.1,3.6,1.0,0.2,0.3,0.6,1.2,3.3,,2024,0
441.0,Oscar Tshiebwe,24.0,IND,PF,8.0,0.0,5.3,1.3,2.5,0.5,0.0,0.0,,1.3,2.5,0.5,0.5,0.8,1.0,0.75,1.0,1.0,2.0,0.3,0.3,0.1,0.0,0.4,3.3,,2024,0
442.0,Kira Lewis Jr.,22.0,3TM,PG,28.0,0.0,9.5,1.2,3.3,0.37,0.1,1.2,0.121,1.1,2.1,0.508,0.391,0.6,0.7,0.85,0.3,0.6,0.9,1.3,0.3,0.1,0.5,0.5,3.2,,2024,0
442.0,Kira Lewis Jr.,22.0,NOP,PG,15.0,0.0,9.6,1.1,3.5,0.308,0.1,1.3,0.1,0.9,2.1,0.438,0.327,0.7,0.7,0.909,0.3,0.7,0.9,1.2,0.3,0.1,0.5,0.5,2.9,,2024,0
442.0,Kira Lewis Jr.,22.0,TOR,PG,1.0,0.0,2.0,0.0,0.0,,0.0,0.0,,0.0,0.0,,,0.0,0.0,,0.0,0.0,0.0,0.0,0.0,0.0,0.0,1.0,0.0,,2024,0
442.0,Kira Lewis Jr.,22.0,UTA,PG,12.0,0.0,9.9,1.5,3.3,0.45,0.2,1.1,0.154,1.3,2.3,0.593,0.475,0.6,0.8,0.778,0.4,0.6,1.0,1.6,0.3,0.1,0.5,0.3,3.8,,2024,0
443.0,A.J. Lawson,23.0,DAL,SG,42.0,0.0,7.4,1.3,2.9,0.446,0.3,1.2,0.26,1.0,1.7,0.577,0.5,0.4,0.5,0.652,0.3,0.9,1.2,0.5,0.2,0.1,0.3,0.5,3.2,,2024,0
444.0,Boban Marjanović,35.0,HOU,C,14.0,0.0,5.1,1.3,2.4,0.529,0.0,0.1,0.0,1.3,2.3,0.563,0.529,0.6,1.0,0.643,0.5,1.8,2.3,0.4,0.1,0.1,0.4,0.4,3.2,,2024,0
445.0,Zeke Nnaji,23.0,DEN,PF,58.0,0.0,9.9,1.2,2.6,0.463,0.1,0.4,0.261,1.1,2.2,0.5,0.483,0.7,1.1,0.677,1.1,1.1,2.2,0.6,0.3,0.7,0.5,1.4,3.2,,2024,0
446.0,Ish Smith,35.0,CHO,PG,43.0,5.0,17.2,1.5,3.7,0.418,0.1,0.2,0.5,1.4,3.5,0.413,0.43,0.1,0.1,0.75,0.3,1.5,1.8,3.4,0.4,0.1,1.1,1.1,3.2,,2024,0
447.0,JT Thor,21.0,CHO,PF,63.0,3.0,12.4,1.3,2.9,0.437,0.4,1.3,0.346,0.8,1.6,0.51,0.514,0.2,0.3,0.55,0.7,1.6,2.3,0.5,0.2,0.4,0.2,1.0,3.2,,2024,0
448.0,Brandon Williams,24.0,DAL,PG,17.0,0.0,6.6,1.2,3.2,0.37,0.2,0.9,0.2,1.0,2.3,0.436,0.398,0.6,1.0,0.647,0.2,0.5,0.8,1.0,0.1,0.1,0.4,0.2,3.2,,2024,0
449.0,Wesley Matthews,37.0,ATL,SG,36.0,3.0,11.5,0.9,2.7,0.351,0.7,1.9,0.348,0.3,0.8,0.357,0.474,0.5,0.7,0.75,0.3,1.2,1.5,0.6,0.4,0.3,0.2,1.2,3.1,,2024,0
450.0,Dalen Terry,21.0,CHI,SG,59.0,2.0,11.5,1.2,2.7,0.439,0.3,1.3,0.23,0.9,1.4,0.627,0.494,0.4,0.7,0.581,0.5,1.4,1.9,1.4,0.5,0.3,0.5,1.4,3.1,,2024,0
451.0,Gabe Vincent,27.0,LAL,PG,11.0,0.0,19.8,1.4,4.5,0.306,0.3,2.5,0.107,1.1,1.9,0.571,0.337,0.1,0.2,0.5,0.4,0.5,0.8,1.9,0.8,0.0,0.5,1.7,3.1,,2024,0
452.0,Mike Muscala,32.0,3TM,C,53.0,6.0,11.3,1.1,2.9,0.359,0.5,1.8,0.292,0.5,1.1,0.467,0.449,0.3,0.5,0.68,0.7,1.6,2.4,0.7,0.2,0.2,0.4,1.0,3.0,,2024,0
452.0,Mike Muscala,32.0,WAS,C,24.0,2.0,14.1,1.4,3.8,0.367,0.6,2.1,0.275,0.8,1.6,0.487,0.444,0.6,0.8,0.75,0.9,2.2,3.1,0.9,0.2,0.3,0.7,1.3,4.0,,2024,0
452.0,Mike Muscala,32.0,DET,C,13.0,4.0,13.2,1.2,3.4,0.341,1.0,2.6,0.382,0.2,0.8,0.2,0.489,0.2,0.3,0.5,0.8,1.5,2.2,0.8,0.2,0.4,0.2,1.0,3.5,,2024,0
452.0,Mike Muscala,32.0,OKC,C,16.0,0.0,5.7,0.5,1.4,0.364,0.1,0.7,0.091,0.4,0.7,0.636,0.386,0.0,0.1,0.0,0.4,0.9,1.3,0.3,0.1,0.1,0.3,0.5,1.1,,2024,0
453.0,Johnny Davis,21.0,WAS,SG,50.0,6.0,12.3,1.2,3.1,0.403,0.3,0.8,0.35,1.0,2.3,0.421,0.448,0.3,0.5,0.583,0.4,1.1,1.4,0.6,0.4,0.2,0.3,1.1,3.0,,2024,0
454.0,Saben Lee,24.0,PHO,PG,24.0,0.0,7.7,0.8,2.3,0.364,0.1,0.7,0.125,0.8,1.6,0.462,0.382,1.2,1.6,0.744,0.4,0.9,1.3,1.3,0.3,0.1,0.3,0.5,3.0,,2024,0
455.0,Olivier-Maxence Prosper,21.0,DAL,PF,40.0,1.0,8.4,1.0,2.6,0.385,0.3,1.1,0.289,0.7,1.5,0.458,0.447,0.7,1.0,0.683,0.6,1.4,2.0,0.6,0.2,0.1,0.2,0.5,3.0,,2024,0
456.0,Trevelin Queen,26.0,ORL,SG,14.0,0.0,11.8,1.0,2.7,0.368,0.2,1.2,0.176,0.8,1.5,0.524,0.408,0.6,0.9,0.75,0.2,1.2,1.4,1.3,0.5,0.4,0.5,1.1,2.9,,2024,0
457.0,Jeremiah Robinson-Earl,23.0,NOP,PF,39.0,1.0,8.6,1.2,2.4,0.474,0.3,1.0,0.333,0.8,1.4,0.571,0.542,0.3,0.4,0.75,0.6,1.4,1.9,0.5,0.3,0.1,0.4,0.6,2.9,,2024,0
458.0,Jeenathan Williams,24.0,HOU,SG,22.0,0.0,5.9,1.2,2.3,0.54,0.1,0.2,0.4,1.1,2.0,0.556,0.56,0.3,0.6,0.538,0.5,0.5,1.0,0.3,0.2,0.0,0.2,0.5,2.9,,2024,0
459.0,D.J. Carton,23.0,TOR,SG,4.0,0.0,9.0,0.8,2.0,0.375,0.3,1.0,0.25,0.5,1.0,0.5,0.438,1.0,1.3,0.8,0.5,0.5,1.0,0.8,0.3,0.0,0.3,0.8,2.8,,2024,0
460.0,Henri Drell,23.0,CHI,SF,4.0,0.0,7.5,1.0,2.5,0.4,0.5,1.5,0.333,0.5,1.0,0.5,0.5,0.3,0.5,0.5,0.3,0.8,1.0,1.0,0.5,0.3,0.5,1.5,2.8,,2024,0
461.0,Orlando Robinson,23.0,MIA,C,36.0,7.0,8.4,1.0,2.0,0.5,0.2,0.4,0.533,0.8,1.6,0.491,0.556,0.5,0.7,0.76,0.8,1.6,2.3,0.9,0.2,0.2,0.5,1.0,2.8,,2024,0
462.0,Emoni Bates,20.0,CLE,SF,15.0,0.0,8.9,1.0,3.3,0.306,0.7,2.2,0.303,0.3,1.1,0.313,0.408,0.1,0.3,0.25,0.1,0.9,0.9,0.7,0.1,0.1,0.5,0.3,2.7,,2024,0
463.0,Leaky Black,24.0,CHO,SF,26.0,3.0,10.9,1.0,2.0,0.481,0.3,0.8,0.45,0.6,1.2,0.5,0.567,0.4,0.6,0.667,0.3,1.5,1.8,0.9,0.3,0.4,0.2,0.7,2.7,,2024,0
464.0,Damian Jones,28.0,CLE,C,39.0,0.0,6.9,1.1,1.8,0.597,0.1,0.4,0.214,1.0,1.5,0.69,0.618,0.5,0.5,0.857,0.5,1.1,1.6,0.4,0.2,0.3,0.3,0.7,2.7,,2024,0
465.0,Malik Williams,25.0,TOR,C,7.0,2.0,15.3,1.3,4.9,0.265,0.1,0.7,0.2,1.1,4.1,0.276,0.279,0.0,0.3,0.0,2.1,3.3,5.4,0.3,0.4,0.6,0.4,2.1,2.7,,2024,0
466.0,Timmy Allen,24.0,MEM,SF,5.0,0.0,25.0,1.2,4.6,0.261,0.0,1.4,0.0,1.2,3.2,0.375,0.261,0.2,0.4,0.5,0.8,2.6,3.4,1.0,0.8,0.0,0.4,3.6,2.6,,2024,0
467.0,Moussa Diabaté,22.0,LAC,C,11.0,0.0,5.8,0.9,1.7,0.526,0.0,0.0,,0.9,1.7,0.526,0.526,0.8,1.3,0.643,1.4,0.8,2.2,0.4,0.5,0.1,0.2,0.4,2.6,,2024,0
468.0,Otto Porter Jr.,30.0,TOR,SF,15.0,1.0,11.6,0.9,2.2,0.424,0.5,1.5,0.348,0.4,0.7,0.6,0.545,0.2,0.2,1.0,0.4,1.5,1.9,0.5,0.3,0.3,0.1,1.3,2.6,,2024,0
469.0,Alex Fudge,20.0,2TM,SF,6.0,0.0,6.7,1.0,2.5,0.4,0.2,0.8,0.2,0.8,1.7,0.5,0.433,0.3,0.3,1.0,0.7,0.2,0.8,0.0,0.5,0.0,0.3,0.3,2.5,,2024,0
469.0,Alex Fudge,20.0,LAL,SF,4.0,0.0,3.5,0.3,1.5,0.167,0.0,0.5,0.0,0.3,1.0,0.25,0.167,0.5,0.5,1.0,0.5,0.0,0.5,0.0,0.0,0.0,0.3,0.3,1.0,,2024,0
469.0,Alex Fudge,20.0,DAL,SF,2.0,0.0,13.0,2.5,4.5,0.556,0.5,1.5,0.333,2.0,3.0,0.667,0.611,0.0,0.0,,1.0,0.5,1.5,0.0,1.5,0.0,0.5,0.5,5.5,,2024,0
470.0,Dylan Windler,27.0,3TM,SF,17.0,0.0,6.4,0.9,1.8,0.5,0.8,1.6,0.481,0.1,0.2,0.667,0.717,0.0,0.0,,0.2,0.8,0.9,0.6,0.1,0.0,0.1,0.4,2.5,,2024,0
470.0,Dylan Windler,27.0,NYK,SF,3.0,0.0,2.3,0.3,0.7,0.5,0.3,0.7,0.5,0.0,0.0,,0.75,0.0,0.0,,0.0,0.3,0.3,0.3,0.0,0.0,0.0,0.3,1.0,,2024,0
470.0,Dylan Windler,27.0,LAL,SF,8.0,0.0,3.5,0.5,1.1,0.444,0.5,1.0,0.5,0.0,0.1,0.0,0.667,0.0,0.0,,0.0,0.4,0.4,0.8,0.0,0.0,0.0,0.3,1.5,,2024,0
470.0,Dylan Windler,27.0,ATL,SF,6.0,0.0,12.2,1.7,3.2,0.526,1.3,2.8,0.471,0.3,0.3,1.0,0.737,0.0,0.0,,0.5,1.5,2.0,0.5,0.3,0.0,0.3,0.5,4.7,,2024,0
471.0,Greg Brown III,22.0,DAL,PF,6.0,0.0,6.7,0.8,1.8,0.455,0.2,0.5,0.333,0.7,1.3,0.5,0.5,0.7,1.5,0.444,0.5,1.0,1.5,0.7,0.0,0.7,0.7,0.8,2.5,,2024,0
472.0,Furkan Korkmaz,26.0,PHI,SG,35.0,0.0,8.6,0.9,2.2,0.395,0.4,1.1,0.35,0.5,1.0,0.444,0.487,0.4,0.6,0.7,0.1,0.7,0.9,0.7,0.4,0.1,0.3,0.5,2.5,,2024,0
473.0,Alex Len,30.0,SAC,C,48.0,0.0,9.3,1.0,1.7,0.617,0.0,0.1,0.0,1.0,1.6,0.641,0.617,0.4,0.7,0.588,1.0,1.7,2.7,1.0,0.2,0.7,0.6,1.4,2.5,,2024,0
474.0,Markieff Morris,34.0,DAL,PF,26.0,1.0,8.3,0.9,2.6,0.338,0.6,1.6,0.357,0.3,1.0,0.308,0.449,0.2,0.2,0.833,0.2,1.3,1.5,0.6,0.2,0.1,0.5,0.5,2.5,,2024,0
475.0,Harry Giles,25.0,2TM,C,23.0,0.0,4.3,1.0,2.2,0.46,0.1,0.6,0.214,0.9,1.6,0.556,0.49,0.3,0.6,0.538,0.5,0.8,1.3,0.3,0.1,0.1,0.3,0.7,2.4,,2024,0
475.0,Harry Giles,25.0,BRK,C,16.0,0.0,5.1,1.4,2.8,0.5,0.2,0.7,0.273,1.2,2.1,0.576,0.534,0.4,0.8,0.538,0.8,0.9,1.6,0.4,0.1,0.2,0.4,0.9,3.4,,2024,0
475.0,Harry Giles,25.0,LAL,C,7.0,0.0,2.7,0.1,0.9,0.167,0.0,0.4,0.0,0.1,0.4,0.333,0.167,0.0,0.0,,0.0,0.6,0.6,0.0,0.1,0.0,0.0,0.0,0.3,,2024,0
476.0,AJ Griffin,20.0,ATL,SF,20.0,0.0,8.6,0.9,3.1,0.29,0.5,2.0,0.256,0.4,1.2,0.348,0.371,0.1,0.1,1.0,0.1,0.8,0.9,0.3,0.1,0.1,0.4,0.3,2.4,,2024,0
477.0,Mouhamadou Gueye,25.0,TOR,PF,11.0,0.0,10.9,1.0,3.5,0.289,0.0,0.3,0.0,1.0,3.2,0.314,0.289,0.4,0.8,0.444,1.1,1.0,2.1,0.5,0.3,1.6,1.1,1.4,2.4,,2024,0
478.0,Joe Harris,32.0,DET,SG,16.0,0.0,10.6,0.9,2.4,0.359,0.6,1.9,0.333,0.3,0.6,0.444,0.487,0.1,0.1,0.5,0.2,0.6,0.8,0.6,0.2,0.1,0.3,1.2,2.4,,2024,0
479.0,Cory Joseph,32.0,GSW,PG,26.0,0.0,11.4,0.9,2.5,0.359,0.5,1.6,0.31,0.4,0.8,0.455,0.461,0.2,0.3,0.571,0.2,0.9,1.2,1.6,0.2,0.1,0.5,1.0,2.4,,2024,0
480.0,Xavier Moon,29.0,LAC,SG,14.0,1.0,8.5,1.1,3.3,0.326,0.1,1.2,0.118,0.9,2.1,0.448,0.348,0.1,0.1,0.5,0.6,0.7,1.3,1.5,0.2,0.2,0.4,0.6,2.4,,2024,0
481.0,Jamaree Bouyea,24.0,2TM,PG,9.0,0.0,10.6,1.1,3.1,0.357,0.1,1.0,0.111,1.0,2.1,0.474,0.375,0.0,0.0,,0.3,1.8,2.1,1.2,0.1,0.0,1.0,1.1,2.3,,2024,0
481.0,Jamaree Bouyea,24.0,POR,PG,6.0,0.0,9.5,0.8,3.5,0.238,0.0,1.3,0.0,0.8,2.2,0.385,0.238,0.0,0.0,,0.3,1.3,1.7,1.3,0.0,0.0,1.3,0.5,1.7,,2024,0
481.0,Jamaree Bouyea,24.0,SAS,PG,3.0,0.0,12.7,1.7,2.3,0.714,0.3,0.3,1.0,1.3,2.0,0.667,0.786,0.0,0.0,,0.3,2.7,3.0,1.0,0.3,0.0,0.3,2.3,3.7,,2024,0
482.0,Amari Bailey,19.0,CHO,PG,10.0,0.0,6.5,0.8,2.4,0.333,0.1,0.8,0.125,0.7,1.6,0.438,0.354,0.6,0.7,0.857,0.6,0.3,0.9,0.7,0.3,0.0,0.4,0.2,2.3,,2024,0
483.0,Isaiah Mobley,24.0,CLE,PF,10.0,0.0,7.2,1.0,2.4,0.417,0.3,1.0,0.3,0.7,1.4,0.5,0.479,0.0,0.1,0.0,0.3,0.7,1.0,0.6,0.2,0.0,0.2,0.6,2.3,,2024,0
484.0,Chuma Okeke,25.0,ORL,SF,47.0,8.0,9.2,0.9,2.4,0.357,0.5,1.7,0.28,0.4,0.6,0.567,0.46,0.1,0.1,0.571,0.4,1.3,1.7,0.4,0.2,0.1,0.3,0.4,2.3,,2024,0
485.0,Olivier Sarr,24.0,OKC,C,15.0,0.0,6.5,0.7,1.3,0.579,0.1,0.4,0.333,0.6,0.9,0.692,0.632,0.7,1.0,0.667,0.7,1.7,2.4,0.1,0.0,0.5,0.2,1.2,2.3,,2024,0
486.0,Dereon Seabron,23.0,NOP,SG,6.0,0.0,9.2,0.7,2.2,0.308,0.2,0.3,0.5,0.5,1.8,0.273,0.346,0.8,1.0,0.833,0.2,1.0,1.2,0.8,0.3,0.2,0.0,0.7,2.3,,2024,0
487.0,Cole Swider,24.0,MIA,SF,18.0,0.0,4.8,0.8,2.1,0.395,0.6,1.7,0.333,0.3,0.4,0.625,0.526,0.1,0.1,1.0,0.1,0.3,0.4,0.3,0.1,0.1,0.4,0.2,2.3,,2024,0
488.0,Udoka Azubuike,24.0,PHO,C,16.0,0.0,7.1,1.0,1.4,0.696,0.0,0.0,,1.0,1.4,0.696,0.696,0.2,0.8,0.231,0.7,1.3,2.0,0.2,0.1,0.4,0.3,1.1,2.2,,2024,0
489.0,Reggie Bullock,32.0,HOU,SF,44.0,0.0,9.5,0.8,1.9,0.415,0.6,1.5,0.403,0.2,0.3,0.467,0.579,0.0,0.0,1.0,0.1,1.5,1.7,0.3,0.3,0.1,0.2,0.7,2.2,,2024,0
490.0,Trent Forrest,25.0,ATL,SG,38.0,0.0,10.9,0.9,2.4,0.378,0.1,0.3,0.2,0.8,2.1,0.4,0.389,0.3,0.4,0.765,0.3,1.1,1.3,2.4,0.3,0.1,0.5,0.7,2.2,,2024,0
491.0,Nate Hinton,24.0,HOU,SG,15.0,0.0,5.0,0.7,1.7,0.423,0.5,0.9,0.5,0.3,0.8,0.333,0.558,0.3,0.3,0.8,0.5,1.0,1.5,0.7,0.2,0.1,0.2,0.7,2.2,,2024,0
492.0,Andre Jackson Jr.,22.0,MIL,SG,57.0,8.0,10.0,0.9,1.8,0.5,0.3,0.8,0.37,0.6,0.9,0.611,0.585,0.1,0.2,0.727,0.8,1.2,2.0,0.9,0.3,0.1,0.5,1.6,2.2,,2024,0
493.0,Julian Phillips,20.0,CHI,SF,40.0,0.0,8.1,0.8,1.9,0.416,0.3,1.0,0.316,0.5,1.0,0.513,0.494,0.3,0.5,0.684,0.3,0.6,0.9,0.3,0.2,0.2,0.3,1.0,2.2,,2024,0
494.0,Ish Wainright,29.0,2TM,SF,11.0,0.0,5.6,0.6,2.2,0.292,0.6,1.8,0.35,0.0,0.4,0.0,0.438,0.2,0.2,1.0,0.3,1.0,1.3,0.1,0.4,0.1,0.2,0.7,2.1,,2024,0
494.0,Ish Wainright,29.0,POR,SF,7.0,0.0,6.6,0.9,2.6,0.333,0.9,2.3,0.375,0.0,0.3,0.0,0.5,0.3,0.3,1.0,0.0,1.3,1.3,0.0,0.3,0.1,0.1,0.6,2.9,,2024,0
494.0,Ish Wainright,29.0,PHO,SF,4.0,0.0,4.0,0.3,1.5,0.167,0.3,1.0,0.25,0.0,0.5,0.0,0.25,0.0,0.0,,0.8,0.5,1.3,0.3,0.5,0.0,0.3,1.0,0.8,,2024,0
495.0,Colby Jones,21.0,SAC,SG,30.0,0.0,6.4,0.9,2.4,0.394,0.1,0.7,0.091,0.9,1.6,0.531,0.408,0.2,0.4,0.545,0.6,0.8,1.3,0.7,0.2,0.2,0.3,1.0,2.1,,2024,0
496.0,Mamadi Diakite,27.0,2TM,PF,6.0,0.0,4.0,0.7,1.0,0.667,0.0,0.2,0.0,0.7,0.8,0.8,0.667,0.7,1.0,0.667,0.2,0.5,0.7,0.3,0.2,0.2,0.2,0.3,2.0,,2024,0
496.0,Mamadi Diakite,27.0,SAS,PF,3.0,0.0,5.3,1.3,1.7,0.8,0.0,0.0,,1.3,1.7,0.8,0.8,1.3,2.0,0.667,0.3,0.7,1.0,0.7,0.0,0.3,0.0,0.3,4.0,,2024,0
496.0,Mamadi Diakite,27.0,NYK,PF,3.0,0.0,2.7,0.0,0.3,0.0,0.0,0.3,0.0,0.0,0.0,,0.0,0.0,0.0,,0.0,0.3,0.3,0.0,0.3,0.0,0.3,0.3,0.0,,2024,0
497.0,Kobe Brown,24.0,LAC,PF,44.0,0.0,9.0,0.8,2.0,0.411,0.3,1.1,0.292,0.5,1.0,0.548,0.489,0.0,0.0,0.5,0.5,1.0,1.4,0.6,0.3,0.1,0.2,1.1,2.0,,2024,0
498.0,JD Davison,21.0,BOS,SG,8.0,0.0,4.9,0.6,1.5,0.417,0.4,0.9,0.429,0.3,0.6,0.4,0.542,0.4,0.5,0.75,0.3,1.0,1.3,1.3,0.1,0.1,0.3,0.5,2.0,,2024,0
499.0,Jordan Ford,25.0,SAC,PG,6.0,0.0,3.7,0.7,1.2,0.571,0.3,0.5,0.667,0.3,0.7,0.5,0.714,0.3,0.3,1.0,0.0,0.3,0.3,0.3,0.0,0.0,0.2,0.0,2.0,,2024,0
500.0,Kevon Harris,26.0,ORL,SG,2.0,0.0,3.0,1.0,1.5,0.667,0.0,0.0,,1.0,1.5,0.667,0.667,0.0,0.0,,0.0,1.0,1.0,0.5,0.0,0.0,0.5,1.5,2.0,,2024,0
501.0,D'Moi Hodge,25.0,LAL,SG,7.0,0.0,5.9,0.7,2.1,0.333,0.4,1.7,0.25,0.3,0.4,0.667,0.433,0.1,0.3,0.5,0.0,0.0,0.0,0.7,0.1,0.1,0.1,0.6,2.0,,2024,0
502.0,Ty Jerome,26.0,CLE,SG,2.0,0.0,7.5,1.0,2.0,0.5,0.0,0.5,0.0,1.0,1.5,0.667,0.5,0.0,0.0,,0.5,0.0,0.5,1.5,0.0,0.0,0.5,1.0,2.0,,2024,0
503.0,Markquis Nowell,24.0,TOR,SG,1.0,0.0,4.0,0.0,1.0,0.0,0.0,0.0,,0.0,1.0,0.0,0.0,2.0,2.0,1.0,2.0,0.0,2.0,2.0,1.0,0.0,0.0,0.0,2.0,,2024,0
504.0,Jericho Sims,25.0,NYK,C,45.0,11.0,13.0,0.8,1.2,0.691,0.0,0.0,,0.8,1.2,0.691,0.691,0.4,0.5,0.667,1.2,2.0,3.3,0.6,0.2,0.4,0.4,1.0,2.0,,2024,0
505.0,Lindell Wigginton,25.0,MIL,PG,3.0,0.0,2.7,0.7,1.7,0.4,0.0,0.7,0.0,0.7,1.0,0.667,0.4,0.7,0.7,1.0,0.0,0.0,0.0,0.0,0.0,0.0,0.3,0.3,2.0,,2024,0
506.0,Isaiah Wong,23.0,IND,SG,1.0,0.0,4.0,1.0,3.0,0.333,0.0,1.0,0.0,1.0,2.0,0.5,0.333,0.0,0.0,,0.0,0.0,0.0,0.0,0.0,0.0,0.0,0.0,2.0,,2024,0
507.0,Justin Minaya,24.0,POR,SF,34.0,1.0,11.2,0.6,2.2,0.297,0.4,1.4,0.245,0.3,0.7,0.4,0.378,0.1,0.3,0.556,0.9,0.8,1.6,0.6,0.3,0.3,0.3,1.0,1.8,,2024,0
508.0,Daishen Nix,21.0,MIN,PG,15.0,0.0,3.3,0.6,1.6,0.375,0.4,1.1,0.353,0.2,0.5,0.429,0.5,0.2,0.4,0.5,0.1,0.1,0.2,0.4,0.3,0.0,0.3,0.1,1.8,,2024,0
509.0,Cody Zeller,31.0,NOP,C,43.0,0.0,7.4,0.6,1.4,0.419,0.0,0.1,0.333,0.6,1.4,0.424,0.427,0.5,0.9,0.605,1.1,1.5,2.6,0.9,0.2,0.1,0.4,1.0,1.8,,2024,0
510.0,Taj Gibson,38.0,2TM,PF,20.0,1.0,10.2,0.8,1.9,0.405,0.1,0.5,0.2,0.7,1.4,0.481,0.432,0.1,0.1,1.0,0.6,1.3,1.9,0.6,0.2,0.4,0.3,1.6,1.7,,2024,0
510.0,Taj Gibson,38.0,NYK,PF,16.0,1.0,10.3,0.4,1.4,0.304,0.0,0.4,0.0,0.4,1.1,0.412,0.304,0.1,0.1,1.0,0.6,1.1,1.8,0.6,0.1,0.4,0.3,1.8,1.0,,2024,0
510.0,Taj Gibson,38.0,DET,PF,4.0,0.0,9.8,2.0,3.5,0.571,0.5,1.0,0.5,1.5,2.5,0.6,0.643,0.0,0.0,,0.5,1.8,2.3,0.5,0.3,0.3,0.0,0.8,4.5,,2024,0
511.0,P.J. Tucker,38.0,2TM,PF,31.0,10.0,15.7,0.6,1.6,0.36,0.4,1.1,0.371,0.2,0.5,0.333,0.49,0.1,0.1,1.0,0.9,1.8,2.7,0.5,0.5,0.2,0.3,1.7,1.7,,2024,0
511.0,P.J. Tucker,38.0,PHI,PF,3.0,3.0,22.0,0.7,1.7,0.4,0.7,1.7,0.4,0.0,0.0,,0.6,0.0,0.0,,0.3,4.3,4.7,0.0,1.0,0.7,0.7,3.0,2.0,,2024,0
511.0,P.J. Tucker,38.0,LAC,PF,28.0,7.0,15.0,0.6,1.6,0.356,0.4,1.1,0.367,0.2,0.5,0.333,0.478,0.1,0.1,1.0,1.0,1.6,2.5,0.6,0.5,0.2,0.2,1.6,1.6,,2024,0
512.0,Kessler Edwards,23.0,SAC,SF,54.0,0.0,5.1,0.6,1.5,0.415,0.4,1.0,0.385,0.3,0.6,0.467,0.537,0.1,0.2,0.556,0.2,0.6,0.8,0.3,0.2,0.1,0.1,0.5,1.7,,2024,0
513.0,Leonard Miller,20.0,MIN,SF,17.0,0.0,3.1,0.8,1.2,0.65,0.1,0.3,0.4,0.6,0.9,0.733,0.7,0.1,0.1,0.5,0.3,0.9,1.2,0.5,0.1,0.1,0.1,0.3,1.7,,2024,0
514.0,Jason Preston,24.0,UTA,PG,7.0,0.0,10.1,0.9,2.7,0.316,0.0,0.4,0.0,0.9,2.3,0.375,0.316,0.0,0.0,,0.9,1.6,2.4,2.3,0.3,0.1,0.3,0.4,1.7,,2024,0
515.0,Jordan Walsh,19.0,BOS,SF,9.0,1.0,9.2,0.7,1.7,0.4,0.2,1.0,0.222,0.4,0.7,0.667,0.467,0.1,0.2,0.5,0.6,1.7,2.2,0.6,0.6,0.1,0.3,1.2,1.7,,2024,0
516.0,Jalen Hood-Schifino,20.0,LAL,SG,21.0,0.0,5.2,0.5,2.1,0.222,0.1,0.7,0.133,0.4,1.4,0.267,0.244,0.6,1.0,0.6,0.1,0.5,0.6,0.4,0.1,0.1,0.4,0.6,1.6,,2024,0
517.0,Jett Howard,20.0,ORL,SF,18.0,0.0,3.7,0.6,1.7,0.333,0.4,1.4,0.28,0.2,0.3,0.6,0.45,0.1,0.2,0.5,0.1,0.3,0.4,0.3,0.1,0.1,0.2,0.2,1.6,,2024,0
518.0,Seth Lundy,23.0,ATL,SF,9.0,0.0,5.8,0.4,1.9,0.235,0.3,1.4,0.231,0.1,0.4,0.25,0.324,0.3,0.4,0.75,0.1,0.7,0.8,0.0,0.0,0.0,0.1,0.7,1.6,,2024,0
519.0,Jordan Miller,24.0,LAC,SF,8.0,0.0,3.5,0.6,1.1,0.556,0.1,0.3,0.5,0.5,0.9,0.571,0.611,0.3,0.3,1.0,0.4,0.3,0.6,0.0,0.0,0.0,0.1,0.3,1.6,,2024,0
520.0,Josh Minott,21.0,MIN,SF,32.0,0.0,2.8,0.5,1.1,0.472,0.1,0.3,0.4,0.4,0.8,0.5,0.528,0.4,0.4,0.857,0.1,0.4,0.5,0.3,0.2,0.2,0.1,0.3,1.6,,2024,0
521.0,Jalen Pickett,24.0,DEN,SG,27.0,0.0,4.5,0.6,1.3,0.429,0.3,0.9,0.36,0.2,0.4,0.6,0.557,0.1,0.1,0.75,0.0,0.5,0.5,0.8,0.1,0.0,0.3,0.5,1.6,,2024,0
522.0,Ibou Badji,21.0,POR,C,22.0,1.0,10.3,0.6,1.0,0.636,0.0,0.0,,0.6,1.0,0.636,0.636,0.3,0.5,0.5,0.9,1.4,2.3,0.6,0.1,0.9,0.7,2.1,1.5,,2024,0
523.0,Colin Castleton,23.0,LAL,C,16.0,0.0,3.7,0.6,1.0,0.563,0.0,0.0,,0.6,1.0,0.563,0.563,0.4,0.4,1.0,0.4,0.4,0.8,0.2,0.1,0.0,0.2,0.7,1.5,,2024,0
524.0,Adam Flagler,24.0,OKC,SG,2.0,0.0,7.0,0.5,3.5,0.143,0.5,3.0,0.167,0.0,0.5,0.0,0.214,0.0,0.0,,0.0,0.0,0.0,2.0,0.0,0.0,0.0,0.0,1.5,,2024,0
525.0,Dariq Whitehead,19.0,BRK,SF,2.0,0.0,12.0,0.5,2.5,0.2,0.0,1.5,0.0,0.5,1.0,0.5,0.2,0.5,1.0,0.5,0.0,2.0,2.0,1.5,0.0,0.5,0.0,0.0,1.5,,2024,0
526.0,Terry Taylor,24.0,CHI,PF,31.0,0.0,6.1,0.6,1.3,0.513,0.1,0.3,0.222,0.6,1.0,0.6,0.538,0.1,0.2,0.8,0.5,0.6,1.2,0.3,0.2,0.1,0.2,0.5,1.5,,2024,0
527.0,Jack White,26.0,MEM,SF,4.0,0.0,16.0,0.5,4.0,0.125,0.5,2.5,0.2,0.0,1.5,0.0,0.188,0.0,0.0,,1.0,2.0,3.0,0.3,1.0,0.3,0.5,0.8,1.5,,2024,0
528.0,Kendall Brown,20.0,IND,SG,15.0,0.0,4.2,0.5,1.0,0.533,0.0,0.1,0.0,0.5,0.9,0.615,0.533,0.3,0.5,0.625,0.2,0.1,0.3,0.3,0.0,0.0,0.1,0.6,1.4,,2024,0
529.0,Mason Jones,25.0,SAC,SG,5.0,0.0,5.6,0.4,1.6,0.25,0.4,1.4,0.286,0.0,0.2,0.0,0.375,0.2,0.4,0.5,0.2,0.8,1.0,1.0,0.2,0.0,0.4,0.6,1.4,,2024,0
530.0,Jerome Robinson,26.0,GSW,SG,22.0,0.0,3.7,0.5,1.5,0.333,0.1,0.8,0.118,0.4,0.7,0.563,0.364,0.3,0.5,0.636,0.0,0.2,0.3,0.2,0.0,0.1,0.1,0.2,1.4,,2024,0
531.0,Jermaine Samuels,25.0,HOU,SF,14.0,0.0,4.3,0.6,1.0,0.643,0.0,0.1,0.0,0.6,0.9,0.75,0.643,0.1,0.1,1.0,0.2,0.7,0.9,0.2,0.1,0.1,0.0,0.4,1.4,,2024,0
532.0,Jacob Toppin,23.0,NYK,SF,9.0,0.0,4.2,0.6,1.0,0.556,0.1,0.4,0.25,0.4,0.6,0.8,0.611,0.2,0.2,1.0,0.3,0.4,0.8,0.3,0.0,0.1,0.1,0.3,1.4,,2024,0
533.0,R.J. Hampton,22.0,MIA,PG,8.0,2.0,9.5,0.5,1.8,0.286,0.1,1.0,0.125,0.4,0.8,0.5,0.321,0.1,0.3,0.5,0.3,0.5,0.8,1.0,0.0,0.0,0.4,1.0,1.3,,2024,0
534.0,Nathan Mensah,25.0,CHO,C,25.0,0.0,12.3,0.5,1.1,0.429,0.0,0.0,,0.5,1.1,0.429,0.429,0.4,0.5,0.75,1.2,1.4,2.6,0.4,0.2,0.6,0.6,2.6,1.3,,2024,0
535.0,Isaiah Thomas,34.0,PHO,PG,6.0,0.0,3.2,0.5,1.7,0.3,0.3,0.7,0.5,0.2,1.0,0.167,0.4,0.0,0.0,,0.0,0.0,0.0,0.5,0.0,0.0,0.0,0.0,1.3,,2024,0
536.0,TyTy Washington Jr.,22.0,MIL,PG,11.0,0.0,5.1,0.5,1.8,0.3,0.2,0.5,0.333,0.4,1.3,0.286,0.35,0.0,0.0,,0.1,0.4,0.5,0.5,0.3,0.0,0.2,0.1,1.3,,2024,0
537.0,Jay Huff,25.0,DEN,C,20.0,0.0,2.5,0.5,0.8,0.6,0.2,0.5,0.333,0.3,0.3,1.0,0.7,0.1,0.1,1.0,0.1,0.5,0.6,0.1,0.1,0.2,0.1,0.5,1.2,,2024,0
538.0,Keyontae Johnson,23.0,OKC,SF,9.0,0.0,7.3,0.6,1.8,0.313,0.1,0.3,0.333,0.4,1.4,0.308,0.344,0.0,0.0,,0.4,0.7,1.1,0.4,0.1,0.0,0.4,0.6,1.2,,2024,0
539.0,Chris Livingston,20.0,MIL,SF,21.0,0.0,4.3,0.5,1.0,0.5,0.0,0.2,0.2,0.5,0.8,0.588,0.523,0.1,0.2,0.75,0.1,0.9,1.0,0.2,0.1,0.0,0.2,0.7,1.2,,2024,0
540.0,Braxton Key,26.0,DEN,SF,20.0,0.0,3.0,0.4,0.9,0.412,0.1,0.3,0.4,0.3,0.6,0.417,0.471,0.3,0.4,0.75,0.2,0.8,0.9,0.5,0.1,0.1,0.1,0.3,1.1,,2024,0
541.0,Robin Lopez,35.0,MIL,C,16.0,2.0,4.1,0.4,1.2,0.368,0.1,0.5,0.25,0.3,0.7,0.455,0.421,0.1,0.1,1.0,0.2,0.1,0.3,0.3,0.1,0.2,0.1,0.4,1.1,,2024,0
542.0,Admiral Schofield,26.0,ORL,PF,23.0,0.0,3.7,0.4,1.1,0.385,0.3,0.7,0.375,0.2,0.4,0.4,0.5,0.0,0.1,0.0,0.1,0.6,0.7,0.3,0.0,0.0,0.2,0.4,1.1,,2024,0
543.0,Hunter Tyson,23.0,DEN,PF,18.0,0.0,2.7,0.4,1.1,0.4,0.2,0.8,0.286,0.2,0.3,0.667,0.5,0.0,0.0,,0.1,0.4,0.5,0.1,0.1,0.0,0.1,0.6,1.1,,2024,0
544.0,Filip Petrušev,23.0,2TM,C,3.0,0.0,3.3,0.3,0.7,0.5,0.0,0.0,,0.3,0.7,0.5,0.5,0.3,0.7,0.5,0.0,0.3,0.3,0.0,0.0,0.0,0.0,0.3,1.0,,2024,0
544.0,Filip Petrušev,23.0,PHI,C,1.0,0.0,3.0,0.0,0.0,,0.0,0.0,,0.0,0.0,,,0.0,0.0,,0.0,1.0,1.0,0.0,0.0,0.0,0.0,0.0,0.0,,2024,0
544.0,Filip Petrušev,23.0,SAC,C,2.0,0.0,3.5,0.5,1.0,0.5,0.0,0.0,,0.5,1.0,0.5,0.5,0.5,1.0,0.5,0.0,0.0,0.0,0.0,0.0,0.0,0.0,0.5,1.5,,2024,0
545.0,Hamidou Diallo,25.0,WAS,SG,2.0,0.0,2.5,0.5,1.0,0.5,0.0,0.0,,0.5,1.0,0.5,0.5,0.0,0.0,,1.0,0.0,1.0,0.5,1.0,0.0,0.5,0.5,1.0,,2024,0
546.0,Frank Ntilikina,25.0,CHO,PG,5.0,0.0,8.6,0.2,1.8,0.111,0.2,1.6,0.125,0.0,0.2,0.0,0.167,0.4,0.4,1.0,0.2,1.0,1.2,0.8,0.0,0.0,0.2,0.8,1.0,,2024,0
547.0,Joshua Primo,21.0,LAC,SG,2.0,0.0,5.0,0.5,1.5,0.333,0.0,0.5,0.0,0.5,1.0,0.5,0.333,0.0,0.0,,0.5,0.0,0.5,0.0,0.0,0.5,2.0,0.0,1.0,,2024,0
548.0,Thanasis Antetokounmpo,31.0,MIL,PF,34.0,0.0,4.6,0.5,0.9,0.533,0.0,0.0,0.0,0.5,0.9,0.552,0.533,0.0,0.1,0.0,0.2,0.2,0.4,0.5,0.2,0.1,0.4,0.7,0.9,,2024,0
549.0,James Johnson,36.0,IND,PF,9.0,0.0,5.2,0.3,1.1,0.3,0.0,0.2,0.0,0.3,0.9,0.375,0.3,0.2,0.2,1.0,0.1,0.3,0.4,0.9,0.6,0.1,0.6,1.0,0.9,,2024,0
550.0,Charlie Brown Jr.,26.0,NYK,SG,8.0,0.0,4.6,0.3,1.3,0.2,0.3,0.9,0.286,0.0,0.4,0.0,0.3,0.0,0.0,,0.1,0.1,0.3,0.0,0.0,0.3,0.3,0.6,0.8,,2024,0
551.0,DaQuan Jeffries,26.0,NYK,SG,17.0,0.0,2.7,0.4,1.0,0.353,0.1,0.6,0.2,0.2,0.4,0.571,0.412,0.0,0.1,0.0,0.0,0.3,0.3,0.3,0.0,0.1,0.2,0.1,0.8,,2024,0
552.0,Shaquille Harrison,30.0,MEM,SG,3.0,0.0,2.0,0.3,0.7,0.5,0.0,0.0,,0.3,0.7,0.5,0.5,0.0,0.0,,0.0,0.7,0.7,0.0,0.0,0.3,0.0,0.0,0.7,,2024,0
553.0,Quenton Jackson,25.0,IND,PG,3.0,0.0,3.7,0.0,0.3,0.0,0.0,0.0,,0.0,0.3,0.0,0.0,0.7,0.7,1.0,0.0,1.3,1.3,0.7,0.3,0.0,0.0,0.3,0.7,,2024,0
554.0,Wendell Moore Jr.,22.0,MIN,SG,25.0,0.0,3.0,0.4,0.7,0.5,0.0,0.2,0.0,0.4,0.5,0.75,0.5,0.0,0.0,,0.0,0.5,0.5,0.2,0.2,0.0,0.2,0.2,0.7,,2024,0
555.0,Jalen Slawson,24.0,SAC,SF,12.0,0.0,3.1,0.3,0.5,0.667,0.0,0.2,0.0,0.3,0.3,1.0,0.667,0.0,0.0,,0.1,0.5,0.6,0.2,0.1,0.1,0.2,0.7,0.7,,2024,0
556.0,Pat Spencer,27.0,GSW,PG,6.0,0.0,4.3,0.3,0.7,0.5,0.0,0.3,0.0,0.3,0.3,1.0,0.5,0.0,0.0,,0.3,0.3,0.7,0.8,0.0,0.0,0.2,0.2,0.7,,2024,0
557.0,Alondes Williams,24.0,MIA,SG,7.0,0.0,2.3,0.3,1.1,0.25,0.0,0.6,0.0,0.3,0.6,0.5,0.25,0.1,0.1,1.0,0.0,0.1,0.1,0.0,0.0,0.1,0.3,0.3,0.7,,2024,0
558.0,Juan Toscano-Anderson,30.0,SAC,SF,11.0,0.0,4.8,0.3,1.1,0.25,0.1,0.4,0.25,0.2,0.7,0.25,0.292,0.0,0.0,,0.4,0.9,1.3,0.4,0.1,0.1,0.2,1.0,0.6,,2024,0
559.0,Usman Garuba,21.0,GSW,PF,6.0,0.0,3.0,0.2,1.0,0.167,0.0,0.2,0.0,0.2,0.8,0.2,0.167,0.2,0.3,0.5,0.5,0.7,1.2,0.2,0.2,0.5,0.3,0.3,0.5,,2024,0
560.0,E.J. Liddell,23.0,NOP,PF,8.0,0.0,2.9,0.1,0.8,0.167,0.0,0.6,0.0,0.1,0.1,1.0,0.167,0.3,0.3,1.0,0.0,0.6,0.6,0.1,0.3,0.3,0.3,0.3,0.5,,2024,0
561.0,Pete Nance,23.0,CLE,PF,8.0,0.0,3.4,0.1,0.8,0.167,0.1,0.1,1.0,0.0,0.6,0.0,0.25,0.0,0.3,0.0,0.0,0.4,0.4,0.0,0.1,0.0,0.1,0.3,0.4,,2024,0
562.0,Maxwell Lewis,21.0,LAL,SF,34.0,0.0,3.0,0.1,0.6,0.19,0.0,0.3,0.111,0.1,0.4,0.25,0.214,0.1,0.1,0.667,0.1,0.1,0.1,0.2,0.1,0.0,0.3,0.1,0.3,,2024,0
563.0,Ryan Arcidiacono,29.0,NYK,PG,20.0,0.0,2.3,0.0,0.3,0.0,0.0,0.3,0.0,0.0,0.0,,0.0,0.0,0.0,,0.0,0.4,0.4,0.2,0.1,0.0,0.1,0.3,0.0,,2024,0
564.0,Malcolm Cazalon,22.0,DET,SG,1.0,0.0,3.0,0.0,0.0,,0.0,0.0,,0.0,0.0,,,0.0,0.0,,0.0,0.0,0.0,0.0,0.0,0.0,0.0,0.0,0.0,,2024,0
565.0,Jalen Crutcher,24.0,NOP,PG,1.0,0.0,3.0,0.0,1.0,0.0,0.0,0.0,,0.0,1.0,0.0,0.0,0.0,0.0,,0.0,0.0,0.0,0.0,0.0,0.0,0.0,0.0,0.0,,2024,0
566.0,Andrew Funk,24.0,CHI,SG,5.0,0.0,2.6,0.0,0.8,0.0,0.0,0.6,0.0,0.0,0.2,0.0,0.0,0.0,0.0,,0.0,0.0,0.0,0.0,0.2,0.2,0.0,0.0,0.0,,2024,0
567.0,Kaiser Gates,27.0,NOP,SF,1.0,0.0,7.0,0.0,4.0,0.0,0.0,2.0,0.0,0.0,2.0,0.0,0.0,0.0,0.0,,0.0,1.0,1.0,0.0,0.0,0.0,0.0,0.0,0.0,,2024,0
568.0,Danny Green,36.0,PHI,SG,2.0,0.0,9.0,0.0,1.0,0.0,0.0,0.5,0.0,0.0,0.5,0.0,0.0,0.0,0.0,,0.0,1.0,1.0,0.5,0.5,0.0,0.0,0.5,0.0,,2024,0
569.0,Ron Harper Jr.,23.0,TOR,PF,1.0,0.0,4.0,0.0,0.0,,0.0,0.0,,0.0,0.0,,,0.0,0.0,,0.0,0.0,0.0,1.0,0.0,0.0,0.0,2.0,0.0,,2024,0
570.0,Justin Jackson,28.0,MIN,SF,2.0,0.0,0.5,0.0,0.0,,0.0,0.0,,0.0,0.0,,,0.0,0.0,,0.0,0.0,0.0,0.0,0.0,0.0,0.0,0.0,0.0,,2024,0
571.0,Dmytro Skapintsev,25.0,NYK,C,2.0,0.0,1.0,0.0,0.5,0.0,0.0,0.0,,0.0,0.5,0.0,0.0,0.0,0.0,,0.0,0.0,0.0,0.0,0.0,0.0,0.0,0.0,0.0,,2024,0
572.0,Javonte Smart,24.0,PHI,PG,1.0,0.0,1.0,0.0,0.0,,0.0,0.0,,0.0,0.0,,,0.0,0.0,,0.0,0.0,0.0,0.0,0.0,0.0,0.0,0.0,0.0,,2024,0
15.0,Anthony Davis,31.0,DAL,PF,9.0,9.0,29.6,7.8,16.9,0.461,0.8,3.3,0.233,7.0,13.6,0.516,0.484,3.7,5.3,0.688,1.7,8.4,10.1,4.4,0.6,2.2,2.2,1.8,20.0,,2025,1
28.0,De'Aaron Fox,27.0,SAS,PG,17.0,17.0,34.0,7.4,16.5,0.446,1.5,5.6,0.274,5.8,10.9,0.535,0.493,3.5,4.2,0.819,0.5,3.8,4.3,6.8,1.5,0.3,2.4,2.7,19.7,,2025,0
29.0,Zach LaVine,29.0,SAC,SG,32.0,32.0,36.6,8.2,16.0,0.511,3.2,7.2,0.446,5.0,8.8,0.564,0.611,2.8,3.2,0.874,0.3,3.2,3.5,3.8,0.6,0.1,2.7,1.8,22.4,,2025,1
31.0,James Harden,35.0,LAC,PG,79.0,79.0,35.3,6.7,16.4,0.41,3.0,8.5,0.352,3.7,7.9,0.472,0.501,6.4,7.3,0.874,0.7,5.1,5.8,8.7,1.5,0.7,4.3,2.1,22.8,,2025,1
32.0,Jaylen Brown,28.0,BOS,SF,63.0,63.0,34.3,8.2,17.7,0.463,1.8,5.7,0.324,6.4,12.1,0.529,0.515,3.9,5.1,0.764,1.3,4.5,5.8,4.5,1.2,0.3,2.6,2.4,22.2,,2025,1
33.0,DeMar DeRozan,35.0,SAC,SF,77.0,77.0,35.9,8.1,17.0,0.477,1.1,3.3,0.328,7.0,13.7,0.513,0.509,4.9,5.7,0.857,0.6,3.2,3.9,4.4,0.8,0.4,1.4,1.9,22.2,,2025,1
34.0,Brandon Ingram,27.0,NOP,SF,18.0,18.0,33.1,8.6,18.5,0.465,2.4,6.4,0.374,6.2,12.1,0.514,0.53,2.6,3.1,0.855,0.9,4.6,5.6,5.2,0.9,0.6,3.8,2.5,22.2,,2025,1
35.0,Jaren Jackson Jr.,25.0,MEM,C,74.0,74.0,29.8,8.0,16.4,0.488,2.0,5.3,0.375,6.0,11.1,0.541,0.548,4.2,5.4,0.781,1.2,4.4,5.6,2.0,1.2,1.5,2.1,3.5,22.2,,2025,1
36.0,Norman Powell,31.0,LAC,SG,60.0,60.0,32.6,7.6,15.8,0.484,3.0,7.1,0.418,4.6,8.6,0.538,0.578,3.6,4.4,0.804,0.4,2.8,3.2,2.1,1.2,0.2,1.8,1.9,21.8,,2025,1
37.0,Jalen Williams,23.0,OKC,SG,69.0,69.0,32.4,8.2,16.9,0.484,1.8,4.9,0.365,6.4,12.0,0.533,0.537,3.4,4.3,0.789,0.9,4.5,5.3,5.1,1.6,0.7,2.2,2.3,21.6,,2025,1
38.0,Kawhi Leonard,33.0,LAC,SF,37.0,37.0,31.9,8.4,16.8,0.498,2.1,5.1,0.411,6.3,11.7,0.536,0.56,2.6,3.3,0.81,0.9,5.0,5.9,3.1,1.6,0.5,1.9,1.5,21.5,,2025,1
39.0,Jamal Murray,27.0,DEN,PG,67.0,67.0,36.1,7.9,16.7,0.474,2.3,5.9,0.393,5.6,10.8,0.518,0.543,3.3,3.7,0.886,0.7,3.2,3.9,6.0,1.4,0.5,2.1,1.9,21.4,,2025,1
40.0,Trey Murphy III,24.0,NOP,SF,53.0,51.0,35.0,7.2,15.8,0.454,3.0,8.3,0.361,4.2,7.6,0.556,0.548,3.8,4.3,0.887,0.9,4.2,5.1,3.5,1.1,0.7,1.9,2.1,21.2,,2025,1
41.0,RJ Barrett,24.0,TOR,SF,58.0,58.0,32.2,7.9,16.9,0.468,1.8,5.3,0.35,6.1,11.7,0.522,0.523,3.4,5.4,0.63,1.1,5.3,6.3,5.4,0.8,0.3,2.8,2.4,21.1,,2025,1
42.0,CJ McCollum,33.0,NOP,PG,56.0,56.0,32.7,7.9,17.9,0.444,3.1,8.2,0.373,4.9,9.7,0.505,0.53,2.2,3.1,0.717,0.8,3.0,3.8,4.1,0.8,0.4,1.9,2.2,21.1,,2025,1
43.0,Jalen Green,22.0,HOU,SG,82.0,82.0,32.9,7.4,17.5,0.423,2.9,8.1,0.354,4.6,9.5,0.482,0.505,3.3,4.1,0.813,0.5,4.0,4.6,3.4,0.9,0.3,2.5,1.5,21.0,,2025,1
44.0,Brandon Miller,22.0,CHO,SF,27.0,27.0,34.2,7.3,18.2,0.403,3.9,10.9,0.355,3.5,7.3,0.475,0.509,2.5,2.9,0.861,0.9,3.9,4.9,3.6,1.1,0.7,2.8,2.7,21.0,,2025,1
45.0,Darius Garland,25.0,CLE,PG,75.0,75.0,30.7,7.4,15.7,0.472,2.8,7.1,0.401,4.6,8.6,0.53,0.562,3.0,3.4,0.878,0.6,2.2,2.9,6.7,1.2,0.1,2.5,1.9,20.6,,2025,1
46.0,Jordan Poole,25.0,WAS,SG,68.0,68.0,29.4,6.7,15.5,0.432,3.5,9.1,0.378,3.3,6.4,0.51,0.544,3.6,4.0,0.883,0.5,2.5,3.0,4.5,1.3,0.4,3.0,3.0,20.5,,2025,1
47.0,Coby White,24.0,CHI,SG,74.0,73.0,33.1,6.9,15.1,0.453,2.9,7.9,0.37,3.9,7.3,0.544,0.55,3.7,4.1,0.902,0.3,3.4,3.7,4.5,0.9,0.2,2.4,2.1,20.4,,2025,1
48.0,Miles Bridges,26.0,CHO,PF,64.0,64.0,31.7,7.3,17.0,0.431,2.2,7.0,0.313,5.1,10.0,0.513,0.495,3.5,4.0,0.87,1.1,6.4,7.5,3.9,0.7,0.7,2.1,1.5,20.3,,2025,1
49.0,Austin Reaves,26.0,LAL,SG,73.0,73.0,34.9,6.5,14.2,0.46,2.7,7.3,0.377,3.8,6.9,0.547,0.556,4.4,5.0,0.877,0.8,3.7,4.5,5.8,1.1,0.3,2.4,2.1,20.2,,2025,1
50.0,Pascal Siakam,30.0,IND,PF,78.0,78.0,32.7,7.9,15.2,0.519,1.6,4.2,0.389,6.2,11.0,0.568,0.572,2.9,3.9,0.734,1.7,5.2,6.9,3.4,0.9,0.5,1.4,2.4,20.2,,2025,1
51.0,Kristaps Porziņģis,29.0,BOS,C,42.0,42.0,28.8,6.6,13.7,0.483,2.5,6.0,0.412,4.1,7.7,0.537,0.572,3.8,4.7,0.809,1.6,5.1,6.8,2.1,0.7,1.5,1.3,2.8,19.5,,2025,0
52.0,Scottie Barnes,23.0,TOR,PF,65.0,65.0,32.8,7.3,16.4,0.446,1.2,4.3,0.271,6.1,12.0,0.508,0.482,3.5,4.6,0.755,1.7,6.0,7.7,5.8,1.4,1.0,2.8,1.7,19.3,,2025,0
53.0,Anfernee Simons,25.0,POR,SG,70.0,70.0,32.7,6.8,16.1,0.426,3.1,8.5,0.363,3.8,7.6,0.496,0.521,2.5,2.8,0.902,0.4,2.3,2.7,4.8,0.9,0.1,2.0,1.7,19.3,,2025,0
54.0,Desmond Bane,26.0,MEM,SG,69.0,68.0,32.0,7.1,14.8,0.484,2.4,6.1,0.392,4.8,8.7,0.548,0.565,2.6,2.9,0.894,0.9,5.2,6.1,5.3,1.2,0.4,2.4,2.4,19.2,,2025,0
55.0,Domantas Sabonis,28.0,SAC,C,70.0,70.0,34.7,7.5,12.8,0.59,0.9,2.2,0.417,6.6,10.5,0.627,0.627,3.1,4.1,0.754,3.8,10.1,13.9,6.0,0.7,0.4,2.9,3.3,19.1,,2025,0
56.0,Alperen Şengün,22.0,HOU,C,76.0,76.0,31.5,7.5,15.0,0.496,0.3,1.2,0.233,7.2,13.9,0.519,0.505,3.9,5.6,0.692,3.4,6.9,10.3,4.9,1.1,0.8,2.6,2.8,19.1,,2025,0
57.0,John Collins,27.0,UTA,PF,40.0,31.0,30.5,7.0,13.3,0.527,1.5,3.7,0.399,5.5,9.6,0.577,0.583,3.5,4.1,0.848,2.2,6.0,8.2,2.0,1.0,1.0,2.6,2.9,19.0,,2025,0
58.0,Lauri Markkanen,27.0,UTA,PF,47.0,47.0,31.4,6.3,14.9,0.423,2.9,8.5,0.346,3.4,6.4,0.525,0.521,3.4,3.9,0.876,1.5,4.4,5.9,1.5,0.7,0.4,1.4,1.7,19.0,,2025,0
59.0,Jalen Johnson,23.0,ATL,SF,36.0,36.0,35.7,7.5,15.1,0.5,1.2,3.9,0.312,6.3,11.1,0.566,0.541,2.6,3.5,0.746,1.7,8.3,10.0,5.0,1.6,1.0,2.9,1.9,18.9,,2025,0
60.0,Cameron Johnson,28.0,BRK,PF,57.0,57.0,31.6,6.2,13.1,0.475,2.8,7.2,0.39,3.4,5.9,0.578,0.582,3.5,3.9,0.893,0.9,3.4,4.3,3.4,0.9,0.4,1.7,1.8,18.8,,2025,0
61.0,Julius Randle,30.0,MIN,PF,69.0,69.0,32.3,6.6,13.6,0.485,1.6,4.6,0.344,5.0,9.1,0.555,0.542,3.9,4.9,0.806,2.1,5.0,7.1,4.7,0.7,0.2,2.8,2.5,18.7,,2025,0
62.0,Tyrese Haliburton,24.0,IND,PG,73.0,73.0,33.6,6.5,13.8,0.473,3.0,7.7,0.388,3.5,6.1,0.581,0.582,2.6,3.0,0.851,0.6,3.0,3.5,9.2,1.4,0.7,1.6,1.3,18.6,,2025,0
63.0,Evan Mobley,23.0,CLE,PF,71.0,71.0,30.5,7.1,12.8,0.557,1.2,3.2,0.37,5.9,9.5,0.621,0.604,3.1,4.3,0.725,2.3,7.0,9.3,3.2,0.9,1.6,2.0,2.0,18.5,,2025,0
64.0,Shaedon Sharpe,21.0,POR,SG,72.0,52.0,31.3,6.9,15.3,0.452,2.0,6.6,0.311,4.9,8.8,0.557,0.519,2.6,3.4,0.785,0.9,3.6,4.5,2.8,0.9,0.2,2.1,1.7,18.5,,2025,0
65.0,Nikola Vučević,34.0,CHI,C,73.0,72.0,31.2,7.5,14.2,0.53,1.8,4.4,0.402,5.8,9.8,0.587,0.592,1.6,2.0,0.805,2.4,7.6,10.1,3.5,0.8,0.7,1.6,2.2,18.5,,2025,0
66.0,Collin Sexton,26.0,UTA,SG,63.0,61.0,27.9,6.6,13.8,0.48,1.7,4.3,0.406,4.9,9.5,0.513,0.543,3.4,4.0,0.865,1.0,1.8,2.7,4.2,0.7,0.1,2.5,2.3,18.4,,2025,0
67.0,Michael Porter Jr.,26.0,DEN,SF,77.0,77.0,33.7,6.9,13.6,0.504,2.5,6.4,0.395,4.4,7.3,0.599,0.596,1.9,2.5,0.768,1.8,5.2,7.0,2.1,0.6,0.5,1.4,2.0,18.2,,2025,0
68.0,Bam Adebayo,27.0,MIA,C,78.0,78.0,34.3,6.9,14.3,0.485,1.0,2.8,0.357,5.9,11.4,0.517,0.521,3.2,4.2,0.765,2.4,7.2,9.6,4.3,1.3,0.7,2.1,2.1,18.1,,2025,0
69.0,Andrew Wiggins,29.0,2TM,SF,60.0,60.0,30.7,6.3,14.0,0.448,2.2,5.8,0.374,4.1,8.2,0.501,0.526,3.3,4.3,0.763,1.5,3.0,4.5,2.6,1.0,0.8,1.7,1.7,18.0,,2025,0
69.0,Andrew Wiggins,29.0,GSW,SF,43.0,43.0,30.1,6.1,13.7,0.444,2.2,5.8,0.379,3.9,7.9,0.491,0.524,3.2,4.2,0.777,1.5,3.0,4.6,2.4,0.9,0.8,1.3,1.6,17.6,,2025,0
69.0,Andrew Wiggins,29.0,MIA,SF,17.0,17.0,32.1,6.8,14.8,0.458,2.1,5.9,0.36,4.6,8.9,0.523,0.53,3.4,4.6,0.731,1.4,2.9,4.2,3.3,1.2,1.0,2.5,1.8,19.0,,2025,0
70.0,OG Anunoby,27.0,NYK,PF,74.0,74.0,36.6,6.6,13.9,0.476,2.3,6.2,0.372,4.3,7.7,0.561,0.559,2.5,3.1,0.81,1.3,3.5,4.8,2.2,1.5,0.9,1.4,2.3,18.0,,2025,0
71.0,Mikal Bridges,28.0,NYK,SF,82.0,82.0,37.0,7.2,14.4,0.5,2.0,5.6,0.354,5.2,8.8,0.594,0.57,1.2,1.4,0.814,0.9,2.3,3.2,3.7,0.9,0.5,1.6,1.5,17.6,,2025,0
72.0,Jaden Ivey,22.0,DET,SG,30.0,30.0,29.9,6.3,13.8,0.46,2.1,5.1,0.409,4.2,8.6,0.49,0.536,2.8,3.9,0.733,1.3,2.8,4.1,4.0,0.9,0.4,3.0,2.2,17.6,,2025,0
73.0,Jimmy Butler,35.0,2TM,SF,55.0,55.0,31.7,5.5,10.9,0.504,0.6,1.9,0.308,4.9,9.0,0.546,0.531,6.0,7.1,0.842,2.3,3.1,5.4,5.4,1.4,0.3,1.3,0.9,17.5,,2025,0
73.0,Jimmy Butler,35.0,MIA,PF,25.0,25.0,30.6,5.7,10.5,0.54,0.5,1.4,0.361,5.2,9.1,0.568,0.565,5.2,6.4,0.801,2.2,3.0,5.2,4.8,1.1,0.4,1.2,0.9,17.0,,2025,0
73.0,Jimmy Butler,35.0,GSW,SF,30.0,30.0,32.7,5.3,11.1,0.476,0.6,2.3,0.279,4.7,8.9,0.526,0.504,6.7,7.7,0.87,2.3,3.2,5.5,5.9,1.7,0.3,1.5,1.0,17.9,,2025,0
74.0,Dejounte Murray,28.0,NOP,PG,31.0,31.0,32.6,6.3,15.9,0.393,1.7,5.6,0.299,4.6,10.3,0.444,0.445,3.3,4.0,0.823,0.5,5.9,6.5,7.4,2.0,0.4,3.4,2.0,17.5,,2025,0
75.0,Malik Monk,26.0,SAC,SG,65.0,45.0,31.6,6.3,14.4,0.439,2.1,6.6,0.325,4.2,7.9,0.534,0.513,2.4,2.7,0.865,0.5,3.3,3.8,5.6,0.9,0.6,2.4,2.4,17.2,,2025,0
76.0,Immanuel Quickley,25.0,TOR,PG,33.0,33.0,27.8,5.6,13.3,0.42,2.6,6.8,0.378,3.0,6.5,0.465,0.517,3.4,3.9,0.867,0.5,3.1,3.5,5.8,0.7,0.1,1.8,1.8,17.1,,2025,0
77.0,De'Andre Hunter,27.0,2TM,SF,64.0,9.0,27.2,5.6,11.9,0.47,2.5,6.1,0.405,3.1,5.8,0.537,0.573,3.4,4.0,0.846,0.7,3.3,4.0,1.4,0.8,0.2,1.3,2.4,17.0,,2025,0
77.0,De'Andre Hunter,27.0,ATL,SF,37.0,4.0,28.8,6.1,13.3,0.461,2.6,6.7,0.393,3.5,6.6,0.531,0.56,4.1,4.8,0.858,0.7,3.2,3.9,1.5,0.8,0.1,1.6,2.4,19.0,,2025,0
77.0,De'Andre Hunter,27.0,CLE,SF,27.0,5.0,25.0,4.9,10.0,0.485,2.2,5.2,0.426,2.6,4.8,0.55,0.596,2.4,2.9,0.821,0.6,3.6,4.2,1.3,0.7,0.3,0.9,2.5,14.3,,2025,0
78.0,Bradley Beal,31.0,PHO,SG,53.0,38.0,32.1,6.5,13.1,0.497,1.9,5.0,0.386,4.6,8.1,0.565,0.571,2.1,2.6,0.803,0.6,2.7,3.3,3.7,1.1,0.5,1.9,2.6,17.0,,2025,0
79.0,Deni Avdija,24.0,POR,SF,72.0,54.0,30.0,5.6,11.7,0.476,1.7,4.8,0.365,3.8,7.0,0.552,0.55,4.0,5.2,0.78,1.5,5.7,7.3,3.9,1.0,0.5,2.7,2.4,16.9,,2025,0
80.0,Keyonte George,21.0,UTA,PG,67.0,35.0,31.5,5.4,13.7,0.391,2.6,7.6,0.343,2.8,6.1,0.449,0.485,3.5,4.3,0.818,0.4,3.4,3.8,5.6,0.7,0.1,2.7,1.7,16.8,,2025,0
81.0,Ivica Zubac,27.0,LAC,C,80.0,80.0,32.8,7.4,11.8,0.628,0.0,0.0,,7.4,11.8,0.628,0.628,2.0,3.0,0.661,3.8,8.9,12.6,2.7,0.7,1.1,1.6,2.1,16.8,,2025,0
82.0,Derrick White,30.0,BOS,SG,76.0,76.0,33.9,5.6,12.6,0.442,3.5,9.1,0.384,2.1,3.5,0.593,0.58,1.8,2.1,0.839,0.9,3.6,4.5,4.8,0.9,1.1,1.7,1.8,16.4,,2025,0
83.0,Malik Beasley,28.0,DET,SG,82.0,18.0,27.8,5.6,13.1,0.43,3.9,9.3,0.416,1.7,3.7,0.466,0.579,1.2,1.7,0.679,0.6,2.0,2.6,1.7,0.9,0.1,1.0,1.5,16.3,,2025,0
84.0,Devin Vassell,24.0,SAS,SG,64.0,53.0,31.0,6.2,13.9,0.443,2.5,6.7,0.368,3.7,7.2,0.513,0.532,1.5,1.9,0.792,0.5,3.5,4.0,2.9,1.3,0.5,1.4,1.7,16.3,,2025,0
85.0,Jordan Clarkson,32.0,UTA,SG,37.0,9.0,26.0,5.4,13.3,0.408,2.3,6.3,0.362,3.2,7.1,0.448,0.493,3.1,3.9,0.797,0.7,2.5,3.2,3.7,0.8,0.2,2.3,1.4,16.2,,2025,0
86.0,Paul George,34.0,PHI,PF,41.0,41.0,32.5,6.0,13.9,0.43,2.3,6.5,0.358,3.6,7.4,0.493,0.514,1.9,2.4,0.814,0.6,4.8,5.3,4.3,1.8,0.5,2.6,2.5,16.2,,2025,0
87.0,Jalen Suggs,23.0,ORL,PG,35.0,35.0,28.6,5.6,13.7,0.41,2.2,6.9,0.314,3.5,6.8,0.506,0.489,2.8,3.1,0.882,0.7,3.4,4.0,3.7,1.5,0.9,2.9,2.8,16.2,,2025,0
88.0,Bennedict Mathurin,22.0,IND,SF,72.0,49.0,29.8,5.4,11.8,0.458,1.4,4.0,0.34,4.1,7.8,0.519,0.516,3.8,4.6,0.831,1.2,4.1,5.3,1.9,0.7,0.3,1.9,2.3,16.1,,2025,0
89.0,Myles Turner,28.0,IND,C,72.0,72.0,30.2,5.4,11.3,0.481,2.2,5.5,0.396,3.3,5.8,0.561,0.577,2.6,3.3,0.773,1.3,5.3,6.5,1.5,0.8,2.0,1.7,2.5,15.6,,2025,0
90.0,Christian Braun,23.0,DEN,SG,79.0,77.0,33.9,6.0,10.4,0.58,1.1,2.8,0.397,4.9,7.6,0.648,0.634,2.2,2.7,0.827,1.2,3.9,5.2,2.6,1.1,0.5,1.0,2.2,15.4,,2025,0
91.0,Jonathan Kuminga,22.0,GSW,PF,47.0,10.0,24.3,5.5,12.1,0.454,1.0,3.2,0.305,4.5,8.9,0.508,0.495,3.3,5.0,0.668,1.2,3.4,4.6,2.2,0.8,0.4,1.5,1.9,15.3,,2025,0
92.0,Jared McCain,20.0,PHI,SG,23.0,8.0,25.7,5.5,11.9,0.46,2.2,5.8,0.383,3.3,6.1,0.532,0.553,2.1,2.4,0.875,0.6,1.9,2.4,2.6,0.7,0.0,1.6,1.6,15.3,,2025,0
93.0,Mark Williams,23.0,CHO,C,44.0,41.0,26.6,6.1,10.2,0.604,0.0,0.1,0.0,6.1,10.1,0.609,0.604,3.0,3.7,0.804,3.0,7.2,10.2,2.5,0.7,1.2,1.6,2.4,15.3,,2025,0
94.0,Kelly Oubre Jr.,29.0,PHI,SF,60.0,57.0,34.6,5.8,12.4,0.47,1.2,4.0,0.293,4.6,8.3,0.555,0.518,2.3,3.1,0.751,1.6,4.5,6.1,1.8,1.5,0.5,1.3,3.0,15.1,,2025,0
95.0,Chet Holmgren,22.0,OKC,C,32.0,32.0,27.4,5.2,10.7,0.49,1.4,3.6,0.379,3.8,7.0,0.547,0.554,3.2,4.2,0.754,1.5,6.5,8.0,2.0,0.7,2.2,1.8,2.3,15.0,,2025,0
96.0,Kyle Kuzma,29.0,2TM,PF,65.0,62.0,29.8,5.7,13.0,0.436,1.5,4.8,0.307,4.2,8.2,0.512,0.493,2.0,3.1,0.634,0.8,4.9,5.7,2.3,0.6,0.3,2.2,1.8,14.8,,2025,0
96.0,Kyle Kuzma,29.0,WAS,PF,32.0,30.0,27.7,6.0,14.2,0.42,1.4,5.0,0.281,4.6,9.2,0.495,0.469,1.8,3.1,0.602,0.8,4.9,5.8,2.5,0.6,0.2,2.3,1.6,15.2,,2025,0
96.0,Kyle Kuzma,29.0,MIL,PF,33.0,32.0,31.8,5.4,11.9,0.455,1.5,4.6,0.333,3.9,7.3,0.533,0.52,2.1,3.2,0.663,0.8,4.8,5.6,2.2,0.5,0.4,2.2,2.0,14.5,,2025,0
97.0,Stephon Castle,20.0,SAS,PG,81.0,47.0,26.7,5.2,12.2,0.428,1.2,4.1,0.285,4.0,8.1,0.501,0.476,3.1,4.2,0.724,1.1,2.6,3.7,4.1,0.9,0.3,2.2,2.0,14.7,,2025,0
98.0,Aaron Gordon,29.0,DEN,PF,51.0,42.0,28.4,5.2,9.7,0.531,1.5,3.4,0.436,3.7,6.4,0.582,0.607,2.8,3.5,0.81,1.6,3.3,4.8,3.2,0.5,0.3,1.4,1.6,14.7,,2025,0
99.0,P.J. Washington,26.0,DAL,PF,57.0,56.0,32.2,5.3,11.7,0.453,1.6,4.2,0.381,3.7,7.5,0.493,0.521,2.5,3.5,0.722,1.4,6.3,7.8,2.3,1.1,1.1,2.1,2.3,14.7,,2025,0
100.0,Quentin Grimes,24.0,2TM,SG,75.0,37.0,26.8,5.1,11.0,0.467,2.2,5.6,0.385,3.0,5.4,0.552,0.565,2.2,2.9,0.757,0.8,3.5,4.3,3.0,1.0,0.3,1.9,1.8,14.6,,2025,0
100.0,Quentin Grimes,24.0,DAL,SG,47.0,12.0,22.8,3.6,7.8,0.463,1.7,4.3,0.398,1.9,3.5,0.543,0.573,1.3,1.7,0.765,0.6,3.2,3.8,2.1,0.7,0.2,1.3,1.7,10.2,,2025,0
100.0,Quentin Grimes,24.0,PHI,SG,28.0,25.0,33.7,7.7,16.4,0.469,2.9,7.9,0.373,4.8,8.5,0.559,0.559,3.6,4.8,0.752,1.0,4.1,5.2,4.5,1.5,0.4,2.9,2.1,21.9,,2025,1
101.0,Josh Giddey,22.0,CHI,PG,70.0,69.0,30.2,5.3,11.4,0.465,1.5,4.0,0.378,3.8,7.4,0.512,0.531,2.5,3.2,0.781,1.8,6.3,8.1,7.2,1.2,0.6,2.9,1.7,14.6,,2025,0
102.0,Jakob Poeltl,29.0,TOR,C,57.0,56.0,29.6,6.4,10.2,0.627,0.0,0.1,0.333,6.4,10.1,0.628,0.628,1.7,2.5,0.674,3.3,6.3,9.6,2.8,1.2,1.2,1.9,3.1,14.5,,2025,0
103.0,Deandre Ayton,26.0,POR,C,40.0,40.0,30.2,6.6,11.7,0.566,0.2,0.8,0.188,6.5,10.9,0.594,0.573,1.0,1.5,0.667,3.1,7.1,10.2,1.6,0.8,1.0,1.7,2.2,14.4,,2025,0
104.0,Gradey Dick,21.0,TOR,SG,54.0,54.0,29.4,4.9,12.0,0.41,2.1,6.0,0.35,2.8,5.9,0.47,0.498,2.5,2.9,0.858,0.8,2.8,3.6,1.8,0.9,0.2,1.5,2.2,14.4,,2025,0
105.0,Jerami Grant,30.0,POR,PF,47.0,47.0,32.4,4.6,12.2,0.373,2.3,6.3,0.365,2.3,5.9,0.381,0.467,3.0,3.5,0.849,0.6,2.9,3.5,2.1,0.9,1.0,1.4,2.3,14.4,,2025,0
106.0,Payton Pritchard,27.0,BOS,PG,80.0,3.0,28.4,5.1,10.8,0.472,3.2,7.8,0.407,1.9,3.0,0.642,0.62,0.9,1.1,0.845,1.3,2.6,3.8,3.5,0.9,0.2,1.0,1.5,14.3,,2025,0
107.0,Naz Reid,25.0,MIN,C,80.0,17.0,27.5,5.3,11.5,0.462,2.2,5.8,0.379,3.1,5.8,0.544,0.556,1.4,1.8,0.776,1.2,4.9,6.0,2.3,0.7,0.9,1.4,2.4,14.2,,2025,0
108.0,Dyson Daniels,21.0,ATL,SG,76.0,76.0,33.8,6.0,12.1,0.493,1.1,3.1,0.34,4.9,9.1,0.545,0.536,1.1,1.8,0.593,1.6,4.3,5.9,4.4,3.0,0.7,2.0,2.3,14.1,,2025,0
109.0,Tre Mann,23.0,CHO,PG,13.0,0.0,24.5,5.4,12.4,0.435,1.8,4.6,0.4,3.5,7.8,0.455,0.509,1.5,1.6,0.905,0.9,2.0,2.9,3.0,0.5,0.3,1.9,1.8,14.1,,2025,0
110.0,Amen Thompson,22.0,HOU,SF,69.0,42.0,32.2,5.6,10.1,0.557,0.4,1.3,0.275,5.3,8.8,0.599,0.575,2.4,3.6,0.684,2.8,5.4,8.2,3.8,1.4,1.3,2.0,2.4,14.1,,2025,0
111.0,Fred VanVleet,30.0,HOU,PG,60.0,60.0,35.2,4.8,12.7,0.378,2.7,7.7,0.345,2.1,5.0,0.43,0.483,1.9,2.3,0.81,0.5,3.2,3.7,5.6,1.6,0.4,1.5,2.3,14.1,,2025,0
112.0,Dillon Brooks,29.0,HOU,SF,75.0,75.0,31.8,5.1,11.9,0.429,2.5,6.3,0.397,2.6,5.7,0.465,0.533,1.3,1.6,0.818,1.0,2.7,3.7,1.7,0.8,0.2,1.0,3.2,14.0,,2025,0
113.0,Tolu Smith,24.0,DET,PF,1.0,0.0,22.0,6.0,9.0,0.667,0.0,0.0,,6.0,9.0,0.667,0.667,2.0,3.0,0.667,4.0,4.0,8.0,0.0,0.0,0.0,2.0,3.0,14.0,,2025,0
114.0,Klay Thompson,34.0,DAL,SF,72.0,72.0,27.3,5.0,12.2,0.412,3.0,7.7,0.391,2.0,4.5,0.448,0.535,0.9,1.0,0.905,0.6,2.8,3.4,2.0,0.7,0.4,1.2,1.1,14.0,,2025,0
115.0,Bobby Portis,29.0,MIL,PF,49.0,7.0,25.4,5.7,12.1,0.466,1.3,3.6,0.365,4.3,8.5,0.508,0.52,1.2,1.5,0.836,1.8,6.6,8.4,2.1,0.7,0.5,1.2,1.9,13.9,,2025,0
116.0,Tobias Harris,32.0,DET,PF,73.0,73.0,31.6,5.3,11.0,0.477,1.2,3.6,0.345,4.0,7.4,0.542,0.534,2.0,2.3,0.861,0.9,5.0,5.9,2.2,1.0,0.8,1.2,1.9,13.7,,2025,0
117.0,Josh Hart,29.0,NYK,SG,77.0,77.0,37.6,5.2,10.0,0.525,1.1,3.3,0.333,4.2,6.7,0.618,0.579,2.1,2.7,0.776,2.1,7.5,9.6,5.9,1.5,0.4,2.1,2.6,13.6,,2025,0
118.0,Jarrett Allen,26.0,CLE,C,82.0,82.0,28.0,5.5,7.8,0.706,0.0,0.1,0.0,5.5,7.7,0.712,0.706,2.4,3.4,0.718,2.6,7.1,9.7,1.9,0.9,0.9,1.2,1.5,13.5,,2025,0
119.0,Onyeka Okongwu,24.0,ATL,C,74.0,40.0,27.9,5.2,9.2,0.567,0.6,2.0,0.324,4.6,7.2,0.634,0.602,2.2,2.9,0.759,3.0,5.9,8.9,2.3,0.9,0.9,1.2,2.6,13.4,,2025,0
120.0,Russell Westbrook,36.0,DEN,PG,75.0,36.0,27.9,5.0,11.1,0.449,1.3,3.9,0.323,3.7,7.2,0.517,0.505,2.1,3.1,0.661,1.4,3.6,4.9,6.1,1.4,0.5,3.2,2.5,13.3,,2025,0
121.0,Naji Marshall,27.0,DAL,SF,69.0,31.0,27.8,5.2,10.3,0.508,0.9,3.2,0.275,4.4,7.2,0.611,0.551,1.9,2.3,0.813,1.1,3.7,4.8,3.0,1.0,0.2,1.6,1.6,13.2,,2025,0
122.0,Dennis Schröder,31.0,3TM,PG,75.0,49.0,28.1,4.5,11.0,0.406,1.7,4.9,0.342,2.8,6.1,0.458,0.483,2.4,2.9,0.838,0.4,2.3,2.6,5.4,0.9,0.2,1.9,2.4,13.1,,2025,0
122.0,Dennis Schröder,31.0,BRK,PG,23.0,23.0,33.6,6.4,14.1,0.452,2.5,6.5,0.387,3.9,7.6,0.509,0.542,3.1,3.5,0.889,0.2,2.8,3.0,6.6,1.1,0.2,2.6,2.4,18.4,,2025,0
122.0,Dennis Schröder,31.0,GSW,SG,24.0,18.0,26.2,3.9,10.5,0.375,1.5,4.8,0.322,2.4,5.7,0.419,0.448,1.2,1.6,0.744,0.4,1.9,2.3,4.4,1.0,0.1,2.0,2.8,10.6,,2025,0
122.0,Dennis Schröder,31.0,DET,PG,28.0,8.0,25.2,3.4,9.0,0.378,1.1,3.8,0.302,2.3,5.2,0.434,0.442,2.9,3.4,0.833,0.5,2.2,2.6,5.3,0.5,0.2,1.3,2.0,10.8,,2025,0
123.0,Rui Hachimura,26.0,LAL,PF,59.0,57.0,31.7,5.0,9.8,0.509,1.7,4.2,0.413,3.2,5.6,0.581,0.597,1.5,1.9,0.77,1.3,3.7,5.0,1.4,0.8,0.4,0.8,1.8,13.1,,2025,0
124.0,Brook Lopez,36.0,MIL,C,80.0,80.0,31.8,4.9,9.7,0.509,1.7,4.7,0.373,3.2,5.0,0.636,0.599,1.4,1.7,0.826,1.4,3.6,5.0,1.8,0.6,1.9,1.1,2.1,13.0,,2025,0
125.0,Alex Sarr,19.0,WAS,C,67.0,67.0,27.1,4.9,12.4,0.394,1.6,5.1,0.308,3.3,7.3,0.454,0.457,1.7,2.5,0.679,1.9,4.6,6.5,2.4,0.7,1.5,1.7,2.2,13.0,,2025,0
126.0,Moritz Wagner,27.0,ORL,C,30.0,1.0,18.8,4.7,8.3,0.562,0.9,2.5,0.36,3.8,5.8,0.649,0.616,2.6,3.7,0.718,1.3,3.6,4.9,1.4,0.8,0.4,1.6,1.8,12.9,,2025,0
127.0,Malcolm Brogdon,32.0,WAS,PG,24.0,13.0,23.5,4.3,10.0,0.433,0.7,2.3,0.286,3.7,7.7,0.478,0.467,3.4,3.8,0.88,0.9,2.9,3.8,4.1,0.5,0.2,1.6,1.3,12.7,,2025,0
128.0,Scoot Henderson,20.0,POR,PG,66.0,10.0,26.7,4.3,10.4,0.419,1.6,4.5,0.354,2.8,5.9,0.469,0.496,2.4,3.1,0.767,0.8,2.2,3.0,5.1,1.0,0.2,2.7,2.7,12.7,,2025,0
129.0,Keldon Johnson,25.0,SAS,SF,77.0,0.0,23.9,4.8,10.0,0.482,1.1,3.6,0.318,3.7,6.4,0.573,0.538,1.9,2.5,0.773,1.5,3.4,4.8,1.6,0.6,0.3,1.0,1.5,12.7,,2025,0
130.0,D'Angelo Russell,28.0,2TM,PG,58.0,36.0,25.5,4.3,11.0,0.39,1.9,6.2,0.314,2.3,4.8,0.489,0.479,2.1,2.5,0.834,0.3,2.4,2.8,5.1,1.0,0.4,1.9,2.0,12.6,,2025,0
130.0,D'Angelo Russell,28.0,LAL,PG,29.0,10.0,26.3,4.4,10.7,0.415,1.9,5.8,0.333,2.5,4.9,0.51,0.505,1.6,1.8,0.849,0.3,2.5,2.8,4.7,0.8,0.1,1.7,1.8,12.4,,2025,0
130.0,D'Angelo Russell,28.0,BRK,PG,29.0,26.0,24.7,4.1,11.3,0.367,2.0,6.6,0.297,2.2,4.7,0.467,0.454,2.6,3.2,0.826,0.4,2.4,2.8,5.6,1.1,0.7,2.0,2.1,12.9,,2025,0
131.0,Zaccharie Risacher,19.0,ATL,SF,75.0,73.0,24.6,4.8,10.4,0.458,1.6,4.6,0.355,3.1,5.8,0.54,0.537,1.4,2.0,0.711,1.1,2.4,3.6,1.2,0.7,0.5,1.2,2.0,12.6,,2025,0
132.0,Santi Aldama,24.0,MEM,PF,65.0,16.0,25.5,4.8,10.0,0.483,1.8,5.0,0.368,3.0,5.0,0.599,0.576,1.0,1.4,0.691,1.4,5.0,6.4,2.9,0.8,0.4,1.1,1.2,12.5,,2025,0
133.0,Ty Jerome,27.0,CLE,SG,70.0,3.0,19.9,4.6,8.8,0.516,1.6,3.6,0.439,3.0,5.2,0.57,0.606,1.8,2.1,0.872,0.7,1.8,2.5,3.4,1.1,0.0,1.3,1.5,12.5,,2025,0
134.0,Keegan Murray,24.0,SAC,PF,76.0,76.0,34.3,4.8,10.8,0.444,2.0,5.9,0.343,2.8,4.9,0.566,0.538,0.8,0.9,0.833,1.9,4.8,6.7,1.4,0.8,0.9,0.8,2.4,12.4,,2025,0
135.0,Lonnie Walker IV,26.0,PHI,SG,20.0,7.0,23.9,4.5,10.6,0.42,2.3,6.4,0.354,2.2,4.3,0.518,0.526,1.2,1.5,0.8,0.3,2.9,3.2,2.5,0.5,0.3,1.3,1.4,12.4,,2025,0
136.0,Harrison Barnes,32.0,SAS,PF,82.0,82.0,27.2,4.2,8.3,0.508,1.9,4.4,0.433,2.3,3.9,0.591,0.622,2.0,2.4,0.809,1.2,2.6,3.8,1.7,0.5,0.2,0.6,0.9,12.3,,2025,0
137.0,Bilal Coulibaly,20.0,WAS,SF,59.0,59.0,33.0,4.5,10.6,0.421,1.1,3.8,0.281,3.4,6.8,0.5,0.472,2.3,3.1,0.746,1.5,3.4,5.0,3.4,1.3,0.7,2.1,2.4,12.3,,2025,0
138.0,Ayo Dosunmu,25.0,CHI,SG,46.0,26.0,30.3,4.8,9.8,0.492,1.3,4.1,0.328,3.5,5.7,0.612,0.561,1.3,1.7,0.785,0.6,2.9,3.5,4.5,0.9,0.4,1.5,2.3,12.3,,2025,0
139.0,Daniel Gafford,26.0,DAL,C,57.0,31.0,21.5,5.0,7.1,0.702,0.0,0.0,,5.0,7.1,0.702,0.702,2.4,3.4,0.689,2.7,4.1,6.8,1.4,0.4,1.8,1.2,2.7,12.3,,2025,0
140.0,Jaden McDaniels,24.0,MIN,PF,82.0,82.0,31.9,4.9,10.2,0.477,1.2,3.7,0.33,3.6,6.5,0.561,0.537,1.3,1.6,0.813,1.6,4.2,5.7,2.0,1.3,0.9,1.2,2.7,12.2,,2025,0
141.0,Jabari Smith Jr.,21.0,HOU,PF,57.0,39.0,30.1,4.4,9.9,0.438,1.7,4.9,0.354,2.6,5.1,0.519,0.525,1.8,2.2,0.825,1.8,5.2,7.0,1.1,0.4,0.7,1.1,2.2,12.2,,2025,0
142.0,Caris LeVert,30.0,2TM,SG,64.0,3.0,24.9,4.4,9.4,0.467,1.7,4.4,0.373,2.7,4.9,0.552,0.556,1.7,2.4,0.71,0.6,2.5,3.2,3.4,0.9,0.5,1.2,1.5,12.1,,2025,0
142.0,Caris LeVert,30.0,CLE,SF,38.0,3.0,23.8,3.6,7.8,0.453,1.6,3.9,0.405,2.0,3.9,0.5,0.554,1.5,2.2,0.699,0.6,2.2,2.8,3.7,0.9,0.5,1.3,1.3,10.2,,2025,0
142.0,Caris LeVert,30.0,ATL,SG,26.0,0.0,26.6,5.6,11.6,0.482,1.8,5.2,0.338,3.8,6.3,0.6,0.558,2.0,2.8,0.722,0.7,3.0,3.7,2.9,0.9,0.5,1.0,2.0,14.9,,2025,0
143.0,Drew Timme,24.0,BRK,PF,9.0,2.0,28.2,5.0,11.3,0.441,1.0,3.9,0.257,4.0,7.4,0.537,0.485,1.1,1.8,0.625,1.9,5.3,7.2,2.2,0.4,0.1,1.7,2.3,12.1,,2025,0
144.0,Tari Eason,23.0,HOU,PF,57.0,16.0,24.9,4.8,9.8,0.487,1.1,3.2,0.342,3.7,6.6,0.557,0.543,1.4,1.8,0.76,2.2,4.1,6.4,1.5,1.7,0.9,1.1,2.4,12.0,,2025,0
145.0,Rudy Gobert,32.0,MIN,C,72.0,72.0,33.2,4.7,7.1,0.669,0.0,0.0,,4.7,7.1,0.669,0.669,2.6,3.8,0.674,3.7,7.2,10.9,1.8,0.8,1.4,1.2,2.5,12.0,,2025,0
146.0,Aaron Nesmith,25.0,IND,SF,45.0,37.0,25.0,4.3,8.4,0.507,1.9,4.3,0.431,2.4,4.1,0.587,0.617,1.6,1.8,0.913,0.8,3.1,4.0,1.2,0.8,0.4,0.8,2.5,12.0,,2025,0
147.0,Aaron Wiggins,26.0,OKC,SG,76.0,26.0,22.9,4.7,9.6,0.488,1.7,4.5,0.383,3.0,5.1,0.578,0.577,1.0,1.2,0.831,1.1,2.8,3.9,1.8,0.8,0.2,0.9,1.3,12.0,,2025,0
148.0,Khris Middleton,33.0,2TM,SF,37.0,21.0,22.8,4.3,9.1,0.475,1.3,3.6,0.361,3.0,5.5,0.549,0.546,1.9,2.3,0.857,0.4,3.4,3.7,4.1,0.9,0.2,1.5,2.0,11.9,,2025,0
148.0,Khris Middleton,33.0,MIL,SF,23.0,7.0,23.2,4.7,9.2,0.512,1.5,3.7,0.407,3.2,5.4,0.584,0.595,1.7,2.0,0.848,0.2,3.5,3.7,4.4,0.7,0.2,1.6,2.3,12.6,,2025,0
148.0,Khris Middleton,33.0,WAS,SF,14.0,14.0,22.1,3.7,9.0,0.413,0.9,3.4,0.277,2.8,5.6,0.494,0.464,2.4,2.7,0.868,0.6,3.1,3.7,3.4,1.3,0.2,1.4,1.6,10.7,,2025,0
149.0,Jalen Duren,21.0,DET,C,78.0,78.0,26.1,4.8,7.0,0.692,0.0,0.0,,4.8,7.0,0.692,0.692,2.1,3.1,0.669,3.6,6.8,10.3,2.7,0.7,1.1,1.7,3.2,11.8,,2025,0
150.0,Donte DiVincenzo,28.0,MIN,SG,62.0,10.0,25.9,4.0,9.6,0.422,2.8,7.1,0.397,1.2,2.5,0.49,0.568,0.8,1.0,0.778,0.5,3.2,3.7,3.6,1.2,0.3,1.6,1.8,11.7,,2025,0
151.0,Brandin Podziemski,21.0,GSW,SG,64.0,33.0,26.8,4.4,9.8,0.445,1.8,4.8,0.372,2.6,5.0,0.516,0.537,1.1,1.5,0.758,1.0,4.1,5.1,3.4,1.1,0.2,1.2,1.5,11.7,,2025,0
152.0,Corey Kispert,25.0,WAS,SF,61.0,0.0,26.3,4.2,9.3,0.451,2.0,5.4,0.364,2.2,3.9,0.574,0.558,1.2,1.4,0.852,0.6,2.4,3.0,1.7,0.4,0.2,1.0,1.6,11.6,,2025,0
153.0,Jeremy Sochan,21.0,SAS,PF,54.0,23.0,25.3,4.6,8.7,0.535,0.5,1.7,0.308,4.1,7.0,0.59,0.565,1.6,2.3,0.696,2.4,4.2,6.5,2.4,0.8,0.5,1.6,2.4,11.4,,2025,0
154.0,Toumani Camara,24.0,POR,PF,78.0,78.0,32.7,4.2,9.2,0.458,1.7,4.6,0.375,2.5,4.6,0.542,0.552,1.2,1.6,0.722,2.2,3.6,5.8,2.2,1.5,0.6,1.4,2.9,11.3,,2025,0
155.0,Isaiah Hartenstein,26.0,OKC,C,57.0,53.0,27.9,4.9,8.4,0.581,0.0,0.3,0.0,4.9,8.1,0.605,0.581,1.4,2.1,0.675,2.9,7.9,10.7,3.8,0.8,1.1,1.7,3.0,11.2,,2025,0
156.0,Buddy Hield,32.0,GSW,SG,82.0,22.0,22.7,4.0,9.6,0.417,2.5,6.7,0.37,1.5,2.9,0.527,0.546,0.6,0.8,0.828,0.6,2.6,3.2,1.6,0.8,0.3,1.1,1.6,11.1,,2025,0
157.0,Jrue Holiday,34.0,BOS,PG,62.0,62.0,30.6,4.1,9.2,0.443,1.7,4.9,0.353,2.4,4.3,0.547,0.538,1.1,1.2,0.909,1.2,3.0,4.3,3.9,1.1,0.4,1.2,1.6,11.1,,2025,0
158.0,Walker Kessler,23.0,UTA,C,58.0,58.0,30.0,4.8,7.2,0.663,0.1,0.6,0.176,4.7,6.6,0.706,0.671,1.4,2.6,0.52,4.6,7.6,12.2,1.7,0.6,2.4,1.5,2.2,11.1,,2025,0
159.0,Gary Trent Jr.,26.0,MIL,SG,74.0,9.0,25.6,3.8,8.9,0.431,2.4,5.9,0.416,1.4,3.0,0.46,0.568,1.1,1.2,0.848,0.3,2.0,2.3,1.2,1.0,0.1,0.6,1.7,11.1,,2025,0
160.0,Spencer Dinwiddie,31.0,DAL,PG,79.0,30.0,27.0,3.6,8.6,0.416,1.4,4.1,0.334,2.2,4.5,0.492,0.496,2.5,3.1,0.802,0.2,2.4,2.6,4.4,0.9,0.2,1.3,1.5,11.0,,2025,0
161.0,Tim Hardaway Jr.,32.0,DET,SG,77.0,77.0,28.0,3.6,8.8,0.406,2.2,5.9,0.368,1.4,2.9,0.484,0.529,1.6,1.9,0.855,0.2,2.1,2.4,1.6,0.5,0.1,0.6,1.2,11.0,,2025,0
162.0,Duncan Robinson,30.0,MIA,SF,74.0,37.0,24.1,3.9,9.0,0.437,2.6,6.5,0.393,1.4,2.4,0.556,0.581,0.6,0.7,0.887,0.2,2.0,2.3,2.4,0.5,0.1,1.2,1.8,11.0,,2025,0
163.0,Guerschon Yabusele,29.0,PHI,C,70.0,43.0,27.1,4.0,8.0,0.501,1.5,3.9,0.38,2.5,4.1,0.616,0.593,1.4,2.0,0.725,1.9,3.7,5.6,2.1,0.8,0.3,1.2,2.3,11.0,,2025,0
164.0,Brice Sensabaugh,21.0,UTA,SF,71.0,15.0,20.2,3.9,8.4,0.459,2.2,5.2,0.422,1.7,3.2,0.52,0.59,0.9,1.0,0.89,0.6,2.4,3.0,1.5,0.6,0.1,1.5,1.6,10.9,,2025,0
165.0,Bogdan Bogdanović,32.0,2TM,SG,54.0,4.0,25.0,3.9,9.1,0.427,1.9,5.4,0.363,1.9,3.8,0.517,0.534,1.1,1.2,0.879,0.4,2.5,2.9,2.7,0.8,0.2,1.4,2.4,10.8,,2025,0
165.0,Bogdan Bogdanović,32.0,ATL,SG,24.0,0.0,24.9,3.5,9.3,0.371,1.8,6.1,0.301,1.6,3.3,0.5,0.469,1.3,1.4,0.882,0.5,2.3,2.8,2.0,0.8,0.3,1.5,2.4,10.0,,2025,0
165.0,Bogdan Bogdanović,32.0,LAC,SG,30.0,4.0,25.0,4.2,8.9,0.474,2.0,4.8,0.427,2.2,4.2,0.528,0.588,0.9,1.1,0.875,0.4,2.7,3.1,3.2,0.7,0.2,1.2,2.3,11.4,,2025,0
166.0,Jordan Hawkins,22.0,NOP,SG,56.0,9.0,23.6,3.7,9.9,0.372,2.0,5.9,0.331,1.7,4.0,0.433,0.471,1.4,1.8,0.816,0.4,2.4,2.8,1.2,0.5,0.4,1.0,0.9,10.8,,2025,0
167.0,Brandon Boston Jr.,23.0,NOP,SG,42.0,10.0,23.6,4.0,9.1,0.436,1.2,3.3,0.35,2.8,5.7,0.485,0.5,1.6,2.0,0.788,0.7,2.5,3.2,2.2,1.3,0.2,1.2,1.7,10.7,,2025,0
168.0,Nikola Jović,21.0,MIA,PF,46.0,10.0,25.1,3.7,8.2,0.456,1.7,4.6,0.371,2.0,3.6,0.563,0.56,1.6,1.9,0.828,0.6,3.3,3.9,2.8,0.8,0.3,1.3,1.8,10.7,,2025,0
169.0,Grayson Allen,29.0,PHO,SG,64.0,7.0,24.1,3.4,7.6,0.448,2.3,5.5,0.426,1.1,2.2,0.504,0.6,1.5,1.8,0.816,0.5,2.5,3.0,2.1,0.8,0.3,1.2,1.5,10.6,,2025,0
170.0,Keon Johnson,22.0,BRK,SG,79.0,56.0,24.4,3.8,9.9,0.389,1.6,5.1,0.314,2.2,4.8,0.468,0.47,1.4,1.8,0.77,0.8,3.0,3.8,2.2,1.0,0.4,1.5,2.6,10.6,,2025,0
171.0,Terry Rozier,30.0,MIA,PG,64.0,23.0,25.9,3.9,9.9,0.391,1.4,4.8,0.295,2.5,5.1,0.48,0.462,1.4,1.7,0.852,0.7,3.0,3.7,2.6,0.6,0.2,1.2,1.1,10.6,,2025,0
172.0,Obi Toppin,26.0,IND,PF,79.0,4.0,19.6,4.0,7.6,0.529,1.4,3.8,0.365,2.6,3.8,0.695,0.621,1.1,1.4,0.781,0.7,3.3,4.0,1.6,0.6,0.4,0.9,1.4,10.5,,2025,0
173.0,Jonas Valančiūnas,32.0,2TM,C,81.0,21.0,18.8,4.3,7.7,0.55,0.1,0.5,0.216,4.2,7.3,0.571,0.557,1.8,2.0,0.879,2.3,5.4,7.7,2.0,0.5,0.6,1.5,2.2,10.4,,2025,0
173.0,Jonas Valančiūnas,32.0,WAS,C,49.0,12.0,20.1,4.7,8.6,0.547,0.1,0.6,0.259,4.6,8.1,0.567,0.556,1.9,2.2,0.896,2.4,5.8,8.2,2.2,0.4,0.6,1.8,2.0,11.5,,2025,0
173.0,Jonas Valančiūnas,32.0,SAC,C,32.0,9.0,16.9,3.6,6.4,0.556,0.0,0.3,0.1,3.5,6.1,0.579,0.559,1.6,1.8,0.847,2.2,4.8,7.0,1.8,0.5,0.6,1.0,2.6,8.7,,2025,0
174.0,Ochai Agbaji,24.0,TOR,SG,64.0,45.0,27.2,4.2,8.3,0.498,1.6,4.0,0.399,2.6,4.4,0.587,0.593,0.5,0.8,0.708,1.0,2.8,3.8,1.5,0.9,0.5,0.8,2.0,10.4,,2025,0
175.0,Jaylen Wells,21.0,MEM,SG,79.0,74.0,25.9,3.6,8.6,0.425,1.7,5.0,0.352,1.9,3.6,0.525,0.527,1.4,1.7,0.822,1.1,2.3,3.4,1.7,0.6,0.1,0.9,1.8,10.4,,2025,0
176.0,Grant Williams,26.0,CHO,PF,16.0,7.0,29.9,3.4,7.7,0.439,1.7,4.6,0.365,1.7,3.1,0.551,0.549,1.9,2.3,0.838,1.1,4.0,5.1,2.3,1.1,0.8,1.8,2.9,10.4,,2025,0
177.0,Kevin Porter Jr.,24.0,2TM,SG,75.0,4.0,19.8,3.9,8.7,0.449,0.7,2.4,0.311,3.2,6.3,0.501,0.492,1.7,2.3,0.769,0.6,3.1,3.7,3.4,1.1,0.2,1.8,1.6,10.3,,2025,0
177.0,Kevin Porter Jr.,24.0,LAC,SG,45.0,2.0,19.6,3.8,9.0,0.423,0.6,2.4,0.245,3.2,6.7,0.485,0.455,1.1,1.7,0.645,0.6,2.9,3.6,3.2,1.0,0.2,1.9,1.6,9.3,,2025,0
177.0,Kevin Porter Jr.,24.0,MIL,SG,30.0,2.0,19.9,4.0,8.2,0.494,1.0,2.4,0.408,3.1,5.8,0.529,0.553,2.7,3.1,0.871,0.4,3.5,3.9,3.7,1.3,0.1,1.7,1.6,11.7,,2025,0
178.0,Jose Alvarado,26.0,NOP,PG,56.0,23.0,24.4,3.6,9.3,0.392,2.0,5.5,0.359,1.7,3.8,0.439,0.498,1.1,1.3,0.811,0.5,1.9,2.4,4.6,1.3,0.3,1.5,1.6,10.3,,2025,0
179.0,Nic Claxton,25.0,BRK,C,70.0,62.0,26.9,4.6,8.1,0.563,0.1,0.3,0.238,4.5,7.8,0.576,0.568,1.1,2.2,0.513,2.2,5.1,7.4,2.2,0.9,1.4,1.2,2.1,10.3,,2025,0
180.0,Herbert Jones,26.0,NOP,SF,20.0,20.0,32.4,3.8,8.6,0.436,1.1,3.6,0.306,2.7,5.0,0.53,0.5,1.7,2.0,0.825,1.1,2.8,3.9,3.3,1.9,0.5,1.8,3.3,10.3,,2025,0
181.0,De'Anthony Melton,26.0,GSW,SG,6.0,2.0,20.2,3.7,9.0,0.407,2.2,5.8,0.371,1.5,3.2,0.474,0.528,0.8,1.3,0.625,1.0,2.3,3.3,2.8,1.2,0.3,1.7,3.0,10.3,,2025,0
182.0,Isaiah Joe,25.0,OKC,SG,74.0,16.0,21.7,3.5,7.9,0.44,2.6,6.3,0.412,0.9,1.6,0.549,0.604,0.6,0.8,0.821,0.6,2.1,2.6,1.6,0.6,0.1,0.5,1.5,10.2,,2025,0
183.0,Tyus Jones,28.0,PHO,PG,81.0,58.0,26.8,3.8,8.4,0.448,2.0,5.0,0.414,1.7,3.5,0.496,0.57,0.6,0.7,0.895,0.5,1.9,2.4,5.3,0.9,0.1,1.1,0.8,10.2,,2025,0
184.0,Trendon Watford,24.0,BRK,PF,44.0,6.0,20.8,3.7,8.0,0.469,0.7,2.0,0.33,3.1,6.0,0.515,0.51,2.1,2.8,0.762,0.8,2.8,3.6,2.6,0.6,0.3,1.9,2.2,10.2,,2025,0
185.0,Keion Brooks Jr.,24.0,NOP,SF,14.0,6.0,23.7,3.8,7.8,0.486,1.0,3.1,0.326,2.8,4.7,0.591,0.55,1.6,2.1,0.733,0.9,3.3,4.1,0.9,0.7,0.7,0.9,2.1,10.1,,2025,0
186.0,Luguentz Dort,25.0,OKC,SF,71.0,71.0,29.2,3.6,8.4,0.435,2.4,5.8,0.412,1.2,2.5,0.489,0.578,0.5,0.6,0.717,1.3,2.9,4.1,1.6,1.1,0.5,0.7,2.9,10.1,,2025,0
187.0,Justin Edwards,21.0,PHI,SF,44.0,26.0,26.3,3.9,8.6,0.455,1.6,4.3,0.363,2.3,4.3,0.548,0.546,0.7,1.0,0.696,1.0,2.3,3.4,1.6,1.0,0.4,1.1,2.2,10.1,,2025,0
188.0,Derrick Jones Jr.,27.0,LAC,SF,77.0,55.0,24.3,4.0,7.6,0.526,1.0,2.8,0.356,3.0,4.8,0.627,0.593,1.1,1.5,0.703,1.2,2.2,3.4,0.8,1.0,0.4,0.9,2.0,10.1,,2025,0
189.0,Ausar Thompson,22.0,DET,SF,59.0,48.0,22.5,4.2,7.8,0.535,0.2,0.8,0.224,4.0,7.0,0.572,0.547,1.5,2.4,0.641,1.9,3.3,5.1,2.3,1.7,0.7,1.4,2.8,10.1,,2025,0
190.0,Chris Boucher,32.0,TOR,PF,50.0,0.0,17.2,3.6,7.4,0.492,1.4,3.9,0.363,2.2,3.5,0.633,0.586,1.4,1.7,0.782,1.4,3.1,4.5,0.7,0.5,0.5,0.6,1.4,10.0,,2025,0
191.0,Andrew Nembhard,25.0,IND,SG,65.0,65.0,28.9,3.8,8.3,0.458,0.8,2.7,0.291,3.0,5.6,0.538,0.506,1.7,2.1,0.794,0.5,2.8,3.3,5.0,1.2,0.2,1.7,2.3,10.0,,2025,0
192.0,Ziaire Williams,23.0,BRK,SF,63.0,45.0,24.5,3.4,8.3,0.412,1.6,4.8,0.341,1.8,3.5,0.509,0.511,1.6,2.0,0.821,1.0,3.6,4.6,1.3,1.0,0.4,1.1,2.4,10.0,,2025,0
193.0,Kevin Huerter,26.0,2TM,SG,69.0,31.0,24.3,3.7,8.8,0.425,1.9,5.7,0.338,1.8,3.1,0.587,0.535,0.5,0.7,0.714,0.4,2.5,3.0,2.3,1.0,0.3,1.0,1.8,9.9,,2025,0
193.0,Kevin Huerter,26.0,SAC,SG,43.0,15.0,20.9,3.0,7.2,0.413,1.4,4.8,0.302,1.5,2.4,0.629,0.513,0.5,0.7,0.714,0.4,2.3,2.8,1.7,0.8,0.4,0.9,1.6,7.9,,2025,0
193.0,Kevin Huerter,26.0,CHI,SG,26.0,16.0,30.0,5.0,11.3,0.439,2.7,7.2,0.376,2.3,4.2,0.546,0.558,0.6,0.8,0.714,0.4,2.8,3.3,3.2,1.2,0.3,1.2,2.0,13.2,,2025,0
194.0,Georges Niang,31.0,2TM,PF,79.0,3.0,21.5,3.6,7.8,0.461,2.1,5.2,0.406,1.5,2.7,0.569,0.595,0.6,0.7,0.793,0.6,2.8,3.4,1.4,0.4,0.2,1.0,2.5,9.9,,2025,0
194.0,Georges Niang,31.0,CLE,PF,51.0,1.0,20.6,3.3,6.8,0.477,1.8,4.4,0.4,1.5,2.4,0.618,0.606,0.5,0.6,0.793,0.7,3.0,3.7,1.3,0.3,0.1,0.9,2.5,8.7,,2025,0
194.0,Georges Niang,31.0,ATL,PF,28.0,2.0,23.0,4.3,9.7,0.441,2.7,6.6,0.413,1.6,3.1,0.5,0.581,0.8,1.0,0.793,0.5,2.5,3.0,1.6,0.4,0.3,1.2,2.6,12.1,,2025,0
195.0,Julian Champagnie,23.0,SAS,SF,82.0,29.0,23.6,3.4,8.1,0.415,2.2,5.9,0.371,1.2,2.3,0.53,0.549,1.0,1.1,0.904,0.8,3.1,3.9,1.4,0.7,0.4,0.9,1.4,9.9,,2025,0
196.0,Scotty Pippen Jr.,24.0,MEM,PG,79.0,21.0,21.3,3.6,7.5,0.48,1.1,2.8,0.397,2.5,4.7,0.528,0.553,1.5,2.2,0.713,0.8,2.5,3.3,4.4,1.3,0.4,1.7,2.6,9.9,,2025,0
197.0,Nick Smith Jr.,20.0,CHO,SG,60.0,27.0,22.8,3.7,9.5,0.391,1.7,5.1,0.34,2.0,4.4,0.45,0.482,0.7,0.8,0.935,0.2,1.9,2.1,2.4,0.3,0.1,1.4,1.3,9.9,,2025,0
198.0,Bub Carrington,19.0,WAS,PG,82.0,57.0,30.0,3.7,9.1,0.401,1.7,5.0,0.339,2.0,4.2,0.475,0.493,0.8,1.0,0.812,0.4,3.8,4.2,4.4,0.7,0.3,1.7,2.3,9.8,,2025,0
199.0,Moses Moody,22.0,GSW,SG,74.0,34.0,22.3,3.3,7.7,0.433,1.7,4.6,0.374,1.6,3.1,0.519,0.544,1.4,1.8,0.797,0.7,1.9,2.6,1.3,0.8,0.4,0.7,1.6,9.8,,2025,0
200.0,Amir Coffey,27.0,LAC,SG,72.0,13.0,24.3,3.3,7.1,0.471,1.4,3.4,0.409,1.9,3.7,0.529,0.57,1.6,1.8,0.891,0.4,1.8,2.2,1.1,0.6,0.1,0.6,1.7,9.7,,2025,0
201.0,Max Christie,21.0,2TM,SG,78.0,36.0,27.3,3.2,7.6,0.427,1.5,4.0,0.366,1.8,3.5,0.496,0.525,1.7,1.9,0.855,0.5,2.8,3.3,1.9,0.8,0.4,1.1,1.5,9.6,,2025,0
201.0,Max Christie,21.0,LAL,SG,46.0,25.0,25.1,2.8,6.3,0.444,1.3,3.5,0.368,1.5,2.7,0.544,0.549,1.6,1.9,0.851,0.5,2.1,2.7,1.4,0.8,0.5,0.8,1.6,8.5,,2025,0
201.0,Max Christie,21.0,DAL,SG,32.0,11.0,30.4,3.9,9.4,0.411,1.7,4.7,0.364,2.2,4.7,0.457,0.502,1.8,2.0,0.862,0.4,3.8,4.2,2.5,0.9,0.3,1.5,1.3,11.2,,2025,0
202.0,Kyle Filipowski,21.0,UTA,C,72.0,27.0,21.1,3.6,7.2,0.502,1.1,3.1,0.35,2.5,4.1,0.614,0.576,1.3,2.0,0.65,1.6,4.6,6.1,1.9,0.7,0.3,1.4,2.4,9.6,,2025,0
203.0,Tosan Evbuomwan,23.0,BRK,SF,28.0,0.0,23.8,3.4,7.9,0.427,0.9,2.8,0.312,2.5,5.1,0.49,0.482,2.0,2.6,0.753,1.1,3.1,4.3,2.0,0.9,0.4,1.4,2.0,9.5,,2025,0
204.0,Miles McBride,24.0,NYK,PG,64.0,10.0,24.9,3.5,8.5,0.406,1.8,4.9,0.369,1.7,3.7,0.455,0.511,0.8,1.0,0.813,0.7,1.8,2.5,2.9,1.0,0.3,0.6,1.7,9.5,,2025,0
205.0,Jalen Wilson,24.0,BRK,PF,79.0,22.0,25.7,3.1,7.8,0.397,1.5,4.6,0.337,1.6,3.3,0.481,0.495,1.7,2.1,0.818,0.9,2.5,3.4,1.8,0.5,0.1,1.0,2.1,9.5,,2025,0
206.0,Nickeil Alexander-Walker,26.0,MIN,SG,82.0,10.0,25.3,3.3,7.5,0.438,1.7,4.5,0.381,1.6,3.0,0.524,0.553,1.1,1.4,0.78,0.7,2.6,3.2,2.7,0.6,0.4,1.2,1.7,9.4,,2025,0
207.0,Cole Anthony,24.0,ORL,PG,67.0,22.0,18.4,3.4,8.1,0.424,1.1,3.3,0.353,2.3,4.9,0.471,0.494,1.4,1.7,0.823,0.7,2.4,3.0,2.9,0.7,0.5,1.5,2.3,9.4,,2025,0
208.0,Anthony Black,21.0,ORL,PG,78.0,10.0,24.2,3.4,7.9,0.423,0.8,2.5,0.318,2.6,5.4,0.471,0.473,1.9,2.5,0.761,0.7,2.3,2.9,3.1,1.1,0.6,1.8,2.1,9.4,,2025,0
209.0,Max Strus,28.0,CLE,SF,50.0,37.0,25.5,3.3,7.5,0.442,2.3,5.9,0.386,1.0,1.6,0.65,0.594,0.6,0.7,0.824,1.1,3.3,4.3,3.2,0.5,0.2,1.1,2.1,9.4,,2025,0
210.0,Tristan Vukcevic,21.0,WAS,C,35.0,1.0,14.7,3.4,6.9,0.496,1.1,2.9,0.373,2.3,4.0,0.586,0.574,1.5,1.9,0.776,0.7,3.0,3.7,1.1,0.3,0.7,1.2,1.6,9.4,,2025,0
211.0,Cam Whitmore,20.0,HOU,SF,51.0,3.0,16.2,3.5,7.9,0.444,1.3,3.6,0.355,2.2,4.3,0.518,0.525,1.1,1.4,0.75,0.7,2.3,3.0,1.0,0.6,0.3,0.9,0.9,9.4,,2025,0
212.0,Nick Richards,27.0,2TM,C,57.0,43.0,22.0,3.6,6.1,0.591,0.0,0.0,0.0,3.6,6.1,0.594,0.591,2.1,2.8,0.744,2.6,5.6,8.2,0.9,0.2,1.0,1.4,2.5,9.3,,2025,0
212.0,Nick Richards,27.0,CHO,C,21.0,9.0,21.0,3.0,5.4,0.561,0.0,0.0,0.0,3.0,5.4,0.566,0.561,2.8,4.1,0.678,2.4,5.1,7.5,1.3,0.3,1.2,1.6,2.3,8.9,,2025,0
212.0,Nick Richards,27.0,PHO,C,36.0,34.0,22.7,3.9,6.5,0.605,0.0,0.0,0.0,3.9,6.4,0.608,0.605,1.7,2.0,0.822,2.7,5.9,8.6,0.6,0.2,0.8,1.3,2.6,9.5,,2025,0
213.0,Kel'el Ware,20.0,MIA,C,64.0,36.0,22.2,4.0,7.3,0.554,0.5,1.7,0.315,3.5,5.5,0.629,0.592,0.7,1.0,0.687,1.8,5.6,7.4,0.9,0.6,1.1,0.9,1.7,9.3,,2025,0
214.0,Zach Edey,22.0,MEM,C,66.0,55.0,21.5,3.8,6.6,0.58,0.3,0.8,0.346,3.5,5.8,0.612,0.6,1.4,1.9,0.709,3.5,4.8,8.3,1.0,0.5,1.3,1.3,2.8,9.2,,2025,0
215.0,Wendell Carter Jr.,25.0,ORL,C,68.0,51.0,25.9,3.3,7.2,0.46,0.5,2.3,0.234,2.8,4.9,0.568,0.498,1.9,2.6,0.737,2.2,5.0,7.2,2.0,0.8,0.6,1.1,2.9,9.1,,2025,0
216.0,Noah Clowney,20.0,BRK,PF,46.0,20.0,22.7,2.9,8.1,0.358,1.9,5.7,0.333,1.0,2.4,0.414,0.474,1.5,1.7,0.838,0.9,3.0,3.9,0.9,0.5,0.5,1.0,2.3,9.1,,2025,0
217.0,Dalton Knecht,23.0,LAL,SF,78.0,16.0,19.2,3.3,7.1,0.461,1.6,4.4,0.376,1.7,2.8,0.594,0.576,0.8,1.1,0.762,0.5,2.3,2.8,0.8,0.3,0.1,0.5,1.2,9.1,,2025,0
218.0,A.J. Lawson,24.0,TOR,SG,26.0,2.0,18.7,3.1,7.3,0.421,1.3,3.9,0.327,1.8,3.4,0.528,0.508,1.7,2.4,0.683,0.8,2.5,3.3,1.2,0.5,0.2,0.6,1.7,9.1,,2025,0
219.0,T.J. McConnell,32.0,IND,PG,79.0,1.0,17.9,4.1,7.9,0.519,0.2,0.6,0.306,3.9,7.3,0.537,0.531,0.7,1.0,0.74,0.6,1.9,2.4,4.4,1.1,0.3,1.4,1.0,9.1,,2025,0
220.0,Yves Missi,20.0,NOP,C,73.0,67.0,26.8,3.7,6.7,0.547,0.0,0.0,0.0,3.7,6.7,0.548,0.547,1.7,2.8,0.623,3.5,4.7,8.2,1.4,0.5,1.3,1.1,2.0,9.1,,2025,0
221.0,Royce O'Neale,31.0,PHO,SF,75.0,22.0,24.5,3.2,7.6,0.423,2.4,5.9,0.406,0.8,1.7,0.481,0.58,0.3,0.3,0.731,0.7,3.9,4.7,2.2,0.9,0.5,0.9,2.0,9.1,,2025,0
222.0,Jared Butler,24.0,2TM,SG,60.0,17.0,17.4,3.4,7.6,0.448,1.0,2.8,0.355,2.4,4.7,0.504,0.514,1.3,1.5,0.824,0.4,1.4,1.8,3.7,0.7,0.2,1.3,1.6,9.0,,2025,0
222.0,Jared Butler,24.0,WAS,PG,32.0,0.0,11.3,2.7,5.5,0.483,0.5,1.3,0.366,2.2,4.2,0.519,0.526,1.1,1.4,0.778,0.4,0.8,1.3,2.6,0.4,0.2,0.9,1.3,6.9,,2025,0
222.0,Jared Butler,24.0,PHI,SG,28.0,17.0,24.4,4.2,9.9,0.426,1.6,4.6,0.352,2.6,5.3,0.49,0.507,1.4,1.6,0.87,0.4,2.1,2.5,4.9,1.1,0.3,1.8,2.0,11.5,,2025,0
223.0,Marcus Smart,30.0,2TM,PG,34.0,7.0,20.0,3.0,7.6,0.393,1.4,4.1,0.348,1.5,3.4,0.448,0.488,1.6,2.1,0.761,0.5,1.6,2.1,3.2,1.1,0.3,1.6,1.6,9.0,,2025,0
223.0,Marcus Smart,30.0,MEM,PG,19.0,6.0,21.1,2.8,7.8,0.358,1.5,4.7,0.322,1.3,3.1,0.414,0.456,1.6,1.9,0.833,0.7,1.5,2.3,3.7,1.2,0.3,1.8,1.6,8.7,,2025,0
223.0,Marcus Smart,30.0,WAS,PG,15.0,1.0,18.7,3.2,7.3,0.44,1.3,3.4,0.392,1.9,3.9,0.483,0.532,1.6,2.3,0.686,0.3,1.7,1.9,2.5,1.1,0.2,1.3,1.5,9.3,,2025,0
224.0,Draymond Green,34.0,GSW,PF,68.0,66.0,29.2,3.2,7.5,0.424,1.2,3.6,0.325,2.0,3.9,0.517,0.503,1.5,2.2,0.687,1.1,5.0,6.1,5.6,1.5,1.0,2.6,3.2,9.0,,2025,0
225.0,Killian Hayes,23.0,BRK,PG,6.0,5.0,27.0,3.0,7.2,0.419,1.3,3.5,0.381,1.7,3.7,0.455,0.512,1.7,2.0,0.833,0.8,2.2,3.0,5.2,0.7,0.7,1.5,2.2,9.0,,2025,0
226.0,Al Horford,38.0,BOS,C,60.0,42.0,27.7,3.3,7.7,0.423,1.9,5.2,0.363,1.4,2.5,0.551,0.547,0.6,0.6,0.895,1.3,4.8,6.2,2.1,0.6,0.9,0.8,1.4,9.0,,2025,0
227.0,Julian Strawther,22.0,DEN,SG,65.0,4.0,21.3,3.2,7.5,0.432,1.4,4.1,0.349,1.8,3.3,0.535,0.529,1.1,1.4,0.822,0.3,1.9,2.2,1.3,0.6,0.2,0.9,2.3,9.0,,2025,0
228.0,Patrick Williams,23.0,CHI,PF,63.0,36.0,25.0,3.3,8.2,0.397,1.5,4.3,0.353,1.7,3.9,0.447,0.49,1.0,1.3,0.723,0.7,3.1,3.8,2.0,0.8,0.5,1.4,1.4,9.0,,2025,0
229.0,Jusuf Nurkić,30.0,2TM,C,51.0,32.0,20.8,3.3,6.9,0.477,0.6,2.1,0.305,2.7,4.8,0.551,0.523,1.7,2.5,0.664,1.7,6.1,7.8,2.3,0.8,0.7,1.9,2.5,8.9,,2025,0
229.0,Jusuf Nurkić,30.0,PHO,C,25.0,23.0,23.7,3.0,6.5,0.454,0.8,2.4,0.322,2.2,4.2,0.529,0.512,1.9,2.8,0.696,1.8,7.3,9.2,1.9,0.9,0.6,2.3,3.1,8.6,,2025,0
229.0,Jusuf Nurkić,30.0,CHO,C,26.0,9.0,18.1,3.6,7.3,0.497,0.5,1.8,0.283,3.1,5.5,0.566,0.532,1.4,2.3,0.627,1.5,5.0,6.5,2.6,0.7,0.7,1.5,2.0,9.2,,2025,0
230.0,Clint Capela,30.0,ATL,C,55.0,41.0,21.4,4.0,7.1,0.559,0.0,0.0,0.0,4.0,7.1,0.56,0.559,0.9,1.8,0.536,3.2,5.4,8.5,1.1,0.6,1.0,0.9,1.9,8.9,,2025,0
231.0,Johnny Juzang,23.0,UTA,SG,64.0,18.0,19.8,3.2,7.4,0.429,1.8,4.9,0.376,1.3,2.5,0.534,0.554,0.7,0.8,0.849,0.7,2.2,2.9,1.1,0.6,0.1,0.6,2.0,8.9,,2025,0
232.0,Luke Kennard,28.0,MEM,SG,65.0,11.0,22.6,3.2,6.6,0.478,1.7,4.0,0.433,1.4,2.6,0.547,0.609,0.8,0.9,0.895,0.6,2.2,2.8,3.3,0.8,0.1,1.1,0.9,8.9,,2025,0
233.0,Justin Champagnie,23.0,WAS,SF,62.0,31.0,21.6,3.4,6.6,0.511,1.2,3.1,0.383,2.2,3.5,0.624,0.601,0.8,1.2,0.685,1.8,3.9,5.7,1.0,1.0,0.6,0.9,1.8,8.8,,2025,0
234.0,Svi Mykhailiuk,27.0,UTA,SF,38.0,13.0,20.0,3.1,7.9,0.391,1.8,5.3,0.345,1.3,2.6,0.485,0.507,0.7,0.9,0.8,0.6,1.8,2.4,2.0,0.5,0.2,1.4,1.1,8.8,,2025,0
235.0,Chris Paul,39.0,SAS,PG,82.0,82.0,28.0,3.0,7.1,0.427,1.7,4.5,0.377,1.3,2.6,0.514,0.547,1.0,1.1,0.924,0.4,3.2,3.6,7.4,1.3,0.3,1.6,1.8,8.8,,2025,0
236.0,Kelly Olynyk,33.0,2TM,C,44.0,22.0,20.3,3.0,6.1,0.5,0.8,1.8,0.418,2.3,4.3,0.534,0.562,1.9,2.5,0.769,1.4,3.3,4.7,2.9,0.8,0.4,1.7,2.8,8.7,,2025,0
236.0,Kelly Olynyk,33.0,TOR,C,24.0,2.0,16.0,2.5,4.9,0.5,0.8,1.8,0.442,1.7,3.1,0.533,0.581,1.4,1.8,0.791,1.0,2.7,3.7,2.3,0.7,0.3,1.5,2.5,7.1,,2025,0
236.0,Kelly Olynyk,33.0,NOP,C,20.0,20.0,25.4,3.8,7.5,0.5,0.7,1.8,0.389,3.1,5.7,0.535,0.547,2.5,3.3,0.754,1.9,4.0,5.9,3.6,0.9,0.6,2.1,3.2,10.7,,2025,0
237.0,Dorian Finney-Smith,31.0,2TM,PF,63.0,40.0,28.9,3.1,6.9,0.448,2.0,5.0,0.411,1.0,1.9,0.545,0.597,0.5,0.7,0.667,1.3,2.7,3.9,1.4,0.9,0.4,0.9,2.2,8.7,,2025,0
237.0,Dorian Finney-Smith,31.0,BRK,PF,20.0,20.0,29.0,3.7,8.0,0.459,2.4,5.4,0.435,1.3,2.6,0.51,0.607,0.8,1.2,0.625,1.6,3.0,4.6,1.6,0.9,0.6,0.9,2.7,10.4,,2025,0
237.0,Dorian Finney-Smith,31.0,LAL,PF,43.0,20.0,28.8,2.8,6.4,0.442,1.9,4.8,0.398,0.9,1.6,0.571,0.591,0.3,0.5,0.714,1.1,2.5,3.6,1.4,0.9,0.3,0.9,1.9,7.9,,2025,0
238.0,Oshae Brissett,26.0,PHI,SF,6.0,2.0,23.7,3.2,6.5,0.487,1.0,3.0,0.333,2.2,3.5,0.619,0.564,1.3,2.3,0.571,1.2,2.5,3.7,0.7,0.7,0.5,1.3,2.3,8.7,,2025,0
239.0,Kentavious Caldwell-Pope,31.0,ORL,SG,77.0,77.0,29.6,3.1,7.1,0.439,1.5,4.3,0.342,1.6,2.8,0.589,0.543,1.1,1.2,0.863,0.4,1.8,2.2,1.8,1.3,0.4,0.8,1.8,8.7,,2025,0
240.0,Isaiah Collier,20.0,UTA,PG,71.0,46.0,25.9,3.3,7.8,0.422,0.6,2.4,0.249,2.7,5.4,0.497,0.459,1.5,2.2,0.682,0.5,2.9,3.3,6.3,0.9,0.2,2.9,2.1,8.7,,2025,0
241.0,Dante Exum,29.0,DAL,PG,20.0,13.0,18.6,3.2,6.7,0.478,1.2,2.7,0.434,2.1,4.1,0.506,0.563,1.2,1.6,0.742,0.2,1.5,1.7,2.8,0.6,0.2,1.1,1.7,8.7,,2025,0
242.0,Kyshawn George,21.0,WAS,SG,68.0,38.0,26.5,3.0,8.0,0.372,1.7,5.2,0.322,1.3,2.8,0.464,0.476,1.0,1.4,0.753,0.7,3.5,4.2,2.5,1.0,0.7,1.4,3.0,8.7,,2025,0
243.0,Jaden Hardy,22.0,DAL,SG,57.0,3.0,15.9,3.2,7.3,0.435,1.3,3.5,0.386,1.8,3.8,0.479,0.527,1.1,1.5,0.698,0.2,1.4,1.6,1.4,0.5,0.1,1.4,1.6,8.7,,2025,0
244.0,Dereck Lively II,20.0,DAL,C,36.0,29.0,23.1,3.7,5.3,0.702,0.0,0.0,,3.7,5.3,0.702,0.702,1.3,2.0,0.63,2.9,4.6,7.5,2.4,0.6,1.6,1.1,2.8,8.7,,2025,0
245.0,Tyrese Martin,25.0,BRK,SG,60.0,11.0,21.9,3.2,7.8,0.406,1.7,4.7,0.351,1.5,3.1,0.492,0.513,0.8,1.0,0.793,1.0,2.7,3.7,2.0,0.6,0.2,1.2,1.3,8.7,,2025,0
246.0,Matas Buzelis,20.0,CHI,SF,80.0,31.0,18.9,3.2,6.9,0.454,1.2,3.3,0.361,2.0,3.6,0.54,0.541,1.1,1.4,0.815,0.7,2.8,3.5,1.0,0.4,0.9,0.9,1.6,8.6,,2025,0
247.0,Jaime Jaquez Jr.,23.0,MIA,SF,66.0,17.0,20.7,3.2,7.0,0.461,0.6,1.8,0.311,2.7,5.2,0.513,0.501,1.6,2.2,0.754,1.3,3.1,4.4,2.5,0.9,0.2,1.5,1.2,8.6,,2025,0
248.0,Ja'Kobe Walter,20.0,TOR,SG,52.0,18.0,21.2,3.1,7.6,0.405,1.3,3.6,0.349,1.8,4.0,0.454,0.487,1.3,1.6,0.795,1.1,1.9,3.1,1.6,0.8,0.2,1.0,1.8,8.6,,2025,0
249.0,Sam Hauser,27.0,BOS,PF,71.0,19.0,21.7,3.0,6.7,0.451,2.3,5.6,0.416,0.7,1.1,0.64,0.627,0.2,0.2,1.0,0.6,2.5,3.2,0.9,0.6,0.2,0.3,1.2,8.5,,2025,0
250.0,Larry Nance Jr.,32.0,ATL,PF,24.0,3.0,19.3,3.3,6.5,0.516,1.4,3.2,0.447,1.9,3.3,0.582,0.626,0.4,0.5,0.692,1.0,3.3,4.3,1.6,0.8,0.5,0.7,1.5,8.5,,2025,0
251.0,Jared Rhoden,25.0,2TM,SG,14.0,2.0,16.2,3.0,6.2,0.483,0.9,2.8,0.308,2.1,3.4,0.625,0.552,1.6,1.8,0.88,1.0,2.0,3.0,1.1,0.7,0.1,0.6,1.4,8.4,,2025,0
251.0,Jared Rhoden,25.0,CHO,SG,4.0,0.0,3.0,0.5,2.0,0.25,0.0,0.5,0.0,0.5,1.5,0.333,0.25,0.0,0.0,,0.5,0.5,1.0,0.5,0.3,0.0,0.3,0.3,1.0,,2025,0
251.0,Jared Rhoden,25.0,TOR,SG,10.0,2.0,21.5,4.0,7.9,0.506,1.2,3.7,0.324,2.8,4.2,0.667,0.582,2.2,2.5,0.88,1.2,2.6,3.8,1.4,0.9,0.2,0.8,1.9,11.4,,2025,0
252.0,Jaylen Nowell,25.0,NOP,SG,8.0,0.0,21.0,3.3,9.1,0.356,1.0,3.4,0.296,2.3,5.8,0.391,0.411,0.9,1.4,0.636,0.8,1.8,2.5,2.3,0.1,0.5,1.0,1.1,8.4,,2025,0
253.0,Cason Wallace,21.0,OKC,SG,68.0,43.0,27.6,3.4,7.2,0.474,1.1,3.1,0.356,2.3,4.1,0.562,0.55,0.4,0.5,0.811,1.0,2.3,3.4,2.5,1.8,0.5,0.9,2.1,8.4,,2025,0
254.0,Bruce Brown,28.0,2TM,PG,41.0,12.0,22.5,3.2,7.5,0.421,0.7,2.0,0.333,2.5,5.6,0.452,0.464,1.3,1.6,0.815,1.0,3.0,4.0,2.0,0.8,0.2,1.0,1.7,8.3,,2025,0
254.0,Bruce Brown,28.0,TOR,PG,18.0,0.0,19.6,3.2,7.3,0.435,0.6,2.0,0.306,2.6,5.3,0.484,0.477,1.4,1.6,0.897,0.9,2.8,3.8,1.6,0.9,0.2,1.1,1.4,8.4,,2025,0
254.0,Bruce Brown,28.0,NOP,PG,23.0,12.0,24.7,3.2,7.7,0.41,0.7,2.0,0.356,2.5,5.8,0.429,0.455,1.2,1.6,0.75,1.0,3.2,4.2,2.4,0.7,0.3,0.9,2.0,8.2,,2025,0
255.0,Dalano Banton,25.0,POR,PG,67.0,7.0,16.7,3.0,7.6,0.391,1.1,3.3,0.324,1.9,4.3,0.442,0.462,1.4,1.9,0.728,0.4,1.6,2.0,2.4,0.6,0.5,1.3,0.9,8.3,,2025,0
256.0,Brandon Clarke,28.0,MEM,PF,64.0,18.0,18.9,3.7,5.9,0.621,0.0,0.3,0.059,3.7,5.7,0.647,0.622,1.0,1.4,0.701,2.0,3.1,5.1,1.0,0.8,0.6,0.6,2.3,8.3,,2025,0
257.0,Keon Ellis,25.0,SAC,SG,80.0,28.0,24.4,2.8,5.8,0.489,1.7,4.0,0.433,1.1,1.8,0.615,0.639,0.9,1.1,0.849,0.8,1.9,2.7,1.5,1.5,0.8,0.9,2.2,8.3,,2025,0
258.0,Brandon Williams,25.0,DAL,PG,33.0,3.0,14.8,3.0,5.7,0.521,0.7,1.8,0.4,2.2,3.9,0.578,0.585,1.7,2.0,0.833,0.4,1.4,1.8,2.3,0.7,0.2,1.2,1.0,8.3,,2025,0
259.0,Mike Conley,37.0,MIN,PG,71.0,64.0,24.7,2.6,6.6,0.4,1.8,4.4,0.41,0.8,2.2,0.38,0.535,1.1,1.3,0.9,0.5,2.1,2.6,4.5,1.1,0.2,1.1,1.6,8.2,,2025,0
260.0,Taurean Prince,30.0,MIL,SF,80.0,73.0,27.1,2.9,6.4,0.457,1.8,4.2,0.439,1.1,2.2,0.492,0.6,0.5,0.6,0.813,0.4,3.2,3.6,1.9,1.0,0.2,1.0,2.1,8.2,,2025,0
261.0,Jalen Smith,24.0,CHI,C,64.0,2.0,15.0,3.0,6.4,0.466,1.1,3.5,0.324,1.8,2.9,0.634,0.554,1.1,1.4,0.809,1.4,4.2,5.6,1.0,0.3,0.7,0.6,1.5,8.2,,2025,0
262.0,Quinten Post,24.0,GSW,PF,42.0,14.0,16.3,2.9,6.5,0.449,1.7,4.3,0.408,1.2,2.3,0.526,0.582,0.5,0.6,0.778,0.8,2.7,3.5,1.3,0.4,0.4,0.8,2.0,8.1,,2025,0
263.0,Peyton Watson,22.0,DEN,SF,68.0,18.0,24.4,3.0,6.3,0.477,0.7,2.0,0.353,2.3,4.3,0.534,0.533,1.4,2.0,0.693,0.7,2.7,3.4,1.4,0.7,1.4,0.8,1.8,8.1,,2025,0
264.0,Davion Mitchell,26.0,2TM,PG,74.0,37.0,27.4,3.0,6.4,0.468,1.1,2.9,0.398,1.9,3.6,0.525,0.557,0.8,1.1,0.69,0.5,1.8,2.3,4.9,1.0,0.2,1.7,2.5,7.9,,2025,0
264.0,Davion Mitchell,26.0,TOR,PG,44.0,22.0,24.5,2.4,5.5,0.434,1.0,2.7,0.359,1.5,2.9,0.504,0.52,0.6,0.8,0.676,0.4,1.6,1.9,4.6,0.7,0.2,1.8,2.6,6.3,,2025,0
264.0,Davion Mitchell,26.0,MIA,PG,30.0,15.0,31.6,3.9,7.7,0.504,1.4,3.1,0.447,2.5,4.6,0.543,0.595,1.1,1.6,0.702,0.6,2.1,2.7,5.3,1.4,0.3,1.7,2.3,10.3,,2025,0
265.0,Caleb Martin,29.0,2TM,SF,45.0,24.0,27.1,2.9,6.8,0.424,0.8,2.3,0.359,2.0,4.5,0.458,0.485,1.4,2.2,0.622,1.2,2.8,3.9,2.1,1.0,0.5,1.2,1.9,7.9,,2025,0
265.0,Caleb Martin,29.0,PHI,SF,31.0,24.0,30.4,3.3,7.5,0.435,1.1,2.8,0.379,2.2,4.7,0.469,0.506,1.5,2.4,0.622,1.4,3.0,4.4,2.2,1.1,0.6,1.4,2.0,9.1,,2025,0
265.0,Caleb Martin,29.0,DAL,SF,14.0,0.0,19.6,2.0,5.1,0.389,0.3,1.1,0.25,1.7,4.0,0.429,0.417,1.1,1.7,0.625,0.7,2.2,2.9,1.9,0.9,0.2,0.9,1.7,5.4,,2025,0
266.0,Tyson Etienne,25.0,BRK,PG,7.0,0.0,21.6,2.4,7.4,0.327,1.9,6.3,0.295,0.6,1.1,0.5,0.452,1.1,1.4,0.8,0.4,0.9,1.3,1.7,0.4,0.1,1.1,2.4,7.9,,2025,0
267.0,Day'Ron Sharpe,23.0,BRK,C,50.0,2.0,18.1,3.3,6.3,0.521,0.2,0.9,0.244,3.1,5.4,0.566,0.538,1.1,1.5,0.757,3.0,3.6,6.6,1.8,0.8,0.8,1.3,2.3,7.9,,2025,0
268.0,KJ Simpson,22.0,CHO,PG,36.0,15.0,23.4,2.9,8.4,0.346,0.9,3.6,0.254,2.0,4.8,0.415,0.4,1.1,1.4,0.82,1.1,1.9,3.0,3.1,0.9,0.2,1.6,1.6,7.8,,2025,0
269.0,Terance Mann,28.0,2TM,SG,67.0,13.0,21.1,3.1,6.2,0.496,0.9,2.4,0.368,2.2,3.7,0.58,0.569,0.7,1.0,0.691,1.0,2.0,3.0,1.8,0.7,0.2,0.7,1.9,7.7,,2025,0
269.0,Terance Mann,28.0,LAC,SG,37.0,12.0,19.8,2.4,5.3,0.446,0.7,2.0,0.347,1.6,3.2,0.508,0.513,0.6,0.9,0.719,0.9,2.0,2.9,1.6,0.8,0.3,0.7,1.8,6.0,,2025,0
269.0,Terance Mann,28.0,ATL,SG,30.0,1.0,22.7,3.9,7.3,0.541,1.1,2.9,0.386,2.8,4.3,0.646,0.619,0.8,1.2,0.667,1.2,1.9,3.1,2.1,0.6,0.1,0.7,2.0,9.8,,2025,0
270.0,Karlo Matković,23.0,NOP,PF,42.0,7.0,18.8,3.2,5.6,0.574,0.5,1.6,0.318,2.7,4.0,0.675,0.619,0.8,1.0,0.773,1.5,3.5,5.0,1.1,0.5,1.0,1.0,2.5,7.7,,2025,0
271.0,AJ Johnson,20.0,2TM,SG,29.0,11.0,22.0,2.8,7.3,0.385,0.8,3.1,0.267,2.0,4.2,0.472,0.441,1.1,1.3,0.865,0.3,1.8,2.0,2.6,0.4,0.1,1.2,1.7,7.6,,2025,0
271.0,AJ Johnson,20.0,MIL,SG,7.0,0.0,6.3,1.1,2.7,0.421,0.4,0.7,0.6,0.7,2.0,0.357,0.5,0.1,0.3,0.5,0.0,1.0,1.0,1.0,0.1,0.0,0.6,0.0,2.9,,2025,0
271.0,AJ Johnson,20.0,WAS,SG,22.0,11.0,27.0,3.4,8.8,0.381,1.0,3.9,0.247,2.4,5.0,0.486,0.436,1.4,1.6,0.886,0.4,2.0,2.4,3.1,0.5,0.1,1.4,2.3,9.1,,2025,0
272.0,Lonzo Ball,27.0,CHI,PG,35.0,14.0,22.2,2.5,6.9,0.366,1.9,5.6,0.344,0.6,1.4,0.458,0.504,0.6,0.8,0.815,0.7,2.7,3.4,3.3,1.3,0.5,1.2,1.6,7.6,,2025,0
273.0,Oscar Tshiebwe,25.0,UTA,C,14.0,1.0,18.2,3.0,5.0,0.6,0.0,0.0,,3.0,5.0,0.6,0.6,1.6,2.2,0.742,3.3,5.4,8.7,0.6,0.9,0.1,0.7,1.7,7.6,,2025,0
274.0,Garrison Mathews,28.0,ATL,SG,47.0,2.0,17.7,2.2,5.5,0.397,1.8,4.6,0.39,0.4,0.8,0.436,0.562,1.4,1.7,0.821,0.3,1.6,1.9,1.3,0.6,0.3,0.7,1.7,7.5,,2025,0
275.0,Matisse Thybulle,27.0,POR,SG,15.0,5.0,20.8,2.8,5.9,0.477,1.4,3.2,0.438,1.4,2.7,0.525,0.597,0.5,1.0,0.467,0.9,2.5,3.5,1.9,2.2,0.6,0.9,0.9,7.5,,2025,0
276.0,A.J. Green,25.0,MIL,SG,73.0,7.0,22.7,2.5,5.8,0.429,2.1,5.0,0.427,0.4,0.8,0.443,0.612,0.3,0.4,0.815,0.2,2.1,2.4,1.5,0.5,0.1,0.5,2.2,7.4,,2025,0
277.0,Josh Green,24.0,CHO,SG,68.0,67.0,27.8,2.6,6.2,0.428,1.4,3.6,0.391,1.2,2.5,0.48,0.543,0.7,1.1,0.681,0.8,1.7,2.5,1.6,1.1,0.2,1.0,2.4,7.4,,2025,0
278.0,Richaun Holmes,31.0,WAS,PF,31.0,7.0,17.2,2.9,4.5,0.647,0.0,0.1,0.0,2.9,4.4,0.662,0.647,1.6,1.9,0.833,2.0,3.7,5.7,1.4,0.3,0.7,0.7,1.6,7.4,,2025,0
279.0,Damion Baugh,24.0,CHO,SG,15.0,2.0,24.7,2.8,8.7,0.323,0.8,3.7,0.214,2.0,4.9,0.405,0.369,0.9,1.0,0.867,0.9,2.4,3.3,3.7,1.0,0.1,2.1,1.5,7.3,,2025,0
280.0,Alec Burks,33.0,MIA,SG,49.0,14.0,17.6,2.3,5.5,0.424,1.8,4.2,0.425,0.6,1.3,0.422,0.587,0.8,1.0,0.776,0.3,2.2,2.5,1.1,0.6,0.1,0.6,0.8,7.3,,2025,0
281.0,Ricky Council IV,23.0,PHI,SF,73.0,12.0,17.1,2.4,6.3,0.382,0.8,2.9,0.258,1.7,3.4,0.488,0.442,1.7,2.1,0.804,0.7,2.2,2.9,1.3,0.4,0.2,0.7,0.9,7.3,,2025,0
282.0,Andre Drummond,31.0,PHI,C,40.0,23.0,18.8,2.9,5.9,0.5,0.1,0.5,0.15,2.9,5.4,0.533,0.506,1.4,2.3,0.622,2.7,5.0,7.8,0.9,1.0,0.5,1.4,2.4,7.3,,2025,0
283.0,Tre Jones,25.0,2TM,PG,46.0,9.0,19.7,2.8,5.2,0.538,0.4,1.0,0.396,2.4,4.1,0.574,0.578,1.2,1.5,0.821,0.7,1.8,2.5,4.2,0.8,0.2,0.8,1.2,7.2,,2025,0
283.0,Tre Jones,25.0,SAS,PG,28.0,0.0,16.1,1.6,3.3,0.484,0.3,0.9,0.308,1.3,2.4,0.552,0.527,0.9,1.2,0.758,0.5,1.5,2.1,3.7,0.6,0.2,0.8,1.2,4.4,,2025,0
283.0,Tre Jones,25.0,CHI,PG,18.0,9.0,25.3,4.6,8.1,0.572,0.6,1.2,0.5,4.0,6.8,0.585,0.61,1.7,1.9,0.882,0.9,2.3,3.2,4.9,1.1,0.3,0.8,1.2,11.5,,2025,0
284.0,Goga Bitadze,25.0,ORL,C,70.0,42.0,20.4,3.0,4.8,0.611,0.0,0.4,0.107,2.9,4.4,0.656,0.615,1.2,1.9,0.639,2.4,4.2,6.6,2.0,0.7,1.4,1.0,2.1,7.2,,2025,0
285.0,Tristan Da Silva,23.0,ORL,SF,74.0,38.0,22.0,2.7,6.5,0.412,1.1,3.2,0.335,1.6,3.3,0.488,0.495,0.7,0.9,0.873,1.0,2.3,3.3,1.5,0.4,0.2,0.8,1.3,7.2,,2025,0
286.0,GG Jackson II,20.0,MEM,PF,29.0,3.0,15.8,2.6,6.9,0.372,1.1,3.3,0.337,1.4,3.6,0.404,0.452,1.0,1.4,0.725,0.9,2.2,3.2,1.0,0.4,0.2,1.1,1.0,7.2,,2025,0
287.0,Vit Krejci,24.0,ATL,PG,57.0,16.0,20.2,2.5,5.1,0.497,1.6,3.6,0.437,1.0,1.5,0.64,0.651,0.6,0.8,0.711,0.4,2.4,2.7,2.6,0.6,0.5,0.9,1.8,7.2,,2025,0
288.0,Sam Merrill,28.0,CLE,SG,71.0,4.0,19.7,2.4,6.0,0.406,1.9,5.2,0.372,0.5,0.8,0.625,0.567,0.4,0.4,0.966,0.5,1.7,2.2,1.5,0.7,0.2,0.5,1.7,7.2,,2025,0
289.0,Daeqwon Plowden,26.0,ATL,SG,6.0,0.0,12.0,2.7,4.2,0.64,1.5,2.8,0.529,1.2,1.3,0.875,0.82,0.3,0.3,1.0,0.7,1.2,1.8,0.3,0.0,0.0,0.7,1.7,7.2,,2025,0
290.0,Nae'Qwan Tomlin,24.0,CLE,PF,5.0,1.0,12.6,2.6,6.4,0.406,0.4,2.0,0.2,2.2,4.4,0.5,0.438,1.6,2.2,0.727,1.8,2.4,4.2,0.4,0.0,0.2,0.4,1.8,7.2,,2025,0
291.0,Josh Okogie,26.0,2TM,SG,40.0,7.0,15.6,2.4,5.3,0.443,0.8,2.3,0.348,1.6,3.0,0.517,0.519,1.6,2.1,0.741,1.1,1.7,2.8,0.8,1.2,0.5,0.8,1.2,7.1,,2025,0
291.0,Josh Okogie,26.0,PHO,SG,25.0,1.0,14.0,2.2,4.6,0.491,0.6,1.7,0.381,1.6,2.9,0.556,0.561,0.9,1.3,0.688,1.3,1.6,2.9,0.6,0.8,0.4,0.6,1.1,6.0,,2025,0
291.0,Josh Okogie,26.0,CHO,SG,15.0,6.0,18.3,2.5,6.5,0.388,1.1,3.3,0.32,1.5,3.2,0.458,0.469,2.7,3.5,0.774,0.9,1.9,2.7,1.3,1.8,0.5,1.0,1.3,8.9,,2025,0
292.0,Jalen Hood-Schifino,21.0,2TM,SG,15.0,0.0,21.0,2.5,6.5,0.378,0.9,3.1,0.304,1.5,3.5,0.442,0.449,1.2,1.4,0.857,0.2,1.6,1.8,2.5,0.3,0.5,1.2,1.7,7.1,,2025,0
292.0,Jalen Hood-Schifino,21.0,LAL,SG,2.0,0.0,7.0,0.5,0.5,1.0,0.0,0.0,,0.5,0.5,1.0,1.0,1.0,1.0,1.0,0.5,0.0,0.5,0.5,0.0,0.5,0.5,1.5,2.0,,2025,0
292.0,Jalen Hood-Schifino,21.0,PHI,SG,13.0,0.0,23.2,2.8,7.5,0.371,1.1,3.5,0.304,1.7,3.9,0.431,0.443,1.2,1.5,0.842,0.2,1.8,2.0,2.8,0.4,0.5,1.3,1.7,7.8,,2025,0
293.0,Jamison Battle,23.0,TOR,SF,59.0,10.0,17.7,2.5,5.9,0.429,1.8,4.4,0.405,0.7,1.5,0.5,0.581,0.3,0.3,0.889,0.6,2.1,2.7,0.9,0.3,0.2,0.5,1.6,7.1,,2025,0
294.0,Alex Caruso,30.0,OKC,SG,54.0,3.0,19.3,2.6,5.8,0.446,1.1,3.1,0.353,1.5,2.7,0.556,0.541,0.8,0.9,0.824,0.7,2.2,2.9,2.5,1.6,0.6,0.7,1.9,7.1,,2025,0
295.0,Jamal Shead,22.0,TOR,PG,75.0,11.0,19.6,2.7,6.7,0.405,1.0,3.0,0.323,1.8,3.7,0.47,0.476,0.7,0.9,0.768,0.4,1.1,1.5,4.2,0.8,0.1,1.6,2.1,7.1,,2025,0
296.0,Jeff Dowtin,27.0,PHI,PG,41.0,3.0,15.1,2.7,5.6,0.487,0.7,1.7,0.4,2.0,3.9,0.525,0.548,0.8,1.1,0.733,0.3,1.2,1.5,1.9,0.6,0.3,0.4,0.7,7.0,,2025,0
297.0,Marcus Garrett,26.0,CHO,SG,4.0,0.0,19.8,2.8,6.8,0.407,0.8,2.0,0.375,2.0,4.8,0.421,0.463,0.8,1.0,0.75,0.3,1.3,1.5,3.3,0.8,0.5,1.5,2.5,7.0,,2025,0
298.0,Isaiah Jackson,23.0,IND,C,5.0,1.0,16.8,2.8,4.6,0.609,0.0,0.0,,2.8,4.6,0.609,0.609,1.4,2.8,0.5,2.2,3.4,5.6,1.0,0.6,1.6,1.0,2.8,7.0,,2025,0
299.0,Jaylen Sims,26.0,CHO,SG,6.0,0.0,18.7,2.0,4.7,0.429,1.0,2.5,0.4,1.0,2.2,0.462,0.536,2.0,2.5,0.8,0.5,0.5,1.0,2.0,0.5,0.2,1.3,1.7,7.0,,2025,0
300.0,Orlando Robinson,24.0,2TM,C,44.0,8.0,17.5,2.6,5.9,0.444,0.4,1.2,0.327,2.3,4.8,0.474,0.477,1.2,1.6,0.771,2.0,3.0,5.0,1.8,0.4,0.4,1.1,2.3,6.9,,2025,0
300.0,Orlando Robinson,24.0,SAC,C,9.0,0.0,6.3,0.8,1.9,0.412,0.1,0.6,0.2,0.7,1.3,0.5,0.441,0.4,0.8,0.571,0.3,1.2,1.6,1.0,0.3,0.1,0.4,0.7,2.1,,2025,0
300.0,Orlando Robinson,24.0,TOR,C,35.0,8.0,20.4,3.1,7.0,0.447,0.5,1.3,0.34,2.7,5.6,0.472,0.48,1.4,1.8,0.794,2.5,3.4,5.9,1.9,0.4,0.4,1.3,2.7,8.1,,2025,0
301.0,Jake LaRavia,23.0,2TM,PF,66.0,0.0,20.4,2.4,5.1,0.475,0.9,2.2,0.423,1.5,3.0,0.513,0.564,1.2,1.7,0.678,1.4,2.6,3.9,2.4,0.9,0.3,1.3,2.0,6.9,,2025,0
301.0,Jake LaRavia,23.0,MEM,PF,47.0,0.0,20.9,2.5,5.1,0.49,0.9,1.9,0.444,1.7,3.2,0.517,0.573,1.4,2.0,0.698,1.4,2.9,4.4,2.8,0.9,0.4,1.5,2.0,7.3,,2025,0
301.0,Jake LaRavia,23.0,SAC,PF,19.0,0.0,19.3,2.2,5.1,0.438,1.1,2.7,0.385,1.2,2.3,0.5,0.542,0.6,1.0,0.579,1.2,1.6,2.8,1.3,0.9,0.2,0.9,2.1,6.1,,2025,0
302.0,Ryan Dunn,22.0,PHO,SF,74.0,44.0,19.1,2.8,6.4,0.43,1.1,3.6,0.311,1.7,2.9,0.577,0.516,0.3,0.5,0.487,1.2,2.4,3.6,0.8,0.6,0.5,0.5,2.2,6.9,,2025,0
303.0,Jay Huff,26.0,MEM,C,64.0,2.0,11.7,2.5,4.8,0.515,1.3,3.1,0.405,1.2,1.6,0.724,0.648,0.7,0.9,0.786,0.5,1.5,2.0,0.6,0.3,0.9,0.5,1.2,6.9,,2025,0
304.0,Cameron Payne,30.0,NYK,PG,72.0,5.0,15.1,2.5,6.2,0.401,1.3,3.6,0.363,1.2,2.6,0.453,0.506,0.7,0.8,0.907,0.2,1.3,1.4,2.8,0.5,0.2,0.7,1.5,6.9,,2025,0
305.0,Antonio Reeves,24.0,NOP,SG,44.0,6.0,15.0,2.6,5.6,0.456,1.2,2.9,0.395,1.4,2.7,0.521,0.558,0.6,0.8,0.8,0.4,1.0,1.4,0.9,0.5,0.1,0.7,0.9,6.9,,2025,0
306.0,Cody Martin,29.0,2TM,SF,53.0,8.0,22.1,2.6,6.1,0.418,0.8,2.8,0.285,1.8,3.3,0.534,0.485,0.8,1.2,0.705,1.0,3.2,4.2,2.0,1.1,0.6,1.0,1.8,6.8,,2025,0
306.0,Cody Martin,29.0,CHO,SF,39.0,8.0,24.8,3.0,6.9,0.433,1.0,3.2,0.323,1.9,3.7,0.528,0.507,0.9,1.3,0.694,1.0,3.5,4.5,2.3,1.1,0.7,1.1,1.8,7.8,,2025,0
306.0,Cody Martin,29.0,PHO,SF,14.0,0.0,14.7,1.4,4.1,0.351,0.2,1.9,0.111,1.2,2.1,0.567,0.377,0.6,0.9,0.75,0.9,2.5,3.4,1.1,0.9,0.4,0.6,1.6,3.7,,2025,0
307.0,Bol Bol,25.0,PHO,PF,36.0,10.0,12.4,2.7,5.1,0.525,0.9,2.6,0.344,1.8,2.5,0.711,0.612,0.6,0.7,0.769,0.6,2.3,2.9,0.6,0.3,0.7,0.6,0.6,6.8,,2025,0
308.0,Eric Gordon,36.0,PHI,SG,39.0,13.0,19.7,2.2,5.2,0.426,1.4,3.5,0.409,0.8,1.7,0.463,0.564,0.9,1.2,0.75,0.2,1.0,1.2,1.7,0.7,0.3,0.7,0.8,6.8,,2025,0
309.0,Jaxson Hayes,24.0,LAL,C,56.0,35.0,19.5,2.9,4.0,0.722,0.0,0.1,0.0,2.9,3.9,0.732,0.722,1.1,1.8,0.622,1.4,3.4,4.8,1.0,0.6,0.9,0.8,2.4,6.8,,2025,0
310.0,Marcus Bagley,23.0,PHI,SF,10.0,4.0,25.3,2.7,6.9,0.391,0.5,3.2,0.156,2.2,3.7,0.595,0.428,0.8,1.0,0.8,2.3,4.7,7.0,1.0,0.9,1.2,0.7,1.6,6.7,,2025,0
311.0,DaQuan Jeffries,27.0,CHO,SG,47.0,20.0,22.8,2.5,6.2,0.405,1.2,3.5,0.335,1.3,2.7,0.496,0.5,0.5,0.6,0.8,0.8,2.1,2.9,1.1,0.6,0.5,0.7,2.1,6.7,,2025,0
312.0,Lester Quiñones,24.0,2TM,SG,13.0,0.0,14.1,2.4,6.0,0.397,1.0,3.4,0.295,1.4,2.6,0.529,0.481,0.8,1.0,0.846,0.3,1.2,1.5,1.8,0.2,0.2,1.1,1.4,6.6,,2025,0
312.0,Lester Quiñones,24.0,PHI,SG,4.0,0.0,4.3,1.0,2.0,0.5,0.0,0.8,0.0,1.0,1.3,0.8,0.5,0.3,0.3,1.0,0.8,0.3,1.0,0.3,0.0,0.0,1.0,0.0,2.3,,2025,0
312.0,Lester Quiñones,24.0,NOP,SG,9.0,0.0,18.4,3.0,7.8,0.386,1.4,4.6,0.317,1.6,3.2,0.483,0.479,1.1,1.3,0.833,0.1,1.6,1.7,2.6,0.3,0.2,1.1,2.0,8.6,,2025,0
313.0,Vasilije Micić,31.0,2TM,PG,41.0,16.0,19.1,2.3,6.7,0.348,1.1,3.0,0.36,1.2,3.6,0.338,0.43,0.8,1.0,0.829,0.5,1.7,2.2,3.1,0.4,0.0,1.9,1.1,6.6,,2025,0
313.0,Vasilije Micić,31.0,CHO,PG,36.0,16.0,21.2,2.6,7.6,0.348,1.3,3.5,0.36,1.4,4.1,0.338,0.43,0.9,1.1,0.829,0.6,1.9,2.4,3.5,0.4,0.0,2.1,1.2,7.5,,2025,0
313.0,Vasilije Micić,31.0,PHO,PG,5.0,0.0,4.2,0.0,0.0,,0.0,0.0,,0.0,0.0,,,0.0,0.0,,0.0,0.4,0.4,0.2,0.0,0.0,0.6,0.2,0.0,,2025,0
314.0,Precious Achiuwa,25.0,NYK,C,57.0,10.0,20.5,2.9,5.7,0.502,0.2,0.6,0.278,2.7,5.1,0.529,0.517,0.7,1.2,0.594,1.8,3.8,5.6,1.0,0.8,0.7,0.8,1.4,6.6,,2025,0
315.0,Trayce Jackson-Davis,24.0,GSW,C,62.0,37.0,15.6,2.8,4.9,0.576,0.0,0.0,0.0,2.8,4.8,0.582,0.576,1.0,1.6,0.578,2.0,3.0,5.0,1.7,0.4,0.6,0.7,1.2,6.6,,2025,0
316.0,Marcus Sasser,24.0,DET,PG,57.0,1.0,14.2,2.4,5.2,0.463,1.0,2.7,0.382,1.4,2.5,0.549,0.561,0.8,0.9,0.843,0.3,0.9,1.2,2.3,0.6,0.1,0.9,1.3,6.6,,2025,0
317.0,Vince Williams Jr.,24.0,MEM,SG,27.0,5.0,18.5,2.5,6.2,0.401,1.0,3.5,0.274,1.5,2.7,0.569,0.479,0.7,0.9,0.792,0.8,2.8,3.6,2.0,0.4,0.3,1.2,1.7,6.6,,2025,0
318.0,Thomas Bryant,27.0,2TM,C,66.0,8.0,14.6,2.5,4.9,0.508,0.7,2.2,0.324,1.7,2.6,0.665,0.583,0.8,1.0,0.859,1.3,2.5,3.8,0.8,0.4,0.6,0.5,1.2,6.5,,2025,0
318.0,Thomas Bryant,27.0,MIA,C,10.0,0.0,11.5,1.2,2.8,0.429,0.6,1.7,0.353,0.6,1.1,0.545,0.536,1.1,1.1,1.0,0.6,2.6,3.2,0.4,0.1,0.9,0.2,0.9,4.1,,2025,0
318.0,Thomas Bryant,27.0,IND,C,56.0,8.0,15.1,2.7,5.2,0.515,0.8,2.3,0.321,1.9,2.9,0.673,0.587,0.8,0.9,0.83,1.4,2.5,3.9,0.9,0.5,0.6,0.5,1.2,6.9,,2025,0
319.0,Donovan Clingan,20.0,POR,C,67.0,37.0,19.8,2.7,5.0,0.539,0.2,0.7,0.286,2.5,4.3,0.582,0.56,0.9,1.6,0.596,3.2,4.6,7.9,1.1,0.5,1.6,1.1,2.8,6.5,,2025,0
320.0,Seth Curry,34.0,CHO,SG,68.0,14.0,15.6,2.4,5.0,0.478,1.2,2.7,0.456,1.2,2.4,0.503,0.599,0.5,0.6,0.846,0.4,1.3,1.7,0.9,0.4,0.1,0.5,0.9,6.5,,2025,0
321.0,Haywood Highsmith,28.0,MIA,SF,74.0,42.0,24.6,2.4,5.3,0.458,1.2,3.1,0.382,1.2,2.1,0.57,0.572,0.4,0.6,0.721,1.0,2.4,3.4,1.5,0.9,0.5,0.7,2.2,6.5,,2025,0
322.0,Talen Horton-Tucker,24.0,CHI,SG,58.0,0.0,12.5,2.3,5.0,0.457,0.7,2.1,0.336,1.6,2.9,0.544,0.527,1.2,1.7,0.735,0.3,1.4,1.7,1.4,0.4,0.2,0.7,1.0,6.5,,2025,0
323.0,Trey Lyles,29.0,SAC,PF,69.0,5.0,19.6,2.3,5.4,0.42,1.2,3.4,0.34,1.1,2.0,0.559,0.528,0.8,1.2,0.7,1.2,3.4,4.6,1.2,0.6,0.3,0.6,1.2,6.5,,2025,0
324.0,Ajay Mitchell,22.0,OKC,SG,36.0,1.0,16.6,2.5,5.1,0.495,0.6,1.7,0.383,1.9,3.4,0.548,0.557,0.8,1.0,0.829,0.5,1.4,1.9,1.8,0.7,0.1,0.8,1.9,6.5,,2025,0
325.0,Gary Payton II,32.0,GSW,SG,62.0,11.0,15.0,2.8,4.8,0.574,0.5,1.5,0.326,2.3,3.3,0.69,0.626,0.4,0.6,0.711,0.9,2.1,3.0,1.3,0.8,0.3,0.6,1.7,6.5,,2025,0
326.0,Zach Collins,27.0,2TM,PF,64.0,12.0,15.3,2.4,4.7,0.507,0.5,1.7,0.302,1.9,3.1,0.617,0.56,1.1,1.2,0.885,1.6,2.9,4.5,1.7,0.5,0.5,0.9,2.1,6.4,,2025,0
326.0,Zach Collins,27.0,SAS,C,36.0,4.0,11.8,1.7,3.7,0.462,0.4,1.3,0.304,1.3,2.4,0.547,0.515,0.9,1.0,0.886,1.1,1.8,2.8,1.4,0.4,0.4,0.6,1.9,4.6,,2025,0
326.0,Zach Collins,27.0,CHI,PF,28.0,8.0,19.7,3.3,6.1,0.541,0.6,2.1,0.3,2.6,3.9,0.673,0.594,1.4,1.5,0.884,2.3,4.4,6.7,2.1,0.5,0.5,1.3,2.2,8.6,,2025,0
327.0,Kris Dunn,30.0,LAC,PG,74.0,58.0,24.1,2.6,5.9,0.439,1.0,3.0,0.335,1.6,2.9,0.549,0.525,0.2,0.3,0.682,0.7,2.7,3.4,2.8,1.7,0.4,1.0,2.7,6.4,,2025,0
328.0,Ron Holland,19.0,DET,SF,81.0,2.0,15.6,2.4,5.1,0.474,0.4,1.9,0.238,2.0,3.3,0.608,0.517,1.1,1.5,0.754,0.5,2.2,2.7,1.0,0.6,0.2,0.9,1.7,6.4,,2025,0
329.0,KJ Martin,24.0,2TM,PF,43.0,16.0,21.2,2.6,4.7,0.552,0.3,1.3,0.259,2.2,3.3,0.671,0.59,0.9,1.1,0.787,0.7,2.2,2.9,1.1,0.4,0.5,0.6,2.3,6.4,,2025,0
329.0,KJ Martin,24.0,PHI,PF,24.0,7.0,20.0,2.5,4.1,0.616,0.3,0.9,0.381,2.2,3.3,0.679,0.657,1.0,1.2,0.828,0.9,2.1,3.0,0.8,0.5,0.7,0.5,2.6,6.4,,2025,0
329.0,KJ Martin,24.0,UTA,SF,19.0,9.0,22.7,2.6,5.4,0.49,0.4,1.9,0.189,2.3,3.4,0.662,0.525,0.7,0.9,0.722,0.5,2.3,2.8,1.5,0.3,0.3,0.6,2.1,6.3,,2025,0
330.0,Gabe Vincent,28.0,LAL,PG,72.0,11.0,21.2,2.3,5.8,0.4,1.5,4.3,0.353,0.8,1.5,0.532,0.53,0.2,0.3,0.714,0.3,1.0,1.3,1.4,0.7,0.2,0.6,2.1,6.4,,2025,0
331.0,Sandro Mamukelashvili,25.0,SAS,PF,61.0,0.0,11.2,2.3,4.6,0.502,1.0,2.6,0.373,1.3,2.0,0.675,0.609,0.7,1.0,0.741,1.0,2.0,3.1,0.8,0.4,0.3,0.4,1.0,6.3,,2025,0
332.0,Jeremiah Robinson-Earl,24.0,NOP,PF,66.0,9.0,18.8,2.4,5.3,0.455,0.8,2.5,0.341,1.5,2.8,0.557,0.536,0.7,0.8,0.836,1.7,3.1,4.8,1.3,0.6,0.1,0.8,1.2,6.3,,2025,0
333.0,Kenrich Williams,30.0,OKC,PF,69.0,7.0,16.4,2.5,5.1,0.483,1.0,2.5,0.386,1.5,2.7,0.574,0.576,0.4,0.6,0.718,0.9,2.6,3.5,1.4,0.6,0.1,0.6,1.6,6.3,,2025,0
334.0,Bones Hyland,24.0,2TM,PG,24.0,0.0,10.0,2.0,4.9,0.398,1.3,3.4,0.39,0.6,1.5,0.417,0.534,1.0,1.1,0.885,0.2,0.8,1.0,1.3,0.8,0.2,1.0,1.2,6.2,,2025,0
334.0,Bones Hyland,24.0,LAC,PG,20.0,0.0,11.1,2.3,5.8,0.391,1.6,4.0,0.388,0.7,1.8,0.4,0.526,1.2,1.3,0.885,0.3,1.0,1.2,1.4,0.9,0.2,1.2,1.3,7.2,,2025,0
334.0,Bones Hyland,24.0,MIN,PG,4.0,0.0,4.3,0.5,0.8,0.667,0.3,0.5,0.5,0.3,0.3,1.0,0.833,0.0,0.0,,0.0,0.3,0.3,1.0,0.0,0.0,0.3,0.8,1.3,,2025,0
335.0,Jonathan Mogbo,23.0,TOR,PF,63.0,18.0,20.4,2.5,5.7,0.438,0.3,1.1,0.243,2.2,4.5,0.486,0.462,1.0,1.3,0.732,1.7,3.2,4.9,2.3,0.9,0.5,1.1,2.2,6.2,,2025,0
336.0,Ryan Rollins,22.0,MIL,PG,56.0,19.0,14.6,2.4,4.8,0.487,0.9,2.1,0.408,1.5,2.7,0.55,0.577,0.6,0.8,0.8,0.4,1.6,1.9,1.9,0.8,0.3,0.9,1.6,6.2,,2025,0
337.0,Dru Smith,27.0,MIA,SG,14.0,1.0,19.1,2.2,4.4,0.508,1.1,2.1,0.533,1.1,2.2,0.484,0.639,0.6,0.9,0.75,0.9,1.7,2.6,1.6,1.5,0.4,1.2,2.1,6.2,,2025,0
338.0,Isaac Okoro,24.0,CLE,SG,55.0,22.0,19.1,2.3,4.9,0.464,1.0,2.7,0.371,1.2,2.1,0.586,0.569,0.6,0.8,0.717,0.9,1.5,2.4,1.2,0.6,0.3,0.4,1.9,6.1,,2025,0
339.0,Jarace Walker,21.0,IND,PF,75.0,5.0,15.8,2.3,4.8,0.472,1.0,2.5,0.405,1.3,2.3,0.543,0.576,0.6,0.9,0.667,0.3,2.7,3.1,1.5,0.7,0.3,1.0,1.5,6.1,,2025,0
340.0,N'Faly Dante,23.0,HOU,C,4.0,0.0,12.8,2.5,3.3,0.769,0.0,0.0,,2.5,3.3,0.769,0.769,1.0,1.3,0.8,1.5,3.8,5.3,0.5,0.3,1.3,0.5,2.3,6.0,,2025,0
341.0,Mouhamed Gueye,22.0,ATL,PF,33.0,28.0,16.2,2.2,5.2,0.421,0.6,2.5,0.259,1.5,2.7,0.567,0.482,1.0,1.3,0.762,1.3,2.9,4.2,0.8,0.8,1.0,0.5,1.7,6.0,,2025,0
342.0,Luke Kornet,29.0,BOS,C,73.0,16.0,18.6,2.6,3.8,0.668,0.0,0.0,0.0,2.6,3.8,0.675,0.668,0.9,1.3,0.691,2.6,2.7,5.3,1.6,0.5,1.0,0.4,1.6,6.0,,2025,0
343.0,Isaiah Mobley,25.0,PHI,PF,1.0,0.0,17.0,2.0,7.0,0.286,1.0,3.0,0.333,1.0,4.0,0.25,0.357,1.0,2.0,0.5,1.0,3.0,4.0,5.0,1.0,1.0,0.0,3.0,6.0,,2025,0
344.0,Isaiah Stewart,23.0,DET,C,72.0,4.0,19.9,2.4,4.4,0.559,0.2,0.7,0.321,2.2,3.6,0.607,0.586,0.9,1.2,0.759,1.8,3.7,5.5,1.7,0.4,1.4,0.9,2.5,6.0,,2025,0
345.0,James Wiseman,23.0,IND,C,1.0,0.0,5.0,2.0,4.0,0.5,0.0,1.0,0.0,2.0,3.0,0.667,0.5,2.0,2.0,1.0,0.0,1.0,1.0,0.0,0.0,0.0,0.0,0.0,6.0,,2025,0
346.0,Isaiah Wong,24.0,CHO,SG,20.0,0.0,13.3,2.1,5.3,0.39,0.7,1.7,0.394,1.4,3.6,0.389,0.452,1.3,1.7,0.735,0.7,0.9,1.6,1.4,0.6,0.0,0.9,1.1,6.0,,2025,0
347.0,Cole Swider,25.0,2TM,SF,10.0,0.0,16.9,2.2,6.3,0.349,1.5,4.7,0.319,0.7,1.6,0.438,0.468,0.0,0.1,0.0,0.5,2.2,2.7,0.3,0.4,0.2,0.4,1.2,5.9,,2025,0
347.0,Cole Swider,25.0,DET,SF,2.0,0.0,6.5,0.0,2.5,0.0,0.0,2.5,0.0,0.0,0.0,,0.0,0.0,0.0,,0.0,1.0,1.0,0.5,0.0,0.0,0.0,0.5,0.0,,2025,0
347.0,Cole Swider,25.0,TOR,SF,8.0,0.0,19.5,2.8,7.3,0.379,1.9,5.3,0.357,0.9,2.0,0.438,0.509,0.0,0.1,0.0,0.6,2.5,3.1,0.3,0.5,0.3,0.5,1.4,7.4,,2025,0
348.0,Chuma Okeke,26.0,2TM,PF,9.0,3.0,21.8,2.2,4.4,0.5,1.2,3.1,0.393,1.0,1.3,0.75,0.638,0.2,0.3,0.667,2.3,2.9,5.2,1.7,0.6,0.4,0.3,0.6,5.9,,2025,0
348.0,Chuma Okeke,26.0,PHI,PF,7.0,3.0,24.4,2.6,4.7,0.545,1.4,3.1,0.455,1.1,1.6,0.727,0.697,0.3,0.4,0.667,2.9,3.3,6.1,1.9,0.7,0.4,0.4,0.7,6.9,,2025,0
348.0,Chuma Okeke,26.0,CLE,PF,2.0,0.0,12.5,1.0,3.5,0.286,0.5,3.0,0.167,0.5,0.5,1.0,0.357,0.0,0.0,,0.5,1.5,2.0,1.0,0.0,0.5,0.0,0.0,2.5,,2025,0
349.0,Kyle Anderson,31.0,2TM,PF,61.0,4.0,16.4,2.3,5.0,0.469,0.4,1.1,0.357,1.9,3.8,0.502,0.51,0.8,1.1,0.738,0.9,2.5,3.4,2.4,0.7,0.5,0.6,1.3,5.9,,2025,0
349.0,Kyle Anderson,31.0,GSW,PF,36.0,3.0,15.0,2.1,4.7,0.45,0.5,1.4,0.365,1.6,3.3,0.487,0.506,0.5,0.8,0.667,0.8,2.3,3.1,2.3,0.7,0.6,0.6,1.1,5.3,,2025,0
349.0,Kyle Anderson,31.0,MIA,SF,25.0,1.0,18.4,2.6,5.4,0.493,0.2,0.7,0.333,2.4,4.6,0.517,0.515,1.2,1.5,0.789,1.0,2.8,3.8,2.6,0.6,0.5,0.7,1.6,6.7,,2025,0
350.0,Simone Fontecchio,29.0,DET,SF,75.0,0.0,16.5,2.0,5.0,0.402,1.0,3.0,0.335,1.0,1.9,0.507,0.504,0.9,1.1,0.833,0.7,2.2,2.9,0.9,0.4,0.2,0.7,1.3,5.9,,2025,0
351.0,Collin Gillespie,25.0,PHO,PG,33.0,9.0,14.0,2.1,4.8,0.43,1.2,2.7,0.433,0.9,2.1,0.426,0.554,0.6,0.7,0.864,0.7,1.7,2.4,2.4,0.6,0.2,0.5,0.9,5.9,,2025,0
352.0,Tidjane Salaün,19.0,CHO,PF,60.0,10.0,20.7,1.9,5.8,0.33,1.0,3.4,0.283,0.9,2.3,0.4,0.414,1.1,1.6,0.713,1.2,3.5,4.7,1.2,0.5,0.2,1.0,1.4,5.9,,2025,0
353.0,Jaylin Williams,22.0,OKC,PF,47.0,9.0,16.7,2.1,4.7,0.439,1.3,3.3,0.399,0.8,1.4,0.529,0.577,0.5,0.6,0.767,1.0,4.6,5.6,2.6,0.5,0.6,0.7,1.7,5.9,,2025,0
354.0,Moses Brown,25.0,2TM,C,13.0,2.0,9.2,2.6,3.8,0.694,0.0,0.0,,2.6,3.8,0.694,0.694,0.6,0.8,0.727,0.9,2.5,3.4,0.2,0.5,0.3,0.8,1.3,5.8,,2025,0
354.0,Moses Brown,25.0,IND,C,9.0,0.0,5.1,1.4,2.2,0.65,0.0,0.0,,1.4,2.2,0.65,0.65,0.3,0.6,0.6,0.4,1.0,1.4,0.0,0.2,0.1,0.7,0.7,3.2,,2025,0
354.0,Moses Brown,25.0,DAL,C,4.0,2.0,18.3,5.3,7.3,0.724,0.0,0.0,,5.3,7.3,0.724,0.724,1.3,1.5,0.833,2.0,5.8,7.8,0.5,1.0,0.8,1.3,2.8,11.8,,2025,0
355.0,Adem Bona,21.0,PHI,C,58.0,11.0,15.6,2.3,3.3,0.703,0.0,0.0,0.0,2.3,3.3,0.707,0.703,1.2,1.7,0.67,1.6,2.6,4.2,0.5,0.4,1.2,1.1,2.2,5.8,,2025,0
356.0,Quenton Jackson,26.0,IND,PG,28.0,7.0,13.6,2.1,4.4,0.475,0.5,1.4,0.375,1.5,2.9,0.524,0.537,1.1,1.4,0.775,0.5,1.1,1.6,1.9,0.8,0.2,0.6,1.5,5.8,,2025,0
357.0,Robert Williams,27.0,POR,C,20.0,3.0,17.6,2.5,3.9,0.641,0.1,0.2,0.333,2.5,3.8,0.653,0.647,0.8,0.9,0.882,1.8,4.2,5.9,1.1,0.7,1.7,0.9,1.6,5.8,,2025,0
358.0,Moussa Diabaté,23.0,CHO,C,71.0,8.0,17.5,2.4,3.9,0.596,0.0,0.1,0.0,2.4,3.9,0.609,0.596,1.0,1.6,0.595,2.6,3.5,6.2,0.8,0.6,0.6,0.9,1.5,5.7,,2025,0
359.0,Dariq Whitehead,20.0,BRK,SF,20.0,0.0,12.3,2.0,4.8,0.406,1.7,3.7,0.446,0.3,1.1,0.273,0.578,0.2,0.3,0.6,0.2,1.3,1.5,0.6,0.3,0.1,0.8,1.1,5.7,,2025,0
360.0,Landry Shamet,27.0,NYK,SG,50.0,0.0,15.2,2.1,4.6,0.461,1.2,3.1,0.397,0.9,1.5,0.595,0.596,0.2,0.4,0.667,0.2,1.0,1.2,0.5,0.5,0.0,0.4,1.0,5.7,,2025,0
361.0,Jordan Goodwin,26.0,LAL,PG,29.0,5.0,18.7,2.2,5.0,0.438,0.9,2.3,0.382,1.3,2.6,0.487,0.528,0.3,0.4,0.818,1.3,2.6,3.9,1.4,1.0,0.4,0.9,1.5,5.6,,2025,0
362.0,Shake Milton,28.0,2TM,SG,57.0,2.0,14.7,2.0,4.5,0.453,0.7,1.9,0.358,1.4,2.6,0.52,0.528,0.8,1.0,0.797,0.5,1.3,1.8,1.8,0.4,0.1,0.7,1.2,5.5,,2025,0
362.0,Shake Milton,28.0,BRK,SG,27.0,1.0,18.2,2.7,5.8,0.465,1.0,2.7,0.389,1.7,3.1,0.529,0.554,0.9,1.2,0.758,0.6,1.3,1.9,2.4,0.6,0.0,0.7,1.6,7.4,,2025,0
362.0,Shake Milton,28.0,LAL,SG,30.0,1.0,11.5,1.4,3.2,0.433,0.3,1.1,0.294,1.1,2.1,0.508,0.485,0.7,0.9,0.846,0.5,1.3,1.8,1.3,0.3,0.1,0.7,0.8,3.9,,2025,0
363.0,Aaron Holiday,28.0,HOU,PG,62.0,3.0,12.8,1.9,4.3,0.437,1.2,2.9,0.398,0.7,1.4,0.517,0.571,0.5,0.7,0.829,0.2,1.0,1.3,1.3,0.3,0.2,0.6,1.0,5.5,,2025,0
364.0,Jeff Green,38.0,HOU,PF,32.0,3.0,12.4,1.9,3.8,0.504,0.9,2.5,0.367,1.0,1.3,0.762,0.624,0.7,0.8,0.808,0.3,1.5,1.8,0.6,0.2,0.1,0.3,1.0,5.4,,2025,0
365.0,Jonathan Isaac,27.0,ORL,PF,71.0,1.0,15.4,1.9,4.6,0.414,0.5,2.1,0.258,1.3,2.4,0.549,0.474,1.0,1.5,0.682,1.7,2.7,4.4,0.6,0.9,1.1,0.5,1.3,5.4,,2025,0
366.0,Dean Wade,28.0,CLE,PF,59.0,30.0,21.2,1.9,4.6,0.413,1.4,3.8,0.36,0.5,0.8,0.653,0.561,0.3,0.5,0.533,0.9,3.4,4.2,1.3,0.7,0.3,0.4,1.7,5.4,,2025,0
367.0,Keaton Wallace,25.0,ATL,PG,31.0,5.0,16.2,2.1,5.2,0.401,0.9,2.6,0.329,1.2,2.6,0.475,0.485,0.4,0.4,1.0,0.2,1.4,1.6,2.6,0.9,0.3,1.1,1.3,5.4,,2025,0
368.0,Kobe Bufkin,21.0,ATL,SG,10.0,0.0,12.4,1.8,4.7,0.383,0.4,1.9,0.211,1.4,2.8,0.5,0.426,1.3,1.8,0.722,0.5,1.6,2.1,1.7,0.3,0.2,0.8,0.9,5.3,,2025,0
369.0,Jamal Cain,25.0,NOP,SF,37.0,0.0,13.6,1.8,4.3,0.43,0.7,2.2,0.325,1.1,2.1,0.538,0.513,0.9,1.4,0.68,0.7,1.6,2.3,0.6,0.6,0.2,0.6,1.2,5.3,,2025,0
370.0,Pat Connaughton,32.0,MIL,SG,41.0,1.0,14.7,2.0,4.3,0.469,0.6,2.0,0.321,1.4,2.3,0.594,0.542,0.6,0.8,0.774,0.5,2.2,2.7,1.7,0.2,0.3,0.6,1.1,5.3,,2025,0
371.0,Kevin Love,36.0,MIA,PF,23.0,9.0,10.9,1.8,5.0,0.357,1.0,2.9,0.358,0.7,2.1,0.354,0.461,0.7,1.0,0.696,1.0,3.1,4.1,1.0,0.7,0.2,0.6,0.9,5.3,,2025,0
372.0,Ben Sheppard,23.0,IND,SG,63.0,9.0,19.5,1.9,4.6,0.418,1.1,3.2,0.342,0.8,1.4,0.591,0.537,0.4,0.4,0.889,0.7,2.1,2.8,1.3,0.6,0.2,0.3,2.0,5.3,,2025,0
373.0,Monte Morris,29.0,PHO,PG,45.0,0.0,12.7,1.8,4.3,0.426,0.7,1.9,0.36,1.2,2.4,0.477,0.505,0.8,0.9,0.857,0.3,1.2,1.5,1.6,0.4,0.1,0.5,0.5,5.2,,2025,0
374.0,Jabari Walker,22.0,POR,SF,60.0,1.0,12.5,2.0,3.8,0.515,0.5,1.2,0.389,1.5,2.6,0.573,0.576,0.8,1.2,0.69,1.0,2.5,3.5,0.6,0.6,0.1,0.6,1.5,5.2,,2025,0
375.0,Javonte Green,31.0,2TM,SG,68.0,19.0,18.5,1.8,4.2,0.429,0.7,2.1,0.326,1.1,2.1,0.527,0.509,0.8,1.1,0.724,0.9,2.3,3.2,0.8,1.0,0.5,0.5,1.4,5.1,,2025,0
375.0,Javonte Green,31.0,NOP,SG,50.0,18.0,21.8,2.0,4.5,0.446,0.8,2.2,0.352,1.2,2.3,0.534,0.531,1.0,1.3,0.758,1.0,2.6,3.6,0.9,1.1,0.6,0.6,1.5,5.8,,2025,0
375.0,Javonte Green,31.0,CLE,SG,18.0,1.0,9.2,1.3,3.5,0.365,0.4,1.8,0.242,0.8,1.7,0.5,0.429,0.3,0.6,0.5,0.6,1.7,2.2,0.6,0.6,0.1,0.2,1.2,3.3,,2025,0
376.0,Alex Reese,25.0,2TM,PF,15.0,0.0,14.4,1.7,3.6,0.481,1.0,2.7,0.366,0.7,0.9,0.846,0.62,0.6,0.8,0.75,0.6,2.5,3.1,0.3,0.7,0.7,0.4,1.4,5.1,,2025,0
376.0,Alex Reese,25.0,OKC,PF,1.0,0.0,2.0,1.0,1.0,1.0,0.0,0.0,,1.0,1.0,1.0,1.0,0.0,0.0,,1.0,0.0,1.0,0.0,0.0,0.0,0.0,0.0,2.0,,2025,0
376.0,Alex Reese,25.0,PHI,PF,14.0,0.0,15.3,1.8,3.8,0.472,1.1,2.9,0.366,0.7,0.9,0.833,0.613,0.6,0.9,0.75,0.6,2.7,3.3,0.3,0.7,0.7,0.4,1.5,5.3,,2025,0
377.0,Bismack Biyombo,32.0,SAS,C,28.0,26.0,18.9,2.4,4.1,0.588,0.0,0.0,,2.4,4.1,0.588,0.588,0.4,0.9,0.4,1.5,4.1,5.6,1.1,0.6,0.8,1.0,1.9,5.1,,2025,0
378.0,Mitchell Robinson,26.0,NYK,C,17.0,3.0,17.1,2.2,3.3,0.661,0.0,0.0,,2.2,3.3,0.661,0.661,0.8,1.1,0.684,3.1,2.9,5.9,0.8,0.9,1.1,0.6,1.5,5.1,,2025,0
379.0,Kai Jones,24.0,2TM,C,40.0,6.0,11.7,2.2,2.7,0.798,0.0,0.1,0.2,2.2,2.6,0.827,0.803,0.6,0.8,0.719,1.0,2.1,3.1,0.6,0.4,0.6,0.5,1.3,5.0,,2025,0
379.0,Kai Jones,24.0,LAC,C,28.0,0.0,7.4,0.9,1.3,0.722,0.0,0.1,0.0,0.9,1.2,0.765,0.722,0.3,0.4,0.75,0.5,1.1,1.6,0.4,0.2,0.5,0.4,0.8,2.2,,2025,0
379.0,Kai Jones,24.0,DAL,C,12.0,6.0,21.7,5.1,6.1,0.836,0.1,0.3,0.333,5.0,5.8,0.857,0.842,1.2,1.7,0.7,2.1,4.5,6.6,1.3,0.8,0.8,0.7,2.3,11.4,,2025,0
380.0,Ben Simmons,28.0,2TM,PG,51.0,24.0,22.0,2.3,4.4,0.52,0.0,0.0,,2.3,4.4,0.52,0.52,0.5,0.6,0.727,0.9,3.8,4.7,5.6,0.7,0.5,2.0,2.1,5.0,,2025,0
380.0,Ben Simmons,28.0,BRK,PG,33.0,24.0,25.0,2.8,5.2,0.547,0.0,0.0,,2.8,5.2,0.547,0.547,0.5,0.8,0.692,0.9,4.3,5.2,6.9,0.8,0.5,2.7,2.5,6.2,,2025,0
380.0,Ben Simmons,28.0,LAC,PG,18.0,0.0,16.4,1.3,2.9,0.434,0.0,0.0,,1.3,2.9,0.434,0.434,0.3,0.4,0.857,0.9,2.9,3.8,3.1,0.7,0.4,0.8,1.4,2.9,,2025,0
381.0,Malaki Branham,21.0,SAS,SG,47.0,0.0,9.1,1.9,4.0,0.458,0.7,1.8,0.405,1.1,2.3,0.5,0.547,0.6,0.7,0.818,0.1,0.9,1.1,0.8,0.2,0.0,0.7,0.6,5.0,,2025,0
382.0,Neemias Queta,25.0,BOS,C,62.0,6.0,13.9,2.1,3.3,0.65,0.0,0.0,0.0,2.1,3.2,0.66,0.65,0.7,1.0,0.754,1.4,2.4,3.8,0.7,0.3,0.7,0.6,1.7,5.0,,2025,0
383.0,Alondes Williams,25.0,DET,SG,1.0,0.0,4.0,2.0,2.0,1.0,1.0,1.0,1.0,1.0,1.0,1.0,1.25,0.0,0.0,,0.0,0.0,0.0,1.0,0.0,0.0,0.0,0.0,5.0,,2025,0
384.0,Jaylen Martin,21.0,2TM,SF,16.0,0.0,14.9,1.9,4.6,0.419,0.4,1.4,0.304,1.5,3.2,0.471,0.466,0.6,0.6,0.9,0.7,2.1,2.8,1.1,0.6,0.0,0.8,0.9,4.9,,2025,0
384.0,Jaylen Martin,21.0,BRK,SF,3.0,0.0,1.7,0.3,0.7,0.5,0.3,0.3,1.0,0.0,0.3,0.0,0.75,0.0,0.0,,0.0,0.0,0.0,0.0,0.0,0.0,0.0,0.3,1.0,,2025,0
384.0,Jaylen Martin,21.0,WAS,SF,13.0,0.0,18.0,2.3,5.5,0.417,0.5,1.7,0.273,1.8,3.8,0.48,0.458,0.7,0.8,0.9,0.8,2.5,3.4,1.3,0.7,0.0,0.9,1.0,5.8,,2025,0
385.0,Lindy Waters III,27.0,2TM,SG,52.0,9.0,15.0,1.8,4.8,0.369,1.2,3.6,0.344,0.5,1.2,0.444,0.498,0.2,0.2,0.727,0.4,1.7,2.1,1.0,0.5,0.2,0.4,1.2,4.9,,2025,0
385.0,Lindy Waters III,27.0,GSW,SG,38.0,9.0,17.2,2.0,5.4,0.371,1.3,3.9,0.331,0.7,1.5,0.474,0.49,0.2,0.3,0.727,0.4,2.1,2.5,1.1,0.6,0.3,0.4,1.4,5.5,,2025,0
385.0,Lindy Waters III,27.0,DET,SG,14.0,0.0,8.8,1.1,3.1,0.364,1.1,2.7,0.395,0.1,0.4,0.167,0.534,0.0,0.0,,0.3,0.7,1.0,0.7,0.4,0.1,0.2,0.5,3.4,,2025,0
386.0,Trevelin Queen,27.0,ORL,SG,31.0,2.0,13.9,1.8,4.7,0.381,0.7,2.5,0.286,1.1,2.3,0.486,0.456,0.6,0.7,0.857,0.8,0.9,1.7,1.2,1.0,0.3,0.7,1.2,4.9,,2025,0
387.0,Jock Landale,29.0,HOU,C,42.0,3.0,11.9,1.9,3.6,0.533,0.3,0.6,0.423,1.7,3.0,0.556,0.569,0.6,1.0,0.675,1.3,1.9,3.3,0.9,0.3,0.2,0.5,1.2,4.8,,2025,0
388.0,Colin Castleton,24.0,3TM,C,26.0,4.0,16.6,1.8,3.8,0.469,0.1,0.6,0.125,1.7,3.2,0.537,0.48,1.1,1.5,0.763,2.0,2.7,4.7,1.1,0.3,0.4,0.9,2.0,4.7,,2025,0
388.0,Colin Castleton,24.0,MEM,C,10.0,0.0,4.6,0.2,1.0,0.2,0.0,0.4,0.0,0.2,0.6,0.333,0.2,1.0,1.1,0.909,0.3,0.6,0.9,0.0,0.1,0.1,0.1,0.6,1.4,,2025,0
388.0,Colin Castleton,24.0,TOR,C,11.0,4.0,26.2,2.9,5.8,0.5,0.2,0.7,0.25,2.7,5.1,0.536,0.516,1.2,1.6,0.722,3.1,3.8,6.9,1.6,0.5,0.7,1.9,2.9,7.2,,2025,0
388.0,Colin Castleton,24.0,PHI,C,5.0,0.0,19.6,2.4,4.8,0.5,0.0,0.8,0.0,2.4,4.0,0.6,0.5,1.2,1.8,0.667,3.2,4.2,7.4,2.0,0.2,0.2,0.2,2.6,6.0,,2025,0
389.0,Taylor Hendricks,21.0,UTA,PF,3.0,3.0,25.0,1.3,6.0,0.222,1.0,4.0,0.25,0.3,2.0,0.167,0.306,1.0,1.3,0.75,1.7,3.3,5.0,0.7,1.7,1.3,0.7,2.7,4.7,,2025,0
390.0,David Roddy,23.0,3TM,PF,33.0,3.0,12.4,1.7,3.8,0.456,0.6,1.8,0.311,1.2,1.9,0.594,0.532,0.6,0.8,0.769,0.4,2.2,2.5,1.1,0.4,0.3,0.7,0.6,4.6,,2025,0
390.0,David Roddy,23.0,ATL,PF,27.0,3.0,12.8,1.6,3.4,0.473,0.6,1.6,0.372,1.0,1.9,0.56,0.559,0.7,0.8,0.818,0.4,2.2,2.6,1.1,0.4,0.3,0.7,0.7,4.5,,2025,0
390.0,David Roddy,23.0,PHI,PF,3.0,0.0,9.7,2.7,6.3,0.421,0.7,3.7,0.182,2.0,2.7,0.75,0.474,0.0,0.0,,0.7,2.3,3.0,1.0,0.7,0.0,0.3,0.3,6.0,,2025,0
390.0,David Roddy,23.0,HOU,PF,3.0,0.0,11.7,1.7,4.3,0.385,0.3,2.3,0.143,1.3,2.0,0.667,0.423,0.7,1.3,0.5,0.0,1.7,1.7,0.7,0.0,0.3,0.3,0.3,4.3,,2025,0
391.0,Drew Eubanks,27.0,2TM,C,61.0,4.0,12.2,1.9,3.2,0.593,0.0,0.1,0.5,1.8,3.1,0.596,0.601,0.8,1.2,0.662,1.0,2.7,3.7,0.9,0.2,0.6,0.7,1.0,4.6,,2025,0
391.0,Drew Eubanks,27.0,UTA,C,37.0,4.0,15.4,2.4,3.9,0.607,0.1,0.1,0.6,2.3,3.8,0.607,0.617,1.0,1.5,0.632,1.1,3.5,4.5,1.2,0.3,0.9,0.8,1.2,5.8,,2025,0
391.0,Drew Eubanks,27.0,LAC,C,24.0,0.0,7.4,1.1,2.0,0.551,0.0,0.0,0.0,1.1,2.0,0.563,0.551,0.5,0.6,0.786,0.8,1.6,2.4,0.4,0.1,0.3,0.4,0.7,2.7,,2025,0
392.0,Pelle Larsson,23.0,MIA,SG,55.0,8.0,14.2,1.6,3.7,0.438,0.6,1.7,0.337,1.0,2.0,0.528,0.517,0.7,1.1,0.672,0.5,1.2,1.7,1.2,0.6,0.1,0.4,1.7,4.6,,2025,0
393.0,Julian Phillips,21.0,CHI,SF,79.0,5.0,14.2,1.6,3.6,0.446,0.6,1.9,0.327,1.0,1.7,0.582,0.533,0.8,1.0,0.789,0.8,1.3,2.1,0.5,0.5,0.3,0.3,1.4,4.6,,2025,0
394.0,Cody Williams,20.0,UTA,SG,50.0,21.0,21.2,1.7,5.1,0.323,0.7,2.7,0.259,1.0,2.4,0.393,0.391,0.6,0.8,0.725,0.5,1.7,2.3,1.2,0.5,0.3,0.9,1.9,4.6,,2025,0
395.0,Rob Dillingham,20.0,MIN,PG,49.0,1.0,10.5,1.9,4.3,0.441,0.5,1.5,0.338,1.4,2.8,0.496,0.5,0.2,0.3,0.533,0.2,0.8,1.0,2.0,0.4,0.0,1.1,0.8,4.5,,2025,0
396.0,Jett Howard,21.0,ORL,SF,60.0,0.0,11.7,1.6,4.4,0.374,0.9,3.1,0.296,0.7,1.3,0.566,0.479,0.3,0.4,0.696,0.3,0.8,1.2,0.7,0.2,0.2,0.6,1.1,4.5,,2025,0
397.0,Kevon Looney,28.0,GSW,C,76.0,6.0,15.0,1.9,3.7,0.514,0.0,0.1,0.4,1.9,3.6,0.516,0.518,0.7,1.3,0.566,2.4,3.6,6.1,1.6,0.6,0.5,0.5,2.0,4.5,,2025,0
398.0,Mason Plumlee,34.0,PHO,C,74.0,21.0,17.6,1.7,2.7,0.619,0.0,0.1,0.0,1.7,2.7,0.631,0.619,1.1,1.7,0.648,1.6,4.6,6.1,1.8,0.4,0.6,0.8,2.1,4.5,,2025,0
399.0,Dalen Terry,22.0,CHI,SG,73.0,5.0,13.5,1.6,3.7,0.448,0.5,1.4,0.356,1.1,2.2,0.506,0.517,0.7,0.9,0.71,0.5,1.2,1.7,1.3,0.6,0.2,0.7,1.6,4.5,,2025,0
400.0,Marvin Bagley III,25.0,2TM,PF,31.0,2.0,8.5,1.8,3.4,0.519,0.1,0.6,0.158,1.7,2.8,0.598,0.533,0.7,1.1,0.657,1.2,1.5,2.7,0.4,0.3,0.3,0.4,0.6,4.4,,2025,0
400.0,Marvin Bagley III,25.0,WAS,C,19.0,1.0,8.7,2.0,3.7,0.535,0.1,0.5,0.2,1.9,3.2,0.59,0.549,0.8,1.2,0.652,1.4,1.5,2.9,0.4,0.4,0.3,0.6,0.6,4.9,,2025,0
400.0,Marvin Bagley III,25.0,MEM,PF,12.0,1.0,8.3,1.4,2.9,0.486,0.1,0.8,0.111,1.3,2.2,0.615,0.5,0.7,1.0,0.667,0.9,1.4,2.3,0.3,0.2,0.3,0.1,0.5,3.6,,2025,0
401.0,Charles Bassey,24.0,SAS,C,36.0,1.0,10.4,1.9,3.3,0.581,0.0,0.0,,1.9,3.3,0.581,0.581,0.6,0.9,0.636,1.6,2.7,4.2,0.5,0.4,0.8,0.6,1.4,4.4,,2025,0
402.0,Tony Bradley,27.0,IND,C,14.0,0.0,8.1,2.1,3.2,0.644,0.1,0.2,0.333,2.0,3.0,0.667,0.656,0.1,0.4,0.333,1.3,1.7,3.0,0.4,0.1,0.6,0.4,0.8,4.4,,2025,0
403.0,Reggie Jackson,34.0,PHI,PG,31.0,1.0,12.4,1.7,4.3,0.391,0.8,2.4,0.338,0.9,1.9,0.458,0.485,0.2,0.3,0.778,0.3,1.1,1.4,1.5,0.5,0.1,0.5,1.1,4.4,,2025,0
404.0,Reed Sheppard,20.0,HOU,PG,52.0,3.0,12.6,1.6,4.6,0.351,0.9,2.7,0.338,0.7,1.9,0.371,0.452,0.3,0.3,0.813,0.3,1.2,1.5,1.4,0.7,0.3,0.7,1.0,4.4,,2025,0
405.0,Lamar Stevens,27.0,MEM,PF,17.0,1.0,9.1,1.7,3.7,0.46,0.5,1.6,0.296,1.2,2.1,0.583,0.524,0.5,0.6,0.727,0.2,2.0,2.2,0.5,0.3,0.2,0.6,0.9,4.4,,2025,0
406.0,Mo Bamba,26.0,2TM,C,32.0,2.0,12.9,1.6,3.5,0.464,0.5,1.7,0.278,1.2,1.8,0.638,0.531,0.6,0.8,0.704,1.0,3.5,4.5,0.6,0.3,1.0,0.6,1.8,4.3,,2025,0
406.0,Mo Bamba,26.0,LAC,C,28.0,2.0,12.6,1.7,3.7,0.466,0.5,1.8,0.3,1.2,1.9,0.623,0.539,0.6,0.9,0.68,0.9,3.4,4.3,0.6,0.3,1.0,0.7,1.8,4.6,,2025,0
406.0,Mo Bamba,26.0,NOP,C,4.0,0.0,15.3,1.0,2.3,0.444,0.0,1.0,0.0,1.0,1.3,0.8,0.444,0.5,0.5,1.0,1.5,4.8,6.3,0.5,0.0,0.8,0.3,1.8,2.5,,2025,0
407.0,Jevon Carter,29.0,CHI,PG,36.0,1.0,8.9,1.5,4.1,0.377,1.0,2.9,0.333,0.6,1.1,0.488,0.497,0.2,0.3,0.8,0.1,1.0,1.1,1.1,0.4,0.1,0.3,0.4,4.3,,2025,0
408.0,Micah Potter,26.0,UTA,C,38.0,10.0,18.6,1.5,3.6,0.422,0.8,2.6,0.316,0.7,1.0,0.703,0.537,0.4,0.5,0.85,1.1,3.2,4.3,0.8,0.4,0.4,0.8,1.3,4.3,,2025,0
409.0,Terrence Shannon Jr.,24.0,MIN,SG,32.0,1.0,10.6,1.7,3.6,0.482,0.3,1.0,0.355,1.4,2.6,0.53,0.531,0.5,0.7,0.81,0.3,1.2,1.5,1.0,0.2,0.2,0.5,0.8,4.3,,2025,0
410.0,Daniel Theis,32.0,NOP,C,38.0,9.0,16.3,1.6,3.4,0.473,0.2,1.0,0.243,1.4,2.4,0.565,0.508,0.8,1.0,0.838,1.2,3.2,4.3,1.6,0.5,0.5,0.7,1.8,4.3,,2025,0
411.0,Torrey Craig,34.0,2TM,SF,26.0,4.0,12.1,1.5,3.5,0.422,0.9,2.5,0.364,0.5,0.9,0.583,0.556,0.3,0.5,0.667,1.0,1.8,2.8,0.7,0.3,0.5,0.3,1.3,4.2,,2025,0
411.0,Torrey Craig,34.0,CHI,SF,9.0,1.0,12.6,2.4,5.0,0.489,1.7,3.9,0.429,0.8,1.1,0.7,0.656,0.3,0.4,0.75,0.9,1.9,2.8,0.6,0.2,0.1,0.0,1.7,6.9,,2025,0
411.0,Torrey Craig,34.0,BOS,SF,17.0,3.0,11.8,0.9,2.6,0.356,0.5,1.8,0.29,0.4,0.8,0.5,0.456,0.3,0.5,0.625,1.1,1.7,2.8,0.7,0.4,0.6,0.5,1.1,2.7,,2025,0
412.0,Wendell Moore Jr.,23.0,2TM,SG,36.0,1.0,13.9,1.6,3.5,0.468,0.4,1.1,0.341,1.3,2.4,0.529,0.524,0.5,0.6,0.818,0.8,1.8,2.6,1.2,0.6,0.1,0.8,0.9,4.2,,2025,0
412.0,Wendell Moore Jr.,23.0,DET,SG,20.0,1.0,11.0,1.2,2.5,0.46,0.2,0.7,0.286,1.0,1.8,0.528,0.5,0.7,0.7,0.929,0.6,1.7,2.2,1.2,0.5,0.2,0.5,0.8,3.2,,2025,0
412.0,Wendell Moore Jr.,23.0,CHO,SG,16.0,0.0,17.5,2.3,4.8,0.474,0.6,1.7,0.37,1.6,3.1,0.531,0.539,0.3,0.5,0.625,1.2,2.0,3.2,1.2,0.6,0.1,1.1,1.0,5.4,,2025,0
413.0,Dominick Barlow,21.0,ATL,SF,35.0,4.0,10.7,1.7,3.2,0.531,0.2,0.8,0.259,1.5,2.5,0.616,0.562,0.6,0.9,0.636,1.0,1.4,2.4,0.5,0.3,0.5,0.1,1.3,4.2,,2025,0
414.0,Kessler Edwards,24.0,DAL,SF,40.0,18.0,15.2,1.7,3.4,0.496,0.6,1.4,0.407,1.1,2.0,0.556,0.578,0.3,0.3,0.923,0.6,2.3,2.9,1.1,0.5,0.5,0.4,1.6,4.2,,2025,0
415.0,Oso Ighodaro,22.0,PHO,PF,61.0,6.0,17.1,1.9,3.1,0.604,0.0,0.0,0.0,1.9,3.0,0.611,0.604,0.5,0.8,0.58,1.1,2.6,3.6,1.2,0.5,0.5,0.6,1.7,4.2,,2025,0
416.0,Kris Murray,24.0,POR,SF,69.0,6.0,15.1,1.7,4.0,0.419,0.4,1.7,0.225,1.3,2.3,0.566,0.468,0.4,0.8,0.456,1.1,1.5,2.6,1.0,0.5,0.2,0.6,1.0,4.2,,2025,0
417.0,Duop Reath,28.0,POR,C,46.0,0.0,10.2,1.5,3.6,0.422,0.7,2.3,0.321,0.8,1.3,0.6,0.524,0.4,0.5,0.909,1.0,1.0,2.0,0.6,0.3,0.3,0.3,0.9,4.2,,2025,0
418.0,Cam Spencer,24.0,MEM,SG,25.0,1.0,10.1,1.4,3.3,0.415,0.8,2.1,0.358,0.6,1.2,0.517,0.53,0.8,0.8,1.0,0.5,0.7,1.2,1.4,0.4,0.0,0.2,0.9,4.2,,2025,0
419.0,Maxwell Lewis,22.0,2TM,SF,28.0,1.0,11.7,1.6,3.9,0.417,0.7,1.8,0.38,0.9,2.1,0.448,0.505,0.3,0.4,0.7,0.6,1.3,2.0,0.7,0.3,0.3,0.5,1.0,4.1,,2025,0
419.0,Maxwell Lewis,22.0,LAL,SF,7.0,0.0,4.1,0.3,0.9,0.333,0.0,0.0,,0.3,0.9,0.333,0.333,0.0,0.0,,0.3,0.0,0.3,0.3,0.1,0.0,0.3,0.1,0.6,,2025,0
419.0,Maxwell Lewis,22.0,BRK,SF,21.0,1.0,14.2,2.0,4.9,0.422,0.9,2.4,0.38,1.1,2.5,0.462,0.515,0.3,0.5,0.7,0.8,1.8,2.5,0.8,0.4,0.3,0.6,1.3,5.3,,2025,0
420.0,Jaylen Clark,23.0,MIN,SG,40.0,4.0,13.1,1.4,3.0,0.467,0.6,1.3,0.431,0.9,1.7,0.493,0.558,0.7,0.9,0.784,0.7,0.7,1.3,0.7,0.9,0.1,0.2,1.5,4.1,,2025,0
421.0,Caleb Houstan,22.0,ORL,SF,58.0,6.0,13.6,1.4,3.3,0.421,1.1,2.8,0.4,0.3,0.5,0.533,0.589,0.3,0.3,0.882,0.3,1.0,1.3,0.6,0.4,0.1,0.2,1.1,4.1,,2025,0
422.0,Jordan Miller,25.0,LAC,SF,37.0,0.0,11.4,1.6,3.6,0.433,0.2,1.0,0.211,1.4,2.6,0.521,0.463,0.8,0.9,0.8,0.6,0.9,1.6,0.9,0.5,0.1,0.7,0.7,4.1,,2025,0
423.0,Jalen Pickett,25.0,DEN,SG,49.0,4.0,13.6,1.6,3.7,0.428,0.8,2.1,0.396,0.8,1.6,0.468,0.539,0.1,0.2,0.75,0.3,1.1,1.4,2.2,0.4,0.1,0.5,0.8,4.1,,2025,0
424.0,Paul Reed,25.0,DET,C,45.0,0.0,9.7,1.6,3.2,0.507,0.2,0.6,0.286,1.4,2.5,0.561,0.535,0.7,0.9,0.762,0.9,1.8,2.7,1.0,0.9,0.6,0.6,1.7,4.1,,2025,0
425.0,Gui Santos,22.0,GSW,PF,56.0,2.0,13.6,1.5,3.2,0.458,0.6,1.8,0.33,0.9,1.4,0.632,0.553,0.5,0.8,0.69,1.3,1.8,3.1,1.4,0.4,0.2,0.8,1.6,4.1,,2025,0
426.0,Jarred Vanderbilt,25.0,LAL,PF,36.0,2.0,16.1,1.6,3.4,0.488,0.3,0.9,0.281,1.4,2.5,0.562,0.525,0.6,1.0,0.556,1.9,3.2,5.1,1.1,1.0,0.3,0.8,1.9,4.1,,2025,0
427.0,Colby Jones,22.0,2TM,SG,39.0,0.0,13.2,1.5,3.3,0.457,0.4,1.3,0.327,1.1,2.1,0.538,0.519,0.6,0.9,0.657,0.5,1.7,2.2,1.1,0.7,0.3,0.6,0.9,4.0,,2025,0
427.0,Colby Jones,22.0,SAC,SG,24.0,0.0,5.4,0.5,1.1,0.423,0.2,0.4,0.4,0.3,0.7,0.438,0.5,0.0,0.0,,0.3,0.6,1.0,0.3,0.3,0.3,0.3,0.5,1.1,,2025,0
427.0,Colby Jones,22.0,WAS,SG,15.0,0.0,25.7,3.2,6.9,0.466,0.8,2.6,0.308,2.4,4.3,0.563,0.524,1.5,2.3,0.657,0.9,3.4,4.3,2.5,1.3,0.4,1.1,1.6,8.7,,2025,0
428.0,Nicolas Batum,36.0,LAC,PF,78.0,8.0,17.5,1.3,3.1,0.437,1.1,2.6,0.433,0.2,0.4,0.457,0.622,0.2,0.3,0.81,0.6,2.2,2.8,1.1,0.7,0.5,0.4,1.4,4.0,,2025,0
429.0,Malachi Flynn,26.0,CHO,PG,4.0,0.0,11.0,1.3,3.3,0.385,0.3,1.0,0.25,1.0,2.3,0.444,0.423,1.3,1.5,0.833,0.8,1.0,1.8,1.8,0.8,0.0,1.0,1.0,4.0,,2025,0
430.0,Ron Harper Jr.,24.0,DET,SF,1.0,0.0,17.0,1.0,8.0,0.125,0.0,6.0,0.0,1.0,2.0,0.5,0.125,2.0,2.0,1.0,4.0,3.0,7.0,2.0,0.0,0.0,0.0,0.0,4.0,,2025,0
431.0,Josh Richardson,31.0,MIA,SG,8.0,0.0,18.8,1.4,4.8,0.289,0.8,2.8,0.273,0.6,2.0,0.313,0.368,0.5,0.5,1.0,0.8,0.8,1.5,1.5,1.0,0.1,1.0,2.1,4.0,,2025,0
432.0,Steven Adams,31.0,HOU,C,58.0,3.0,13.7,1.6,2.9,0.545,0.0,0.0,0.0,1.6,2.8,0.552,0.545,0.7,1.6,0.462,2.9,2.8,5.6,1.1,0.4,0.5,0.9,1.0,3.9,,2025,0
433.0,Kyle Lowry,38.0,PHI,PG,35.0,12.0,18.8,1.2,3.3,0.35,0.8,2.5,0.33,0.3,0.8,0.414,0.474,0.8,0.9,0.818,0.3,1.6,1.9,2.7,0.9,0.3,0.6,1.8,3.9,,2025,0
434.0,Olivier-Maxence Prosper,22.0,DAL,PF,52.0,4.0,11.2,1.3,3.3,0.402,0.2,1.0,0.235,1.1,2.4,0.472,0.437,0.9,1.5,0.645,0.8,1.6,2.4,0.8,0.5,0.1,0.3,0.5,3.9,,2025,0
435.0,Patty Mills,36.0,2TM,PG,29.0,0.0,11.1,1.2,3.3,0.375,0.9,2.6,0.347,0.3,0.7,0.476,0.51,0.4,0.5,0.929,0.1,0.6,0.8,0.9,0.4,0.1,0.6,0.8,3.8,,2025,0
435.0,Patty Mills,36.0,UTA,PG,17.0,0.0,15.3,1.5,4.5,0.342,1.0,3.4,0.298,0.5,1.1,0.474,0.454,0.3,0.3,1.0,0.2,1.1,1.2,1.2,0.7,0.2,0.9,0.7,4.4,,2025,0
435.0,Patty Mills,36.0,LAC,PG,12.0,0.0,5.1,0.8,1.7,0.5,0.8,1.5,0.5,0.1,0.2,0.5,0.725,0.7,0.8,0.889,0.1,0.0,0.1,0.4,0.1,0.0,0.1,1.0,3.1,,2025,0
436.0,Branden Carlson,25.0,OKC,C,32.0,0.0,7.7,1.3,3.0,0.443,0.7,2.1,0.333,0.7,1.0,0.677,0.557,0.4,0.6,0.778,0.5,1.2,1.7,0.4,0.2,0.7,0.2,0.7,3.8,,2025,0
437.0,Devin Carter,22.0,SAC,PG,36.0,0.0,11.0,1.3,3.5,0.37,0.5,1.7,0.295,0.8,1.8,0.439,0.441,0.7,1.2,0.591,0.5,1.6,2.1,1.1,0.6,0.1,0.5,1.1,3.8,,2025,0
438.0,Ousmane Dieng,21.0,OKC,C,37.0,1.0,10.9,1.5,3.4,0.432,0.6,1.9,0.324,0.8,1.5,0.574,0.524,0.3,0.4,0.688,0.5,1.7,2.2,0.8,0.5,0.2,0.5,0.9,3.8,,2025,0
439.0,Markieff Morris,35.0,2TM,PF,15.0,2.0,11.0,1.4,4.7,0.3,0.6,2.4,0.25,0.8,2.3,0.353,0.364,0.3,0.4,0.833,0.2,1.3,1.5,1.4,0.1,0.2,0.3,1.1,3.7,,2025,0
439.0,Markieff Morris,35.0,DAL,PF,7.0,0.0,5.9,0.7,3.1,0.227,0.3,1.9,0.154,0.4,1.3,0.333,0.273,0.0,0.0,,0.0,1.1,1.1,0.6,0.1,0.1,0.3,0.3,1.7,,2025,0
439.0,Markieff Morris,35.0,LAL,PF,8.0,2.0,15.5,2.0,6.0,0.333,0.9,2.9,0.304,1.1,3.1,0.36,0.406,0.6,0.8,0.833,0.4,1.5,1.9,2.1,0.1,0.3,0.4,1.8,5.5,,2025,0
440.0,Emoni Bates,21.0,CLE,SF,10.0,0.0,7.5,1.3,3.8,0.342,1.1,3.0,0.367,0.2,0.8,0.25,0.487,0.0,0.0,,0.0,0.7,0.7,0.8,0.1,0.1,0.2,0.4,3.7,,2025,0
441.0,DeAndre Jordan,36.0,DEN,C,56.0,5.0,12.3,1.6,2.5,0.65,0.0,0.0,,1.6,2.5,0.65,0.65,0.5,1.1,0.422,1.5,3.6,5.1,0.9,0.3,0.5,0.7,1.3,3.7,,2025,0
442.0,Craig Porter Jr.,24.0,CLE,PG,51.0,1.0,10.1,1.4,2.7,0.514,0.4,0.9,0.438,1.0,1.8,0.554,0.589,0.5,0.6,0.719,0.4,0.9,1.3,1.4,0.3,0.3,0.7,0.5,3.7,,2025,0
443.0,Jackson Rowe,28.0,GSW,PF,6.0,0.0,8.7,1.3,2.8,0.471,0.5,1.7,0.3,0.8,1.2,0.714,0.559,0.5,1.0,0.5,0.5,1.3,1.8,0.7,0.7,0.0,0.2,0.7,3.7,,2025,0
444.0,Blake Wesley,21.0,SAS,SG,58.0,0.0,11.8,1.4,3.2,0.435,0.3,1.0,0.293,1.1,2.2,0.5,0.481,0.7,1.1,0.623,0.3,0.8,1.1,2.0,0.6,0.1,0.9,0.8,3.7,,2025,0
445.0,JT Thor,22.0,2TM,PF,20.0,0.0,12.5,1.3,3.0,0.424,0.3,1.1,0.286,1.0,1.9,0.5,0.475,0.8,1.1,0.682,1.0,1.4,2.4,0.3,0.4,0.5,0.5,0.9,3.6,,2025,0
445.0,JT Thor,22.0,CLE,PF,9.0,0.0,4.7,1.0,1.7,0.6,0.3,0.7,0.5,0.7,1.0,0.667,0.7,0.8,0.9,0.875,0.3,0.3,0.7,0.1,0.2,0.3,0.7,0.7,3.1,,2025,0
445.0,JT Thor,22.0,WAS,PF,11.0,0.0,18.8,1.5,4.0,0.364,0.3,1.4,0.2,1.2,2.6,0.448,0.398,0.7,1.3,0.571,1.5,2.3,3.8,0.5,0.5,0.5,0.3,1.0,3.9,,2025,0
446.0,Baylor Scheierman,24.0,BOS,SG,31.0,2.0,12.4,1.3,3.5,0.355,0.8,2.6,0.317,0.4,0.9,0.464,0.473,0.3,0.4,0.75,0.6,1.5,2.1,1.1,0.5,0.1,0.4,0.7,3.6,,2025,0
447.0,Jae'Sean Tate,29.0,HOU,SF,52.0,2.0,11.3,1.3,2.8,0.473,0.3,0.9,0.348,1.0,2.0,0.529,0.527,0.6,0.9,0.681,1.0,1.3,2.3,0.9,0.5,0.1,0.4,1.6,3.6,,2025,0
448.0,Jaylon Tyson,22.0,CLE,SG,47.0,3.0,9.6,1.4,3.2,0.43,0.4,1.2,0.345,0.9,1.9,0.484,0.497,0.4,0.5,0.792,0.8,1.3,2.0,0.9,0.3,0.1,0.6,1.1,3.6,,2025,0
449.0,Elfrid Payton,30.0,2TM,PG,24.0,9.0,21.3,1.7,5.1,0.328,0.0,0.3,0.167,1.6,4.8,0.336,0.332,0.2,0.3,0.571,0.6,2.7,3.3,6.9,1.0,0.5,2.5,1.5,3.5,,2025,0
449.0,Elfrid Payton,30.0,NOP,PG,18.0,7.0,21.6,2.1,5.6,0.366,0.1,0.3,0.167,2.0,5.3,0.379,0.371,0.2,0.4,0.571,0.8,2.9,3.7,8.1,1.0,0.4,2.9,1.3,4.4,,2025,0
449.0,Elfrid Payton,30.0,CHO,PG,6.0,2.0,20.5,0.5,3.5,0.143,0.0,0.0,,0.5,3.5,0.143,0.143,0.0,0.0,,0.2,2.0,2.2,3.3,1.0,0.5,1.2,2.0,1.0,,2025,0
450.0,Luka Garza,26.0,MIN,C,39.0,0.0,5.6,1.3,2.7,0.495,0.3,0.9,0.278,1.1,1.8,0.609,0.543,0.6,0.9,0.686,0.8,0.6,1.4,0.3,0.2,0.1,0.3,0.7,3.5,,2025,0
451.0,Cory Joseph,33.0,ORL,PG,50.0,16.0,12.2,1.2,3.1,0.403,0.8,2.1,0.364,0.5,0.9,0.489,0.529,0.3,0.4,0.778,0.3,1.1,1.5,1.4,0.5,0.1,0.4,1.0,3.5,,2025,0
452.0,Doug McDermott,33.0,SAC,SF,42.0,3.0,8.1,1.2,2.8,0.427,1.0,2.4,0.436,0.1,0.4,0.375,0.615,0.1,0.1,0.6,0.1,0.5,0.5,0.2,0.1,0.0,0.1,0.7,3.5,,2025,0
453.0,Dario Šarić,30.0,DEN,C,16.0,4.0,13.1,1.3,3.6,0.362,0.4,1.6,0.269,0.9,2.0,0.438,0.422,0.4,0.6,0.7,0.9,2.3,3.1,1.4,0.4,0.1,0.9,1.2,3.5,,2025,0
454.0,Jamaree Bouyea,25.0,MIL,PG,5.0,1.0,12.4,1.2,2.4,0.5,0.2,1.0,0.2,1.0,1.4,0.714,0.542,0.8,1.2,0.667,0.2,0.8,1.0,2.0,0.8,0.4,1.6,0.4,3.4,,2025,0
455.0,Bruno Fernando,26.0,TOR,C,17.0,2.0,8.6,1.5,2.9,0.531,0.0,0.0,,1.5,2.9,0.531,0.531,0.4,0.5,0.75,1.2,1.8,3.0,1.1,0.2,0.5,0.8,1.6,3.4,,2025,0
456.0,Andre Jackson Jr.,23.0,MIL,SG,67.0,43.0,14.6,1.4,2.9,0.477,0.4,1.1,0.395,1.0,1.8,0.529,0.553,0.2,0.4,0.5,1.0,1.7,2.7,1.2,0.5,0.2,0.9,1.7,3.4,,2025,0
457.0,Isaac Jones,24.0,SAC,PF,40.0,0.0,7.6,1.4,2.1,0.651,0.1,0.2,0.375,1.3,1.9,0.68,0.669,0.6,0.9,0.639,0.6,0.9,1.4,0.3,0.1,0.3,0.4,0.8,3.4,,2025,0
458.0,Kevin Knox,25.0,GSW,SF,14.0,0.0,6.0,1.3,2.6,0.5,0.3,1.1,0.267,1.0,1.5,0.667,0.556,0.4,0.6,0.75,0.5,0.7,1.2,0.4,0.1,0.3,0.3,0.4,3.3,,2025,0
459.0,Damion Lee,32.0,PHO,SG,25.0,0.0,5.8,1.1,3.0,0.365,0.4,1.5,0.243,0.7,1.5,0.486,0.426,0.8,0.8,0.952,0.1,0.7,0.8,0.4,0.2,0.0,0.4,0.2,3.3,,2025,0
460.0,Jeenathan Williams,25.0,HOU,SG,20.0,0.0,7.4,1.4,3.1,0.435,0.3,1.3,0.231,1.1,1.8,0.583,0.484,0.3,0.4,0.625,0.3,0.4,0.7,0.5,0.4,0.2,0.7,0.8,3.3,,2025,0
461.0,Elijah Harkless,24.0,UTA,SG,10.0,0.0,13.8,1.1,3.5,0.314,0.7,2.5,0.28,0.4,1.0,0.4,0.414,0.3,0.6,0.5,0.9,1.2,2.1,0.8,1.0,0.1,0.3,1.8,3.2,,2025,0
462.0,Zeke Nnaji,24.0,DEN,PF,57.0,4.0,10.7,1.2,2.5,0.496,0.3,0.9,0.327,0.9,1.6,0.596,0.557,0.5,0.8,0.614,0.6,1.0,1.6,0.4,0.4,0.7,0.2,1.1,3.2,,2025,0
463.0,Cam Reddish,25.0,LAL,SF,33.0,8.0,17.8,1.2,2.8,0.404,0.4,1.4,0.277,0.8,1.4,0.532,0.473,0.5,0.8,0.615,0.5,1.5,2.0,0.7,1.0,0.3,0.4,1.3,3.2,,2025,0
464.0,Delon Wright,32.0,2TM,PG,40.0,7.0,15.9,1.1,3.3,0.344,0.5,1.8,0.274,0.6,1.5,0.431,0.42,0.4,0.6,0.6,0.7,1.0,1.7,1.9,0.9,0.3,0.6,0.6,3.1,,2025,0
464.0,Delon Wright,32.0,MIL,PG,26.0,2.0,15.6,0.8,3.2,0.268,0.5,1.9,0.245,0.4,1.3,0.303,0.341,0.3,0.6,0.563,0.6,1.2,1.8,1.8,0.9,0.3,0.5,0.7,2.5,,2025,0
464.0,Delon Wright,32.0,NYK,PG,14.0,5.0,16.4,1.6,3.5,0.469,0.6,1.7,0.333,1.1,1.8,0.6,0.551,0.4,0.6,0.667,0.9,0.6,1.4,2.1,0.9,0.2,0.6,0.6,4.3,,2025,0
465.0,Kylor Kelley,27.0,2TM,C,11.0,2.0,11.5,1.3,2.0,0.636,0.0,0.0,,1.3,2.0,0.636,0.636,0.5,0.9,0.6,1.1,2.5,3.5,0.5,0.1,0.3,0.4,1.4,3.1,,2025,0
465.0,Kylor Kelley,27.0,DAL,C,8.0,1.0,8.4,1.3,1.6,0.769,0.0,0.0,,1.3,1.6,0.769,0.769,0.5,0.8,0.667,1.0,1.6,2.6,0.3,0.0,0.3,0.1,1.0,3.0,,2025,0
465.0,Kylor Kelley,27.0,NOP,C,3.0,1.0,19.7,1.3,3.0,0.444,0.0,0.0,,1.3,3.0,0.444,0.444,0.7,1.3,0.5,1.3,4.7,6.0,1.0,0.3,0.3,1.0,2.3,3.3,,2025,0
466.0,Gary Harris,30.0,ORL,SG,48.0,3.0,14.8,1.1,2.8,0.383,0.8,2.1,0.356,0.3,0.7,0.469,0.519,0.1,0.3,0.583,0.4,0.9,1.3,0.6,0.5,0.3,0.4,0.9,3.0,,2025,0
467.0,Maxi Kleber,33.0,DAL,PF,34.0,4.0,18.7,1.1,2.8,0.385,0.4,1.4,0.265,0.7,1.4,0.511,0.453,0.5,0.6,0.762,0.7,2.1,2.8,1.3,0.3,0.5,0.7,1.9,3.0,,2025,0
468.0,Taze Moore,26.0,POR,SG,2.0,0.0,10.0,1.0,5.0,0.2,0.5,2.0,0.25,0.5,3.0,0.167,0.25,0.5,1.0,0.5,2.0,2.0,4.0,0.5,1.0,0.0,1.0,0.0,3.0,,2025,0
469.0,Rayan Rupert,20.0,POR,SG,52.0,0.0,8.8,1.1,2.7,0.408,0.3,1.1,0.271,0.8,1.6,0.506,0.465,0.4,0.6,0.767,0.5,0.8,1.3,0.5,0.3,0.1,0.6,0.7,3.0,,2025,0
470.0,P.J. Tucker,39.0,NYK,SF,3.0,1.0,19.3,1.0,2.3,0.429,1.0,2.0,0.5,0.0,0.3,0.0,0.643,0.0,0.0,,1.3,1.3,2.7,0.0,0.3,0.3,0.3,2.7,3.0,,2025,0
471.0,Pete Nance,24.0,2TM,PF,13.0,1.0,10.6,1.1,2.5,0.438,0.7,1.8,0.375,0.4,0.6,0.625,0.578,0.1,0.2,0.5,0.4,1.2,1.6,0.8,0.2,0.2,0.3,1.3,2.9,,2025,0
471.0,Pete Nance,24.0,PHI,C,7.0,0.0,9.7,0.7,2.1,0.333,0.6,1.7,0.333,0.1,0.4,0.333,0.467,0.1,0.3,0.5,0.3,1.1,1.4,0.4,0.1,0.0,0.0,1.4,2.1,,2025,0
471.0,Pete Nance,24.0,MIL,PF,6.0,1.0,11.7,1.5,2.8,0.529,0.8,2.0,0.417,0.7,0.8,0.8,0.676,0.0,0.0,,0.5,1.3,1.8,1.2,0.2,0.3,0.7,1.2,3.8,,2025,0
472.0,Markelle Fultz,26.0,SAC,PG,21.0,0.0,8.8,1.3,3.2,0.418,0.2,0.4,0.5,1.1,2.8,0.407,0.448,0.0,0.0,1.0,0.3,0.7,1.0,1.3,0.5,0.1,0.7,0.6,2.9,,2025,0
473.0,Taj Gibson,39.0,CHO,C,37.0,11.0,11.1,1.3,2.6,0.495,0.0,0.1,0.5,1.2,2.5,0.495,0.5,0.3,0.5,0.6,1.4,1.9,3.2,0.6,0.2,0.5,0.7,1.5,2.9,,2025,0
474.0,Tyler Smith,20.0,MIL,PF,23.0,0.0,5.3,1.0,2.2,0.48,0.6,1.3,0.433,0.5,0.9,0.55,0.61,0.3,0.3,0.75,0.3,0.8,1.1,0.2,0.1,0.2,0.3,0.5,2.9,,2025,0
475.0,RayJ Dennis,23.0,IND,PG,11.0,0.0,6.4,1.0,3.0,0.333,0.5,1.9,0.286,0.5,1.1,0.417,0.424,0.2,0.2,1.0,0.2,0.9,1.1,1.3,0.6,0.2,0.5,0.6,2.7,,2025,0
476.0,David Duke Jr.,25.0,SAS,SG,6.0,0.0,5.7,1.0,2.3,0.429,0.5,1.0,0.5,0.5,1.3,0.375,0.536,0.2,0.3,0.5,0.2,0.7,0.8,0.7,0.2,0.0,0.3,0.2,2.7,,2025,0
477.0,Keshad Johnson,23.0,MIA,SF,16.0,0.0,6.1,1.1,1.6,0.692,0.2,0.4,0.429,0.9,1.2,0.789,0.75,0.3,0.6,0.444,0.4,1.4,1.8,0.3,0.3,0.3,0.3,0.7,2.7,,2025,0
478.0,Reece Beekman,23.0,2TM,PG,36.0,4.0,13.0,1.0,3.0,0.327,0.2,1.1,0.175,0.8,1.9,0.418,0.36,0.4,0.6,0.762,0.4,0.7,1.1,1.8,0.9,0.1,0.6,1.0,2.6,,2025,0
478.0,Reece Beekman,23.0,GSW,PG,2.0,0.0,2.0,0.5,0.5,1.0,0.0,0.0,,0.5,0.5,1.0,1.0,0.0,0.0,,0.5,0.0,0.5,0.5,0.5,0.0,0.0,0.5,1.0,,2025,0
478.0,Reece Beekman,23.0,BRK,PG,34.0,4.0,13.7,1.0,3.1,0.321,0.2,1.2,0.175,0.8,1.9,0.409,0.354,0.5,0.6,0.762,0.4,0.8,1.1,1.8,0.9,0.1,0.6,1.0,2.7,,2025,0
479.0,Jae Crowder,34.0,SAC,PF,9.0,2.0,11.4,0.8,2.4,0.318,0.4,1.7,0.267,0.3,0.8,0.429,0.409,0.6,0.7,0.833,0.7,1.6,2.2,0.7,0.3,0.0,0.4,1.1,2.6,,2025,0
480.0,Josh Minott,22.0,MIN,SF,46.0,0.0,6.0,1.0,2.0,0.489,0.3,0.9,0.326,0.7,1.0,0.638,0.567,0.4,0.4,0.895,0.3,0.8,1.0,0.4,0.3,0.3,0.2,0.7,2.6,,2025,0
481.0,Hunter Tyson,24.0,DEN,PF,51.0,2.0,7.8,0.9,2.4,0.375,0.5,1.5,0.311,0.4,0.9,0.478,0.471,0.4,0.5,0.75,0.5,1.0,1.5,0.4,0.2,0.1,0.3,0.9,2.6,,2025,0
482.0,Jaden Springer,22.0,2TM,SG,43.0,2.0,8.5,0.8,2.1,0.389,0.3,1.1,0.25,0.5,1.0,0.548,0.456,0.6,0.9,0.711,0.4,1.0,1.3,0.8,0.6,0.1,0.4,1.0,2.5,,2025,0
482.0,Jaden Springer,22.0,BOS,SG,26.0,0.0,5.4,0.5,1.3,0.353,0.2,0.7,0.316,0.2,0.6,0.4,0.441,0.6,0.8,0.714,0.2,0.8,0.9,0.4,0.5,0.0,0.2,0.7,1.7,,2025,0
482.0,Jaden Springer,22.0,UTA,PG,17.0,2.0,13.2,1.4,3.3,0.411,0.4,1.7,0.207,1.0,1.6,0.63,0.464,0.7,1.0,0.706,0.8,1.2,2.0,1.4,0.7,0.2,0.7,1.5,3.8,,2025,0
483.0,Trey Jemison,25.0,2TM,C,38.0,0.0,10.3,1.1,1.9,0.554,0.0,0.0,,1.1,1.9,0.554,0.554,0.3,0.9,0.394,1.2,1.6,2.8,0.4,0.2,0.4,0.6,1.8,2.5,,2025,0
483.0,Trey Jemison,25.0,NOP,C,16.0,0.0,10.4,0.9,2.0,0.469,0.0,0.0,,0.9,2.0,0.469,0.469,0.5,1.3,0.381,1.4,1.4,2.8,0.6,0.4,0.4,0.6,1.7,2.4,,2025,0
483.0,Trey Jemison,25.0,LAL,C,22.0,0.0,10.3,1.2,1.9,0.619,0.0,0.0,,1.2,1.9,0.619,0.619,0.2,0.5,0.417,1.0,1.8,2.8,0.3,0.1,0.4,0.6,1.9,2.6,,2025,0
484.0,Anthony Gill,32.0,WAS,PF,51.0,0.0,7.8,0.8,1.7,0.489,0.2,0.6,0.323,0.6,1.1,0.579,0.545,0.6,1.0,0.66,0.4,0.9,1.3,0.3,0.2,0.0,0.2,0.6,2.5,,2025,0
485.0,Dillon Jones,23.0,OKC,SF,54.0,3.0,10.2,0.9,2.5,0.383,0.3,1.2,0.254,0.6,1.3,0.5,0.444,0.3,0.5,0.607,0.6,1.7,2.2,1.1,0.3,0.1,0.5,1.0,2.5,,2025,0
486.0,Pat Spencer,28.0,GSW,PG,39.0,0.0,6.4,1.1,2.6,0.406,0.1,0.6,0.227,0.9,2.0,0.456,0.431,0.3,0.4,0.733,0.4,0.8,1.2,1.2,0.4,0.1,0.5,0.5,2.5,,2025,0
487.0,Johnny Davis,22.0,WAS,SG,34.0,0.0,7.1,0.9,2.3,0.41,0.2,0.9,0.241,0.7,1.4,0.51,0.455,0.3,0.4,0.6,0.3,0.8,1.1,0.3,0.4,0.2,0.2,0.5,2.4,,2025,0
488.0,Christian Koloko,24.0,LAL,C,37.0,0.0,9.2,1.1,1.8,0.606,0.0,0.1,0.0,1.1,1.7,0.645,0.606,0.3,0.4,0.714,0.9,1.5,2.5,0.4,0.2,0.4,0.3,1.2,2.4,,2025,0
489.0,John Konchar,28.0,MEM,SG,46.0,4.0,12.1,0.9,2.0,0.451,0.5,1.3,0.371,0.4,0.6,0.621,0.577,0.2,0.2,0.875,0.8,2.5,3.3,0.9,0.7,0.3,0.3,0.7,2.4,,2025,0
490.0,MarJon Beauchamp,24.0,3TM,SF,35.0,0.0,4.5,0.8,1.9,0.415,0.3,0.8,0.345,0.5,1.0,0.472,0.492,0.4,0.6,0.75,0.3,0.9,1.3,0.3,0.1,0.0,0.4,0.4,2.3,,2025,0
490.0,MarJon Beauchamp,24.0,MIL,SF,26.0,0.0,4.7,0.7,1.8,0.383,0.3,0.8,0.333,0.4,1.0,0.423,0.457,0.3,0.5,0.75,0.3,1.0,1.2,0.3,0.1,0.0,0.5,0.4,2.0,,2025,0
490.0,MarJon Beauchamp,24.0,LAC,SF,3.0,0.0,5.7,1.3,2.3,0.571,0.7,1.0,0.667,0.7,1.3,0.5,0.714,0.7,1.3,0.5,0.7,0.3,1.0,0.7,0.0,0.0,0.3,0.7,4.0,,2025,0
490.0,MarJon Beauchamp,24.0,NYK,SF,6.0,0.0,2.8,0.8,1.8,0.455,0.2,0.8,0.2,0.7,1.0,0.667,0.5,0.7,0.7,1.0,0.3,1.2,1.5,0.2,0.2,0.0,0.2,0.3,2.5,,2025,0
491.0,Bronny James,20.0,LAL,SG,27.0,1.0,6.7,0.8,2.5,0.313,0.3,1.2,0.281,0.4,1.3,0.343,0.381,0.4,0.5,0.786,0.1,0.5,0.7,0.8,0.3,0.1,0.5,0.5,2.3,,2025,0
492.0,Mason Jones,26.0,SAC,SG,10.0,0.0,4.5,0.9,1.8,0.5,0.1,0.8,0.125,0.8,1.0,0.8,0.528,0.4,0.5,0.8,0.2,0.7,0.9,1.1,0.0,0.1,0.1,0.3,2.3,,2025,0
493.0,Miles Norris,24.0,BOS,PF,3.0,0.0,11.7,0.7,3.0,0.222,0.7,2.3,0.286,0.0,0.7,0.0,0.333,0.3,0.7,0.5,0.7,2.3,3.0,0.0,0.7,0.3,0.0,0.0,2.3,,2025,0
494.0,Patrick Baldwin Jr.,22.0,2TM,SF,24.0,0.0,4.5,0.8,1.5,0.543,0.5,1.0,0.565,0.3,0.5,0.5,0.729,0.1,0.2,0.5,0.2,0.8,1.0,0.1,0.1,0.1,0.2,0.3,2.2,,2025,0
494.0,Patrick Baldwin Jr.,22.0,WAS,SF,22.0,0.0,4.6,0.8,1.5,0.515,0.5,1.0,0.524,0.3,0.5,0.5,0.682,0.1,0.2,0.5,0.2,0.8,1.0,0.1,0.1,0.1,0.2,0.2,2.1,,2025,0
494.0,Patrick Baldwin Jr.,22.0,LAC,SF,2.0,0.0,3.0,1.0,1.0,1.0,1.0,1.0,1.0,0.0,0.0,,1.5,0.0,0.0,,0.0,1.5,1.5,0.5,0.0,0.0,0.0,1.0,3.0,,2025,0
495.0,Drew Peterson,25.0,BOS,PF,25.0,1.0,7.4,0.7,1.6,0.415,0.5,1.3,0.394,0.2,0.3,0.5,0.573,0.3,0.4,0.778,0.4,1.2,1.6,0.5,0.2,0.1,0.3,0.7,2.2,,2025,0
496.0,TyTy Washington Jr.,23.0,PHO,PG,16.0,0.0,7.4,0.9,2.8,0.311,0.3,1.3,0.19,0.6,1.5,0.417,0.356,0.2,0.4,0.5,0.3,0.6,0.8,1.0,0.2,0.0,0.2,0.3,2.2,,2025,0
497.0,Jordan McLaughlin,28.0,2TM,PG,46.0,0.0,6.8,0.7,1.6,0.431,0.4,1.0,0.413,0.3,0.6,0.462,0.563,0.4,0.5,0.773,0.1,0.5,0.7,1.1,0.3,0.0,0.3,0.4,2.1,,2025,0
497.0,Jordan McLaughlin,28.0,SAC,PG,28.0,0.0,6.8,0.6,1.6,0.364,0.4,0.9,0.385,0.2,0.6,0.333,0.477,0.4,0.6,0.688,0.1,0.6,0.8,0.9,0.4,0.0,0.4,0.5,1.9,,2025,0
497.0,Jordan McLaughlin,28.0,SAS,PG,18.0,0.0,6.9,0.8,1.6,0.536,0.5,1.1,0.45,0.3,0.4,0.75,0.696,0.3,0.3,1.0,0.1,0.4,0.5,1.5,0.3,0.1,0.3,0.3,2.5,,2025,0
498.0,JD Davison,22.0,BOS,PG,16.0,0.0,5.8,0.8,2.1,0.353,0.3,1.1,0.222,0.5,1.0,0.5,0.412,0.3,0.4,0.714,0.1,0.7,0.8,0.8,0.3,0.1,0.8,0.1,2.1,,2025,0
499.0,Chris Duarte,27.0,CHI,SG,17.0,0.0,4.4,0.7,1.5,0.462,0.4,0.9,0.4,0.4,0.6,0.545,0.577,0.4,0.5,0.75,0.3,0.9,1.2,0.5,0.0,0.0,0.1,0.4,2.1,,2025,0
500.0,Enrique Freeman,24.0,IND,PF,22.0,1.0,8.2,0.7,1.7,0.432,0.0,0.5,0.1,0.7,1.2,0.556,0.446,0.6,0.9,0.684,0.5,0.9,1.4,0.4,0.1,0.1,0.3,1.0,2.1,,2025,0
501.0,Johnny Furphy,20.0,IND,SG,50.0,0.0,7.6,0.7,1.8,0.38,0.3,1.0,0.3,0.4,0.8,0.476,0.462,0.4,0.4,0.818,0.5,1.0,1.4,0.4,0.4,0.2,0.2,0.8,2.1,,2025,0
502.0,Dwight Powell,33.0,DAL,C,55.0,3.0,10.0,0.8,1.1,0.689,0.0,0.1,0.4,0.7,1.0,0.714,0.705,0.5,0.8,0.651,0.9,1.3,2.1,1.0,0.3,0.4,0.3,1.4,2.1,,2025,0
503.0,Josh Christopher,23.0,MIA,SG,14.0,0.0,4.9,0.8,2.2,0.355,0.1,0.8,0.182,0.6,1.4,0.45,0.387,0.3,0.4,0.667,0.0,0.6,0.6,0.6,0.4,0.2,0.4,0.1,2.0,,2025,0
504.0,Tyler Kolek,23.0,NYK,PG,41.0,0.0,7.2,0.7,2.0,0.329,0.3,1.1,0.298,0.3,0.9,0.371,0.415,0.3,0.4,0.765,0.2,0.5,0.7,1.7,0.3,0.1,0.4,0.6,2.0,,2025,0
505.0,Adama Sanogo,22.0,CHI,C,4.0,0.0,5.3,1.0,1.8,0.571,0.0,0.0,,1.0,1.8,0.571,0.571,0.0,0.0,,1.3,0.3,1.5,0.3,0.0,0.0,0.3,0.3,2.0,,2025,0
506.0,Kobe Brown,25.0,LAC,PF,40.0,0.0,6.8,0.8,1.8,0.458,0.2,0.7,0.231,0.7,1.2,0.587,0.5,0.1,0.2,0.714,0.5,1.2,1.6,0.6,0.2,0.1,0.3,0.6,1.9,,2025,0
507.0,Ariel Hukporti,22.0,NYK,C,25.0,1.0,8.7,0.8,1.2,0.677,0.0,0.0,,0.8,1.2,0.677,0.677,0.2,0.5,0.462,0.6,1.5,2.0,0.4,0.0,0.6,0.8,1.3,1.9,,2025,0
508.0,Bobi Klintman,21.0,DET,SF,8.0,0.0,5.3,0.8,1.3,0.6,0.3,0.6,0.4,0.5,0.6,0.8,0.7,0.1,0.3,0.5,0.1,0.8,0.9,0.9,0.3,0.1,0.1,1.0,1.9,,2025,0
509.0,Garrett Temple,38.0,TOR,SG,28.0,0.0,8.1,0.6,2.1,0.3,0.2,1.0,0.214,0.4,1.1,0.375,0.35,0.4,0.4,0.917,0.3,0.7,1.0,1.1,0.6,0.1,0.4,0.8,1.9,,2025,0
510.0,Jericho Sims,26.0,2TM,C,53.0,5.0,11.9,0.8,1.3,0.634,0.0,0.0,,0.8,1.3,0.634,0.634,0.2,0.2,0.615,1.3,2.4,3.7,0.6,0.2,0.4,0.6,1.2,1.8,,2025,0
510.0,Jericho Sims,26.0,NYK,C,39.0,5.0,10.8,0.7,1.2,0.609,0.0,0.0,,0.7,1.2,0.609,0.609,0.2,0.3,0.615,1.3,2.0,3.3,0.6,0.2,0.3,0.5,1.2,1.6,,2025,0
510.0,Jericho Sims,26.0,MIL,C,14.0,0.0,15.0,1.2,1.8,0.68,0.0,0.0,,1.2,1.8,0.68,0.68,0.0,0.0,,1.4,3.4,4.9,0.8,0.1,0.6,0.9,1.4,2.4,,2025,0
511.0,Vlatko Čančar,27.0,DEN,PF,13.0,0.0,10.5,0.8,2.0,0.385,0.3,1.2,0.267,0.5,0.8,0.545,0.462,0.0,0.0,,0.5,2.0,2.5,0.7,0.2,0.2,0.8,0.8,1.8,,2025,0
512.0,Adam Flagler,25.0,OKC,SG,37.0,0.0,5.5,0.7,2.6,0.26,0.4,1.9,0.194,0.3,0.6,0.458,0.333,0.0,0.1,0.5,0.2,0.5,0.7,0.3,0.2,0.1,0.1,0.4,1.8,,2025,0
513.0,Trentyn Flowers,19.0,LAC,SF,6.0,0.0,4.5,0.7,1.8,0.364,0.0,0.3,0.0,0.7,1.5,0.444,0.364,0.5,0.5,1.0,0.2,0.5,0.7,0.0,0.0,0.0,0.2,0.7,1.8,,2025,0
514.0,E.J. Liddell,24.0,CHI,PF,12.0,0.0,4.4,0.7,1.3,0.533,0.3,0.8,0.3,0.4,0.4,1.0,0.633,0.2,0.2,1.0,0.3,0.5,0.8,0.3,0.1,0.1,0.2,0.9,1.8,,2025,0
515.0,Jahmir Young,24.0,CHI,PG,6.0,0.0,5.0,0.7,0.8,0.8,0.2,0.3,0.5,0.5,0.5,1.0,0.9,0.3,0.3,1.0,0.2,0.3,0.5,1.0,0.0,0.0,0.2,0.3,1.8,,2025,0
516.0,Pacome Dadiet,19.0,NYK,SG,18.0,0.0,6.2,0.6,1.7,0.323,0.3,1.1,0.316,0.2,0.7,0.333,0.419,0.2,0.3,0.667,0.2,0.8,1.0,0.3,0.2,0.1,0.2,0.4,1.7,,2025,0
517.0,Alex Ducas,24.0,OKC,SG,21.0,0.0,6.0,0.6,1.4,0.4,0.5,1.0,0.476,0.1,0.4,0.222,0.567,0.1,0.1,1.0,0.4,0.8,1.2,0.2,0.2,0.0,0.2,0.6,1.7,,2025,0
518.0,PJ Hall,22.0,DEN,C,19.0,0.0,3.5,0.7,1.3,0.583,0.1,0.4,0.25,0.6,0.8,0.75,0.625,0.2,0.2,0.75,0.3,0.8,1.2,0.2,0.0,0.2,0.1,0.6,1.7,,2025,0
519.0,Emanuel Miller,24.0,CHI,PF,6.0,0.0,4.2,0.7,1.3,0.5,0.0,0.2,0.0,0.7,1.2,0.571,0.5,0.3,0.3,1.0,0.7,0.7,1.3,0.3,0.2,0.0,0.0,0.5,1.7,,2025,0
520.0,Tristan Thompson,33.0,CLE,C,40.0,0.0,8.2,0.8,1.8,0.437,0.0,0.1,0.0,0.8,1.7,0.456,0.437,0.2,0.8,0.233,0.8,2.6,3.4,0.6,0.1,0.3,0.4,0.9,1.7,,2025,0
521.0,Alex Len,31.0,2TM,C,46.0,7.0,8.3,0.7,1.4,0.508,0.0,0.2,0.222,0.7,1.2,0.556,0.524,0.2,0.4,0.471,0.8,1.2,2.1,0.8,0.2,0.5,0.4,1.2,1.6,,2025,0
521.0,Alex Len,31.0,SAC,C,36.0,3.0,7.2,0.6,1.1,0.537,0.0,0.2,0.167,0.6,1.0,0.6,0.549,0.2,0.4,0.538,0.7,1.1,1.8,0.8,0.2,0.5,0.3,1.0,1.4,,2025,0
521.0,Alex Len,31.0,LAL,C,10.0,4.0,12.2,1.0,2.2,0.455,0.1,0.3,0.333,0.9,1.9,0.474,0.477,0.1,0.4,0.25,1.3,1.8,3.1,0.8,0.1,0.3,0.9,2.1,2.2,,2025,0
522.0,Yuki Kawamura,23.0,MEM,PG,22.0,0.0,4.2,0.5,1.4,0.367,0.3,1.0,0.304,0.2,0.3,0.571,0.483,0.3,0.4,0.778,0.0,0.5,0.5,0.9,0.1,0.0,0.2,0.4,1.6,,2025,0
523.0,Jack McVeigh,28.0,HOU,PF,9.0,0.0,4.8,0.6,1.9,0.294,0.4,1.4,0.308,0.1,0.4,0.25,0.412,0.0,0.0,,0.2,0.3,0.6,0.1,0.0,0.2,0.2,0.3,1.6,,2025,0
524.0,Armel Traoré,22.0,LAL,SF,9.0,0.0,7.4,0.7,2.1,0.316,0.0,0.8,0.0,0.7,1.3,0.5,0.316,0.2,0.8,0.286,0.2,1.4,1.7,0.1,0.4,0.2,0.3,0.7,1.6,,2025,0
525.0,Jordan Walsh,20.0,BOS,PF,52.0,1.0,7.8,0.6,1.6,0.361,0.3,1.1,0.273,0.3,0.5,0.536,0.452,0.1,0.2,0.583,0.4,0.9,1.3,0.4,0.2,0.2,0.3,0.6,1.6,,2025,0
526.0,Phillip Wheeler,22.0,PHI,PF,5.0,0.0,8.8,0.6,4.2,0.143,0.0,2.0,0.0,0.6,2.2,0.273,0.143,0.4,0.4,1.0,0.4,1.2,1.6,0.4,0.2,0.4,0.2,0.2,1.6,,2025,0
527.0,Sidy Cissoko,20.0,2TM,SF,22.0,0.0,5.2,0.6,1.4,0.433,0.1,0.6,0.231,0.5,0.8,0.588,0.483,0.1,0.4,0.333,0.4,0.6,1.0,0.7,0.1,0.0,0.5,0.5,1.5,,2025,0
527.0,Sidy Cissoko,20.0,SAS,SF,17.0,0.0,3.2,0.5,1.1,0.5,0.2,0.4,0.429,0.4,0.6,0.545,0.583,0.1,0.4,0.167,0.2,0.4,0.6,0.4,0.1,0.0,0.1,0.4,1.3,,2025,0
527.0,Sidy Cissoko,20.0,POR,SF,5.0,0.0,12.0,0.8,2.4,0.333,0.0,1.2,0.0,0.8,1.2,0.667,0.333,0.4,0.6,0.667,1.0,1.2,2.2,1.8,0.2,0.2,1.8,0.8,2.0,,2025,0
528.0,Jazian Gortman,21.0,DAL,PG,16.0,0.0,3.6,0.6,1.4,0.391,0.3,0.7,0.364,0.3,0.8,0.417,0.478,0.1,0.3,0.5,0.1,0.3,0.3,0.4,0.1,0.1,0.3,0.6,1.5,,2025,0
529.0,Kevin McCullar Jr.,23.0,NYK,SF,4.0,0.0,7.3,0.5,1.8,0.286,0.0,0.3,0.0,0.5,1.5,0.333,0.286,0.5,0.5,1.0,0.0,2.0,2.0,0.5,0.3,0.3,0.0,1.5,1.5,,2025,0
530.0,Leonard Miller,21.0,MIN,SF,13.0,0.0,2.5,0.5,1.2,0.4,0.0,0.4,0.0,0.5,0.8,0.6,0.4,0.6,0.6,1.0,0.2,0.6,0.8,0.0,0.2,0.1,0.2,0.2,1.5,,2025,0
531.0,Quincy Olivari,23.0,LAL,PG,2.0,0.0,5.0,0.5,2.5,0.2,0.5,2.5,0.2,0.0,0.0,,0.3,0.0,0.0,,0.0,0.0,0.0,0.5,0.0,0.0,0.5,0.0,1.5,,2025,0
532.0,Matt Ryan,27.0,NYK,SF,19.0,0.0,3.6,0.5,1.6,0.323,0.3,1.0,0.316,0.2,0.6,0.333,0.419,0.1,0.1,1.0,0.0,0.4,0.4,0.2,0.1,0.0,0.2,0.1,1.5,,2025,0
533.0,Jacob Toppin,24.0,2TM,SF,17.0,0.0,4.5,0.5,1.3,0.409,0.3,0.6,0.5,0.2,0.7,0.333,0.523,0.0,0.0,,0.2,0.7,0.9,0.4,0.1,0.0,0.2,0.2,1.4,,2025,0
533.0,Jacob Toppin,24.0,NYK,SF,16.0,0.0,3.1,0.2,0.6,0.3,0.0,0.1,0.0,0.2,0.5,0.375,0.3,0.0,0.0,,0.1,0.6,0.7,0.3,0.1,0.0,0.1,0.2,0.4,,2025,0
533.0,Jacob Toppin,24.0,ATL,SF,1.0,0.0,27.0,6.0,12.0,0.5,5.0,8.0,0.625,1.0,4.0,0.25,0.708,0.0,0.0,,1.0,3.0,4.0,2.0,0.0,0.0,1.0,0.0,17.0,,2025,0
534.0,Cam Christie,19.0,LAC,SG,13.0,0.0,4.5,0.5,1.8,0.292,0.2,1.0,0.154,0.4,0.8,0.455,0.333,0.2,0.3,0.5,0.2,0.7,0.9,0.5,0.4,0.1,0.2,0.3,1.4,,2025,0
535.0,Chris Livingston,21.0,MIL,SF,21.0,1.0,5.0,0.4,1.3,0.333,0.0,0.4,0.0,0.4,0.9,0.474,0.333,0.6,0.8,0.75,0.5,1.2,1.7,0.2,0.2,0.0,0.3,0.4,1.4,,2025,0
536.0,Trey Alexander,21.0,DEN,SG,24.0,0.0,4.9,0.5,1.7,0.317,0.1,0.7,0.176,0.4,1.0,0.417,0.354,0.1,0.2,0.75,0.0,0.5,0.5,0.5,0.1,0.0,0.2,0.4,1.3,,2025,0
537.0,Spencer Jones,23.0,DEN,SF,20.0,0.0,6.3,0.6,1.7,0.324,0.1,0.9,0.059,0.5,0.9,0.588,0.338,0.2,0.2,1.0,0.4,0.5,0.9,0.3,0.3,0.3,0.3,0.9,1.3,,2025,0
538.0,Skal Labissière,28.0,SAC,PF,4.0,0.0,3.0,0.5,1.0,0.5,0.3,0.3,1.0,0.3,0.8,0.333,0.625,0.0,0.0,,0.3,0.5,0.8,0.3,0.0,0.0,0.0,0.3,1.3,,2025,0
539.0,Jalen Bridges,23.0,PHO,SF,8.0,0.0,3.8,0.3,0.9,0.286,0.3,0.9,0.286,0.0,0.0,,0.429,0.4,0.5,0.75,0.0,0.5,0.5,0.0,0.0,0.0,0.5,0.0,1.1,,2025,0
540.0,Yuri Collins,23.0,GSW,PG,2.0,0.0,8.0,0.5,1.5,0.333,0.0,0.0,,0.5,1.5,0.333,0.333,0.0,0.0,,1.0,0.5,1.5,2.0,1.0,0.0,0.0,2.5,1.0,,2025,0
541.0,Daniss Jenkins,23.0,DET,PG,7.0,0.0,3.3,0.4,1.4,0.3,0.1,1.0,0.143,0.3,0.4,0.667,0.35,0.0,0.3,0.0,0.0,0.3,0.3,0.4,0.0,0.0,0.1,0.3,1.0,,2025,0
542.0,Braxton Key,27.0,GSW,SF,3.0,0.0,3.7,0.0,1.3,0.0,0.0,0.3,0.0,0.0,1.0,0.0,0.0,1.0,2.0,0.5,0.3,0.3,0.7,0.0,0.7,0.0,0.3,0.0,1.0,,2025,0
543.0,Bryce McGowens,22.0,POR,SG,13.0,0.0,2.5,0.3,1.1,0.286,0.0,0.3,0.0,0.3,0.8,0.4,0.286,0.4,0.5,0.833,0.2,0.1,0.2,0.2,0.1,0.0,0.3,0.2,1.0,,2025,0
544.0,Xavier Tillman Sr.,26.0,BOS,C,33.0,2.0,7.0,0.4,1.6,0.245,0.2,1.0,0.156,0.2,0.6,0.381,0.292,0.1,0.1,0.75,0.3,1.0,1.3,0.2,0.3,0.2,0.4,0.5,1.0,,2025,0
545.0,Luke Travers,23.0,CLE,SG,12.0,0.0,7.3,0.4,1.7,0.25,0.0,0.8,0.0,0.4,0.9,0.455,0.25,0.2,0.2,1.0,0.7,1.0,1.7,0.7,0.1,0.1,0.7,0.5,1.0,,2025,0
546.0,Isaiah Crawford,23.0,SAC,SF,15.0,0.0,3.1,0.3,0.7,0.455,0.1,0.3,0.2,0.3,0.4,0.667,0.5,0.1,0.3,0.5,0.1,0.5,0.5,0.1,0.1,0.1,0.1,0.1,0.9,,2025,0
547.0,Justin Minaya,25.0,POR,SF,19.0,0.0,5.3,0.4,1.1,0.381,0.1,0.5,0.2,0.3,0.6,0.545,0.429,0.0,0.1,0.0,0.3,0.3,0.5,0.4,0.3,0.1,0.3,0.6,0.9,,2025,0
548.0,Anton Watson,24.0,NYK,SF,9.0,0.0,2.4,0.4,1.0,0.444,0.0,0.1,0.0,0.4,0.9,0.5,0.444,0.0,0.0,,0.1,0.2,0.3,0.2,0.1,0.0,0.2,0.3,0.9,,2025,0
549.0,D.J. Carton,24.0,TOR,SG,4.0,0.0,8.3,0.3,1.8,0.143,0.0,0.8,0.0,0.3,1.0,0.25,0.143,0.3,0.3,1.0,0.0,1.0,1.0,0.8,0.5,0.0,1.0,0.3,0.8,,2025,0
550.0,PJ Dozier,28.0,MIN,SG,9.0,0.0,3.9,0.2,0.3,0.667,0.2,0.3,0.667,0.0,0.0,,1.0,0.1,0.7,0.167,0.1,0.4,0.6,0.6,0.1,0.0,0.1,0.3,0.8,,2025,0
551.0,Joe Ingles,37.0,MIN,SF,19.0,1.0,6.0,0.3,1.2,0.261,0.2,0.8,0.2,0.2,0.4,0.375,0.326,0.0,0.0,,0.1,0.5,0.6,1.2,0.1,0.0,0.5,0.6,0.8,,2025,0
552.0,Harrison Ingram,22.0,SAS,SF,5.0,0.0,7.0,0.4,0.8,0.5,0.0,0.2,0.0,0.4,0.6,0.667,0.5,0.0,0.0,,0.4,1.4,1.8,0.6,0.6,0.0,0.2,0.4,0.8,,2025,0
553.0,Ulrich Chomche,19.0,TOR,PF,7.0,0.0,4.6,0.3,0.7,0.4,0.0,0.0,,0.3,0.7,0.4,0.4,0.1,0.3,0.5,0.6,0.6,1.1,0.3,0.0,0.1,0.3,0.7,0.7,,2025,0
554.0,James Johnson,37.0,IND,PF,12.0,0.0,3.1,0.3,0.9,0.364,0.0,0.3,0.0,0.3,0.7,0.5,0.364,0.0,0.1,0.0,0.0,0.5,0.5,0.3,0.0,0.2,0.3,0.4,0.7,,2025,0
555.0,Liam Robbins,25.0,MIL,C,13.0,0.0,4.4,0.2,0.6,0.25,0.0,0.2,0.0,0.2,0.5,0.333,0.25,0.4,0.8,0.5,0.5,0.4,0.9,0.2,0.2,0.2,0.5,0.7,0.7,,2025,0
556.0,Stanley Umude,25.0,MIL,SG,22.0,0.0,3.9,0.2,1.2,0.192,0.1,0.7,0.2,0.1,0.5,0.182,0.25,0.1,0.2,0.5,0.2,0.6,0.8,0.2,0.1,0.3,0.1,0.4,0.7,,2025,0
557.0,Cui Yongxi,21.0,BRK,SG,5.0,0.0,2.0,0.2,1.4,0.143,0.0,0.6,0.0,0.2,0.8,0.25,0.143,0.2,0.4,0.5,0.0,0.4,0.4,0.0,0.0,0.0,0.0,0.0,0.6,,2025,0
558.0,Tristen Newton,23.0,2TM,SG,8.0,0.0,2.0,0.1,1.0,0.125,0.0,0.4,0.0,0.1,0.6,0.2,0.125,0.1,0.1,1.0,0.3,0.3,0.5,0.3,0.1,0.0,0.3,0.5,0.4,,2025,0
558.0,Tristen Newton,23.0,IND,SG,5.0,0.0,1.6,0.2,1.2,0.167,0.0,0.6,0.0,0.2,0.6,0.333,0.167,0.2,0.2,1.0,0.0,0.0,0.0,0.2,0.0,0.0,0.2,0.4,0.6,,2025,0
558.0,Tristen Newton,23.0,MIN,SG,3.0,0.0,2.7,0.0,0.7,0.0,0.0,0.0,,0.0,0.7,0.0,0.0,0.0,0.0,,0.7,0.7,1.3,0.3,0.3,0.0,0.3,0.7,0.0,,2025,0
559.0,Malevy Leons,25.0,OKC,SF,6.0,0.0,3.5,0.0,0.3,0.0,0.0,0.2,0.0,0.0,0.2,0.0,0.0,0.3,0.7,0.5,0.2,0.3,0.5,0.2,0.0,0.0,0.2,0.7,0.3,,2025,0
560.0,Daishen Nix,22.0,MIN,PG,3.0,0.0,4.3,0.0,0.3,0.0,0.0,0.3,0.0,0.0,0.0,,0.0,0.3,0.7,0.5,0.0,1.3,1.3,1.0,0.0,0.0,1.3,0.3,0.3,,2025,0
561.0,Terence Davis,27.0,SAC,SG,1.0,0.0,8.0,0.0,2.0,0.0,0.0,1.0,0.0,0.0,1.0,0.0,0.0,0.0,0.0,,0.0,1.0,1.0,1.0,0.0,0.0,0.0,0.0,0.0,,2025,0
562.0,Jesse Edwards,24.0,MIN,C,2.0,0.0,2.5,0.0,0.0,,0.0,0.0,,0.0,0.0,,,0.0,0.0,,0.0,0.0,0.0,0.5,0.0,0.0,0.0,1.0,0.0,,2025,0
563.0,Mac McClung,26.0,ORL,SG,2.0,0.0,5.0,0.0,1.0,0.0,0.0,0.5,0.0,0.0,0.5,0.0,0.0,0.0,0.0,,0.0,0.5,0.5,1.5,0.0,0.0,0.0,1.0,0.0,,2025,0
564.0,Jalen McDaniels,27.0,WAS,SF,4.0,0.0,1.8,0.0,0.0,,0.0,0.0,,0.0,0.0,,,0.0,0.0,,0.0,0.0,0.0,0.3,0.3,0.0,0.0,0.0,0.0,,2025,0
565.0,Riley Minix,24.0,SAS,SF,1.0,0.0,7.0,0.0,1.0,0.0,0.0,1.0,0.0,0.0,0.0,,0.0,0.0,0.0,,0.0,2.0,2.0,0.0,0.0,0.0,0.0,0.0,0.0,,2025,0
566.0,Jahlil Okafor,29.0,IND,C,1.0,0.0,3.0,0.0,0.0,,0.0,0.0,,0.0,0.0,,,0.0,0.0,,0.0,1.0,1.0,1.0,0.0,0.0,0.0,0.0,0.0,,2025,0
567.0,Zyon Pullin,23.0,MEM,SG,3.0,0.0,1.0,0.0,0.3,0.0,0.0,0.0,,0.0,0.3,0.0,0.0,0.0,0.0,,0.0,0.0,0.0,0.0,0.0,0.0,0.0,0.0,0.0,,2025,0
568.0,Isaiah Stevens,24.0,MIA,PG,3.0,0.0,2.0,0.0,0.7,0.0,0.0,0.3,0.0,0.0,0.3,0.0,0.0,0.0,0.0,,0.0,0.7,0.7,0.0,0.3,0.0,0.0,0.0,0.0,,2025,0
569.0,Terry Taylor,25.0,SAC,PF,3.0,0.0,2.0,0.0,0.3,0.0,0.0,0.0,,0.0,0.3,0.0,0.0,0.0,0.0,,0.3,0.0,0.3,0.7,0.0,0.0,0.0,0.0,0.0,,2025,0
